ID,Category,Latitude,Longitude
SLD_00001,Landslide,8.49,77.39
SLD_00002,Landslide,8.507778,77.189722
SLD_00003,Landslide,8.507833,77.189
SLD_00004,Landslide,8.508861,77.1575
SLD_00005,Landslide,8.509833,77.169139
SLD_00006,Landslide,8.510528,77.157944
SLD_00007,Landslide,8.519028,77.16775
SLD_00008,Landslide,8.54,77.47
SLD_00009,Landslide,8.54,77.47
SLD_00010,Landslide,8.54,77.47
SLD_00011,Landslide,8.56,77.4
SLD_00012,Landslide,8.58,77.43
SLD_00013,Landslide,8.588778,77.099083
SLD_00014,Landslide,8.59,77.35
SLD_00015,Landslide,8.59,77.35
SLD_00016,Landslide,8.64294,77.0712
SLD_00017,Landslide,8.703,77.114472
SLD_00018,Landslide,8.711083,77.143339
SLD_00019,Landslide,8.74275,77.13425
SLD_00020,Landslide,8.742944,77.132194
SLD_00021,Landslide,8.743139,77.161028
SLD_00022,Landslide,8.747056,77.132944
SLD_00023,Landslide,8.747056,77.132944
SLD_00024,Landslide,8.74875,77.130722
SLD_00025,Landslide,8.751889,77.071
SLD_00026,Landslide,8.75475,77.125389
SLD_00027,Landslide,8.758972,77.114917
SLD_00028,Landslide,8.763333,77.076861
SLD_00029,Landslide,8.763333,77.109556
SLD_00030,Landslide,8.764472,77.078611
SLD_00031,Landslide,8.766997,77.099767
SLD_00032,Landslide,8.768111,77.082278
SLD_00033,Landslide,8.807056,77.106833
SLD_00034,Landslide,8.807833,77.121694
SLD_00035,Landslide,8.809139,77.12625
SLD_00036,Landslide,8.832028,77.190336
SLD_00037,Landslide,8.842944,77.155417
SLD_00038,Landslide,8.846797,77.176111
SLD_00039,Landslide,8.871111,76.978056
SLD_00040,Landslide,8.88925,77.016916
SLD_00041,Landslide,8.9,77.3
SLD_00042,Landslide,8.913889,76.988889
SLD_00043,Landslide,8.944806,77.147503
SLD_00044,Landslide,8.951111,77.049444
SLD_00045,Landslide,8.96125,77.135342
SLD_00046,Landslide,8.964111,77.139056
SLD_00047,Landslide,8.965528,77.090472
SLD_00048,Landslide,8.968028,77.13825
SLD_00049,Landslide,8.971278,77.155222
SLD_00050,Landslide,8.984111,77.131806
SLD_00051,Landslide,8.984972,77.160667
SLD_00052,Landslide,8.999222,77.13325
SLD_00053,Landslide,8.999972,77.10525
SLD_00054,Landslide,9.000914,77.046006
SLD_00055,Landslide,9.002625,77.042514
SLD_00056,Landslide,9.003225,77.041883
SLD_00057,Landslide,9.011014,77.037508
SLD_00058,Landslide,9.019408,77.049903
SLD_00059,Landslide,9.022806,77.054992
SLD_00060,Landslide,9.031964,77.102208
SLD_00061,Landslide,9.041661,77.078336
SLD_00062,Landslide,9.044042,77.070014
SLD_00063,Landslide,9.07,77.22
SLD_00064,Landslide,9.071744,76.997411
SLD_00065,Landslide,9.074494,77.133522
SLD_00066,Landslide,9.077017,77.170594
SLD_00067,Landslide,9.079019,77.123406
SLD_00068,Landslide,9.080303,77.165261
SLD_00069,Landslide,9.082639,77.160867
SLD_00070,Landslide,9.099117,77.100708
SLD_00071,Landslide,9.117406,77.018122
SLD_00072,Landslide,9.121653,77.040825
SLD_00073,Landslide,9.164556,76.873031
SLD_00074,Landslide,9.164556,76.873031
SLD_00075,Landslide,9.166425,76.879383
SLD_00076,Landslide,9.167267,76.861056
SLD_00077,Landslide,9.170292,76.873753
SLD_00078,Landslide,9.170569,76.875092
SLD_00079,Landslide,9.170822,76.873661
SLD_00080,Landslide,9.176258,76.859747
SLD_00081,Landslide,9.177086,76.863
SLD_00082,Landslide,9.178389,76.879028
SLD_00083,Landslide,9.183183,76.888167
SLD_00084,Landslide,9.18425,76.887844
SLD_00085,Landslide,9.184814,76.869028
SLD_00086,Landslide,9.233194,76.935817
SLD_00087,Landslide,9.2339,76.933897
SLD_00088,Landslide,9.260186,76.962403
SLD_00089,Landslide,9.268942,76.968072
SLD_00090,Landslide,9.269308,76.96805
SLD_00091,Landslide,9.272417,76.969258
SLD_00092,Landslide,9.298778,76.801817
SLD_00093,Landslide,9.30035,76.997306
SLD_00094,Landslide,9.301225,76.985617
SLD_00095,Landslide,9.301731,76.980503
SLD_00096,Landslide,9.302208,76.979242
SLD_00097,Landslide,9.302861,76.977833
SLD_00098,Landslide,9.303428,76.990983
SLD_00099,Landslide,9.304333,76.990425
SLD_00100,Landslide,9.304603,76.988392
SLD_00101,Landslide,9.305169,76.987244
SLD_00102,Landslide,9.309878,76.961369
SLD_00103,Landslide,9.31,77.1
SLD_00104,Landslide,9.310506,76.996892
SLD_00105,Landslide,9.310961,76.979619
SLD_00106,Landslide,9.313472,76.990539
SLD_00107,Landslide,9.313819,76.956094
SLD_00108,Landslide,9.31495,76.986872
SLD_00109,Landslide,9.31625,76.949881
SLD_00110,Landslide,9.316964,76.743289
SLD_00111,Landslide,9.319214,76.952022
SLD_00112,Landslide,9.32,77.1
SLD_00113,Landslide,9.32,77.1
SLD_00114,Landslide,9.3212,77.003772
SLD_00115,Landslide,9.321517,76.961139
SLD_00116,Landslide,9.324292,76.878439
SLD_00117,Landslide,9.324669,76.874817
SLD_00118,Landslide,9.326661,76.986664
SLD_00119,Landslide,9.327389,76.958711
SLD_00120,Landslide,9.328972,76.954578
SLD_00121,Landslide,9.332481,76.920175
SLD_00122,Landslide,9.332681,76.919267
SLD_00123,Landslide,9.335494,76.995597
SLD_00124,Landslide,9.340931,76.850644
SLD_00125,Landslide,9.343592,76.933786
SLD_00126,Landslide,9.343594,76.935444
SLD_00127,Landslide,9.34365,76.940406
SLD_00128,Landslide,9.347475,76.918508
SLD_00129,Landslide,9.411836,76.973325
SLD_00130,Landslide,9.418431,76.965742
SLD_00131,Landslide,9.437264,76.868906
SLD_00132,Landslide,9.45,77.37
SLD_00133,Landslide,9.50805,76.981387
SLD_00134,Landslide,9.516939,76.982494
SLD_00135,Landslide,9.517495,76.983326
SLD_00136,Landslide,9.51972,76.983047
SLD_00137,Landslide,9.526361,76.980418
SLD_00138,Landslide,9.53,77.4
SLD_00139,Landslide,9.530667,76.965462
SLD_00140,Landslide,9.531556,76.960131
SLD_00141,Landslide,9.536662,76.981105
SLD_00142,Landslide,9.54,77.37
SLD_00143,Landslide,9.55,77.38
SLD_00144,Landslide,9.556714,76.972888
SLD_00145,Landslide,9.557969,76.97305
SLD_00146,Landslide,9.558774,76.995185
SLD_00147,Landslide,9.565965,76.943333
SLD_00148,Landslide,9.567761,76.950283
SLD_00149,Landslide,9.57,77.4
SLD_00150,Landslide,9.572091,76.998014
SLD_00151,Landslide,9.57226,76.942849
SLD_00152,Landslide,9.5725,77.09172
SLD_00153,Landslide,9.572847,76.949283
SLD_00154,Landslide,9.576489,76.941443
SLD_00155,Landslide,9.59,77.41
SLD_00156,Landslide,9.608653,77.146307
SLD_00157,Landslide,9.608653,77.146307
SLD_00158,Landslide,9.608653,77.146307
SLD_00159,Landslide,9.608653,77.146307
SLD_00160,Landslide,9.608653,77.146307
SLD_00161,Landslide,9.608653,77.146307
SLD_00162,Landslide,9.609313,77.069258
SLD_00163,Landslide,9.61,77.3
SLD_00164,Landslide,9.61,77.31
SLD_00165,Landslide,9.61,77.42
SLD_00166,Landslide,9.611343,77.148419
SLD_00167,Landslide,9.616867,77.143727
SLD_00168,Landslide,9.618522,76.91768
SLD_00169,Landslide,9.62,77.34
SLD_00170,Landslide,9.62,77.33
SLD_00171,Landslide,9.62,77.31
SLD_00172,Landslide,9.62,77.3
SLD_00173,Landslide,9.62,77.28
SLD_00174,Landslide,9.621675,77.161217
SLD_00175,Landslide,9.627685,77.138111
SLD_00176,Landslide,9.629002,77.137118
SLD_00177,Landslide,9.629116,77.153759
SLD_00178,Landslide,9.629298,77.163697
SLD_00179,Landslide,9.629553,77.1546
SLD_00180,Landslide,9.6306,76.889
SLD_00181,Landslide,9.630856,76.87125
SLD_00182,Landslide,9.63221,77.156202
SLD_00183,Landslide,9.632692,77.162881
SLD_00184,Landslide,9.633309,77.156819
SLD_00185,Landslide,9.633776,77.157286
SLD_00186,Landslide,9.63423,77.154065
SLD_00187,Landslide,9.634359,77.157909
SLD_00188,Landslide,9.635213,77.152987
SLD_00189,Landslide,9.635735,77.151807
SLD_00190,Landslide,9.636032,77.163613
SLD_00191,Landslide,9.637009,77.163437
SLD_00192,Landslide,9.637785,77.170792
SLD_00193,Landslide,9.638197,76.887006
SLD_00194,Landslide,9.638944,76.868236
SLD_00195,Landslide,9.640687,77.166384
SLD_00196,Landslide,9.642869,76.893061
SLD_00197,Landslide,9.643717,76.868422
SLD_00198,Landslide,9.644319,76.896961
SLD_00199,Landslide,9.644494,76.867875
SLD_00200,Landslide,9.645325,76.905017
SLD_00201,Landslide,9.645962,77.076031
SLD_00202,Landslide,9.646878,76.902028
SLD_00203,Landslide,9.648006,76.889603
SLD_00204,Landslide,9.648325,77.094746
SLD_00205,Landslide,9.648758,76.888622
SLD_00206,Landslide,9.65,77.36
SLD_00207,Landslide,9.650014,76.889789
SLD_00208,Landslide,9.653094,76.903419
SLD_00209,Landslide,9.653403,76.903175
SLD_00210,Landslide,9.656433,76.903892
SLD_00211,Landslide,9.65845,76.901369
SLD_00212,Landslide,9.658569,76.902028
SLD_00213,Landslide,9.658686,76.901519
SLD_00214,Landslide,9.659356,76.896719
SLD_00215,Landslide,9.662285,77.092683
SLD_00216,Landslide,9.66703,77.058442
SLD_00217,Landslide,9.667328,77.058371
SLD_00218,Landslide,9.676364,77.049871
SLD_00219,Landslide,9.68,77.39
SLD_00220,Landslide,9.685096,77.05283
SLD_00221,Landslide,9.69,77.39
SLD_00222,Landslide,9.6963,76.8678
SLD_00223,Landslide,9.699908,76.834475
SLD_00224,Landslide,9.7,77.4
SLD_00225,Landslide,9.700267,76.86585
SLD_00226,Landslide,9.7005,77.1069
SLD_00227,Landslide,9.701489,76.882814
SLD_00228,Landslide,9.7015,77.1066
SLD_00229,Landslide,9.707703,76.885786
SLD_00230,Landslide,9.708394,76.849672
SLD_00231,Landslide,9.71,77.41
SLD_00232,Landslide,9.715642,77.064433
SLD_00233,Landslide,9.715763,77.063932
SLD_00234,Landslide,9.72,77.42
SLD_00235,Landslide,9.72,77.41
SLD_00236,Landslide,9.72,77.74
SLD_00237,Landslide,9.728494,76.8422
SLD_00238,Landslide,9.73,77.42
SLD_00239,Landslide,9.731456,76.815833
SLD_00240,Landslide,9.731683,76.821975
SLD_00241,Landslide,9.733878,76.822311
SLD_00242,Landslide,9.73715,76.825961
SLD_00243,Landslide,9.7386,76.8754
SLD_00244,Landslide,9.73867,76.87547
SLD_00245,Landslide,9.7409,76.8724
SLD_00246,Landslide,9.74092,76.87242
SLD_00247,Landslide,9.741439,76.841072
SLD_00248,Landslide,9.742408,76.871481
SLD_00249,Landslide,9.74295,76.820492
SLD_00250,Landslide,9.743239,76.819217
SLD_00251,Landslide,9.743929,76.871225
SLD_00252,Landslide,9.746111,76.867778
SLD_00253,Landslide,9.747819,76.865615
SLD_00254,Landslide,9.749142,76.865103
SLD_00255,Landslide,9.7505,76.8663
SLD_00256,Landslide,9.750875,77.129443
SLD_00257,Landslide,9.751969,76.888502
SLD_00258,Landslide,9.753603,77.135474
SLD_00259,Landslide,9.753889,76.862778
SLD_00260,Landslide,9.754167,76.863333
SLD_00261,Landslide,9.756908,77.125782
SLD_00262,Landslide,9.758115,76.887115
SLD_00263,Landslide,9.761131,77.112451
SLD_00264,Landslide,9.761878,77.11159
SLD_00265,Landslide,9.762402,76.886875
SLD_00266,Landslide,9.763066,77.082958
SLD_00267,Landslide,9.763586,76.882632
SLD_00268,Landslide,9.763762,76.836386
SLD_00269,Landslide,9.764817,77.109877
SLD_00270,Landslide,9.766509,76.881357
SLD_00271,Landslide,9.767222,76.855
SLD_00272,Landslide,9.767408,76.880724
SLD_00273,Landslide,9.768135,77.108294
SLD_00274,Landslide,9.768333,76.854722
SLD_00275,Landslide,9.768435,77.128288
SLD_00276,Landslide,9.769483,77.089057
SLD_00277,Landslide,9.769485,76.861242
SLD_00278,Landslide,9.770459,76.835165
SLD_00279,Landslide,9.770979,77.133498
SLD_00280,Landslide,9.7726,76.8275
SLD_00281,Landslide,9.774871,77.099124
SLD_00282,Landslide,9.775862,77.083611
SLD_00283,Landslide,9.777421,76.856547
SLD_00284,Landslide,9.7792,76.8503
SLD_00285,Landslide,9.7796,76.8499
SLD_00286,Landslide,9.7831,76.7858
SLD_00287,Landslide,9.786024,77.124144
SLD_00288,Landslide,9.788433,77.211174
SLD_00289,Landslide,9.789482,77.09414
SLD_00290,Landslide,9.789688,77.091498
SLD_00291,Landslide,9.789943,77.085321
SLD_00292,Landslide,9.790765,77.066116
SLD_00293,Landslide,9.792432,76.82916
SLD_00294,Landslide,9.792627,77.067686
SLD_00295,Landslide,9.793412,77.064957
SLD_00296,Landslide,9.794404,77.060807
SLD_00297,Landslide,9.794839,77.081397
SLD_00298,Landslide,9.795973,77.104232
SLD_00299,Landslide,9.796795,77.067566
SLD_00300,Landslide,9.796861,76.820806
SLD_00301,Landslide,9.796923,77.192568
SLD_00302,Landslide,9.797631,77.075655
SLD_00303,Landslide,9.798944,77.108953
SLD_00304,Landslide,9.799008,77.139263
SLD_00305,Landslide,9.799312,77.135392
SLD_00306,Landslide,9.801304,77.137756
SLD_00307,Landslide,9.801902,77.137459
SLD_00308,Landslide,9.8027,76.8477
SLD_00309,Landslide,9.803466,77.120209
SLD_00310,Landslide,9.805075,77.120256
SLD_00311,Landslide,9.805416,77.079731
SLD_00312,Landslide,9.805846,77.151282
SLD_00313,Landslide,9.806066,77.123588
SLD_00314,Landslide,9.806708,77.08415
SLD_00315,Landslide,9.80704,77.068331
SLD_00316,Landslide,9.807055,77.150241
SLD_00317,Landslide,9.809431,77.100034
SLD_00318,Landslide,9.809479,77.131411
SLD_00319,Landslide,9.81,76.88
SLD_00320,Landslide,9.810211,77.064195
SLD_00321,Landslide,9.810385,77.106483
SLD_00322,Landslide,9.810415,77.063431
SLD_00323,Landslide,9.810482,77.101006
SLD_00324,Landslide,9.810797,77.099842
SLD_00325,Landslide,9.810814,77.099897
SLD_00326,Landslide,9.810828,77.106376
SLD_00327,Landslide,9.810926,77.099432
SLD_00328,Landslide,9.810955,77.059324
SLD_00329,Landslide,9.811021,77.078098
SLD_00330,Landslide,9.811061,77.131266
SLD_00331,Landslide,9.811184,77.09855
SLD_00332,Landslide,9.811206,77.098031
SLD_00333,Landslide,9.811227,77.111993
SLD_00334,Landslide,9.8116,76.8508
SLD_00335,Landslide,9.811719,77.076298
SLD_00336,Landslide,9.811895,77.077038
SLD_00337,Landslide,9.81228,77.077614
SLD_00338,Landslide,9.812449,76.853725
SLD_00339,Landslide,9.812467,77.07664
SLD_00340,Landslide,9.812482,77.110779
SLD_00341,Landslide,9.812495,76.85358
SLD_00342,Landslide,9.813075,76.876351
SLD_00343,Landslide,9.813178,77.056494
SLD_00344,Landslide,9.813493,76.875962
SLD_00345,Landslide,9.814796,76.875696
SLD_00346,Landslide,9.816192,76.838889
SLD_00347,Landslide,9.817655,77.079726
SLD_00348,Landslide,9.818091,77.127319
SLD_00349,Landslide,9.818911,77.129202
SLD_00350,Landslide,9.820333,77.082221
SLD_00351,Landslide,9.820459,77.127344
SLD_00352,Landslide,9.820806,76.871099
SLD_00353,Landslide,9.822065,77.143594
SLD_00354,Landslide,9.8222,76.8433
SLD_00355,Landslide,9.822208,77.143896
SLD_00356,Landslide,9.823,76.8397
SLD_00357,Landslide,9.826742,77.141574
SLD_00358,Landslide,9.826816,77.141255
SLD_00359,Landslide,9.828145,76.866473
SLD_00360,Landslide,9.82866,76.866659
SLD_00361,Landslide,9.828943,77.160772
SLD_00362,Landslide,9.829444,76.749722
SLD_00363,Landslide,9.837212,77.173549
SLD_00364,Landslide,9.83811,77.18514
SLD_00365,Landslide,9.838144,77.18461
SLD_00366,Landslide,9.838783,76.888009
SLD_00367,Landslide,9.83882,77.153524
SLD_00368,Landslide,9.839776,76.865554
SLD_00369,Landslide,9.839808,76.864707
SLD_00370,Landslide,9.840509,76.929767
SLD_00371,Landslide,9.840509,76.929767
SLD_00372,Landslide,9.840603,76.885914
SLD_00373,Landslide,9.840603,76.879387
SLD_00374,Landslide,9.840678,76.832971
SLD_00375,Landslide,9.840886,76.879006
SLD_00376,Landslide,9.841301,77.1688
SLD_00377,Landslide,9.841969,76.885748
SLD_00378,Landslide,9.842312,77.160549
SLD_00379,Landslide,9.842521,76.965072
SLD_00380,Landslide,9.842521,76.965072
SLD_00381,Landslide,9.842529,77.160514
SLD_00382,Landslide,9.842744,76.89423
SLD_00383,Landslide,9.843841,76.888867
SLD_00384,Landslide,9.844834,76.943246
SLD_00385,Landslide,9.844834,76.943246
SLD_00386,Landslide,9.846082,76.938568
SLD_00387,Landslide,9.846082,76.938568
SLD_00388,Landslide,9.846452,76.93383
SLD_00389,Landslide,9.846452,76.93383
SLD_00390,Landslide,9.846759,76.881117
SLD_00391,Landslide,9.847146,77.159369
SLD_00392,Landslide,9.84728,76.94079
SLD_00393,Landslide,9.84728,76.94079
SLD_00394,Landslide,9.8478,76.954074
SLD_00395,Landslide,9.8478,76.954074
SLD_00396,Landslide,9.848333,77.116667
SLD_00397,Landslide,9.848525,77.161483
SLD_00398,Landslide,9.848542,76.952419
SLD_00399,Landslide,9.848542,76.952419
SLD_00400,Landslide,9.848743,76.944208
SLD_00401,Landslide,9.848743,76.944208
SLD_00402,Landslide,9.84898,76.936032
SLD_00403,Landslide,9.84898,76.936032
SLD_00404,Landslide,9.8494,76.960355
SLD_00405,Landslide,9.8494,76.960355
SLD_00406,Landslide,9.849505,76.96103
SLD_00407,Landslide,9.849505,76.96103
SLD_00408,Landslide,9.849827,77.098365
SLD_00409,Landslide,9.849927,77.115583
SLD_00410,Landslide,9.850162,76.96138
SLD_00411,Landslide,9.850162,76.96138
SLD_00412,Landslide,9.850453,76.939204
SLD_00413,Landslide,9.850453,76.939204
SLD_00414,Landslide,9.850571,76.936078
SLD_00415,Landslide,9.850571,76.936078
SLD_00416,Landslide,9.85097,76.945232
SLD_00417,Landslide,9.85097,76.945232
SLD_00418,Landslide,9.851094,77.13268
SLD_00419,Landslide,9.851416,76.949474
SLD_00420,Landslide,9.851416,76.949474
SLD_00421,Landslide,9.85143,76.959391
SLD_00422,Landslide,9.85143,76.959391
SLD_00423,Landslide,9.851786,76.944836
SLD_00424,Landslide,9.851786,76.944836
SLD_00425,Landslide,9.851827,77.204249
SLD_00426,Landslide,9.852045,76.971874
SLD_00427,Landslide,9.852045,76.971874
SLD_00428,Landslide,9.852096,77.155627
SLD_00429,Landslide,9.852183,76.962158
SLD_00430,Landslide,9.852183,76.962158
SLD_00431,Landslide,9.852386,77.14712
SLD_00432,Landslide,9.852708,77.143254
SLD_00433,Landslide,9.852933,77.097437
SLD_00434,Landslide,9.852998,77.143156
SLD_00435,Landslide,9.853401,76.945411
SLD_00436,Landslide,9.853401,76.945411
SLD_00437,Landslide,9.853464,77.148017
SLD_00438,Landslide,9.8538,76.9681
SLD_00439,Landslide,9.853882,76.959077
SLD_00440,Landslide,9.853882,76.959077
SLD_00441,Landslide,9.853966,76.958668
SLD_00442,Landslide,9.853966,76.958668
SLD_00443,Landslide,9.854149,76.959872
SLD_00444,Landslide,9.854149,76.959872
SLD_00445,Landslide,9.854267,76.958114
SLD_00446,Landslide,9.854267,76.958114
SLD_00447,Landslide,9.854288,76.959153
SLD_00448,Landslide,9.854288,76.959153
SLD_00449,Landslide,9.854614,77.206592
SLD_00450,Landslide,9.854676,76.960933
SLD_00451,Landslide,9.854676,76.960933
SLD_00452,Landslide,9.854932,76.966613
SLD_00453,Landslide,9.854932,76.966613
SLD_00454,Landslide,9.854962,77.108269
SLD_00455,Landslide,9.855012,76.962183
SLD_00456,Landslide,9.855012,76.962183
SLD_00457,Landslide,9.855086,77.150333
SLD_00458,Landslide,9.855108,76.96903
SLD_00459,Landslide,9.855108,76.96903
SLD_00460,Landslide,9.855504,76.852807
SLD_00461,Landslide,9.855592,76.863036
SLD_00462,Landslide,9.855887,76.968706
SLD_00463,Landslide,9.855887,76.968706
SLD_00464,Landslide,9.855891,76.960293
SLD_00465,Landslide,9.855891,76.960293
SLD_00466,Landslide,9.85592,76.967758
SLD_00467,Landslide,9.85592,76.967758
SLD_00468,Landslide,9.855987,76.965553
SLD_00469,Landslide,9.855987,76.965553
SLD_00470,Landslide,9.856389,76.888333
SLD_00471,Landslide,9.856484,76.965492
SLD_00472,Landslide,9.856484,76.965492
SLD_00473,Landslide,9.856635,76.962904
SLD_00474,Landslide,9.856635,76.962904
SLD_00475,Landslide,9.856677,76.963387
SLD_00476,Landslide,9.856677,76.963387
SLD_00477,Landslide,9.856794,76.965038
SLD_00478,Landslide,9.856794,76.965038
SLD_00479,Landslide,9.856918,76.871813
SLD_00480,Landslide,9.856918,76.871813
SLD_00481,Landslide,9.85704,77.122966
SLD_00482,Landslide,9.857204,76.966152
SLD_00483,Landslide,9.857204,76.966152
SLD_00484,Landslide,9.857261,77.122211
SLD_00485,Landslide,9.857386,76.964303
SLD_00486,Landslide,9.857386,76.964303
SLD_00487,Landslide,9.8575,76.888889
SLD_00488,Landslide,9.858269,77.121561
SLD_00489,Landslide,9.858306,76.963114
SLD_00490,Landslide,9.858306,76.963114
SLD_00491,Landslide,9.858459,76.952313
SLD_00492,Landslide,9.858459,76.952313
SLD_00493,Landslide,9.858502,76.952642
SLD_00494,Landslide,9.858502,76.952642
SLD_00495,Landslide,9.858592,76.873099
SLD_00496,Landslide,9.858636,76.952998
SLD_00497,Landslide,9.858636,76.952998
SLD_00498,Landslide,9.858641,76.964611
SLD_00499,Landslide,9.858641,76.964611
SLD_00500,Landslide,9.858681,76.968641
SLD_00501,Landslide,9.858681,76.968641
SLD_00502,Landslide,9.85877,76.964138
SLD_00503,Landslide,9.85877,76.964138
SLD_00504,Landslide,9.858884,76.890384
SLD_00505,Landslide,9.858889,76.886111
SLD_00506,Landslide,9.859167,76.855556
SLD_00507,Landslide,9.859218,76.964916
SLD_00508,Landslide,9.859218,76.964916
SLD_00509,Landslide,9.859405,76.884858
SLD_00510,Landslide,9.859526,76.847944
SLD_00511,Landslide,9.85955,76.884399
SLD_00512,Landslide,9.859678,76.969604
SLD_00513,Landslide,9.859678,76.969604
SLD_00514,Landslide,9.859747,76.962467
SLD_00515,Landslide,9.859747,76.962467
SLD_00516,Landslide,9.859944,76.886817
SLD_00517,Landslide,9.859967,76.954255
SLD_00518,Landslide,9.859967,76.954255
SLD_00519,Landslide,9.860072,76.962541
SLD_00520,Landslide,9.860072,76.962541
SLD_00521,Landslide,9.860248,76.861385
SLD_00522,Landslide,9.860453,76.887968
SLD_00523,Landslide,9.860469,77.113791
SLD_00524,Landslide,9.860503,76.969244
SLD_00525,Landslide,9.860503,76.969244
SLD_00526,Landslide,9.860657,76.886985
SLD_00527,Landslide,9.860874,76.96612
SLD_00528,Landslide,9.860874,76.96612
SLD_00529,Landslide,9.860952,76.962091
SLD_00530,Landslide,9.860952,76.962091
SLD_00531,Landslide,9.861039,76.951718
SLD_00532,Landslide,9.861039,76.951718
SLD_00533,Landslide,9.861111,76.852778
SLD_00534,Landslide,9.86143,76.842083
SLD_00535,Landslide,9.861544,76.865667
SLD_00536,Landslide,9.861556,77.113324
SLD_00537,Landslide,9.861767,76.887365
SLD_00538,Landslide,9.861798,76.953318
SLD_00539,Landslide,9.861798,76.953318
SLD_00540,Landslide,9.8618,77.104758
SLD_00541,Landslide,9.861944,76.886944
SLD_00542,Landslide,9.862858,76.948292
SLD_00543,Landslide,9.862858,76.948292
SLD_00544,Landslide,9.863503,76.88732
SLD_00545,Landslide,9.864132,77.109066
SLD_00546,Landslide,9.864429,76.951665
SLD_00547,Landslide,9.864429,76.951665
SLD_00548,Landslide,9.864715,76.848018
SLD_00549,Landslide,9.864936,76.951604
SLD_00550,Landslide,9.864936,76.951604
SLD_00551,Landslide,9.865372,76.946557
SLD_00552,Landslide,9.865372,76.946557
SLD_00553,Landslide,9.8655,76.952483
SLD_00554,Landslide,9.8655,76.952483
SLD_00555,Landslide,9.865606,76.943504
SLD_00556,Landslide,9.865606,76.943504
SLD_00557,Landslide,9.865639,76.847577
SLD_00558,Landslide,9.865725,76.952684
SLD_00559,Landslide,9.865725,76.952684
SLD_00560,Landslide,9.866414,76.964794
SLD_00561,Landslide,9.866414,76.964794
SLD_00562,Landslide,9.866451,76.964658
SLD_00563,Landslide,9.866451,76.964658
SLD_00564,Landslide,9.866746,77.128843
SLD_00565,Landslide,9.86692,76.946165
SLD_00566,Landslide,9.86692,76.946165
SLD_00567,Landslide,9.867157,76.962939
SLD_00568,Landslide,9.867157,76.962939
SLD_00569,Landslide,9.86717,76.848688
SLD_00570,Landslide,9.867376,76.885008
SLD_00571,Landslide,9.867475,76.962613
SLD_00572,Landslide,9.867475,76.962613
SLD_00573,Landslide,9.867655,76.849283
SLD_00574,Landslide,9.868541,76.95024
SLD_00575,Landslide,9.868541,76.95024
SLD_00576,Landslide,9.868611,76.85
SLD_00577,Landslide,9.868634,76.953002
SLD_00578,Landslide,9.868634,76.953002
SLD_00579,Landslide,9.868821,76.885135
SLD_00580,Landslide,9.868878,76.957598
SLD_00581,Landslide,9.868878,76.957598
SLD_00582,Landslide,9.869147,76.945512
SLD_00583,Landslide,9.869147,76.945512
SLD_00584,Landslide,9.869201,76.945649
SLD_00585,Landslide,9.869201,76.945649
SLD_00586,Landslide,9.869258,77.129597
SLD_00587,Landslide,9.869548,77.100131
SLD_00588,Landslide,9.869572,76.953272
SLD_00589,Landslide,9.869572,76.953272
SLD_00590,Landslide,9.870136,76.846863
SLD_00591,Landslide,9.87027,76.956157
SLD_00592,Landslide,9.87027,76.956157
SLD_00593,Landslide,9.870606,76.930808
SLD_00594,Landslide,9.870606,76.930808
SLD_00595,Landslide,9.870638,76.955056
SLD_00596,Landslide,9.870638,76.955056
SLD_00597,Landslide,9.870913,76.84705
SLD_00598,Landslide,9.870957,76.9405
SLD_00599,Landslide,9.870957,76.9405
SLD_00600,Landslide,9.871007,76.939607
SLD_00601,Landslide,9.871007,76.939607
SLD_00602,Landslide,9.871133,76.933436
SLD_00603,Landslide,9.871133,76.933436
SLD_00604,Landslide,9.871323,76.955397
SLD_00605,Landslide,9.871323,76.955397
SLD_00606,Landslide,9.871423,76.939682
SLD_00607,Landslide,9.871423,76.939682
SLD_00608,Landslide,9.871444,76.954687
SLD_00609,Landslide,9.871444,76.954687
SLD_00610,Landslide,9.871462,76.954851
SLD_00611,Landslide,9.871462,76.954851
SLD_00612,Landslide,9.8716,76.940285
SLD_00613,Landslide,9.8716,76.940285
SLD_00614,Landslide,9.871783,76.95406
SLD_00615,Landslide,9.871783,76.95406
SLD_00616,Landslide,9.871863,76.940195
SLD_00617,Landslide,9.871863,76.940195
SLD_00618,Landslide,9.871944,76.867222
SLD_00619,Landslide,9.871991,76.938318
SLD_00620,Landslide,9.871991,76.938318
SLD_00621,Landslide,9.872103,76.837749
SLD_00622,Landslide,9.87211,76.9381
SLD_00623,Landslide,9.87211,76.9381
SLD_00624,Landslide,9.872142,76.9544
SLD_00625,Landslide,9.872142,76.9544
SLD_00626,Landslide,9.872172,76.93986
SLD_00627,Landslide,9.872172,76.93986
SLD_00628,Landslide,9.872202,76.962805
SLD_00629,Landslide,9.872202,76.962805
SLD_00630,Landslide,9.872228,76.942668
SLD_00631,Landslide,9.872228,76.836263
SLD_00632,Landslide,9.872228,76.942668
SLD_00633,Landslide,9.872696,76.953947
SLD_00634,Landslide,9.872696,76.953947
SLD_00635,Landslide,9.872726,76.953501
SLD_00636,Landslide,9.872726,76.953501
SLD_00637,Landslide,9.872755,76.953081
SLD_00638,Landslide,9.872755,76.953081
SLD_00639,Landslide,9.873292,76.850017
SLD_00640,Landslide,9.873421,76.939585
SLD_00641,Landslide,9.873421,76.939585
SLD_00642,Landslide,9.873529,76.939695
SLD_00643,Landslide,9.873529,76.939695
SLD_00644,Landslide,9.873797,76.940261
SLD_00645,Landslide,9.873797,76.940261
SLD_00646,Landslide,9.873817,76.950827
SLD_00647,Landslide,9.873817,76.950827
SLD_00648,Landslide,9.873823,76.965276
SLD_00649,Landslide,9.873823,76.965276
SLD_00650,Landslide,9.874293,76.954503
SLD_00651,Landslide,9.874293,76.954503
SLD_00652,Landslide,9.874488,76.950421
SLD_00653,Landslide,9.874488,76.950421
SLD_00654,Landslide,9.874508,76.977583
SLD_00655,Landslide,9.87465,77.11937
SLD_00656,Landslide,9.874873,76.848531
SLD_00657,Landslide,9.875297,76.848642
SLD_00658,Landslide,9.875604,76.848726
SLD_00659,Landslide,9.875848,76.848728
SLD_00660,Landslide,9.875872,76.950328
SLD_00661,Landslide,9.875872,76.950328
SLD_00662,Landslide,9.876083,76.949719
SLD_00663,Landslide,9.876083,76.949719
SLD_00664,Landslide,9.876283,76.966749
SLD_00665,Landslide,9.876283,76.966749
SLD_00666,Landslide,9.876301,76.949611
SLD_00667,Landslide,9.876301,76.949611
SLD_00668,Landslide,9.876945,76.846673
SLD_00669,Landslide,9.876967,76.940818
SLD_00670,Landslide,9.876967,76.940818
SLD_00671,Landslide,9.876984,76.945668
SLD_00672,Landslide,9.876984,76.945668
SLD_00673,Landslide,9.877183,76.845973
SLD_00674,Landslide,9.877324,76.845116
SLD_00675,Landslide,9.877425,76.941212
SLD_00676,Landslide,9.877425,76.941212
SLD_00677,Landslide,9.878588,77.159847
SLD_00678,Landslide,9.878944,76.941285
SLD_00679,Landslide,9.878944,76.941285
SLD_00680,Landslide,9.878974,76.940757
SLD_00681,Landslide,9.878974,76.940757
SLD_00682,Landslide,9.879103,76.943437
SLD_00683,Landslide,9.879103,76.943437
SLD_00684,Landslide,9.879456,76.946448
SLD_00685,Landslide,9.879456,76.946448
SLD_00686,Landslide,9.879456,76.946448
SLD_00687,Landslide,9.879456,76.946448
SLD_00688,Landslide,9.879549,76.945965
SLD_00689,Landslide,9.879549,76.945965
SLD_00690,Landslide,9.879757,76.942803
SLD_00691,Landslide,9.879757,76.942803
SLD_00692,Landslide,9.880267,76.942296
SLD_00693,Landslide,9.880267,76.942296
SLD_00694,Landslide,9.880439,76.948368
SLD_00695,Landslide,9.880439,76.948368
SLD_00696,Landslide,9.880616,77.122442
SLD_00697,Landslide,9.880659,77.145568
SLD_00698,Landslide,9.880789,76.968982
SLD_00699,Landslide,9.880789,76.968982
SLD_00700,Landslide,9.880827,77.123401
SLD_00701,Landslide,9.880875,76.969876
SLD_00702,Landslide,9.880875,76.969876
SLD_00703,Landslide,9.881019,76.948171
SLD_00704,Landslide,9.881019,76.948171
SLD_00705,Landslide,9.881126,77.104552
SLD_00706,Landslide,9.881169,77.120732
SLD_00707,Landslide,9.881424,76.970152
SLD_00708,Landslide,9.881424,76.970152
SLD_00709,Landslide,9.881785,76.970328
SLD_00710,Landslide,9.881785,76.970328
SLD_00711,Landslide,9.881933,77.079426
SLD_00712,Landslide,9.882046,77.120674
SLD_00713,Landslide,9.882223,77.083639
SLD_00714,Landslide,9.882247,76.97013
SLD_00715,Landslide,9.882247,76.97013
SLD_00716,Landslide,9.882807,77.078393
SLD_00717,Landslide,9.883033,77.060746
SLD_00718,Landslide,9.883046,76.969597
SLD_00719,Landslide,9.883046,76.969597
SLD_00720,Landslide,9.883072,76.969697
SLD_00721,Landslide,9.883072,76.969697
SLD_00722,Landslide,9.883159,76.943862
SLD_00723,Landslide,9.883159,76.943862
SLD_00724,Landslide,9.88321,77.077629
SLD_00725,Landslide,9.883218,76.944692
SLD_00726,Landslide,9.883218,76.944692
SLD_00727,Landslide,9.883414,76.93565
SLD_00728,Landslide,9.883414,76.93565
SLD_00729,Landslide,9.883748,76.937339
SLD_00730,Landslide,9.883748,76.937339
SLD_00731,Landslide,9.883958,76.936957
SLD_00732,Landslide,9.883958,76.936957
SLD_00733,Landslide,9.884433,76.951838
SLD_00734,Landslide,9.884433,76.951838
SLD_00735,Landslide,9.884641,76.942413
SLD_00736,Landslide,9.884641,76.942413
SLD_00737,Landslide,9.885022,76.935988
SLD_00738,Landslide,9.885022,76.935988
SLD_00739,Landslide,9.885613,76.933776
SLD_00740,Landslide,9.885613,76.933776
SLD_00741,Landslide,9.885736,76.967088
SLD_00742,Landslide,9.885736,76.967088
SLD_00743,Landslide,9.885829,76.935482
SLD_00744,Landslide,9.885829,76.935482
SLD_00745,Landslide,9.886038,77.079206
SLD_00746,Landslide,9.886111,76.944573
SLD_00747,Landslide,9.886111,76.944573
SLD_00748,Landslide,9.886185,76.934955
SLD_00749,Landslide,9.886185,76.934955
SLD_00750,Landslide,9.886393,77.120748
SLD_00751,Landslide,9.886451,76.932596
SLD_00752,Landslide,9.886451,76.932596
SLD_00753,Landslide,9.886474,76.953655
SLD_00754,Landslide,9.886474,76.953655
SLD_00755,Landslide,9.886497,76.934128
SLD_00756,Landslide,9.886497,76.934128
SLD_00757,Landslide,9.886582,77.052528
SLD_00758,Landslide,9.886722,76.934174
SLD_00759,Landslide,9.886722,76.934174
SLD_00760,Landslide,9.886859,76.94032
SLD_00761,Landslide,9.886859,76.94032
SLD_00762,Landslide,9.886914,77.079339
SLD_00763,Landslide,9.887022,76.940321
SLD_00764,Landslide,9.887022,76.940321
SLD_00765,Landslide,9.887064,77.079923
SLD_00766,Landslide,9.887515,76.939412
SLD_00767,Landslide,9.887515,76.939412
SLD_00768,Landslide,9.887748,76.952331
SLD_00769,Landslide,9.887748,76.952331
SLD_00770,Landslide,9.887827,76.965031
SLD_00771,Landslide,9.887827,76.965031
SLD_00772,Landslide,9.887905,76.93925
SLD_00773,Landslide,9.887905,76.93925
SLD_00774,Landslide,9.888201,76.933217
SLD_00775,Landslide,9.888201,76.933217
SLD_00776,Landslide,9.888258,76.931248
SLD_00777,Landslide,9.888258,76.931248
SLD_00778,Landslide,9.888332,76.938879
SLD_00779,Landslide,9.888332,76.938879
SLD_00780,Landslide,9.888335,76.938295
SLD_00781,Landslide,9.888335,76.938295
SLD_00782,Landslide,9.888496,76.957322
SLD_00783,Landslide,9.888496,76.957322
SLD_00784,Landslide,9.888631,76.965218
SLD_00785,Landslide,9.888631,76.965218
SLD_00786,Landslide,9.888654,76.942609
SLD_00787,Landslide,9.888654,76.942609
SLD_00788,Landslide,9.888716,77.099159
SLD_00789,Landslide,9.88877,76.931734
SLD_00790,Landslide,9.88877,76.931734
SLD_00791,Landslide,9.889013,76.958602
SLD_00792,Landslide,9.889013,76.958602
SLD_00793,Landslide,9.889026,76.932857
SLD_00794,Landslide,9.889026,76.932857
SLD_00795,Landslide,9.889151,76.942485
SLD_00796,Landslide,9.889151,76.942485
SLD_00797,Landslide,9.889203,77.090702
SLD_00798,Landslide,9.889244,76.940489
SLD_00799,Landslide,9.889244,76.940489
SLD_00800,Landslide,9.889363,76.930844
SLD_00801,Landslide,9.889363,76.930844
SLD_00802,Landslide,9.889611,76.930244
SLD_00803,Landslide,9.889611,76.930244
SLD_00804,Landslide,9.889817,76.950812
SLD_00805,Landslide,9.889817,76.950812
SLD_00806,Landslide,9.890075,76.956192
SLD_00807,Landslide,9.890075,76.956192
SLD_00808,Landslide,9.89009,76.950531
SLD_00809,Landslide,9.89009,76.950531
SLD_00810,Landslide,9.890111,76.942208
SLD_00811,Landslide,9.890111,76.942208
SLD_00812,Landslide,9.890173,76.939309
SLD_00813,Landslide,9.890173,76.939309
SLD_00814,Landslide,9.890327,76.962593
SLD_00815,Landslide,9.890327,76.962593
SLD_00816,Landslide,9.890661,76.950352
SLD_00817,Landslide,9.890661,76.950352
SLD_00818,Landslide,9.891325,76.971287
SLD_00819,Landslide,9.891325,76.971287
SLD_00820,Landslide,9.891448,76.965763
SLD_00821,Landslide,9.891448,76.965763
SLD_00822,Landslide,9.891689,76.942919
SLD_00823,Landslide,9.891689,76.942919
SLD_00824,Landslide,9.891847,76.943759
SLD_00825,Landslide,9.891847,76.943759
SLD_00826,Landslide,9.892251,76.947289
SLD_00827,Landslide,9.892251,76.947289
SLD_00828,Landslide,9.892362,76.971822
SLD_00829,Landslide,9.892362,76.971822
SLD_00830,Landslide,9.892668,76.942487
SLD_00831,Landslide,9.892668,76.942487
SLD_00832,Landslide,9.893084,76.945534
SLD_00833,Landslide,9.893084,76.945534
SLD_00834,Landslide,9.893104,76.945297
SLD_00835,Landslide,9.893104,76.945297
SLD_00836,Landslide,9.893207,77.169231
SLD_00837,Landslide,9.893219,76.973641
SLD_00838,Landslide,9.893219,76.973641
SLD_00839,Landslide,9.893499,76.944169
SLD_00840,Landslide,9.893499,76.944169
SLD_00841,Landslide,9.893513,76.951052
SLD_00842,Landslide,9.893513,76.951052
SLD_00843,Landslide,9.893592,76.974746
SLD_00844,Landslide,9.893592,76.974746
SLD_00845,Landslide,9.893601,76.971674
SLD_00846,Landslide,9.893601,76.971674
SLD_00847,Landslide,9.893845,76.971594
SLD_00848,Landslide,9.893845,76.971594
SLD_00849,Landslide,9.894011,76.943197
SLD_00850,Landslide,9.894011,76.943197
SLD_00851,Landslide,9.894803,76.951507
SLD_00852,Landslide,9.894803,76.951507
SLD_00853,Landslide,9.894891,76.97211
SLD_00854,Landslide,9.894891,76.97211
SLD_00855,Landslide,9.895093,76.949922
SLD_00856,Landslide,9.895093,76.949922
SLD_00857,Landslide,9.895342,77.038972
SLD_00858,Landslide,9.895524,77.038736
SLD_00859,Landslide,9.895908,77.088074
SLD_00860,Landslide,9.896096,76.965499
SLD_00861,Landslide,9.896096,76.965499
SLD_00862,Landslide,9.896136,77.17327
SLD_00863,Landslide,9.89615,77.086963
SLD_00864,Landslide,9.896158,77.087137
SLD_00865,Landslide,9.896226,76.96488
SLD_00866,Landslide,9.896226,76.96488
SLD_00867,Landslide,9.896287,77.086736
SLD_00868,Landslide,9.896374,76.972056
SLD_00869,Landslide,9.896374,76.972056
SLD_00870,Landslide,9.896606,76.967872
SLD_00871,Landslide,9.896606,76.967872
SLD_00872,Landslide,9.89722,76.951001
SLD_00873,Landslide,9.89722,76.951001
SLD_00874,Landslide,9.897462,76.952945
SLD_00875,Landslide,9.897462,76.952945
SLD_00876,Landslide,9.897695,76.971763
SLD_00877,Landslide,9.897695,76.971763
SLD_00878,Landslide,9.897713,76.967131
SLD_00879,Landslide,9.897713,76.967131
SLD_00880,Landslide,9.89775,76.929553
SLD_00881,Landslide,9.89775,76.929553
SLD_00882,Landslide,9.897864,77.213133
SLD_00883,Landslide,9.898077,76.969932
SLD_00884,Landslide,9.898077,76.969932
SLD_00885,Landslide,9.898321,76.97142
SLD_00886,Landslide,9.898321,76.97142
SLD_00887,Landslide,9.898322,76.969752
SLD_00888,Landslide,9.898322,76.969752
SLD_00889,Landslide,9.898434,76.930077
SLD_00890,Landslide,9.898434,76.930077
SLD_00891,Landslide,9.899932,76.969515
SLD_00892,Landslide,9.899932,76.969515
SLD_00893,Landslide,9.900049,77.111063
SLD_00894,Landslide,9.900904,76.951689
SLD_00895,Landslide,9.900904,76.951689
SLD_00896,Landslide,9.901601,76.945302
SLD_00897,Landslide,9.901601,76.945302
SLD_00898,Landslide,9.902491,76.952455
SLD_00899,Landslide,9.902491,76.952455
SLD_00900,Landslide,9.90259,76.952474
SLD_00901,Landslide,9.90259,76.952474
SLD_00902,Landslide,9.903223,76.941564
SLD_00903,Landslide,9.903223,76.941564
SLD_00904,Landslide,9.903484,76.940116
SLD_00905,Landslide,9.903484,76.940116
SLD_00906,Landslide,9.903901,77.062855
SLD_00907,Landslide,9.90445,76.951299
SLD_00908,Landslide,9.90445,76.951299
SLD_00909,Landslide,9.904679,76.95069
SLD_00910,Landslide,9.904679,76.95069
SLD_00911,Landslide,9.905261,76.950155
SLD_00912,Landslide,9.905261,76.950155
SLD_00913,Landslide,9.905364,77.062946
SLD_00914,Landslide,9.906263,76.967401
SLD_00915,Landslide,9.906342,76.966553
SLD_00916,Landslide,9.90637,76.96773
SLD_00917,Landslide,9.90641,76.940571
SLD_00918,Landslide,9.90641,76.940571
SLD_00919,Landslide,9.906852,77.216739
SLD_00920,Landslide,9.90698,76.965454
SLD_00921,Landslide,9.907523,77.054454
SLD_00922,Landslide,9.907864,76.942367
SLD_00923,Landslide,9.907864,76.942367
SLD_00924,Landslide,9.908188,76.976757
SLD_00925,Landslide,9.908326,76.976366
SLD_00926,Landslide,9.908482,76.965126
SLD_00927,Landslide,9.908645,76.974326
SLD_00928,Landslide,9.909008,76.974146
SLD_00929,Landslide,9.909309,76.947298
SLD_00930,Landslide,9.909309,76.947298
SLD_00931,Landslide,9.909522,76.963546
SLD_00932,Landslide,9.909755,76.980742
SLD_00933,Landslide,9.909894,76.93379
SLD_00934,Landslide,9.909894,76.93379
SLD_00935,Landslide,9.910149,76.930227
SLD_00936,Landslide,9.910149,76.930227
SLD_00937,Landslide,9.910368,76.948599
SLD_00938,Landslide,9.910368,76.948599
SLD_00939,Landslide,9.911005,76.969627
SLD_00940,Landslide,9.911038,76.970174
SLD_00941,Landslide,9.911125,76.931874
SLD_00942,Landslide,9.911125,76.931874
SLD_00943,Landslide,9.911372,76.977953
SLD_00944,Landslide,9.912153,76.958793
SLD_00945,Landslide,9.912176,77.176511
SLD_00946,Landslide,9.9123,76.9547
SLD_00947,Landslide,9.91231,76.95475
SLD_00948,Landslide,9.912635,77.113277
SLD_00949,Landslide,9.912778,76.925793
SLD_00950,Landslide,9.912778,76.925793
SLD_00951,Landslide,9.913103,77.039136
SLD_00952,Landslide,9.913112,76.925932
SLD_00953,Landslide,9.913112,76.925932
SLD_00954,Landslide,9.913123,77.216946
SLD_00955,Landslide,9.913159,76.958298
SLD_00956,Landslide,9.913188,77.115833
SLD_00957,Landslide,9.913324,76.964216
SLD_00958,Landslide,9.913768,77.109847
SLD_00959,Landslide,9.914051,77.115246
SLD_00960,Landslide,9.914315,77.110644
SLD_00961,Landslide,9.914315,77.110644
SLD_00962,Landslide,9.914739,77.109325
SLD_00963,Landslide,9.91488,77.10647
SLD_00964,Landslide,9.914919,77.106482
SLD_00965,Landslide,9.914976,76.963041
SLD_00966,Landslide,9.915106,76.958369
SLD_00967,Landslide,9.915236,76.963416
SLD_00968,Landslide,9.91551,76.948985
SLD_00969,Landslide,9.916531,76.957236
SLD_00970,Landslide,9.916541,77.114532
SLD_00971,Landslide,9.916688,76.918714
SLD_00972,Landslide,9.916688,76.918714
SLD_00973,Landslide,9.918204,77.166852
SLD_00974,Landslide,9.918976,77.021632
SLD_00975,Landslide,9.919152,76.955371
SLD_00976,Landslide,9.91931,76.956101
SLD_00977,Landslide,9.920033,76.95461
SLD_00978,Landslide,9.920187,76.951511
SLD_00979,Landslide,9.920498,76.949252
SLD_00980,Landslide,9.9208,76.9813
SLD_00981,Landslide,9.92086,76.98139
SLD_00982,Landslide,9.9211,76.9861
SLD_00983,Landslide,9.92114,76.96811
SLD_00984,Landslide,9.921815,76.951284
SLD_00985,Landslide,9.92214,77.14932
SLD_00986,Landslide,9.922275,76.982294
SLD_00987,Landslide,9.922648,76.916651
SLD_00988,Landslide,9.922648,76.916651
SLD_00989,Landslide,9.923021,76.950735
SLD_00990,Landslide,9.923082,77.159007
SLD_00991,Landslide,9.923119,76.981761
SLD_00992,Landslide,9.923232,77.148288
SLD_00993,Landslide,9.923593,76.982603
SLD_00994,Landslide,9.925144,76.941602
SLD_00995,Landslide,9.925294,76.976025
SLD_00996,Landslide,9.925442,76.975519
SLD_00997,Landslide,9.925703,76.975075
SLD_00998,Landslide,9.925901,76.954399
SLD_00999,Landslide,9.926536,77.126202
SLD_01000,Landslide,9.926579,77.117961
SLD_01001,Landslide,9.92677,76.954112
SLD_01002,Landslide,9.926836,77.123159
SLD_01003,Landslide,9.927042,76.953977
SLD_01004,Landslide,9.927923,77.135537
SLD_01005,Landslide,9.928277,76.939113
SLD_01006,Landslide,9.928599,77.121639
SLD_01007,Landslide,9.928786,76.938506
SLD_01008,Landslide,9.929028,76.966972
SLD_01009,Landslide,9.929417,77.123704
SLD_01010,Landslide,9.929568,77.152422
SLD_01011,Landslide,9.930246,76.953367
SLD_01012,Landslide,9.931077,76.937972
SLD_01013,Landslide,9.932653,76.982092
SLD_01014,Landslide,9.932914,76.9438
SLD_01015,Landslide,9.933582,77.111196
SLD_01016,Landslide,9.933787,76.950753
SLD_01017,Landslide,9.9344,76.9811
SLD_01018,Landslide,9.934419,76.971294
SLD_01019,Landslide,9.93442,76.98117
SLD_01020,Landslide,9.9352,76.9791
SLD_01021,Landslide,9.93528,76.97919
SLD_01022,Landslide,9.935336,76.980959
SLD_01023,Landslide,9.935454,76.97476
SLD_01024,Landslide,9.935634,76.974861
SLD_01025,Landslide,9.936413,76.979233
SLD_01026,Landslide,9.937473,77.218058
SLD_01027,Landslide,9.937797,76.962022
SLD_01028,Landslide,9.9378,76.964606
SLD_01029,Landslide,9.937847,76.973592
SLD_01030,Landslide,9.93918,77.106391
SLD_01031,Landslide,9.939357,77.10125
SLD_01032,Landslide,9.939576,77.103831
SLD_01033,Landslide,9.939981,76.973256
SLD_01034,Landslide,9.940399,76.93293
SLD_01035,Landslide,9.942178,76.95499
SLD_01036,Landslide,9.942424,76.942242
SLD_01037,Landslide,9.947447,76.949208
SLD_01038,Landslide,9.947797,76.950003
SLD_01039,Landslide,9.947933,76.950583
SLD_01040,Landslide,9.949067,77.13799
SLD_01041,Landslide,9.949088,77.169845
SLD_01042,Landslide,9.949778,76.917913
SLD_01043,Landslide,9.949889,76.91754
SLD_01044,Landslide,9.949909,77.133528
SLD_01045,Landslide,9.950146,76.919921
SLD_01046,Landslide,9.9509,77.0795
SLD_01047,Landslide,9.952,77.0521
SLD_01048,Landslide,9.95203,77.02511
SLD_01049,Landslide,9.953476,76.942736
SLD_01050,Landslide,9.953572,76.941889
SLD_01051,Landslide,9.953967,76.974239
SLD_01052,Landslide,9.954503,76.973072
SLD_01053,Landslide,9.954856,76.938605
SLD_01054,Landslide,9.954884,77.078382
SLD_01055,Landslide,9.955435,76.908846
SLD_01056,Landslide,9.95547,77.148699
SLD_01057,Landslide,9.955556,76.936375
SLD_01058,Landslide,9.955812,76.982186
SLD_01059,Landslide,9.956065,76.936058
SLD_01060,Landslide,9.9563,76.980757
SLD_01061,Landslide,9.956363,76.98074
SLD_01062,Landslide,9.956879,77.120527
SLD_01063,Landslide,9.956893,76.927282
SLD_01064,Landslide,9.957552,77.078162
SLD_01065,Landslide,9.957787,77.132604
SLD_01066,Landslide,9.957836,77.120715
SLD_01067,Landslide,9.958153,77.07605
SLD_01068,Landslide,9.958791,77.125526
SLD_01069,Landslide,9.95888,77.129958
SLD_01070,Landslide,9.959079,77.129877
SLD_01071,Landslide,9.959758,76.908442
SLD_01072,Landslide,9.960342,76.91057
SLD_01073,Landslide,9.960538,76.877735
SLD_01074,Landslide,9.964256,77.068385
SLD_01075,Landslide,9.964275,76.947147
SLD_01076,Landslide,9.964335,77.05862
SLD_01077,Landslide,9.96618,76.906191
SLD_01078,Landslide,9.966436,77.063839
SLD_01079,Landslide,9.966702,77.157571
SLD_01080,Landslide,9.966883,76.984058
SLD_01081,Landslide,9.96775,77.02686
SLD_01082,Landslide,9.968324,77.062493
SLD_01083,Landslide,9.969144,76.8991
SLD_01084,Landslide,9.969343,76.983945
SLD_01085,Landslide,9.970397,77.159209
SLD_01086,Landslide,9.970695,76.858999
SLD_01087,Landslide,9.970847,76.894622
SLD_01088,Landslide,9.971439,76.894081
SLD_01089,Landslide,9.972692,76.936361
SLD_01090,Landslide,9.973051,76.856386
SLD_01091,Landslide,9.973333,76.856105
SLD_01092,Landslide,9.9737,76.9992
SLD_01093,Landslide,9.973705,76.85898
SLD_01094,Landslide,9.974,76.9968
SLD_01095,Landslide,9.974056,76.829891
SLD_01096,Landslide,9.975343,76.996319
SLD_01097,Landslide,9.975411,76.838334
SLD_01098,Landslide,9.975805,77.021799
SLD_01099,Landslide,9.975963,76.838301
SLD_01100,Landslide,9.976442,76.927433
SLD_01101,Landslide,9.977168,76.998054
SLD_01102,Landslide,9.979038,76.842868
SLD_01103,Landslide,9.979038,76.842868
SLD_01104,Landslide,9.979167,76.986111
SLD_01105,Landslide,9.979444,76.986111
SLD_01106,Landslide,9.979716,77.034088
SLD_01107,Landslide,9.97984,77.00014
SLD_01108,Landslide,9.980202,77.000142
SLD_01109,Landslide,9.981009,76.993645
SLD_01110,Landslide,9.981403,76.998763
SLD_01111,Landslide,9.981446,77.131882
SLD_01112,Landslide,9.981525,77.133652
SLD_01113,Landslide,9.981667,76.988333
SLD_01114,Landslide,9.98176,77.132331
SLD_01115,Landslide,9.981944,76.988889
SLD_01116,Landslide,9.981957,77.166132
SLD_01117,Landslide,9.982213,76.99182
SLD_01118,Landslide,9.982223,76.853757
SLD_01119,Landslide,9.982321,76.854122
SLD_01120,Landslide,9.982731,76.917017
SLD_01121,Landslide,9.98285,76.851544
SLD_01122,Landslide,9.982914,77.032886
SLD_01123,Landslide,9.983004,76.846657
SLD_01124,Landslide,9.983378,76.836163
SLD_01125,Landslide,9.983651,76.835881
SLD_01126,Landslide,9.983732,77.005334
SLD_01127,Landslide,9.983784,76.998194
SLD_01128,Landslide,9.983798,77.172235
SLD_01129,Landslide,9.984167,77.045
SLD_01130,Landslide,9.984242,76.874223
SLD_01131,Landslide,9.984595,76.984941
SLD_01132,Landslide,9.984653,76.912044
SLD_01133,Landslide,9.984816,77.047131
SLD_01134,Landslide,9.984906,76.911161
SLD_01135,Landslide,9.984948,76.845008
SLD_01136,Landslide,9.985087,76.99036
SLD_01137,Landslide,9.985439,76.910708
SLD_01138,Landslide,9.985506,76.989806
SLD_01139,Landslide,9.985556,76.865278
SLD_01140,Landslide,9.985976,77.007938
SLD_01141,Landslide,9.986016,77.007309
SLD_01142,Landslide,9.986435,76.868536
SLD_01143,Landslide,9.98667,77.172555
SLD_01144,Landslide,9.986824,76.868383
SLD_01145,Landslide,9.986887,77.172548
SLD_01146,Landslide,9.986956,76.908022
SLD_01147,Landslide,9.987717,76.84766
SLD_01148,Landslide,9.987957,77.041953
SLD_01149,Landslide,9.988458,76.844527
SLD_01150,Landslide,9.988547,76.905247
SLD_01151,Landslide,9.989086,76.871241
SLD_01152,Landslide,9.98918,76.852793
SLD_01153,Landslide,9.989474,77.024464
SLD_01154,Landslide,9.990063,77.178833
SLD_01155,Landslide,9.990173,76.838353
SLD_01156,Landslide,9.990991,76.99481
SLD_01157,Landslide,9.991094,77.105694
SLD_01158,Landslide,9.991094,77.105694
SLD_01159,Landslide,9.991283,77.174729
SLD_01160,Landslide,9.991896,77.062741
SLD_01161,Landslide,9.991896,77.062741
SLD_01162,Landslide,9.992094,77.012662
SLD_01163,Landslide,9.992198,77.081172
SLD_01164,Landslide,9.992198,77.081172
SLD_01165,Landslide,9.992667,76.986522
SLD_01166,Landslide,9.992719,76.574842
SLD_01167,Landslide,9.992798,77.180848
SLD_01168,Landslide,9.992937,77.177521
SLD_01169,Landslide,9.993229,76.990911
SLD_01170,Landslide,9.993815,77.01363
SLD_01171,Landslide,9.994212,77.062555
SLD_01172,Landslide,9.994212,77.062555
SLD_01173,Landslide,9.994679,77.062914
SLD_01174,Landslide,9.994679,77.062914
SLD_01175,Landslide,9.994788,77.061374
SLD_01176,Landslide,9.994788,77.061374
SLD_01177,Landslide,9.995144,76.895
SLD_01178,Landslide,9.995305,77.033227
SLD_01179,Landslide,9.995397,77.043295
SLD_01180,Landslide,9.995732,77.076817
SLD_01181,Landslide,9.995732,77.076817
SLD_01182,Landslide,9.995845,77.024741
SLD_01183,Landslide,9.996097,77.02497
SLD_01184,Landslide,9.996409,77.078326
SLD_01185,Landslide,9.996409,77.078326
SLD_01186,Landslide,9.996838,76.857542
SLD_01187,Landslide,9.996919,76.8906
SLD_01188,Landslide,9.99701,76.946049
SLD_01189,Landslide,9.997695,76.944932
SLD_01190,Landslide,9.997778,77.030833
SLD_01191,Landslide,9.997868,76.964767
SLD_01192,Landslide,9.998092,76.888033
SLD_01193,Landslide,9.998155,76.797139
SLD_01194,Landslide,9.998656,76.832847
SLD_01195,Landslide,9.998817,76.886592
SLD_01196,Landslide,9.998928,76.942668
SLD_01197,Landslide,9.999,77.17757
SLD_01198,Landslide,9.999035,77.077568
SLD_01199,Landslide,9.999035,77.077568
SLD_01200,Landslide,9.999279,77.026294
SLD_01201,Landslide,9.999656,76.883772
SLD_01202,Landslide,9.999803,77.063092
SLD_01203,Landslide,9.999803,77.063092
SLD_01204,Landslide,9.999987,76.801134
SLD_01205,Landslide,10.000277,76.992769
SLD_01206,Landslide,10.000428,77.116176
SLD_01207,Landslide,10.000428,77.116176
SLD_01208,Landslide,10.00053,77.00944
SLD_01209,Landslide,10.000597,76.843245
SLD_01210,Landslide,10.000635,76.844468
SLD_01211,Landslide,10.000674,77.062669
SLD_01212,Landslide,10.000674,77.062669
SLD_01213,Landslide,10.000707,77.113543
SLD_01214,Landslide,10.000707,77.113543
SLD_01215,Landslide,10.000774,77.007892
SLD_01216,Landslide,10.001,77.1708
SLD_01217,Landslide,10.001608,76.959035
SLD_01218,Landslide,10.001637,76.833383
SLD_01219,Landslide,10.0018,77.011628
SLD_01220,Landslide,10.002123,76.832146
SLD_01221,Landslide,10.002639,77.119537
SLD_01222,Landslide,10.002639,77.119537
SLD_01223,Landslide,10.00267,76.999222
SLD_01224,Landslide,10.002694,76.998237
SLD_01225,Landslide,10.003116,76.830646
SLD_01226,Landslide,10.003561,76.846591
SLD_01227,Landslide,10.003583,77.097472
SLD_01228,Landslide,10.003583,77.097472
SLD_01229,Landslide,10.00388,76.854317
SLD_01230,Landslide,10.00441,76.812349
SLD_01231,Landslide,10.004935,76.812215
SLD_01232,Landslide,10.004959,76.827638
SLD_01233,Landslide,10.005137,77.064539
SLD_01234,Landslide,10.005137,77.064539
SLD_01235,Landslide,10.005235,76.996611
SLD_01236,Landslide,10.005377,76.992508
SLD_01237,Landslide,10.005418,76.991651
SLD_01238,Landslide,10.007057,76.925216
SLD_01239,Landslide,10.007682,76.822382
SLD_01240,Landslide,10.007979,76.934532
SLD_01241,Landslide,10.008157,76.934999
SLD_01242,Landslide,10.008292,76.821519
SLD_01243,Landslide,10.008478,76.932793
SLD_01244,Landslide,10.009722,76.816667
SLD_01245,Landslide,10.01,77.06
SLD_01246,Landslide,10.01,76.98
SLD_01247,Landslide,10.01,76.98
SLD_01248,Landslide,10.01,76.93
SLD_01249,Landslide,10.01,76.92
SLD_01250,Landslide,10.01,76.95
SLD_01251,Landslide,10.01,76.96
SLD_01252,Landslide,10.01,76.96
SLD_01253,Landslide,10.01,76.96
SLD_01254,Landslide,10.01,76.96
SLD_01255,Landslide,10.01,77.01
SLD_01256,Landslide,10.01,77.09
SLD_01257,Landslide,10.01,77.07
SLD_01258,Landslide,10.01,77.16
SLD_01259,Landslide,10.01,77.17
SLD_01260,Landslide,10.01,77.01
SLD_01261,Landslide,10.01,77.01
SLD_01262,Landslide,10.01,77.03
SLD_01263,Landslide,10.011132,76.965759
SLD_01264,Landslide,10.011209,77.00884
SLD_01265,Landslide,10.011229,77.008421
SLD_01266,Landslide,10.011409,76.979942
SLD_01267,Landslide,10.011485,76.964065
SLD_01268,Landslide,10.011778,76.98086389
SLD_01269,Landslide,10.011862,76.964605
SLD_01270,Landslide,10.011894,76.965253
SLD_01271,Landslide,10.011908,76.964396
SLD_01272,Landslide,10.011914,76.964861
SLD_01273,Landslide,10.012191,76.980621
SLD_01274,Landslide,10.012345,76.980586
SLD_01275,Landslide,10.012398,76.98231
SLD_01276,Landslide,10.013121,76.982378
SLD_01277,Landslide,10.013351,76.960455
SLD_01278,Landslide,10.013917,77.082167
SLD_01279,Landslide,10.013917,77.082167
SLD_01280,Landslide,10.013924,76.964344
SLD_01281,Landslide,10.015845,76.984857
SLD_01282,Landslide,10.015962,76.983426
SLD_01283,Landslide,10.016105,77.052197
SLD_01284,Landslide,10.016105,77.052197
SLD_01285,Landslide,10.016361,77.086639
SLD_01286,Landslide,10.016361,77.086639
SLD_01287,Landslide,10.0172,76.9891
SLD_01288,Landslide,10.017242,76.997651
SLD_01289,Landslide,10.017266,76.984647
SLD_01290,Landslide,10.017426,77.00006
SLD_01291,Landslide,10.0176,77.0472
SLD_01292,Landslide,10.017696,76.99438
SLD_01293,Landslide,10.01781,76.99491
SLD_01294,Landslide,10.01805,76.995549
SLD_01295,Landslide,10.018075,77.016862
SLD_01296,Landslide,10.018075,77.016862
SLD_01297,Landslide,10.018154,77.009831
SLD_01298,Landslide,10.0187,77.259219
SLD_01299,Landslide,10.0191,77.0162
SLD_01300,Landslide,10.019424,76.991062
SLD_01301,Landslide,10.019722,77.265664
SLD_01302,Landslide,10.02,77.05
SLD_01303,Landslide,10.02,77.06
SLD_01304,Landslide,10.02,76.96
SLD_01305,Landslide,10.02,76.96
SLD_01306,Landslide,10.02,76.97
SLD_01307,Landslide,10.02,76.98
SLD_01308,Landslide,10.02,77.06
SLD_01309,Landslide,10.02,77.01
SLD_01310,Landslide,10.02,77.06
SLD_01311,Landslide,10.02,76.96
SLD_01312,Landslide,10.02,76.93
SLD_01313,Landslide,10.02,76.91
SLD_01314,Landslide,10.02,76.89
SLD_01315,Landslide,10.02,76.92
SLD_01316,Landslide,10.02,76.94
SLD_01317,Landslide,10.02,76.93
SLD_01318,Landslide,10.02,76.93
SLD_01319,Landslide,10.02,76.92
SLD_01320,Landslide,10.02,76.94
SLD_01321,Landslide,10.02,76.94
SLD_01322,Landslide,10.02,77.01
SLD_01323,Landslide,10.02,77.17
SLD_01324,Landslide,10.02,77.08
SLD_01325,Landslide,10.02,77.16
SLD_01326,Landslide,10.02,77.24
SLD_01327,Landslide,10.02,77.25
SLD_01328,Landslide,10.02,77.26
SLD_01329,Landslide,10.02,77.26
SLD_01330,Landslide,10.02,77.18
SLD_01331,Landslide,10.02,76.86
SLD_01332,Landslide,10.020022,77.265406
SLD_01333,Landslide,10.020316,76.976311
SLD_01334,Landslide,10.020419,76.53725
SLD_01335,Landslide,10.020811,77.266194
SLD_01336,Landslide,10.021278,77.263808
SLD_01337,Landslide,10.021339,77.264514
SLD_01338,Landslide,10.02155,76.97403
SLD_01339,Landslide,10.021664,77.265714
SLD_01340,Landslide,10.022125,76.970194
SLD_01341,Landslide,10.022416,76.978923
SLD_01342,Landslide,10.022568,76.960903
SLD_01343,Landslide,10.022622,77.264906
SLD_01344,Landslide,10.0236,76.914314
SLD_01345,Landslide,10.0237,77.264536
SLD_01346,Landslide,10.023758,76.953842
SLD_01347,Landslide,10.024,76.908
SLD_01348,Landslide,10.024074,76.976863
SLD_01349,Landslide,10.024114,76.914381
SLD_01350,Landslide,10.02443,76.986861
SLD_01351,Landslide,10.02451,77.022948
SLD_01352,Landslide,10.02451,77.022948
SLD_01353,Landslide,10.024591,76.9962
SLD_01354,Landslide,10.0254,77.0407
SLD_01355,Landslide,10.025678,76.986658
SLD_01356,Landslide,10.025909,76.993454
SLD_01357,Landslide,10.0262,77.0635
SLD_01358,Landslide,10.02625,77.06356
SLD_01359,Landslide,10.026848,76.992101
SLD_01360,Landslide,10.027278,76.991246
SLD_01361,Landslide,10.027647,77.265528
SLD_01362,Landslide,10.027981,76.386672
SLD_01363,Landslide,10.028027,76.98991
SLD_01364,Landslide,10.028356,76.817311
SLD_01365,Landslide,10.028489,76.3865
SLD_01366,Landslide,10.028576,76.933742
SLD_01367,Landslide,10.028624,76.986795
SLD_01368,Landslide,10.028983,77.265719
SLD_01369,Landslide,10.029138,77.031887
SLD_01370,Landslide,10.029138,77.031887
SLD_01371,Landslide,10.029819,76.90015
SLD_01372,Landslide,10.03,77.03
SLD_01373,Landslide,10.03,77.04
SLD_01374,Landslide,10.03,77.04
SLD_01375,Landslide,10.03,77.05
SLD_01376,Landslide,10.03,76.98
SLD_01377,Landslide,10.03,77.0
SLD_01378,Landslide,10.03,77.06
SLD_01379,Landslide,10.03,77.06
SLD_01380,Landslide,10.03,77.06
SLD_01381,Landslide,10.03,76.94
SLD_01382,Landslide,10.03,76.95
SLD_01383,Landslide,10.03,76.97
SLD_01384,Landslide,10.03,76.97
SLD_01385,Landslide,10.03,76.93
SLD_01386,Landslide,10.03,77.12
SLD_01387,Landslide,10.03,76.92
SLD_01388,Landslide,10.03,77.12
SLD_01389,Landslide,10.03,76.9
SLD_01390,Landslide,10.03,76.88
SLD_01391,Landslide,10.03,76.86
SLD_01392,Landslide,10.03,77.12
SLD_01393,Landslide,10.03,77.12
SLD_01394,Landslide,10.03,77.07
SLD_01395,Landslide,10.03,77.21
SLD_01396,Landslide,10.030003,77.267081
SLD_01397,Landslide,10.030008,77.266225
SLD_01398,Landslide,10.030213,76.900791
SLD_01399,Landslide,10.030556,76.9338
SLD_01400,Landslide,10.030575,77.034915
SLD_01401,Landslide,10.030575,77.034915
SLD_01402,Landslide,10.030773,76.88974
SLD_01403,Landslide,10.030794,77.034469
SLD_01404,Landslide,10.030794,77.034469
SLD_01405,Landslide,10.030843,76.94035
SLD_01406,Landslide,10.0309,76.900786
SLD_01407,Landslide,10.031173,76.933329
SLD_01408,Landslide,10.031347,76.900022
SLD_01409,Landslide,10.031718,76.912574
SLD_01410,Landslide,10.031732,76.933624
SLD_01411,Landslide,10.03203,76.933708
SLD_01412,Landslide,10.032249,76.942529
SLD_01413,Landslide,10.032275,76.942702
SLD_01414,Landslide,10.032608,76.935362
SLD_01415,Landslide,10.033208,77.266333
SLD_01416,Landslide,10.033387,76.948911
SLD_01417,Landslide,10.033634,76.936135
SLD_01418,Landslide,10.033883,77.265406
SLD_01419,Landslide,10.034431,77.278042
SLD_01420,Landslide,10.034806,76.80675
SLD_01421,Landslide,10.03499,76.99247
SLD_01422,Landslide,10.03499,76.99247
SLD_01423,Landslide,10.035131,77.279533
SLD_01424,Landslide,10.03529,76.948184
SLD_01425,Landslide,10.036551,76.941205
SLD_01426,Landslide,10.036719,77.266644
SLD_01427,Landslide,10.036908,77.276147
SLD_01428,Landslide,10.0372,77.0068
SLD_01429,Landslide,10.037483,77.2708
SLD_01430,Landslide,10.037706,77.279914
SLD_01431,Landslide,10.037978,77.273086
SLD_01432,Landslide,10.038717,77.005599
SLD_01433,Landslide,10.038717,77.005599
SLD_01434,Landslide,10.03885,77.001514
SLD_01435,Landslide,10.03885,77.001514
SLD_01436,Landslide,10.04,77.04
SLD_01437,Landslide,10.04,77.04
SLD_01438,Landslide,10.04,77.03
SLD_01439,Landslide,10.04,77.03
SLD_01440,Landslide,10.04,77.03
SLD_01441,Landslide,10.04,77.02
SLD_01442,Landslide,10.04,77.02
SLD_01443,Landslide,10.04,77.01
SLD_01444,Landslide,10.04,76.95
SLD_01445,Landslide,10.04,76.95
SLD_01446,Landslide,10.04,76.95
SLD_01447,Landslide,10.04,76.99
SLD_01448,Landslide,10.04,76.99
SLD_01449,Landslide,10.04,77.04
SLD_01450,Landslide,10.04,76.85
SLD_01451,Landslide,10.04,76.85
SLD_01452,Landslide,10.04,77.11
SLD_01453,Landslide,10.04,77.12
SLD_01454,Landslide,10.04,77.17
SLD_01455,Landslide,10.04,77.14
SLD_01456,Landslide,10.04,77.16
SLD_01457,Landslide,10.04,77.04
SLD_01458,Landslide,10.040128,77.290631
SLD_01459,Landslide,10.040314,77.291872
SLD_01460,Landslide,10.041179,76.945875
SLD_01461,Landslide,10.041342,76.842965
SLD_01462,Landslide,10.04169,76.910918
SLD_01463,Landslide,10.041862,76.914002
SLD_01464,Landslide,10.041956,76.919657
SLD_01465,Landslide,10.042083,77.04025
SLD_01466,Landslide,10.042103,76.912845
SLD_01467,Landslide,10.042117,77.301367
SLD_01468,Landslide,10.042142,77.301744
SLD_01469,Landslide,10.042278,76.912363
SLD_01470,Landslide,10.042353,77.293164
SLD_01471,Landslide,10.042678,77.304019
SLD_01472,Landslide,10.042933,76.924169
SLD_01473,Landslide,10.043192,77.303367
SLD_01474,Landslide,10.043547,76.548719
SLD_01475,Landslide,10.043597,77.300431
SLD_01476,Landslide,10.043702,76.88945
SLD_01477,Landslide,10.043981,77.2935
SLD_01478,Landslide,10.044303,77.277003
SLD_01479,Landslide,10.044442,77.299331
SLD_01480,Landslide,10.044731,76.839075
SLD_01481,Landslide,10.044856,77.306169
SLD_01482,Landslide,10.045336,77.295475
SLD_01483,Landslide,10.045443,76.901089
SLD_01484,Landslide,10.045444,77.04986111
SLD_01485,Landslide,10.0455,76.8472
SLD_01486,Landslide,10.045503,77.302472
SLD_01487,Landslide,10.045611,77.3037
SLD_01488,Landslide,10.046692,77.308981
SLD_01489,Landslide,10.046953,77.306408
SLD_01490,Landslide,10.047849,76.840083
SLD_01491,Landslide,10.04814,76.945716
SLD_01492,Landslide,10.048843,76.838474
SLD_01493,Landslide,10.048972,77.310464
SLD_01494,Landslide,10.049483,76.771525
SLD_01495,Landslide,10.05,77.05
SLD_01496,Landslide,10.05,77.05
SLD_01497,Landslide,10.05,77.05
SLD_01498,Landslide,10.05,77.05
SLD_01499,Landslide,10.05,76.96
SLD_01500,Landslide,10.05,76.95
SLD_01501,Landslide,10.05,76.94
SLD_01502,Landslide,10.05,76.87
SLD_01503,Landslide,10.05,77.21
SLD_01504,Landslide,10.05,77.22
SLD_01505,Landslide,10.05,76.76
SLD_01506,Landslide,10.05,77.12
SLD_01507,Landslide,10.05,77.13
SLD_01508,Landslide,10.050389,76.835281
SLD_01509,Landslide,10.052144,76.831825
SLD_01510,Landslide,10.052865,76.830616
SLD_01511,Landslide,10.053132,76.942389
SLD_01512,Landslide,10.053444,76.82972222
SLD_01513,Landslide,10.053878,76.82912222
SLD_01514,Landslide,10.054453,76.763889
SLD_01515,Landslide,10.055321,77.05
SLD_01516,Landslide,10.055321,77.05
SLD_01517,Landslide,10.057205,77.053833
SLD_01518,Landslide,10.057205,77.053833
SLD_01519,Landslide,10.058025,76.809075
SLD_01520,Landslide,10.058896,76.941338
SLD_01521,Landslide,10.059519,76.955288
SLD_01522,Landslide,10.06,77.06
SLD_01523,Landslide,10.06,77.05
SLD_01524,Landslide,10.06,77.05
SLD_01525,Landslide,10.06,76.96
SLD_01526,Landslide,10.06,76.96
SLD_01527,Landslide,10.06,76.94
SLD_01528,Landslide,10.06,76.94
SLD_01529,Landslide,10.06,76.96
SLD_01530,Landslide,10.06,76.96
SLD_01531,Landslide,10.06,76.96
SLD_01532,Landslide,10.06,76.82
SLD_01533,Landslide,10.06,77.0
SLD_01534,Landslide,10.06,77.01
SLD_01535,Landslide,10.06,77.01
SLD_01536,Landslide,10.06,77.01
SLD_01537,Landslide,10.06,77.01
SLD_01538,Landslide,10.06,77.02
SLD_01539,Landslide,10.06,77.03
SLD_01540,Landslide,10.06,77.04
SLD_01541,Landslide,10.06,77.04
SLD_01542,Landslide,10.06,77.04
SLD_01543,Landslide,10.06,77.22
SLD_01544,Landslide,10.06,77.23
SLD_01545,Landslide,10.06,77.13
SLD_01546,Landslide,10.06,77.13
SLD_01547,Landslide,10.06,77.13
SLD_01548,Landslide,10.06,77.16
SLD_01549,Landslide,10.06,77.16
SLD_01550,Landslide,10.06,77.13
SLD_01551,Landslide,10.06,77.14
SLD_01552,Landslide,10.06,77.14
SLD_01553,Landslide,10.06,77.07
SLD_01554,Landslide,10.060082,76.928721
SLD_01555,Landslide,10.060098,76.928977
SLD_01556,Landslide,10.060128,76.930063
SLD_01557,Landslide,10.060258,76.758456
SLD_01558,Landslide,10.060444,77.05783333
SLD_01559,Landslide,10.060595,76.925942
SLD_01560,Landslide,10.060891,76.926327
SLD_01561,Landslide,10.060927,76.830843
SLD_01562,Landslide,10.060998,77.03537
SLD_01563,Landslide,10.060998,77.03537
SLD_01564,Landslide,10.06168,77.105447
SLD_01565,Landslide,10.06168,77.105447
SLD_01566,Landslide,10.062068,76.830604
SLD_01567,Landslide,10.062302,77.10432
SLD_01568,Landslide,10.062302,77.10432
SLD_01569,Landslide,10.063173,76.931832
SLD_01570,Landslide,10.063557,77.103033
SLD_01571,Landslide,10.063557,77.103033
SLD_01572,Landslide,10.063931,76.958224
SLD_01573,Landslide,10.065194,77.102944
SLD_01574,Landslide,10.065194,77.102944
SLD_01575,Landslide,10.066496,77.065576
SLD_01576,Landslide,10.066496,77.065576
SLD_01577,Landslide,10.06665,77.109875
SLD_01578,Landslide,10.06665,77.109875
SLD_01579,Landslide,10.066667,76.782275
SLD_01580,Landslide,10.067254,77.105921
SLD_01581,Landslide,10.067254,77.105921
SLD_01582,Landslide,10.06755,77.109936
SLD_01583,Landslide,10.06755,77.109936
SLD_01584,Landslide,10.068238,77.106092
SLD_01585,Landslide,10.068238,77.106092
SLD_01586,Landslide,10.06897,77.106735
SLD_01587,Landslide,10.06897,77.106735
SLD_01588,Landslide,10.07,77.04
SLD_01589,Landslide,10.07,77.04
SLD_01590,Landslide,10.07,77.05
SLD_01591,Landslide,10.07,77.04
SLD_01592,Landslide,10.07,77.04
SLD_01593,Landslide,10.07,77.04
SLD_01594,Landslide,10.07,77.04
SLD_01595,Landslide,10.07,77.04
SLD_01596,Landslide,10.07,77.03
SLD_01597,Landslide,10.07,77.03
SLD_01598,Landslide,10.07,77.03
SLD_01599,Landslide,10.07,77.02
SLD_01600,Landslide,10.07,77.01
SLD_01601,Landslide,10.07,77.01
SLD_01602,Landslide,10.07,76.96
SLD_01603,Landslide,10.07,76.99
SLD_01604,Landslide,10.07,76.99
SLD_01605,Landslide,10.07,76.99
SLD_01606,Landslide,10.07,77.01
SLD_01607,Landslide,10.07,77.04
SLD_01608,Landslide,10.07,77.05
SLD_01609,Landslide,10.07,77.05
SLD_01610,Landslide,10.07,77.05
SLD_01611,Landslide,10.07,77.06
SLD_01612,Landslide,10.07,77.09
SLD_01613,Landslide,10.07,77.11
SLD_01614,Landslide,10.07,77.14
SLD_01615,Landslide,10.07,77.15
SLD_01616,Landslide,10.07,77.16
SLD_01617,Landslide,10.07,77.16
SLD_01618,Landslide,10.07,77.17
SLD_01619,Landslide,10.07,77.07
SLD_01620,Landslide,10.07,77.07
SLD_01621,Landslide,10.07,77.07
SLD_01622,Landslide,10.07,77.07
SLD_01623,Landslide,10.07,77.08
SLD_01624,Landslide,10.07,77.07
SLD_01625,Landslide,10.07,77.16
SLD_01626,Landslide,10.07,77.15
SLD_01627,Landslide,10.07,77.15
SLD_01628,Landslide,10.07,77.07
SLD_01629,Landslide,10.076472,77.255686
SLD_01630,Landslide,10.076961,77.255369
SLD_01631,Landslide,10.08,77.04
SLD_01632,Landslide,10.08,77.04
SLD_01633,Landslide,10.08,77.04
SLD_01634,Landslide,10.08,77.05
SLD_01635,Landslide,10.08,77.05
SLD_01636,Landslide,10.08,77.05
SLD_01637,Landslide,10.08,77.05
SLD_01638,Landslide,10.08,77.05
SLD_01639,Landslide,10.08,77.05
SLD_01640,Landslide,10.08,77.05
SLD_01641,Landslide,10.08,77.06
SLD_01642,Landslide,10.08,76.96
SLD_01643,Landslide,10.08,76.96
SLD_01644,Landslide,10.08,76.96
SLD_01645,Landslide,10.08,76.96
SLD_01646,Landslide,10.08,76.97
SLD_01647,Landslide,10.08,77.08
SLD_01648,Landslide,10.08,77.09
SLD_01649,Landslide,10.08,77.08
SLD_01650,Landslide,10.08,77.08
SLD_01651,Landslide,10.08,77.13
SLD_01652,Landslide,10.08,76.98
SLD_01653,Landslide,10.08,76.98
SLD_01654,Landslide,10.08,77.08
SLD_01655,Landslide,10.08,77.08
SLD_01656,Landslide,10.08,77.08
SLD_01657,Landslide,10.08,77.16
SLD_01658,Landslide,10.08,77.16
SLD_01659,Landslide,10.08,77.17
SLD_01660,Landslide,10.08,77.18
SLD_01661,Landslide,10.08,77.18
SLD_01662,Landslide,10.08,77.05
SLD_01663,Landslide,10.08,77.05
SLD_01664,Landslide,10.081212,76.950995
SLD_01665,Landslide,10.08124,77.129361
SLD_01666,Landslide,10.08124,77.129361
SLD_01667,Landslide,10.082256,77.074825
SLD_01668,Landslide,10.082256,77.074825
SLD_01669,Landslide,10.083534,77.067098
SLD_01670,Landslide,10.083534,77.067098
SLD_01671,Landslide,10.083806,77.06194444
SLD_01672,Landslide,10.084287,77.062369
SLD_01673,Landslide,10.084287,77.062369
SLD_01674,Landslide,10.084472,77.06336111
SLD_01675,Landslide,10.08512,77.077962
SLD_01676,Landslide,10.08512,77.077962
SLD_01677,Landslide,10.0852,77.079596
SLD_01678,Landslide,10.0852,77.079596
SLD_01679,Landslide,10.08551,77.063362
SLD_01680,Landslide,10.08551,77.063362
SLD_01681,Landslide,10.087052,77.059477
SLD_01682,Landslide,10.087052,77.059477
SLD_01683,Landslide,10.08743,77.094322
SLD_01684,Landslide,10.08743,77.094322
SLD_01685,Landslide,10.088594,77.026604
SLD_01686,Landslide,10.088594,77.026604
SLD_01687,Landslide,10.089504,77.030066
SLD_01688,Landslide,10.089504,77.030066
SLD_01689,Landslide,10.089618,77.061226
SLD_01690,Landslide,10.089618,77.061226
SLD_01691,Landslide,10.089716,77.059886
SLD_01692,Landslide,10.089716,77.059886
SLD_01693,Landslide,10.09,76.93
SLD_01694,Landslide,10.09,76.93
SLD_01695,Landslide,10.09,77.06
SLD_01696,Landslide,10.09,77.08
SLD_01697,Landslide,10.09,77.09
SLD_01698,Landslide,10.09,77.06
SLD_01699,Landslide,10.09,77.07
SLD_01700,Landslide,10.09,77.07
SLD_01701,Landslide,10.09,77.09
SLD_01702,Landslide,10.09,77.09
SLD_01703,Landslide,10.09,77.1
SLD_01704,Landslide,10.09,77.11
SLD_01705,Landslide,10.09,77.11
SLD_01706,Landslide,10.09,77.11
SLD_01707,Landslide,10.09,77.11
SLD_01708,Landslide,10.09,77.02
SLD_01709,Landslide,10.09,77.0
SLD_01710,Landslide,10.09,76.98
SLD_01711,Landslide,10.09,76.98
SLD_01712,Landslide,10.09,77.17
SLD_01713,Landslide,10.09,77.17
SLD_01714,Landslide,10.09,77.17
SLD_01715,Landslide,10.09,77.06
SLD_01716,Landslide,10.09,77.06
SLD_01717,Landslide,10.09,77.07
SLD_01718,Landslide,10.09,77.07
SLD_01719,Landslide,10.09,77.07
SLD_01720,Landslide,10.09,77.07
SLD_01721,Landslide,10.09,77.07
SLD_01722,Landslide,10.09,77.05
SLD_01723,Landslide,10.09,77.05
SLD_01724,Landslide,10.091,76.9477
SLD_01725,Landslide,10.092545,77.059904
SLD_01726,Landslide,10.092545,77.059904
SLD_01727,Landslide,10.093601,77.053015
SLD_01728,Landslide,10.093601,77.053015
SLD_01729,Landslide,10.094928,77.048864
SLD_01730,Landslide,10.094928,77.048864
SLD_01731,Landslide,10.097387,77.057618
SLD_01732,Landslide,10.097387,77.057618
SLD_01733,Landslide,10.098874,76.928149
SLD_01734,Landslide,10.1,76.8
SLD_01735,Landslide,10.1,76.93
SLD_01736,Landslide,10.1,76.93
SLD_01737,Landslide,10.1,77.06
SLD_01738,Landslide,10.1,77.12
SLD_01739,Landslide,10.1,77.16
SLD_01740,Landslide,10.1,77.16
SLD_01741,Landslide,10.1,77.16
SLD_01742,Landslide,10.1,77.05
SLD_01743,Landslide,10.1,77.06
SLD_01744,Landslide,10.1,77.07
SLD_01745,Landslide,10.1,77.08
SLD_01746,Landslide,10.1,77.09
SLD_01747,Landslide,10.1,77.09
SLD_01748,Landslide,10.1,77.09
SLD_01749,Landslide,10.100944,76.928171
SLD_01750,Landslide,10.105038,76.919146
SLD_01751,Landslide,10.108727,76.918985
SLD_01752,Landslide,10.11,76.93
SLD_01753,Landslide,10.11,76.93
SLD_01754,Landslide,10.11,76.8
SLD_01755,Landslide,10.11,76.7
SLD_01756,Landslide,10.11,77.13
SLD_01757,Landslide,10.11,77.13
SLD_01758,Landslide,10.11,77.13
SLD_01759,Landslide,10.11,77.13
SLD_01760,Landslide,10.11,77.13
SLD_01761,Landslide,10.11,77.13
SLD_01762,Landslide,10.11,77.16
SLD_01763,Landslide,10.11,77.16
SLD_01764,Landslide,10.11,77.16
SLD_01765,Landslide,10.11,77.16
SLD_01766,Landslide,10.11,77.14
SLD_01767,Landslide,10.11,77.15
SLD_01768,Landslide,10.11,77.15
SLD_01769,Landslide,10.11,77.15
SLD_01770,Landslide,10.11,77.06
SLD_01771,Landslide,10.11,77.06
SLD_01772,Landslide,10.11,77.06
SLD_01773,Landslide,10.11,77.05
SLD_01774,Landslide,10.11,77.04
SLD_01775,Landslide,10.11,77.04
SLD_01776,Landslide,10.11,77.04
SLD_01777,Landslide,10.11,77.04
SLD_01778,Landslide,10.11,77.04
SLD_01779,Landslide,10.11,77.06
SLD_01780,Landslide,10.11,77.06
SLD_01781,Landslide,10.11,77.09
SLD_01782,Landslide,10.11,77.08
SLD_01783,Landslide,10.11,77.06
SLD_01784,Landslide,10.112005,76.933446
SLD_01785,Landslide,10.113122,77.043332
SLD_01786,Landslide,10.113122,77.043332
SLD_01787,Landslide,10.115896,76.918882
SLD_01788,Landslide,10.117258,76.7474
SLD_01789,Landslide,10.12,76.93
SLD_01790,Landslide,10.12,76.93
SLD_01791,Landslide,10.12,77.16
SLD_01792,Landslide,10.12,77.16
SLD_01793,Landslide,10.12,77.16
SLD_01794,Landslide,10.12,77.16
SLD_01795,Landslide,10.12,77.17
SLD_01796,Landslide,10.12,77.17
SLD_01797,Landslide,10.12,77.16
SLD_01798,Landslide,10.12,77.06
SLD_01799,Landslide,10.12,77.16
SLD_01800,Landslide,10.12,77.16
SLD_01801,Landslide,10.12,77.06
SLD_01802,Landslide,10.12,77.13
SLD_01803,Landslide,10.120112,76.932126
SLD_01804,Landslide,10.120504,76.911538
SLD_01805,Landslide,10.1222,76.9161
SLD_01806,Landslide,10.122906,76.964036
SLD_01807,Landslide,10.1243,76.9131
SLD_01808,Landslide,10.124435,76.962431
SLD_01809,Landslide,10.125427,77.051547
SLD_01810,Landslide,10.125427,77.051547
SLD_01811,Landslide,10.125486,77.052214
SLD_01812,Landslide,10.125486,77.052214
SLD_01813,Landslide,10.125511,77.054084
SLD_01814,Landslide,10.125511,77.054084
SLD_01815,Landslide,10.125573,77.054303
SLD_01816,Landslide,10.125573,77.054303
SLD_01817,Landslide,10.126571,77.055094
SLD_01818,Landslide,10.126571,77.055094
SLD_01819,Landslide,10.128558,76.931656
SLD_01820,Landslide,10.1294,76.9186
SLD_01821,Landslide,10.129477,77.055897
SLD_01822,Landslide,10.129477,77.055897
SLD_01823,Landslide,10.13,76.93
SLD_01824,Landslide,10.13,76.94
SLD_01825,Landslide,10.13,76.95
SLD_01826,Landslide,10.13,76.96
SLD_01827,Landslide,10.13,76.94
SLD_01828,Landslide,10.13,76.92
SLD_01829,Landslide,10.13,77.05
SLD_01830,Landslide,10.13,77.04
SLD_01831,Landslide,10.13,77.04
SLD_01832,Landslide,10.13,77.05
SLD_01833,Landslide,10.13,77.01
SLD_01834,Landslide,10.13,77.02
SLD_01835,Landslide,10.13,77.04
SLD_01836,Landslide,10.13,77.04
SLD_01837,Landslide,10.13,77.06
SLD_01838,Landslide,10.13,77.06
SLD_01839,Landslide,10.13,77.06
SLD_01840,Landslide,10.13,77.06
SLD_01841,Landslide,10.13,77.17
SLD_01842,Landslide,10.13,77.15
SLD_01843,Landslide,10.13,77.17
SLD_01844,Landslide,10.13,77.24
SLD_01845,Landslide,10.13,77.07
SLD_01846,Landslide,10.13,77.07
SLD_01847,Landslide,10.13,77.08
SLD_01848,Landslide,10.13,77.1
SLD_01849,Landslide,10.131041,76.925988
SLD_01850,Landslide,10.133082,77.022549
SLD_01851,Landslide,10.133082,77.022549
SLD_01852,Landslide,10.134463,77.003319
SLD_01853,Landslide,10.134463,77.003319
SLD_01854,Landslide,10.135492,77.004949
SLD_01855,Landslide,10.135492,77.004949
SLD_01856,Landslide,10.137396,77.060126
SLD_01857,Landslide,10.137396,77.060126
SLD_01858,Landslide,10.137426,76.923973
SLD_01859,Landslide,10.138144,77.190308
SLD_01860,Landslide,10.138144,77.190308
SLD_01861,Landslide,10.14,76.92
SLD_01862,Landslide,10.14,76.94
SLD_01863,Landslide,10.14,76.94
SLD_01864,Landslide,10.14,76.92
SLD_01865,Landslide,10.14,76.91
SLD_01866,Landslide,10.14,76.92
SLD_01867,Landslide,10.14,77.01
SLD_01868,Landslide,10.14,77.04
SLD_01869,Landslide,10.14,77.04
SLD_01870,Landslide,10.14,77.02
SLD_01871,Landslide,10.14,77.18
SLD_01872,Landslide,10.14,77.18
SLD_01873,Landslide,10.14,77.19
SLD_01874,Landslide,10.14,77.19
SLD_01875,Landslide,10.14,77.03
SLD_01876,Landslide,10.14,77.03
SLD_01877,Landslide,10.14,77.03
SLD_01878,Landslide,10.14,77.07
SLD_01879,Landslide,10.14,77.07
SLD_01880,Landslide,10.14,77.07
SLD_01881,Landslide,10.14,77.09
SLD_01882,Landslide,10.14,77.1
SLD_01883,Landslide,10.14,77.11
SLD_01884,Landslide,10.14,77.11
SLD_01885,Landslide,10.14,77.1
SLD_01886,Landslide,10.14,76.96
SLD_01887,Landslide,10.143453,77.028015
SLD_01888,Landslide,10.143453,77.028015
SLD_01889,Landslide,10.14353,77.027277
SLD_01890,Landslide,10.14353,77.027277
SLD_01891,Landslide,10.149373,77.10974
SLD_01892,Landslide,10.149373,77.10974
SLD_01893,Landslide,10.15,76.91
SLD_01894,Landslide,10.15,76.73
SLD_01895,Landslide,10.15,77.06
SLD_01896,Landslide,10.15,77.07
SLD_01897,Landslide,10.15,77.08
SLD_01898,Landslide,10.15,77.08
SLD_01899,Landslide,10.15,77.08
SLD_01900,Landslide,10.15,77.08
SLD_01901,Landslide,10.15,77.09
SLD_01902,Landslide,10.15,77.09
SLD_01903,Landslide,10.15,77.11
SLD_01904,Landslide,10.15,77.11
SLD_01905,Landslide,10.15,77.03
SLD_01906,Landslide,10.15,77.02
SLD_01907,Landslide,10.15,77.02
SLD_01908,Landslide,10.15,77.08
SLD_01909,Landslide,10.15,77.06
SLD_01910,Landslide,10.15,77.08
SLD_01911,Landslide,10.15,77.08
SLD_01912,Landslide,10.15,77.14
SLD_01913,Landslide,10.15,77.08
SLD_01914,Landslide,10.15,77.12
SLD_01915,Landslide,10.15,77.11
SLD_01916,Landslide,10.15,77.05
SLD_01917,Landslide,10.15,77.11
SLD_01918,Landslide,10.150059,77.073107
SLD_01919,Landslide,10.150059,77.073107
SLD_01920,Landslide,10.15021,77.082094
SLD_01921,Landslide,10.15021,77.082094
SLD_01922,Landslide,10.152672,77.112599
SLD_01923,Landslide,10.152672,77.112599
SLD_01924,Landslide,10.16,76.91
SLD_01925,Landslide,10.16,77.08
SLD_01926,Landslide,10.16,77.08
SLD_01927,Landslide,10.16,77.18
SLD_01928,Landslide,10.16,77.11
SLD_01929,Landslide,10.16,77.11
SLD_01930,Landslide,10.16,77.1
SLD_01931,Landslide,10.16,77.1
SLD_01932,Landslide,10.165603,76.75545
SLD_01933,Landslide,10.166275,77.363056
SLD_01934,Landslide,10.17,76.92
SLD_01935,Landslide,10.17,76.75
SLD_01936,Landslide,10.17,77.1
SLD_01937,Landslide,10.17,77.25
SLD_01938,Landslide,10.17,77.25
SLD_01939,Landslide,10.17,77.25
SLD_01940,Landslide,10.17,77.0
SLD_01941,Landslide,10.17,77.02
SLD_01942,Landslide,10.17,77.1
SLD_01943,Landslide,10.173418,77.128062
SLD_01944,Landslide,10.173418,77.128062
SLD_01945,Landslide,10.177358,77.387694
SLD_01946,Landslide,10.178886,77.258451
SLD_01947,Landslide,10.178886,77.258451
SLD_01948,Landslide,10.18,77.11
SLD_01949,Landslide,10.18,77.24
SLD_01950,Landslide,10.18,77.25
SLD_01951,Landslide,10.18,76.99
SLD_01952,Landslide,10.18,77.19
SLD_01953,Landslide,10.18,77.11
SLD_01954,Landslide,10.18,77.12
SLD_01955,Landslide,10.182786,77.108874
SLD_01956,Landslide,10.182786,77.108874
SLD_01957,Landslide,10.182917,77.109595
SLD_01958,Landslide,10.182917,77.109595
SLD_01959,Landslide,10.19,77.11
SLD_01960,Landslide,10.19,77.27
SLD_01961,Landslide,10.19,77.24
SLD_01962,Landslide,10.19,76.69
SLD_01963,Landslide,10.19,76.97
SLD_01964,Landslide,10.191944,77.333889
SLD_01965,Landslide,10.19375,77.320056
SLD_01966,Landslide,10.197261,77.660056
SLD_01967,Landslide,10.199722,77.314528
SLD_01968,Landslide,10.2,77.12
SLD_01969,Landslide,10.2,77.13
SLD_01970,Landslide,10.2,77.12
SLD_01971,Landslide,10.2,77.25
SLD_01972,Landslide,10.2,77.24
SLD_01973,Landslide,10.2,77.26
SLD_01974,Landslide,10.2,76.71
SLD_01975,Landslide,10.2,76.71
SLD_01976,Landslide,10.200222,77.31475
SLD_01977,Landslide,10.20375,77.650556
SLD_01978,Landslide,10.205333,77.347556
SLD_01979,Landslide,10.20825,77.645306
SLD_01980,Landslide,10.21,77.19
SLD_01981,Landslide,10.21,77.25
SLD_01982,Landslide,10.21,77.24
SLD_01983,Landslide,10.210583,77.638222
SLD_01984,Landslide,10.21225,77.372311
SLD_01985,Landslide,10.212639,77.634417
SLD_01986,Landslide,10.213778,77.631111
SLD_01987,Landslide,10.216639,77.356167
SLD_01988,Landslide,10.218472,77.631167
SLD_01989,Landslide,10.219,77.483833
SLD_01990,Landslide,10.219111,77.355722
SLD_01991,Landslide,10.219444,77.348889
SLD_01992,Landslide,10.22,77.24
SLD_01993,Landslide,10.220333,77.3565
SLD_01994,Landslide,10.220444,77.357806
SLD_01995,Landslide,10.220556,77.349722
SLD_01996,Landslide,10.220836,77.483703
SLD_01997,Landslide,10.22095,77.48355
SLD_01998,Landslide,10.221917,77.482989
SLD_01999,Landslide,10.223278,77.632722
SLD_02000,Landslide,10.226694,77.561167
SLD_02001,Landslide,10.228528,77.636694
SLD_02002,Landslide,10.23,77.2
SLD_02003,Landslide,10.23,77.2
SLD_02004,Landslide,10.23,76.94
SLD_02005,Landslide,10.23,76.94
SLD_02006,Landslide,10.230444,77.640361
SLD_02007,Landslide,10.231833,77.642778
SLD_02008,Landslide,10.231861,77.350194
SLD_02009,Landslide,10.231972,77.644389
SLD_02010,Landslide,10.233333,77.640444
SLD_02011,Landslide,10.233778,77.565056
SLD_02012,Landslide,10.235917,77.509972
SLD_02013,Landslide,10.236556,77.512194
SLD_02014,Landslide,10.236778,77.640111
SLD_02015,Landslide,10.237,77.554806
SLD_02016,Landslide,10.238875,77.523114
SLD_02017,Landslide,10.2389,77.4958
SLD_02018,Landslide,10.239389,77.350889
SLD_02019,Landslide,10.239417,77.519611
SLD_02020,Landslide,10.239444,77.519972
SLD_02021,Landslide,10.240167,77.37825
SLD_02022,Landslide,10.240769,77.5049
SLD_02023,Landslide,10.240806,77.366222
SLD_02024,Landslide,10.241139,77.528889
SLD_02025,Landslide,10.241372,77.504561
SLD_02026,Landslide,10.241861,77.527833
SLD_02027,Landslide,10.242028,77.527361
SLD_02028,Landslide,10.2422,77.5237
SLD_02029,Landslide,10.243444,77.33425
SLD_02030,Landslide,10.245033,77.643522
SLD_02031,Landslide,10.246278,77.557194
SLD_02032,Landslide,10.246556,77.556861
SLD_02033,Landslide,10.246922,76.477153
SLD_02034,Landslide,10.248917,77.52025
SLD_02035,Landslide,10.249,77.49075
SLD_02036,Landslide,10.249417,77.490833
SLD_02037,Landslide,10.249722,77.333611
SLD_02038,Landslide,10.249944,77.491806
SLD_02039,Landslide,10.25,77.21
SLD_02040,Landslide,10.250417,77.188778
SLD_02041,Landslide,10.250556,77.412556
SLD_02042,Landslide,10.251528,77.187472
SLD_02043,Landslide,10.251778,77.32975
SLD_02044,Landslide,10.252194,77.187583
SLD_02045,Landslide,10.252222,77.333056
SLD_02046,Landslide,10.252306,77.522833
SLD_02047,Landslide,10.253,77.194667
SLD_02048,Landslide,10.253194,77.187083
SLD_02049,Landslide,10.253611,77.524139
SLD_02050,Landslide,10.253694,77.175222
SLD_02051,Landslide,10.254028,77.5245
SLD_02052,Landslide,10.254944,77.186528
SLD_02053,Landslide,10.255056,77.528611
SLD_02054,Landslide,10.255194,77.483361
SLD_02055,Landslide,10.255556,77.177972
SLD_02056,Landslide,10.256417,77.332389
SLD_02057,Landslide,10.256639,77.531139
SLD_02058,Landslide,10.257167,77.185639
SLD_02059,Landslide,10.257556,77.531556
SLD_02060,Landslide,10.257667,77.491278
SLD_02061,Landslide,10.257889,77.373028
SLD_02062,Landslide,10.257944,77.492139
SLD_02063,Landslide,10.258028,77.491778
SLD_02064,Landslide,10.258056,77.3315
SLD_02065,Landslide,10.258571,77.4924049
SLD_02066,Landslide,10.258611,77.4875277
SLD_02067,Landslide,10.25925,77.492361
SLD_02068,Landslide,10.259694,77.492667
SLD_02069,Landslide,10.260194,77.405333
SLD_02070,Landslide,10.260222,77.535278
SLD_02071,Landslide,10.260444,77.554889
SLD_02072,Landslide,10.2612,76.9346
SLD_02073,Landslide,10.261444,77.552639
SLD_02074,Landslide,10.261444,77.493444
SLD_02075,Landslide,10.261667,77.554083
SLD_02076,Landslide,10.262289,77.4889793
SLD_02077,Landslide,10.262583,77.537194
SLD_02078,Landslide,10.262667,77.547083
SLD_02079,Landslide,10.263667,77.404222
SLD_02080,Landslide,10.263833,77.494028
SLD_02081,Landslide,10.264333,77.535667
SLD_02082,Landslide,10.264361,77.493889
SLD_02083,Landslide,10.264667,77.193472
SLD_02084,Landslide,10.265444,77.493889
SLD_02085,Landslide,10.265639,77.494028
SLD_02086,Landslide,10.265722,77.194417
SLD_02087,Landslide,10.26608,77.49361
SLD_02088,Landslide,10.26625,77.152028
SLD_02089,Landslide,10.266472,77.534917
SLD_02090,Landslide,10.266572,77.535944
SLD_02091,Landslide,10.266861,77.126333
SLD_02092,Landslide,10.267333,77.280389
SLD_02093,Landslide,10.26815,77.4944
SLD_02094,Landslide,10.268417,77.558611
SLD_02095,Landslide,10.269194,77.128639
SLD_02096,Landslide,10.269278,77.554333
SLD_02097,Landslide,10.269969,76.967114
SLD_02098,Landslide,10.269972,77.4945
SLD_02099,Landslide,10.2703,77.4503
SLD_02100,Landslide,10.270361,77.135278
SLD_02101,Landslide,10.270417,77.451417
SLD_02102,Landslide,10.270417,77.495639
SLD_02103,Landslide,10.270444,77.396361
SLD_02104,Landslide,10.2718,76.896231
SLD_02105,Landslide,10.271972,77.45325
SLD_02106,Landslide,10.272111,77.396389
SLD_02107,Landslide,10.272192,77.4808806
SLD_02108,Landslide,10.272297,76.9226
SLD_02109,Landslide,10.272486,76.976197
SLD_02110,Landslide,10.2725,77.498194
SLD_02111,Landslide,10.272556,77.560667
SLD_02112,Landslide,10.272675,76.974933
SLD_02113,Landslide,10.27275,77.572278
SLD_02114,Landslide,10.272758,76.980692
SLD_02115,Landslide,10.272861,77.454472
SLD_02116,Landslide,10.273417,77.533861
SLD_02117,Landslide,10.274317,76.974889
SLD_02118,Landslide,10.274667,77.395944
SLD_02119,Landslide,10.274778,77.3935
SLD_02120,Landslide,10.274917,77.567694
SLD_02121,Landslide,10.275,77.56625
SLD_02122,Landslide,10.275083,77.138472
SLD_02123,Landslide,10.275444,77.395889
SLD_02124,Landslide,10.275511,76.924528
SLD_02125,Landslide,10.275833,77.55975
SLD_02126,Landslide,10.275972,77.533528
SLD_02127,Landslide,10.276083,77.150333
SLD_02128,Landslide,10.276111,77.144667
SLD_02129,Landslide,10.277056,77.449389
SLD_02130,Landslide,10.277167,77.471444
SLD_02131,Landslide,10.277639,77.467361
SLD_02132,Landslide,10.277736,76.978353
SLD_02133,Landslide,10.277889,77.155861
SLD_02134,Landslide,10.278056,77.149278
SLD_02135,Landslide,10.278472,77.142111
SLD_02136,Landslide,10.278611,77.565778
SLD_02137,Landslide,10.279656,77.7847
SLD_02138,Landslide,10.280017,76.864919
SLD_02139,Landslide,10.280178,76.977636
SLD_02140,Landslide,10.281278,77.449222
SLD_02141,Landslide,10.281333,77.448889
SLD_02142,Landslide,10.281583,77.533722
SLD_02143,Landslide,10.281583,77.449
SLD_02144,Landslide,10.282194,77.45125
SLD_02145,Landslide,10.282361,77.16725
SLD_02146,Landslide,10.283389,77.165278
SLD_02147,Landslide,10.28375,77.165528
SLD_02148,Landslide,10.283972,77.015556
SLD_02149,Landslide,10.284361,77.456
SLD_02150,Landslide,10.284389,77.166139
SLD_02151,Landslide,10.284806,77.361944
SLD_02152,Landslide,10.285694,77.3765
SLD_02153,Landslide,10.285833,77.376694
SLD_02154,Landslide,10.285889,77.3945
SLD_02155,Landslide,10.286,77.457444
SLD_02156,Landslide,10.286206,76.484781
SLD_02157,Landslide,10.286917,77.396306
SLD_02158,Landslide,10.287006,77.530047
SLD_02159,Landslide,10.287306,77.009028
SLD_02160,Landslide,10.287333,77.007722
SLD_02161,Landslide,10.287556,77.009583
SLD_02162,Landslide,10.287722,77.009139
SLD_02163,Landslide,10.288083,77.398389
SLD_02164,Landslide,10.28825,77.001222
SLD_02165,Landslide,10.288333,77.0
SLD_02166,Landslide,10.288408,76.841694
SLD_02167,Landslide,10.288528,77.00225
SLD_02168,Landslide,10.288611,77.171861
SLD_02169,Landslide,10.288778,77.009417
SLD_02170,Landslide,10.288833,77.005333
SLD_02171,Landslide,10.288889,77.002833
SLD_02172,Landslide,10.289111,77.005889
SLD_02173,Landslide,10.289417,77.173639
SLD_02174,Landslide,10.289806,77.1745
SLD_02175,Landslide,10.290103,76.986164
SLD_02176,Landslide,10.290111,77.175333
SLD_02177,Landslide,10.290353,76.677881
SLD_02178,Landslide,10.290389,76.674694
SLD_02179,Landslide,10.290417,77.008611
SLD_02180,Landslide,10.290756,77.77765
SLD_02181,Landslide,10.290861,77.008639
SLD_02182,Landslide,10.291667,77.012639
SLD_02183,Landslide,10.291833,77.177139
SLD_02184,Landslide,10.293278,77.17825
SLD_02185,Landslide,10.293314,76.876094
SLD_02186,Landslide,10.293461,76.840075
SLD_02187,Landslide,10.293639,77.178417
SLD_02188,Landslide,10.293864,77.776428
SLD_02189,Landslide,10.293944,77.152333
SLD_02190,Landslide,10.294189,77.548397
SLD_02191,Landslide,10.294911,77.774781
SLD_02192,Landslide,10.295222,77.179944
SLD_02193,Landslide,10.295556,77.017306
SLD_02194,Landslide,10.296417,77.017333
SLD_02195,Landslide,10.297194,77.181306
SLD_02196,Landslide,10.297458,76.968019
SLD_02197,Landslide,10.297958,76.826036
SLD_02198,Landslide,10.298056,77.019083
SLD_02199,Landslide,10.298472,76.458306
SLD_02200,Landslide,10.298947,76.832175
SLD_02201,Landslide,10.299047,77.55115
SLD_02202,Landslide,10.299242,76.831867
SLD_02203,Landslide,10.299583,77.197306
SLD_02204,Landslide,10.29965,77.551875
SLD_02205,Landslide,10.299944,77.182667
SLD_02206,Landslide,10.300208,76.944544
SLD_02207,Landslide,10.300283,76.946444
SLD_02208,Landslide,10.300331,77.768722
SLD_02209,Landslide,10.300531,76.829131
SLD_02210,Landslide,10.300608,77.769753
SLD_02211,Landslide,10.301,77.020722
SLD_02212,Landslide,10.301111,77.020861
SLD_02213,Landslide,10.301278,76.949597
SLD_02214,Landslide,10.301333,76.419556
SLD_02215,Landslide,10.301378,76.443125
SLD_02216,Landslide,10.301383,76.783394
SLD_02217,Landslide,10.301614,76.783903
SLD_02218,Landslide,10.301622,76.493058
SLD_02219,Landslide,10.301875,76.751358
SLD_02220,Landslide,10.302417,77.181889
SLD_02221,Landslide,10.302667,77.712683
SLD_02222,Landslide,10.302903,76.757969
SLD_02223,Landslide,10.302983,77.757842
SLD_02224,Landslide,10.303325,76.579431
SLD_02225,Landslide,10.30335,77.763042
SLD_02226,Landslide,10.303481,76.705925
SLD_02227,Landslide,10.30375,76.433897
SLD_02228,Landslide,10.304078,76.867225
SLD_02229,Landslide,10.304292,76.86725
SLD_02230,Landslide,10.3056,76.8584
SLD_02231,Landslide,10.305733,76.745436
SLD_02232,Landslide,10.305747,76.943708
SLD_02233,Landslide,10.306119,76.744978
SLD_02234,Landslide,10.306172,77.554861
SLD_02235,Landslide,10.306778,76.744869
SLD_02236,Landslide,10.307453,76.720789
SLD_02237,Landslide,10.307786,76.947572
SLD_02238,Landslide,10.308175,76.625056
SLD_02239,Landslide,10.308794,76.722217
SLD_02240,Landslide,10.309331,76.978678
SLD_02241,Landslide,10.309508,76.910206
SLD_02242,Landslide,10.309697,76.706328
SLD_02243,Landslide,10.309886,76.897606
SLD_02244,Landslide,10.310044,77.562853
SLD_02245,Landslide,10.311542,77.566256
SLD_02246,Landslide,10.312428,76.73735
SLD_02247,Landslide,10.312467,76.717233
SLD_02248,Landslide,10.312653,76.982281
SLD_02249,Landslide,10.31375,77.192167
SLD_02250,Landslide,10.313836,76.892428
SLD_02251,Landslide,10.313947,76.892933
SLD_02252,Landslide,10.314283,76.979111
SLD_02253,Landslide,10.314319,76.633278
SLD_02254,Landslide,10.314694,76.893206
SLD_02255,Landslide,10.315097,76.7335
SLD_02256,Landslide,10.315139,77.196389
SLD_02257,Landslide,10.315153,76.893475
SLD_02258,Landslide,10.31525,77.566206
SLD_02259,Landslide,10.315453,77.577625
SLD_02260,Landslide,10.316919,76.897617
SLD_02261,Landslide,10.317633,77.565611
SLD_02262,Landslide,10.318242,77.565142
SLD_02263,Landslide,10.319008,76.981919
SLD_02264,Landslide,10.320264,77.559425
SLD_02265,Landslide,10.320331,76.844325
SLD_02266,Landslide,10.320611,76.466183
SLD_02267,Landslide,10.321139,77.565797
SLD_02268,Landslide,10.322528,77.20825
SLD_02269,Landslide,10.32335,76.9826
SLD_02270,Landslide,10.323417,77.566197
SLD_02271,Landslide,10.325528,77.028722
SLD_02272,Landslide,10.326347,76.984431
SLD_02273,Landslide,10.326444,77.031333
SLD_02274,Landslide,10.326639,77.031889
SLD_02275,Landslide,10.327861,77.052111
SLD_02276,Landslide,10.329167,77.036917
SLD_02277,Landslide,10.329381,76.961111
SLD_02278,Landslide,10.329467,76.935039
SLD_02279,Landslide,10.3295,77.037139
SLD_02280,Landslide,10.329806,77.039278
SLD_02281,Landslide,10.329944,77.021972
SLD_02282,Landslide,10.330167,77.041972
SLD_02283,Landslide,10.330444,77.039556
SLD_02284,Landslide,10.331056,77.020361
SLD_02285,Landslide,10.33165,77.563944
SLD_02286,Landslide,10.331694,77.041444
SLD_02287,Landslide,10.331786,76.958731
SLD_02288,Landslide,10.331972,77.047139
SLD_02289,Landslide,10.332,77.039556
SLD_02290,Landslide,10.33225,77.039278
SLD_02291,Landslide,10.332528,77.03975
SLD_02292,Landslide,10.332778,77.0435
SLD_02293,Landslide,10.332833,77.043917
SLD_02294,Landslide,10.332889,77.044333
SLD_02295,Landslide,10.332972,77.043
SLD_02296,Landslide,10.333422,76.9614
SLD_02297,Landslide,10.334858,77.576389
SLD_02298,Landslide,10.335672,76.962867
SLD_02299,Landslide,10.336119,77.578139
SLD_02300,Landslide,10.340708,76.912872
SLD_02301,Landslide,10.340856,77.572733
SLD_02302,Landslide,10.340994,76.911064
SLD_02303,Landslide,10.341633,76.903489
SLD_02304,Landslide,10.342139,76.916631
SLD_02305,Landslide,10.342422,76.916044
SLD_02306,Landslide,10.342442,76.918139
SLD_02307,Landslide,10.342506,76.903153
SLD_02308,Landslide,10.342689,76.918153
SLD_02309,Landslide,10.343769,77.574058
SLD_02310,Landslide,10.346594,77.574575
SLD_02311,Landslide,10.347058,76.454839
SLD_02312,Landslide,10.348139,77.781022
SLD_02313,Landslide,10.349056,77.574342
SLD_02314,Landslide,10.3496,76.997897
SLD_02315,Landslide,10.349728,76.375636
SLD_02316,Landslide,10.34985,76.934947
SLD_02317,Landslide,10.350047,76.935408
SLD_02318,Landslide,10.350214,76.935136
SLD_02319,Landslide,10.350692,77.778092
SLD_02320,Landslide,10.350936,76.897556
SLD_02321,Landslide,10.35105,76.935903
SLD_02322,Landslide,10.351622,76.898169
SLD_02323,Landslide,10.351717,76.936442
SLD_02324,Landslide,10.351944,76.966111
SLD_02325,Landslide,10.352011,76.936617
SLD_02326,Landslide,10.352294,77.774639
SLD_02327,Landslide,10.352725,77.573764
SLD_02328,Landslide,10.352907,76.819293
SLD_02329,Landslide,10.352997,76.999106
SLD_02330,Landslide,10.353233,77.572361
SLD_02331,Landslide,10.353306,77.185528
SLD_02332,Landslide,10.353361,77.216706
SLD_02333,Landslide,10.354106,77.593025
SLD_02334,Landslide,10.354333,76.972683
SLD_02335,Landslide,10.354714,76.972575
SLD_02336,Landslide,10.354944,76.963183
SLD_02337,Landslide,10.355205,76.811528
SLD_02338,Landslide,10.355561,76.972572
SLD_02339,Landslide,10.355887,76.819293
SLD_02340,Landslide,10.356444,76.972536
SLD_02341,Landslide,10.356811,76.960642
SLD_02342,Landslide,10.357117,76.960231
SLD_02343,Landslide,10.358003,77.556419
SLD_02344,Landslide,10.359469,77.769122
SLD_02345,Landslide,10.360361,77.184222
SLD_02346,Landslide,10.360675,76.994706
SLD_02347,Landslide,10.3608,77.528139
SLD_02348,Landslide,10.361656,77.533794
SLD_02349,Landslide,10.361797,77.535025
SLD_02350,Landslide,10.362906,77.529744
SLD_02351,Landslide,10.363356,76.981175
SLD_02352,Landslide,10.363389,76.995825
SLD_02353,Landslide,10.363467,77.539144
SLD_02354,Landslide,10.363958,77.757472
SLD_02355,Landslide,10.364092,77.530231
SLD_02356,Landslide,10.364186,77.547044
SLD_02357,Landslide,10.364683,77.539483
SLD_02358,Landslide,10.365706,76.99165
SLD_02359,Landslide,10.3659,76.9478
SLD_02360,Landslide,10.3667,76.9515
SLD_02361,Landslide,10.3669,76.9514
SLD_02362,Landslide,10.367647,77.631219
SLD_02363,Landslide,10.367658,77.539
SLD_02364,Landslide,10.367822,77.756367
SLD_02365,Landslide,10.367825,77.538181
SLD_02366,Landslide,10.368411,76.99395
SLD_02367,Landslide,10.36865,76.992614
SLD_02368,Landslide,10.369194,77.753939
SLD_02369,Landslide,10.369325,76.992967
SLD_02370,Landslide,10.371014,76.994111
SLD_02371,Landslide,10.371364,76.994128
SLD_02372,Landslide,10.371556,77.751583
SLD_02373,Landslide,10.371606,76.994097
SLD_02374,Landslide,10.378392,76.997217
SLD_02375,Landslide,10.380053,76.997308
SLD_02376,Landslide,10.382806,77.049389
SLD_02377,Landslide,10.383017,76.997128
SLD_02378,Landslide,10.383186,76.997114
SLD_02379,Landslide,10.383917,77.662003
SLD_02380,Landslide,10.383942,76.988792
SLD_02381,Landslide,10.384472,76.988072
SLD_02382,Landslide,10.384506,76.994653
SLD_02383,Landslide,10.384525,76.989269
SLD_02384,Landslide,10.384944,76.991008
SLD_02385,Landslide,10.385033,76.989908
SLD_02386,Landslide,10.385083,76.989794
SLD_02387,Landslide,10.385575,76.996517
SLD_02388,Landslide,10.386417,77.049417
SLD_02389,Landslide,10.388494,76.769186
SLD_02390,Landslide,10.389861,77.005111
SLD_02391,Landslide,10.391014,76.998797
SLD_02392,Landslide,10.391533,76.999431
SLD_02393,Landslide,10.391556,77.003278
SLD_02394,Landslide,10.392083,77.001806
SLD_02395,Landslide,10.393472,77.009667
SLD_02396,Landslide,10.393528,77.000167
SLD_02397,Landslide,10.393667,77.000556
SLD_02398,Landslide,10.393944,77.000194
SLD_02399,Landslide,10.394833,76.973944
SLD_02400,Landslide,10.395039,76.991733
SLD_02401,Landslide,10.395222,77.010111
SLD_02402,Landslide,10.397167,77.045111
SLD_02403,Landslide,10.398639,77.045222
SLD_02404,Landslide,10.398778,77.012333
SLD_02405,Landslide,10.398917,77.012583
SLD_02406,Landslide,10.401694,77.010917
SLD_02407,Landslide,10.404611,77.043083
SLD_02408,Landslide,10.405183,76.957953
SLD_02409,Landslide,10.405375,76.957264
SLD_02410,Landslide,10.405542,76.957083
SLD_02411,Landslide,10.405756,76.956897
SLD_02412,Landslide,10.405792,76.956944
SLD_02413,Landslide,10.406667,76.955633
SLD_02414,Landslide,10.407228,76.831808
SLD_02415,Landslide,10.407583,77.046111
SLD_02416,Landslide,10.408278,77.042833
SLD_02417,Landslide,10.409028,77.044694
SLD_02418,Landslide,10.414558,76.950028
SLD_02419,Landslide,10.414911,76.995531
SLD_02420,Landslide,10.415111,76.949639
SLD_02421,Landslide,10.415278,77.043722
SLD_02422,Landslide,10.415981,76.948419
SLD_02423,Landslide,10.416625,76.948019
SLD_02424,Landslide,10.418444,77.039194
SLD_02425,Landslide,10.418444,77.039194
SLD_02426,Landslide,10.418611,77.038944
SLD_02427,Landslide,10.41895,76.761278
SLD_02428,Landslide,10.418997,76.992547
SLD_02429,Landslide,10.419278,77.037944
SLD_02430,Landslide,10.419972,77.036528
SLD_02431,Landslide,10.420275,76.771125
SLD_02432,Landslide,10.420694,77.035944
SLD_02433,Landslide,10.421347,76.767208
SLD_02434,Landslide,10.421417,77.035139
SLD_02435,Landslide,10.421672,76.767213
SLD_02436,Landslide,10.421786,76.767506
SLD_02437,Landslide,10.421888,76.766492
SLD_02438,Landslide,10.422528,77.03175
SLD_02439,Landslide,10.422583,77.031556
SLD_02440,Landslide,10.422722,77.031806
SLD_02441,Landslide,10.424639,77.020139
SLD_02442,Landslide,10.425,77.02025
SLD_02443,Landslide,10.427972,77.018278
SLD_02444,Landslide,10.428,77.018083
SLD_02445,Landslide,10.428306,77.022625
SLD_02446,Landslide,10.428444,77.022111
SLD_02447,Landslide,10.428694,77.022222
SLD_02448,Landslide,10.429889,77.022889
SLD_02449,Landslide,10.434222,77.003972
SLD_02450,Landslide,10.436056,77.01075
SLD_02451,Landslide,10.436056,77.011139
SLD_02452,Landslide,10.437361,77.012444
SLD_02453,Landslide,10.437972,77.011139
SLD_02454,Landslide,10.438278,77.011806
SLD_02455,Landslide,10.438858,76.362567
SLD_02456,Landslide,10.439167,77.013056
SLD_02457,Landslide,10.439975,76.437939
SLD_02458,Landslide,10.44625,77.028806
SLD_02459,Landslide,10.447361,77.026222
SLD_02460,Landslide,10.449658,76.982583
SLD_02461,Landslide,10.450786,76.838131
SLD_02462,Landslide,10.451009,76.66347
SLD_02463,Landslide,10.451523,76.666232
SLD_02464,Landslide,10.452069,76.825522
SLD_02465,Landslide,10.452206,76.832933
SLD_02466,Landslide,10.452394,76.833617
SLD_02467,Landslide,10.45264,76.668505
SLD_02468,Landslide,10.45275,76.668552
SLD_02469,Landslide,10.45312,76.669093
SLD_02470,Landslide,10.453812,76.66986
SLD_02471,Landslide,10.454117,76.834178
SLD_02472,Landslide,10.4563,76.66926
SLD_02473,Landslide,10.456635,76.67035
SLD_02474,Landslide,10.4576,76.6655
SLD_02475,Landslide,10.465139,77.061556
SLD_02476,Landslide,10.465636,77.739114
SLD_02477,Landslide,10.46591,76.5648
SLD_02478,Landslide,10.466567,77.740492
SLD_02479,Landslide,10.466972,77.059361
SLD_02480,Landslide,10.467083,77.059278
SLD_02481,Landslide,10.467801,76.565078
SLD_02482,Landslide,10.4695,77.059167
SLD_02483,Landslide,10.4698,76.5641
SLD_02484,Landslide,10.47005,77.745292
SLD_02485,Landslide,10.470528,77.057444
SLD_02486,Landslide,10.471278,77.059528
SLD_02487,Landslide,10.471642,77.746044
SLD_02488,Landslide,10.471917,77.059083
SLD_02489,Landslide,10.472278,77.741753
SLD_02490,Landslide,10.478986,77.754986
SLD_02491,Landslide,10.479217,76.323517
SLD_02492,Landslide,10.479383,77.755372
SLD_02493,Landslide,10.479529,76.512323
SLD_02494,Landslide,10.479628,76.323519
SLD_02495,Landslide,10.479694,76.323317
SLD_02496,Landslide,10.479755,76.528452
SLD_02497,Landslide,10.479972,77.092056
SLD_02498,Landslide,10.480033,76.323953
SLD_02499,Landslide,10.480044,77.756742
SLD_02500,Landslide,10.480558,76.320931
SLD_02501,Landslide,10.4808,76.5356
SLD_02502,Landslide,10.481158,77.758258
SLD_02503,Landslide,10.4813,76.5261
SLD_02504,Landslide,10.481833,76.512625
SLD_02505,Landslide,10.481861,77.093861
SLD_02506,Landslide,10.483,76.5286
SLD_02507,Landslide,10.483532,76.510802
SLD_02508,Landslide,10.483917,77.096056
SLD_02509,Landslide,10.484014,77.761886
SLD_02510,Landslide,10.484317,76.491312
SLD_02511,Landslide,10.484514,76.321833
SLD_02512,Landslide,10.486194,77.120694
SLD_02513,Landslide,10.48721,76.502767
SLD_02514,Landslide,10.487661,76.322006
SLD_02515,Landslide,10.487814,76.322603
SLD_02516,Landslide,10.487994,76.321703
SLD_02517,Landslide,10.488847,76.501153
SLD_02518,Landslide,10.490861,77.120806
SLD_02519,Landslide,10.492222,77.113056
SLD_02520,Landslide,10.493,76.5618
SLD_02521,Landslide,10.493417,77.116222
SLD_02522,Landslide,10.494,76.4994
SLD_02523,Landslide,10.494222,77.118
SLD_02524,Landslide,10.500578,76.286672
SLD_02525,Landslide,10.507833,76.337714
SLD_02526,Landslide,10.507912,76.509617
SLD_02527,Landslide,10.50813,76.627101
SLD_02528,Landslide,10.509711,76.338167
SLD_02529,Landslide,10.511741,76.630045
SLD_02530,Landslide,10.5125,76.70548
SLD_02531,Landslide,10.512772,76.706638
SLD_02532,Landslide,10.513072,76.340317
SLD_02533,Landslide,10.513337,76.523822
SLD_02534,Landslide,10.513456,76.705238
SLD_02535,Landslide,10.514386,76.708769
SLD_02536,Landslide,10.514672,76.336389
SLD_02537,Landslide,10.514767,76.336564
SLD_02538,Landslide,10.514844,76.714898
SLD_02539,Landslide,10.514993,76.722541
SLD_02540,Landslide,10.515619,76.338414
SLD_02541,Landslide,10.515897,76.308169
SLD_02542,Landslide,10.516015,76.707017
SLD_02543,Landslide,10.516108,76.714738
SLD_02544,Landslide,10.51619,76.714973
SLD_02545,Landslide,10.516308,76.310019
SLD_02546,Landslide,10.517512,76.706842
SLD_02547,Landslide,10.517591,76.635992
SLD_02548,Landslide,10.518439,76.707104
SLD_02549,Landslide,10.5185,76.6306
SLD_02550,Landslide,10.518808,76.629248
SLD_02551,Landslide,10.519083,76.704987
SLD_02552,Landslide,10.5192,76.72935
SLD_02553,Landslide,10.519324,76.728593
SLD_02554,Landslide,10.519469,76.70468
SLD_02555,Landslide,10.520022,76.629233
SLD_02556,Landslide,10.520291,76.63457
SLD_02557,Landslide,10.52186,76.628728
SLD_02558,Landslide,10.522207,76.64859
SLD_02559,Landslide,10.522236,76.649148
SLD_02560,Landslide,10.52281,76.648173
SLD_02561,Landslide,10.523018,76.648022
SLD_02562,Landslide,10.523363,76.635342
SLD_02563,Landslide,10.523663,76.639443
SLD_02564,Landslide,10.523668,76.642289
SLD_02565,Landslide,10.523768,76.6528
SLD_02566,Landslide,10.523999,76.730808
SLD_02567,Landslide,10.524095,76.63604
SLD_02568,Landslide,10.524426,76.653293
SLD_02569,Landslide,10.52445,76.627285
SLD_02570,Landslide,10.5248,76.6413
SLD_02571,Landslide,10.5249,76.6414
SLD_02572,Landslide,10.525045,76.627113
SLD_02573,Landslide,10.525053,76.653811
SLD_02574,Landslide,10.52508,76.636973
SLD_02575,Landslide,10.5252,76.6391
SLD_02576,Landslide,10.525205,76.64719
SLD_02577,Landslide,10.525447,76.6469
SLD_02578,Landslide,10.525573,76.65591
SLD_02579,Landslide,10.525735,76.62619
SLD_02580,Landslide,10.5259,76.6566
SLD_02581,Landslide,10.526197,76.639938
SLD_02582,Landslide,10.52625,76.640712
SLD_02583,Landslide,10.526352,76.656767
SLD_02584,Landslide,10.526381,76.720458
SLD_02585,Landslide,10.526457,76.637498
SLD_02586,Landslide,10.52648,76.639218
SLD_02587,Landslide,10.52658,76.638208
SLD_02588,Landslide,10.526703,76.704183
SLD_02589,Landslide,10.526765,76.625365
SLD_02590,Landslide,10.52681,76.65506
SLD_02591,Landslide,10.526982,76.725932
SLD_02592,Landslide,10.526998,76.656787
SLD_02593,Landslide,10.527,76.6603
SLD_02594,Landslide,10.527023,76.62514
SLD_02595,Landslide,10.527033,76.646188
SLD_02596,Landslide,10.527178,76.65542
SLD_02597,Landslide,10.527178,76.657258
SLD_02598,Landslide,10.528,76.6587
SLD_02599,Landslide,10.528,76.6675
SLD_02600,Landslide,10.528409,76.72551
SLD_02601,Landslide,10.52845,76.644182
SLD_02602,Landslide,10.528565,76.656988
SLD_02603,Landslide,10.52859,76.643365
SLD_02604,Landslide,10.52886,76.659552
SLD_02605,Landslide,10.528954,76.744945
SLD_02606,Landslide,10.52909,76.66085
SLD_02607,Landslide,10.529327,76.662737
SLD_02608,Landslide,10.529373,76.666168
SLD_02609,Landslide,10.529405,76.658323
SLD_02610,Landslide,10.529522,76.622937
SLD_02611,Landslide,10.529618,76.74376
SLD_02612,Landslide,10.529733,76.66361
SLD_02613,Landslide,10.52995,76.66664
SLD_02614,Landslide,10.530195,76.622477
SLD_02615,Landslide,10.530427,76.702402
SLD_02616,Landslide,10.530468,76.66702
SLD_02617,Landslide,10.531615,76.621292
SLD_02618,Landslide,10.531677,76.668657
SLD_02619,Landslide,10.533772,76.666526
SLD_02620,Landslide,10.533957,76.672943
SLD_02621,Landslide,10.534028,76.360936
SLD_02622,Landslide,10.53409,76.673132
SLD_02623,Landslide,10.535607,76.67363
SLD_02624,Landslide,10.535642,76.673373
SLD_02625,Landslide,10.53592,76.670983
SLD_02626,Landslide,10.536065,76.613566
SLD_02627,Landslide,10.536253,76.670532
SLD_02628,Landslide,10.536482,76.668683
SLD_02629,Landslide,10.536763,76.665423
SLD_02630,Landslide,10.536985,76.667702
SLD_02631,Landslide,10.536993,76.668405
SLD_02632,Landslide,10.537015,76.668252
SLD_02633,Landslide,10.537323,76.728492
SLD_02634,Landslide,10.53758,76.67444
SLD_02635,Landslide,10.53852,76.620628
SLD_02636,Landslide,10.538607,76.667587
SLD_02637,Landslide,10.538953,76.672063
SLD_02638,Landslide,10.539537,76.72348
SLD_02639,Landslide,10.540594,76.55919722
SLD_02640,Landslide,10.541594,76.724785
SLD_02641,Landslide,10.541962,76.66618
SLD_02642,Landslide,10.542128,76.666089
SLD_02643,Landslide,10.543345,76.666954
SLD_02644,Landslide,10.544467,76.56024167
SLD_02645,Landslide,10.545428,76.55467778
SLD_02646,Landslide,10.547115,76.675578
SLD_02647,Landslide,10.547612,76.664617
SLD_02648,Landslide,10.547777,76.675724
SLD_02649,Landslide,10.547798,76.665388
SLD_02650,Landslide,10.5481,76.5671
SLD_02651,Landslide,10.5483,76.5622
SLD_02652,Landslide,10.548475,76.54886389
SLD_02653,Landslide,10.548483,76.66505
SLD_02654,Landslide,10.548547,76.675041
SLD_02655,Landslide,10.5494,76.5612
SLD_02656,Landslide,10.550603,76.680796
SLD_02657,Landslide,10.551872,76.56173056
SLD_02658,Landslide,10.551925,76.56581111
SLD_02659,Landslide,10.552392,76.54815
SLD_02660,Landslide,10.55266,76.657883
SLD_02661,Landslide,10.552925,76.56031944
SLD_02662,Landslide,10.553,76.5578
SLD_02663,Landslide,10.553422,76.55888333
SLD_02664,Landslide,10.553458,76.57000278
SLD_02665,Landslide,10.554097,76.370192
SLD_02666,Landslide,10.554211,76.55907778
SLD_02667,Landslide,10.554486,76.57206667
SLD_02668,Landslide,10.554778,76.57425
SLD_02669,Landslide,10.556079,76.63704
SLD_02670,Landslide,10.556614,76.55623333
SLD_02671,Landslide,10.556922,76.57566667
SLD_02672,Landslide,10.558317,76.57376944
SLD_02673,Landslide,10.558536,76.57314722
SLD_02674,Landslide,10.559597,76.54235278
SLD_02675,Landslide,10.559736,76.341814
SLD_02676,Landslide,10.563528,76.342806
SLD_02677,Landslide,10.563561,76.343364
SLD_02678,Landslide,10.5641,76.6729
SLD_02679,Landslide,10.5643,76.307272
SLD_02680,Landslide,10.565367,76.302197
SLD_02681,Landslide,10.570097,76.375089
SLD_02682,Landslide,10.570156,76.298106
SLD_02683,Landslide,10.570556,76.375444
SLD_02684,Landslide,10.572111,76.403667
SLD_02685,Landslide,10.572111,76.403667
SLD_02686,Landslide,10.572344,76.35405
SLD_02687,Landslide,10.572508,76.62551389
SLD_02688,Landslide,10.573286,76.385664
SLD_02689,Landslide,10.574439,76.62656389
SLD_02690,Landslide,10.575928,76.378956
SLD_02691,Landslide,10.576722,76.380022
SLD_02692,Landslide,10.577158,76.406072
SLD_02693,Landslide,10.577431,76.62233611
SLD_02694,Landslide,10.580564,76.352325
SLD_02695,Landslide,10.582369,76.63025556
SLD_02696,Landslide,10.582519,76.62156667
SLD_02697,Landslide,10.583536,76.62397222
SLD_02698,Landslide,10.586383,76.62147778
SLD_02699,Landslide,10.586453,76.62202222
SLD_02700,Landslide,10.586837,76.614269
SLD_02701,Landslide,10.586928,76.60411111
SLD_02702,Landslide,10.587136,76.614962
SLD_02703,Landslide,10.58755,76.61244167
SLD_02704,Landslide,10.587817,76.6136
SLD_02705,Landslide,10.588025,76.60669167
SLD_02706,Landslide,10.588114,76.611825
SLD_02707,Landslide,10.588392,76.60893611
SLD_02708,Landslide,10.58975,76.61396944
SLD_02709,Landslide,10.592108,76.305956
SLD_02710,Landslide,10.594794,76.242333
SLD_02711,Landslide,10.615008,76.2926
SLD_02712,Landslide,10.616386,76.53024444
SLD_02713,Landslide,10.618728,76.55516944
SLD_02714,Landslide,10.618942,76.55425
SLD_02715,Landslide,10.619327,76.554523
SLD_02716,Landslide,10.621085,76.537792
SLD_02717,Landslide,10.621086,76.53286389
SLD_02718,Landslide,10.621236,76.53498056
SLD_02719,Landslide,10.622357,76.525052
SLD_02720,Landslide,10.622833,76.54113889
SLD_02721,Landslide,10.623613,76.542127
SLD_02722,Landslide,10.624725,76.553375
SLD_02723,Landslide,10.625319,76.55210278
SLD_02724,Landslide,10.625742,76.513723
SLD_02725,Landslide,10.625883,76.53450556
SLD_02726,Landslide,10.625922,76.5395
SLD_02727,Landslide,10.626364,76.53525556
SLD_02728,Landslide,10.626847,76.53284722
SLD_02729,Landslide,10.627114,76.53220833
SLD_02730,Landslide,10.6272,76.5355
SLD_02731,Landslide,10.6273,76.5347
SLD_02732,Landslide,10.6276,76.5327
SLD_02733,Landslide,10.627675,76.53075
SLD_02734,Landslide,10.627883,76.536593
SLD_02735,Landslide,10.628661,76.52623056
SLD_02736,Landslide,10.6288,76.5319
SLD_02737,Landslide,10.629437,76.532611
SLD_02738,Landslide,10.6295,76.5258
SLD_02739,Landslide,10.629778,76.230778
SLD_02740,Landslide,10.630083,76.52505556
SLD_02741,Landslide,10.6316,76.52089444
SLD_02742,Landslide,10.632358,76.52025278
SLD_02743,Landslide,10.633653,76.51764722
SLD_02744,Landslide,10.634153,76.517673
SLD_02745,Landslide,10.672875,76.338056
SLD_02746,Landslide,10.740397,76.235328
SLD_02747,Landslide,10.740731,76.234878
SLD_02748,Landslide,10.740731,76.234878
SLD_02749,Landslide,10.825098,76.734842
SLD_02750,Landslide,10.827618,76.776995
SLD_02751,Landslide,10.827964,76.778161
SLD_02752,Landslide,10.828658,76.777358
SLD_02753,Landslide,10.833003,76.775271
SLD_02754,Landslide,10.833465,76.774026
SLD_02755,Landslide,10.833542,76.760691
SLD_02756,Landslide,10.834661,76.76178
SLD_02757,Landslide,10.834695,76.356393
SLD_02758,Landslide,10.836851,76.778284
SLD_02759,Landslide,10.837669,76.773925
SLD_02760,Landslide,10.843375,76.728583
SLD_02761,Landslide,10.848643,76.319883
SLD_02762,Landslide,10.8505,76.2711
SLD_02763,Landslide,10.8508,76.2712
SLD_02764,Landslide,10.851405,76.31827
SLD_02765,Landslide,10.853375,76.732537
SLD_02766,Landslide,10.853934,76.738145
SLD_02767,Landslide,10.854766,76.458106
SLD_02768,Landslide,10.855047,76.453408
SLD_02769,Landslide,10.860338,76.637864
SLD_02770,Landslide,10.860838,76.636159
SLD_02771,Landslide,10.862806,76.630816
SLD_02772,Landslide,10.863184,76.629953
SLD_02773,Landslide,10.863736,76.602972
SLD_02774,Landslide,10.864489,76.604869
SLD_02775,Landslide,10.867341,76.602978
SLD_02776,Landslide,10.868686,76.619767
SLD_02777,Landslide,10.879596,76.687949
SLD_02778,Landslide,10.887625,76.57727
SLD_02779,Landslide,10.888613,76.579875
SLD_02780,Landslide,10.88897,76.581677
SLD_02781,Landslide,10.890288,76.675562
SLD_02782,Landslide,10.897276,76.638435
SLD_02783,Landslide,10.903957,76.625793
SLD_02784,Landslide,10.90562,76.648398
SLD_02785,Landslide,10.906467,76.679003
SLD_02786,Landslide,10.909665,76.62285
SLD_02787,Landslide,10.911788,76.551438
SLD_02788,Landslide,10.912111,76.554256
SLD_02789,Landslide,10.921922,76.64107
SLD_02790,Landslide,10.930498,76.647171
SLD_02791,Landslide,10.930683,76.641218
SLD_02792,Landslide,10.931878,76.644311
SLD_02793,Landslide,10.937644,76.558936
SLD_02794,Landslide,10.94636,76.505947
SLD_02795,Landslide,10.956021,76.571908
SLD_02796,Landslide,10.957348,76.5438
SLD_02797,Landslide,10.962203,76.609662
SLD_02798,Landslide,10.965332,76.610375
SLD_02799,Landslide,10.97039,76.57454
SLD_02800,Landslide,10.97039,76.57454
SLD_02801,Landslide,10.974537,76.627582
SLD_02802,Landslide,10.975952,76.585579
SLD_02803,Landslide,10.975989,76.572928
SLD_02804,Landslide,10.97659,76.55491
SLD_02805,Landslide,10.976649,76.58429
SLD_02806,Landslide,10.977277,76.622685
SLD_02807,Landslide,10.977286,76.574889
SLD_02808,Landslide,10.977561,76.570944
SLD_02809,Landslide,10.979529,76.607141
SLD_02810,Landslide,10.979793,76.606535
SLD_02811,Landslide,10.98023,76.605667
SLD_02812,Landslide,10.980788,76.604885
SLD_02813,Landslide,10.981403,76.579403
SLD_02814,Landslide,10.982088,76.599834
SLD_02815,Landslide,10.982469,76.599359
SLD_02816,Landslide,10.982903,76.595173
SLD_02817,Landslide,10.983786,76.589808
SLD_02818,Landslide,10.984006,76.592178
SLD_02819,Landslide,10.984604,76.587805
SLD_02820,Landslide,10.984642,76.588747
SLD_02821,Landslide,11.0008,76.2455
SLD_02822,Landslide,11.011778,76.5562
SLD_02823,Landslide,11.012586,76.531503
SLD_02824,Landslide,11.017189,76.664061
SLD_02825,Landslide,11.018503,76.664311
SLD_02826,Landslide,11.018786,76.554092
SLD_02827,Landslide,11.019092,76.664319
SLD_02828,Landslide,11.020853,76.665867
SLD_02829,Landslide,11.022908,76.616231
SLD_02830,Landslide,11.024278,76.666142
SLD_02831,Landslide,11.024417,76.617081
SLD_02832,Landslide,11.024856,76.626281
SLD_02833,Landslide,11.026083,76.626261
SLD_02834,Landslide,11.026772,76.517839
SLD_02835,Landslide,11.027011,76.616214
SLD_02836,Landslide,11.027433,76.617458
SLD_02837,Landslide,11.027444,76.617342
SLD_02838,Landslide,11.027631,76.662803
SLD_02839,Landslide,11.027736,76.661681
SLD_02840,Landslide,11.028469,76.604719
SLD_02841,Landslide,11.028483,76.528773
SLD_02842,Landslide,11.029068,76.531518
SLD_02843,Landslide,11.029352,76.523
SLD_02844,Landslide,11.029556,76.521189
SLD_02845,Landslide,11.029777,76.522575
SLD_02846,Landslide,11.031553,76.653478
SLD_02847,Landslide,11.032022,76.657136
SLD_02848,Landslide,11.032267,76.527796
SLD_02849,Landslide,11.032583,76.551617
SLD_02850,Landslide,11.032677,76.527807
SLD_02851,Landslide,11.033492,76.657797
SLD_02852,Landslide,11.033667,76.656164
SLD_02853,Landslide,11.033892,76.656672
SLD_02854,Landslide,11.03475,76.653756
SLD_02855,Landslide,11.035232,76.527483
SLD_02856,Landslide,11.036503,76.529053
SLD_02857,Landslide,11.037277,76.528927
SLD_02858,Landslide,11.03747,76.52758
SLD_02859,Landslide,11.038569,76.608647
SLD_02860,Landslide,11.038603,76.662889
SLD_02861,Landslide,11.038639,76.674542
SLD_02862,Landslide,11.038653,76.530202
SLD_02863,Landslide,11.038792,76.553531
SLD_02864,Landslide,11.039302,76.530795
SLD_02865,Landslide,11.039831,76.663894
SLD_02866,Landslide,11.039889,76.601875
SLD_02867,Landslide,11.040092,76.608094
SLD_02868,Landslide,11.040111,76.604944
SLD_02869,Landslide,11.040144,76.431199
SLD_02870,Landslide,11.040533,76.675072
SLD_02871,Landslide,11.040947,76.532897
SLD_02872,Landslide,11.041635,76.53334
SLD_02873,Landslide,11.041933,76.534018
SLD_02874,Landslide,11.042363,76.440553
SLD_02875,Landslide,11.043258,76.603611
SLD_02876,Landslide,11.043378,76.639231
SLD_02877,Landslide,11.045365,76.580602
SLD_02878,Landslide,11.04543,76.539902
SLD_02879,Landslide,11.046358,76.540755
SLD_02880,Landslide,11.046392,76.594039
SLD_02881,Landslide,11.046744,76.583922
SLD_02882,Landslide,11.046935,76.540858
SLD_02883,Landslide,11.047271,76.399846
SLD_02884,Landslide,11.047383,76.596222
SLD_02885,Landslide,11.047615,76.58101
SLD_02886,Landslide,11.04794,76.400202
SLD_02887,Landslide,11.04922,76.53708
SLD_02888,Landslide,11.050725,76.430832
SLD_02889,Landslide,11.0511,76.0703
SLD_02890,Landslide,11.0512,76.0709
SLD_02891,Landslide,11.054544,76.686006
SLD_02892,Landslide,11.055747,76.548056
SLD_02893,Landslide,11.057151,76.384281
SLD_02894,Landslide,11.061407,76.389548
SLD_02895,Landslide,11.062219,76.551442
SLD_02896,Landslide,11.063095,76.37715
SLD_02897,Landslide,11.06427,76.389909
SLD_02898,Landslide,11.066278,76.652389
SLD_02899,Landslide,11.066597,76.576697
SLD_02900,Landslide,11.0667,76.0666
SLD_02901,Landslide,11.067167,76.653944
SLD_02902,Landslide,11.067333,76.654139
SLD_02903,Landslide,11.067875,76.599547
SLD_02904,Landslide,11.069694,76.653333
SLD_02905,Landslide,11.069944,76.653567
SLD_02906,Landslide,11.070167,76.641556
SLD_02907,Landslide,11.070222,76.653306
SLD_02908,Landslide,11.07025,76.642528
SLD_02909,Landslide,11.070667,76.641389
SLD_02910,Landslide,11.070917,76.641583
SLD_02911,Landslide,11.071614,76.658361
SLD_02912,Landslide,11.071944,76.655056
SLD_02913,Landslide,11.072083,76.640861
SLD_02914,Landslide,11.072628,76.600061
SLD_02915,Landslide,11.073681,76.599097
SLD_02916,Landslide,11.0747,75.9013
SLD_02917,Landslide,11.075386,76.573469
SLD_02918,Landslide,11.0755,76.640972
SLD_02919,Landslide,11.075972,76.641972
SLD_02920,Landslide,11.076028,76.643944
SLD_02921,Landslide,11.076167,76.641472
SLD_02922,Landslide,11.076194,76.642111
SLD_02923,Landslide,11.076278,76.642083
SLD_02924,Landslide,11.0766,76.1606
SLD_02925,Landslide,11.076611,76.641167
SLD_02926,Landslide,11.077222,76.639056
SLD_02927,Landslide,11.077361,76.659667
SLD_02928,Landslide,11.077833,76.639
SLD_02929,Landslide,11.077833,76.640694
SLD_02930,Landslide,11.078111,76.644222
SLD_02931,Landslide,11.078111,76.641556
SLD_02932,Landslide,11.078136,76.676211
SLD_02933,Landslide,11.078167,76.641944
SLD_02934,Landslide,11.078278,76.661444
SLD_02935,Landslide,11.078735,76.587101
SLD_02936,Landslide,11.079833,76.642833
SLD_02937,Landslide,11.081056,76.662917
SLD_02938,Landslide,11.081139,76.644806
SLD_02939,Landslide,11.081464,76.566964
SLD_02940,Landslide,11.082806,76.663083
SLD_02941,Landslide,11.084028,76.647694
SLD_02942,Landslide,11.084665,76.367865
SLD_02943,Landslide,11.087961,76.629497
SLD_02944,Landslide,11.088633,76.088633
SLD_02945,Landslide,11.090833,76.696414
SLD_02946,Landslide,11.096811,76.556542
SLD_02947,Landslide,11.113531,76.379928
SLD_02948,Landslide,11.120462,76.390819
SLD_02949,Landslide,11.123769,76.551275
SLD_02950,Landslide,11.131156,76.386475
SLD_02951,Landslide,11.131156,76.386108
SLD_02952,Landslide,11.131272,76.557142
SLD_02953,Landslide,11.133542,76.3733
SLD_02954,Landslide,11.134228,76.527867
SLD_02955,Landslide,11.134331,76.528272
SLD_02956,Landslide,11.134606,76.527867
SLD_02957,Landslide,11.135039,76.390575
SLD_02958,Landslide,11.135264,76.528203
SLD_02959,Landslide,11.144656,76.369289
SLD_02960,Landslide,11.1501,75.9666
SLD_02961,Landslide,11.156797,76.522697
SLD_02962,Landslide,11.158969,76.607192
SLD_02963,Landslide,11.159825,76.599622
SLD_02964,Landslide,11.168286,76.523019
SLD_02965,Landslide,11.168853,76.531131
SLD_02966,Landslide,11.169219,76.357925
SLD_02967,Landslide,11.169656,76.358575
SLD_02968,Landslide,11.170097,76.568175
SLD_02969,Landslide,11.17035,76.350019
SLD_02970,Landslide,11.184089,76.644386
SLD_02971,Landslide,11.197336,76.327117
SLD_02972,Landslide,11.198311,76.327311
SLD_02973,Landslide,11.199392,76.328681
SLD_02974,Landslide,11.208333,76.785
SLD_02975,Landslide,11.208889,76.786222
SLD_02976,Landslide,11.209639,76.781
SLD_02977,Landslide,11.210556,76.644722
SLD_02978,Landslide,11.210556,76.645
SLD_02979,Landslide,11.210639,76.785861
SLD_02980,Landslide,11.211111,76.629167
SLD_02981,Landslide,11.211389,76.643889
SLD_02982,Landslide,11.213278,76.329528
SLD_02983,Landslide,11.213278,76.329528
SLD_02984,Landslide,11.2133,76.1456
SLD_02985,Landslide,11.213333,76.626111
SLD_02986,Landslide,11.215833,76.606111
SLD_02987,Landslide,11.216111,76.606667
SLD_02988,Landslide,11.216442,76.679189
SLD_02989,Landslide,11.217222,76.608889
SLD_02990,Landslide,11.218889,76.610278
SLD_02991,Landslide,11.219444,76.596667
SLD_02992,Landslide,11.228333,76.615278
SLD_02993,Landslide,11.229167,76.635556
SLD_02994,Landslide,11.229444,76.619444
SLD_02995,Landslide,11.229722,76.634722
SLD_02996,Landslide,11.23,76.620278
SLD_02997,Landslide,11.232778,76.613889
SLD_02998,Landslide,11.233611,76.625278
SLD_02999,Landslide,11.248333,76.664167
SLD_03000,Landslide,11.249167,76.663889
SLD_03001,Landslide,11.25,76.665278
SLD_03002,Landslide,11.250197,76.143406
SLD_03003,Landslide,11.250644,76.140344
SLD_03004,Landslide,11.250753,76.133883
SLD_03005,Landslide,11.25106,76.13881
SLD_03006,Landslide,11.251086,76.1388
SLD_03007,Landslide,11.251667,76.691111
SLD_03008,Landslide,11.25171,76.181
SLD_03009,Landslide,11.251944,76.626944
SLD_03010,Landslide,11.251983,76.141508
SLD_03011,Landslide,11.252528,76.099139
SLD_03012,Landslide,11.253333,76.626111
SLD_03013,Landslide,11.254444,76.626667
SLD_03014,Landslide,11.254444,76.626667
SLD_03015,Landslide,11.254722,76.6275
SLD_03016,Landslide,11.255278,76.628611
SLD_03017,Landslide,11.255647,76.140431
SLD_03018,Landslide,11.255661,76.140269
SLD_03019,Landslide,11.255972,76.135144
SLD_03020,Landslide,11.256389,76.631389
SLD_03021,Landslide,11.257603,76.139097
SLD_03022,Landslide,11.257608,76.258714
SLD_03023,Landslide,11.258333,76.619444
SLD_03024,Landslide,11.258611,76.574444
SLD_03025,Landslide,11.26152,76.13833
SLD_03026,Landslide,11.26155,76.138336
SLD_03027,Landslide,11.261864,76.138353
SLD_03028,Landslide,11.26246,76.11503
SLD_03029,Landslide,11.263214,76.114975
SLD_03030,Landslide,11.265792,76.112658
SLD_03031,Landslide,11.266814,76.090939
SLD_03032,Landslide,11.266885,76.110803
SLD_03033,Landslide,11.27061,76.14651
SLD_03034,Landslide,11.271553,76.116892
SLD_03035,Landslide,11.271806,76.131028
SLD_03036,Landslide,11.27212,76.15036
SLD_03037,Landslide,11.272246,76.095465
SLD_03038,Landslide,11.272253,76.129928
SLD_03039,Landslide,11.272404,76.097809
SLD_03040,Landslide,11.2726,76.14928
SLD_03041,Landslide,11.275,76.123
SLD_03042,Landslide,11.275861,76.088361
SLD_03043,Landslide,11.275861,76.088361
SLD_03044,Landslide,11.275861,76.087778
SLD_03045,Landslide,11.275861,76.087222
SLD_03046,Landslide,11.275869,76.086897
SLD_03047,Landslide,11.27603,76.14553
SLD_03048,Landslide,11.276033,76.145531
SLD_03049,Landslide,11.276042,76.087517
SLD_03050,Landslide,11.276111,76.621111
SLD_03051,Landslide,11.276556,76.135058
SLD_03052,Landslide,11.278033,76.140303
SLD_03053,Landslide,11.278622,76.116367
SLD_03054,Landslide,11.280036,76.125064
SLD_03055,Landslide,11.280556,76.651111
SLD_03056,Landslide,11.280833,76.656667
SLD_03057,Landslide,11.281389,76.658611
SLD_03058,Landslide,11.282696,76.092205
SLD_03059,Landslide,11.282728,76.089281
SLD_03060,Landslide,11.283233,76.08965
SLD_03061,Landslide,11.283333,76.65
SLD_03062,Landslide,11.283614,76.0912
SLD_03063,Landslide,11.284139,76.076333
SLD_03064,Landslide,11.284139,76.076333
SLD_03065,Landslide,11.284369,76.151261
SLD_03066,Landslide,11.284369,76.151261
SLD_03067,Landslide,11.284722,76.579167
SLD_03068,Landslide,11.285,76.575556
SLD_03069,Landslide,11.286111,76.690278
SLD_03070,Landslide,11.288056,76.585278
SLD_03071,Landslide,11.288333,76.668333
SLD_03072,Landslide,11.288889,76.578611
SLD_03073,Landslide,11.289722,76.646667
SLD_03074,Landslide,11.291667,76.575
SLD_03075,Landslide,11.292778,76.581667
SLD_03076,Landslide,11.293611,76.679722
SLD_03077,Landslide,11.293611,76.679722
SLD_03078,Landslide,11.2937,76.0504
SLD_03079,Landslide,11.293778,76.050417
SLD_03080,Landslide,11.295278,76.049333
SLD_03081,Landslide,11.295833,76.595833
SLD_03082,Landslide,11.296111,76.679444
SLD_03083,Landslide,11.2965,76.087589
SLD_03084,Landslide,11.300098,76.056775
SLD_03085,Landslide,11.301528,76.094389
SLD_03086,Landslide,11.302222,76.688611
SLD_03087,Landslide,11.302222,76.647778
SLD_03088,Landslide,11.3025,76.69
SLD_03089,Landslide,11.302778,76.745833
SLD_03090,Landslide,11.303025,76.05896
SLD_03091,Landslide,11.303611,76.731667
SLD_03092,Landslide,11.303889,76.631944
SLD_03093,Landslide,11.3041,76.0441
SLD_03094,Landslide,11.304167,76.681944
SLD_03095,Landslide,11.305278,76.626111
SLD_03096,Landslide,11.3065,76.0442
SLD_03097,Landslide,11.308333,76.653056
SLD_03098,Landslide,11.308333,76.623611
SLD_03099,Landslide,11.309722,76.748611
SLD_03100,Landslide,11.309722,76.6575
SLD_03101,Landslide,11.310278,76.642778
SLD_03102,Landslide,11.310556,76.661944
SLD_03103,Landslide,11.3114,76.0335
SLD_03104,Landslide,11.311417,76.033556
SLD_03105,Landslide,11.311667,76.691111
SLD_03106,Landslide,11.311667,76.661944
SLD_03107,Landslide,11.311944,76.625556
SLD_03108,Landslide,11.311944,76.698056
SLD_03109,Landslide,11.312778,76.712222
SLD_03110,Landslide,11.3131,76.114791
SLD_03111,Landslide,11.313106,76.115744
SLD_03112,Landslide,11.313611,76.648333
SLD_03113,Landslide,11.313686,76.115844
SLD_03114,Landslide,11.313889,76.650278
SLD_03115,Landslide,11.313889,76.648611
SLD_03116,Landslide,11.313897,76.079019
SLD_03117,Landslide,11.314158,76.114358
SLD_03118,Landslide,11.314444,76.648333
SLD_03119,Landslide,11.31472,76.64861
SLD_03120,Landslide,11.314722,76.686944
SLD_03121,Landslide,11.315556,76.65
SLD_03122,Landslide,11.315589,76.11565
SLD_03123,Landslide,11.315833,76.622222
SLD_03124,Landslide,11.316389,76.688333
SLD_03125,Landslide,11.316389,76.688333
SLD_03126,Landslide,11.3175,76.69
SLD_03127,Landslide,11.3175,76.690833
SLD_03128,Landslide,11.318333,76.624444
SLD_03129,Landslide,11.318333,76.691111
SLD_03130,Landslide,11.318333,76.678611
SLD_03131,Landslide,11.318572,76.111157
SLD_03132,Landslide,11.318611,76.663889
SLD_03133,Landslide,11.31864,76.112463
SLD_03134,Landslide,11.318889,76.666389
SLD_03135,Landslide,11.3191,76.1109
SLD_03136,Landslide,11.319444,76.622222
SLD_03137,Landslide,11.319722,76.680278
SLD_03138,Landslide,11.320833,76.726389
SLD_03139,Landslide,11.320833,76.726389
SLD_03140,Landslide,11.321111,76.75
SLD_03141,Landslide,11.321667,76.726389
SLD_03142,Landslide,11.321944,76.741389
SLD_03143,Landslide,11.3221,76.0883
SLD_03144,Landslide,11.322642,76.129572
SLD_03145,Landslide,11.322778,76.747222
SLD_03146,Landslide,11.322839,76.129483
SLD_03147,Landslide,11.322878,76.111882
SLD_03148,Landslide,11.323611,76.629167
SLD_03149,Landslide,11.323611,76.739167
SLD_03150,Landslide,11.323611,76.791389
SLD_03151,Landslide,11.323822,76.130306
SLD_03152,Landslide,11.324444,76.748333
SLD_03153,Landslide,11.324444,76.793056
SLD_03154,Landslide,11.324444,76.790278
SLD_03155,Landslide,11.325278,76.665556
SLD_03156,Landslide,11.325394,76.129297
SLD_03157,Landslide,11.325556,76.790833
SLD_03158,Landslide,11.325833,76.790556
SLD_03159,Landslide,11.326111,76.075639
SLD_03160,Landslide,11.32625,76.127094
SLD_03161,Landslide,11.326389,76.7275
SLD_03162,Landslide,11.326389,76.798333
SLD_03163,Landslide,11.32639,76.08017
SLD_03164,Landslide,11.326678,76.126256
SLD_03165,Landslide,11.327222,76.804167
SLD_03166,Landslide,11.3275,76.793889
SLD_03167,Landslide,11.327778,76.804167
SLD_03168,Landslide,11.328333,76.749722
SLD_03169,Landslide,11.328333,76.801111
SLD_03170,Landslide,11.328611,76.735278
SLD_03171,Landslide,11.329033,76.127083
SLD_03172,Landslide,11.329167,76.630556
SLD_03173,Landslide,11.329167,76.747778
SLD_03174,Landslide,11.33,76.645833
SLD_03175,Landslide,11.330181,76.12263
SLD_03176,Landslide,11.330181,76.125727
SLD_03177,Landslide,11.330278,76.800556
SLD_03178,Landslide,11.330278,76.788889
SLD_03179,Landslide,11.330431,76.165575
SLD_03180,Landslide,11.330556,76.088278
SLD_03181,Landslide,11.330556,76.088278
SLD_03182,Landslide,11.330556,76.633333
SLD_03183,Landslide,11.330833,76.795
SLD_03184,Landslide,11.330833,76.808611
SLD_03185,Landslide,11.331111,76.739444
SLD_03186,Landslide,11.331245,76.100913
SLD_03187,Landslide,11.331389,76.793889
SLD_03188,Landslide,11.331389,76.7875
SLD_03189,Landslide,11.331389,76.786667
SLD_03190,Landslide,11.331609,76.808422
SLD_03191,Landslide,11.331667,76.784722
SLD_03192,Landslide,11.331944,76.785
SLD_03193,Landslide,11.332222,76.798056
SLD_03194,Landslide,11.332222,76.779167
SLD_03195,Landslide,11.332222,76.7675
SLD_03196,Landslide,11.33245,76.125011
SLD_03197,Landslide,11.3325,76.791667
SLD_03198,Landslide,11.3325,76.787778
SLD_03199,Landslide,11.3325,76.784722
SLD_03200,Landslide,11.332594,76.124258
SLD_03201,Landslide,11.33272,76.793978
SLD_03202,Landslide,11.332778,76.785278
SLD_03203,Landslide,11.332778,76.783333
SLD_03204,Landslide,11.332778,76.7825
SLD_03205,Landslide,11.332778,76.763889
SLD_03206,Landslide,11.333889,76.821389
SLD_03207,Landslide,11.333889,76.753333
SLD_03208,Landslide,11.334167,76.82
SLD_03209,Landslide,11.334444,76.793333
SLD_03210,Landslide,11.334665,76.818422
SLD_03211,Landslide,11.334722,76.736389
SLD_03212,Landslide,11.334722,76.813611
SLD_03213,Landslide,11.334722,76.799722
SLD_03214,Landslide,11.335,76.665833
SLD_03215,Landslide,11.335278,76.822222
SLD_03216,Landslide,11.335364,76.138392
SLD_03217,Landslide,11.335458,76.144136
SLD_03218,Landslide,11.335498,76.818422
SLD_03219,Landslide,11.336054,76.825922
SLD_03220,Landslide,11.336054,76.827867
SLD_03221,Landslide,11.336111,76.663889
SLD_03222,Landslide,11.336111,76.756944
SLD_03223,Landslide,11.336332,76.827033
SLD_03224,Landslide,11.336389,76.818611
SLD_03225,Landslide,11.336667,76.827778
SLD_03226,Landslide,11.336667,76.839722
SLD_03227,Landslide,11.336719,76.138156
SLD_03228,Landslide,11.336887,76.825922
SLD_03229,Landslide,11.336944,76.837222
SLD_03230,Landslide,11.337264,76.135661
SLD_03231,Landslide,11.337443,76.825089
SLD_03232,Landslide,11.3375,76.843333
SLD_03233,Landslide,11.337636,76.122914
SLD_03234,Landslide,11.33772,76.8237
SLD_03235,Landslide,11.33772,76.832033
SLD_03236,Landslide,11.33772,76.860089
SLD_03237,Landslide,11.337744,76.121489
SLD_03238,Landslide,11.337961,76.148764
SLD_03239,Landslide,11.338,76.0904
SLD_03240,Landslide,11.338389,76.129556
SLD_03241,Landslide,11.338433,76.145994
SLD_03242,Landslide,11.338554,76.827867
SLD_03243,Landslide,11.338554,76.798422
SLD_03244,Landslide,11.338889,76.801667
SLD_03245,Landslide,11.339387,76.857589
SLD_03246,Landslide,11.339444,76.682222
SLD_03247,Landslide,11.339665,76.855089
SLD_03248,Landslide,11.339722,76.635
SLD_03249,Landslide,11.339943,76.8437
SLD_03250,Landslide,11.339943,76.863978
SLD_03251,Landslide,11.339943,76.868144
SLD_03252,Landslide,11.339943,76.852589
SLD_03253,Landslide,11.339943,76.8537
SLD_03254,Landslide,11.340013,76.071157
SLD_03255,Landslide,11.34022,76.864811
SLD_03256,Landslide,11.34022,76.849811
SLD_03257,Landslide,11.340278,76.797222
SLD_03258,Landslide,11.340278,76.797778
SLD_03259,Landslide,11.3404,76.0681
SLD_03260,Landslide,11.340472,76.068194
SLD_03261,Landslide,11.340498,76.862311
SLD_03262,Landslide,11.340556,76.796667
SLD_03263,Landslide,11.340776,76.857033
SLD_03264,Landslide,11.341054,76.797867
SLD_03265,Landslide,11.341111,76.632222
SLD_03266,Landslide,11.341111,76.935556
SLD_03267,Landslide,11.341111,76.938889
SLD_03268,Landslide,11.341489,76.179072
SLD_03269,Landslide,11.341564,76.108111
SLD_03270,Landslide,11.342165,76.850089
SLD_03271,Landslide,11.342222,76.850833
SLD_03272,Landslide,11.3425,76.596389
SLD_03273,Landslide,11.3425,76.775833
SLD_03274,Landslide,11.3425,76.849444
SLD_03275,Landslide,11.342778,76.853889
SLD_03276,Landslide,11.342778,76.850833
SLD_03277,Landslide,11.343056,76.855556
SLD_03278,Landslide,11.343086,76.159575
SLD_03279,Landslide,11.343276,76.846755
SLD_03280,Landslide,11.343554,76.847311
SLD_03281,Landslide,11.343727,76.873724
SLD_03282,Landslide,11.343889,76.863333
SLD_03283,Landslide,11.344167,76.861111
SLD_03284,Landslide,11.344167,76.756944
SLD_03285,Landslide,11.3454,76.09737
SLD_03286,Landslide,11.345444,76.097378
SLD_03287,Landslide,11.3458,76.0593
SLD_03288,Landslide,11.345861,76.059361
SLD_03289,Landslide,11.346667,76.878333
SLD_03290,Landslide,11.346944,76.641389
SLD_03291,Landslide,11.34772,76.09553
SLD_03292,Landslide,11.347728,76.095533
SLD_03293,Landslide,11.347778,76.666944
SLD_03294,Landslide,11.348333,76.577778
SLD_03295,Landslide,11.348889,76.643333
SLD_03296,Landslide,11.349444,76.6425
SLD_03297,Landslide,11.3495,76.0622
SLD_03298,Landslide,11.349528,76.062222
SLD_03299,Landslide,11.35,76.786389
SLD_03300,Landslide,11.350556,76.763889
SLD_03301,Landslide,11.35099,76.05894
SLD_03302,Landslide,11.3514,76.0758
SLD_03303,Landslide,11.351944,76.578611
SLD_03304,Landslide,11.352108,76.077271
SLD_03305,Landslide,11.3524,76.0583
SLD_03306,Landslide,11.354191,76.058962
SLD_03307,Landslide,11.355278,76.693611
SLD_03308,Landslide,11.356303,76.202531
SLD_03309,Landslide,11.356433,76.205125
SLD_03310,Landslide,11.3565,76.202111
SLD_03311,Landslide,11.357003,76.200072
SLD_03312,Landslide,11.357222,76.650833
SLD_03313,Landslide,11.357669,76.196267
SLD_03314,Landslide,11.357778,76.696944
SLD_03315,Landslide,11.358058,76.196861
SLD_03316,Landslide,11.358233,76.075022
SLD_03317,Landslide,11.358333,76.668056
SLD_03318,Landslide,11.358333,76.606111
SLD_03319,Landslide,11.358986,76.195258
SLD_03320,Landslide,11.359444,76.781667
SLD_03321,Landslide,11.359444,76.808889
SLD_03322,Landslide,11.359794,76.060058
SLD_03323,Landslide,11.36,76.775833
SLD_03324,Landslide,11.360142,76.192817
SLD_03325,Landslide,11.360278,76.703056
SLD_03326,Landslide,11.360278,76.705833
SLD_03327,Landslide,11.361711,76.070767
SLD_03328,Landslide,11.361944,76.078469
SLD_03329,Landslide,11.362178,76.211794
SLD_03330,Landslide,11.3625,76.834167
SLD_03331,Landslide,11.362646,76.069801
SLD_03332,Landslide,11.362778,76.605
SLD_03333,Landslide,11.362778,76.761389
SLD_03334,Landslide,11.363333,76.903611
SLD_03335,Landslide,11.363342,76.210686
SLD_03336,Landslide,11.363889,76.722222
SLD_03337,Landslide,11.364317,76.071747
SLD_03338,Landslide,11.365278,76.708611
SLD_03339,Landslide,11.365278,76.818056
SLD_03340,Landslide,11.365556,76.708056
SLD_03341,Landslide,11.366194,76.072064
SLD_03342,Landslide,11.366667,76.6625
SLD_03343,Landslide,11.367528,76.071781
SLD_03344,Landslide,11.368889,76.748056
SLD_03345,Landslide,11.368889,76.855556
SLD_03346,Landslide,11.369444,76.748889
SLD_03347,Landslide,11.369736,76.109981
SLD_03348,Landslide,11.3725,76.664167
SLD_03349,Landslide,11.3725,76.664167
SLD_03350,Landslide,11.373611,76.817222
SLD_03351,Landslide,11.374444,76.711111
SLD_03352,Landslide,11.374665,76.758422
SLD_03353,Landslide,11.374722,76.741389
SLD_03354,Landslide,11.375,76.572222
SLD_03355,Landslide,11.375,76.710278
SLD_03356,Landslide,11.375,76.897222
SLD_03357,Landslide,11.37522,76.755922
SLD_03358,Landslide,11.376111,76.578889
SLD_03359,Landslide,11.376125,76.036006
SLD_03360,Landslide,11.377078,76.209178
SLD_03361,Landslide,11.37724,76.21258
SLD_03362,Landslide,11.377778,76.743056
SLD_03363,Landslide,11.378056,76.740278
SLD_03364,Landslide,11.378056,76.740278
SLD_03365,Landslide,11.378056,76.833056
SLD_03366,Landslide,11.378889,76.899444
SLD_03367,Landslide,11.379167,76.7025
SLD_03368,Landslide,11.379444,76.715278
SLD_03369,Landslide,11.380556,76.824444
SLD_03370,Landslide,11.381111,76.641944
SLD_03371,Landslide,11.381389,76.642778
SLD_03372,Landslide,11.381632,76.083944
SLD_03373,Landslide,11.381667,76.706111
SLD_03374,Landslide,11.381944,76.788611
SLD_03375,Landslide,11.382778,76.891944
SLD_03376,Landslide,11.383056,76.706389
SLD_03377,Landslide,11.383336,76.014775
SLD_03378,Landslide,11.384167,76.735278
SLD_03379,Landslide,11.384442,76.067714
SLD_03380,Landslide,11.385,76.734167
SLD_03381,Landslide,11.385833,76.674444
SLD_03382,Landslide,11.386389,76.734722
SLD_03383,Landslide,11.386667,76.733333
SLD_03384,Landslide,11.387222,76.723333
SLD_03385,Landslide,11.389033,76.355147
SLD_03386,Landslide,11.389444,76.674444
SLD_03387,Landslide,11.389817,76.356447
SLD_03388,Landslide,11.39,76.718611
SLD_03389,Landslide,11.39,76.718611
SLD_03390,Landslide,11.390106,76.357256
SLD_03391,Landslide,11.390439,76.074742
SLD_03392,Landslide,11.390911,76.068761
SLD_03393,Landslide,11.391111,76.675556
SLD_03394,Landslide,11.391389,76.713889
SLD_03395,Landslide,11.391389,76.719444
SLD_03396,Landslide,11.3925,76.676667
SLD_03397,Landslide,11.392778,76.676667
SLD_03398,Landslide,11.392986,76.077699
SLD_03399,Landslide,11.393056,76.6775
SLD_03400,Landslide,11.393056,76.815556
SLD_03401,Landslide,11.393333,76.6775
SLD_03402,Landslide,11.393611,76.678056
SLD_03403,Landslide,11.394964,76.362556
SLD_03404,Landslide,11.395306,76.067806
SLD_03405,Landslide,11.396256,76.226561
SLD_03406,Landslide,11.396989,76.082361
SLD_03407,Landslide,11.397517,76.081975
SLD_03408,Landslide,11.398056,76.718333
SLD_03409,Landslide,11.398222,76.226583
SLD_03410,Landslide,11.398611,76.708056
SLD_03411,Landslide,11.398711,76.366186
SLD_03412,Landslide,11.4,76.708333
SLD_03413,Landslide,11.400278,76.800556
SLD_03414,Landslide,11.400556,76.813056
SLD_03415,Landslide,11.401389,76.721389
SLD_03416,Landslide,11.401672,76.017956
SLD_03417,Landslide,11.404167,76.744444
SLD_03418,Landslide,11.404606,76.025594
SLD_03419,Landslide,11.405026,76.056631
SLD_03420,Landslide,11.405556,76.742778
SLD_03421,Landslide,11.4075,76.820833
SLD_03422,Landslide,11.4075,76.808611
SLD_03423,Landslide,11.407778,76.808889
SLD_03424,Landslide,11.407861,76.23675
SLD_03425,Landslide,11.408056,76.807778
SLD_03426,Landslide,11.408521,76.884438
SLD_03427,Landslide,11.409086,76.769849
SLD_03428,Landslide,11.409314,76.374719
SLD_03429,Landslide,11.409364,76.772626
SLD_03430,Landslide,11.409444,76.880833
SLD_03431,Landslide,11.410278,76.565833
SLD_03432,Landslide,11.410653,76.375231
SLD_03433,Landslide,11.410833,76.813889
SLD_03434,Landslide,11.411389,76.6275
SLD_03435,Landslide,11.411389,76.814722
SLD_03436,Landslide,11.411586,76.777349
SLD_03437,Landslide,11.4125,76.726389
SLD_03438,Landslide,11.412556,76.375736
SLD_03439,Landslide,11.413058,76.373731
SLD_03440,Landslide,11.413253,76.79596
SLD_03441,Landslide,11.413809,76.77846
SLD_03442,Landslide,11.413889,76.816667
SLD_03443,Landslide,11.414364,76.78096
SLD_03444,Landslide,11.414406,76.035175
SLD_03445,Landslide,11.414642,76.786515
SLD_03446,Landslide,11.414706,76.364936
SLD_03447,Landslide,11.41492,76.788738
SLD_03448,Landslide,11.41492,76.792626
SLD_03449,Landslide,11.41495,76.374356
SLD_03450,Landslide,11.415,76.809444
SLD_03451,Landslide,11.415556,76.744167
SLD_03452,Landslide,11.415753,76.789571
SLD_03453,Landslide,11.415844,76.374567
SLD_03454,Landslide,11.415869,76.375533
SLD_03455,Landslide,11.415881,76.365456
SLD_03456,Landslide,11.416403,76.377125
SLD_03457,Landslide,11.416489,76.016078
SLD_03458,Landslide,11.416564,76.377689
SLD_03459,Landslide,11.416586,76.796238
SLD_03460,Landslide,11.417075,76.377922
SLD_03461,Landslide,11.4175,76.722778
SLD_03462,Landslide,11.418414,76.378483
SLD_03463,Landslide,11.418883,76.378483
SLD_03464,Landslide,11.418889,76.740833
SLD_03465,Landslide,11.419386,76.378781
SLD_03466,Landslide,11.419444,76.720833
SLD_03467,Landslide,11.419836,76.379117
SLD_03468,Landslide,11.419903,76.23705
SLD_03469,Landslide,11.420208,76.380039
SLD_03470,Landslide,11.420556,76.830278
SLD_03471,Landslide,11.421669,76.382539
SLD_03472,Landslide,11.422797,76.382883
SLD_03473,Landslide,11.422892,76.060725
SLD_03474,Landslide,11.424114,76.036125
SLD_03475,Landslide,11.424848,76.077212
SLD_03476,Landslide,11.425,76.780556
SLD_03477,Landslide,11.425556,76.6275
SLD_03478,Landslide,11.425556,76.779167
SLD_03479,Landslide,11.426836,76.382994
SLD_03480,Landslide,11.427123,76.083067
SLD_03481,Landslide,11.427636,76.384067
SLD_03482,Landslide,11.428333,76.628333
SLD_03483,Landslide,11.4302,76.0854
SLD_03484,Landslide,11.4311,76.386519
SLD_03485,Landslide,11.431297,76.386825
SLD_03486,Landslide,11.431389,76.74475
SLD_03487,Landslide,11.4315,76.389
SLD_03488,Landslide,11.432222,76.738889
SLD_03489,Landslide,11.4335,76.0802
SLD_03490,Landslide,11.4337,75.9931
SLD_03491,Landslide,11.434772,76.072452
SLD_03492,Landslide,11.435264,76.390853
SLD_03493,Landslide,11.435833,76.742222
SLD_03494,Landslide,11.436314,76.391783
SLD_03495,Landslide,11.436944,76.885556
SLD_03496,Landslide,11.437222,76.8
SLD_03497,Landslide,11.437447,76.067175
SLD_03498,Landslide,11.437911,76.392803
SLD_03499,Landslide,11.438214,76.064961
SLD_03500,Landslide,11.438889,76.747778
SLD_03501,Landslide,11.439,76.0881
SLD_03502,Landslide,11.439406,76.038903
SLD_03503,Landslide,11.44,76.800833
SLD_03504,Landslide,11.4404,76.0889
SLD_03505,Landslide,11.442778,76.873611
SLD_03506,Landslide,11.442981,76.056111
SLD_03507,Landslide,11.444064,76.102036
SLD_03508,Landslide,11.4441,76.0709
SLD_03509,Landslide,11.444172,76.074897
SLD_03510,Landslide,11.444314,76.056078
SLD_03511,Landslide,11.445,76.0739
SLD_03512,Landslide,11.445556,76.744444
SLD_03513,Landslide,11.447025,76.064183
SLD_03514,Landslide,11.4475,76.900556
SLD_03515,Landslide,11.4475,76.0959
SLD_03516,Landslide,11.448076,76.066732
SLD_03517,Landslide,11.4492,76.1014
SLD_03518,Landslide,11.449386,76.101167
SLD_03519,Landslide,11.450278,76.904167
SLD_03520,Landslide,11.450278,76.904167
SLD_03521,Landslide,11.4516,76.0604
SLD_03522,Landslide,11.452778,76.641667
SLD_03523,Landslide,11.453056,76.757222
SLD_03524,Landslide,11.454167,76.645
SLD_03525,Landslide,11.454444,76.765556
SLD_03526,Landslide,11.454722,76.646111
SLD_03527,Landslide,11.455278,76.678056
SLD_03528,Landslide,11.455592,76.034178
SLD_03529,Landslide,11.4562,76.0429
SLD_03530,Landslide,11.456779,76.109086
SLD_03531,Landslide,11.457222,76.678056
SLD_03532,Landslide,11.457566,76.097791
SLD_03533,Landslide,11.457868,75.93616
SLD_03534,Landslide,11.458361,76.063011
SLD_03535,Landslide,11.4589,76.063204
SLD_03536,Landslide,11.459056,76.056292
SLD_03537,Landslide,11.46,76.0382
SLD_03538,Landslide,11.46051,75.91222
SLD_03539,Landslide,11.461323,75.931758
SLD_03540,Landslide,11.4616,76.0379
SLD_03541,Landslide,11.4618,76.029
SLD_03542,Landslide,11.4625,76.583889
SLD_03543,Landslide,11.4628,76.0259
SLD_03544,Landslide,11.4633,75.9248
SLD_03545,Landslide,11.465,76.0321
SLD_03546,Landslide,11.4653,75.9337
SLD_03547,Landslide,11.466111,76.577778
SLD_03548,Landslide,11.4675,76.575
SLD_03549,Landslide,11.4675,76.0281
SLD_03550,Landslide,11.469539,76.049333
SLD_03551,Landslide,11.469722,76.4125
SLD_03552,Landslide,11.470611,76.031028
SLD_03553,Landslide,11.4708,75.9213
SLD_03554,Landslide,11.4747,75.9306
SLD_03555,Landslide,11.475014,76.16935
SLD_03556,Landslide,11.475556,76.358333
SLD_03557,Landslide,11.476256,76.039217
SLD_03558,Landslide,11.476742,75.930898
SLD_03559,Landslide,11.477667,76.04075
SLD_03560,Landslide,11.477667,76.04075
SLD_03561,Landslide,11.477667,76.04075
SLD_03562,Landslide,11.48,76.36
SLD_03563,Landslide,11.484167,76.441667
SLD_03564,Landslide,11.4891,76.0235
SLD_03565,Landslide,11.489694,76.002278
SLD_03566,Landslide,11.4926,75.8665
SLD_03567,Landslide,11.4937,75.8901
SLD_03568,Landslide,11.493889,75.868056
SLD_03569,Landslide,11.494167,76.885
SLD_03570,Landslide,11.495833,76.360556
SLD_03571,Landslide,11.4978,75.8647
SLD_03572,Landslide,11.498056,76.334167
SLD_03573,Landslide,11.500222,76.585917
SLD_03574,Landslide,11.501078,76.003206
SLD_03575,Landslide,11.501625,76.004372
SLD_03576,Landslide,11.502122,76.007044
SLD_03577,Landslide,11.502222,76.164722
SLD_03578,Landslide,11.502222,76.164722
SLD_03579,Landslide,11.5025,75.842222
SLD_03580,Landslide,11.503183,76.006814
SLD_03581,Landslide,11.505794,76.135806
SLD_03582,Landslide,11.505833,75.867778
SLD_03583,Landslide,11.506867,76.030142
SLD_03584,Landslide,11.5075,75.990833
SLD_03585,Landslide,11.5076,75.8817
SLD_03586,Landslide,11.507778,75.878333
SLD_03587,Landslide,11.508611,75.994167
SLD_03588,Landslide,11.509167,75.991667
SLD_03589,Landslide,11.509444,75.858889
SLD_03590,Landslide,11.509722,75.97
SLD_03591,Landslide,11.509792,76.024886
SLD_03592,Landslide,11.51,76.28
SLD_03593,Landslide,11.51,76.3
SLD_03594,Landslide,11.51,76.32
SLD_03595,Landslide,11.51,76.32
SLD_03596,Landslide,11.51,76.31
SLD_03597,Landslide,11.51,76.32
SLD_03598,Landslide,11.51,76.32
SLD_03599,Landslide,11.51,76.33
SLD_03600,Landslide,11.513611,75.846667
SLD_03601,Landslide,11.514444,75.816389
SLD_03602,Landslide,11.5148,76.0151
SLD_03603,Landslide,11.515833,75.8975
SLD_03604,Landslide,11.516111,75.843889
SLD_03605,Landslide,11.516353,76.909694
SLD_03606,Landslide,11.516389,75.893333
SLD_03607,Landslide,11.5169,75.8992
SLD_03608,Landslide,11.518056,75.983056
SLD_03609,Landslide,11.518333,75.899444
SLD_03610,Landslide,11.518705,75.877626
SLD_03611,Landslide,11.518889,75.8875
SLD_03612,Landslide,11.519206,76.135783
SLD_03613,Landslide,11.519444,75.885
SLD_03614,Landslide,11.52,76.5
SLD_03615,Landslide,11.520556,75.859167
SLD_03616,Landslide,11.520556,75.8725
SLD_03617,Landslide,11.523333,75.886667
SLD_03618,Landslide,11.524853,76.169294
SLD_03619,Landslide,11.525,75.821667
SLD_03620,Landslide,11.525275,76.145222
SLD_03621,Landslide,11.525278,75.878333
SLD_03622,Landslide,11.526181,76.163231
SLD_03623,Landslide,11.526258,76.154406
SLD_03624,Landslide,11.526589,76.144019
SLD_03625,Landslide,11.526944,75.890556
SLD_03626,Landslide,11.527778,75.878333
SLD_03627,Landslide,11.528111,76.023417
SLD_03628,Landslide,11.52815,76.157156
SLD_03629,Landslide,11.5294,76.0293
SLD_03630,Landslide,11.529611,76.044556
SLD_03631,Landslide,11.529722,75.876111
SLD_03632,Landslide,11.53,76.47
SLD_03633,Landslide,11.53,76.47
SLD_03634,Landslide,11.53,76.47
SLD_03635,Landslide,11.53,76.47
SLD_03636,Landslide,11.53,76.47
SLD_03637,Landslide,11.53,76.46
SLD_03638,Landslide,11.53,76.46
SLD_03639,Landslide,11.53,76.4
SLD_03640,Landslide,11.53,76.4
SLD_03641,Landslide,11.53,76.26
SLD_03642,Landslide,11.530277,76.14
SLD_03643,Landslide,11.531108,76.187719
SLD_03644,Landslide,11.531636,76.182614
SLD_03645,Landslide,11.533056,75.896667
SLD_03646,Landslide,11.534194,76.228447
SLD_03647,Landslide,11.534444,76.026472
SLD_03648,Landslide,11.534597,76.189739
SLD_03649,Landslide,11.5346,76.0244
SLD_03650,Landslide,11.534744,76.228631
SLD_03651,Landslide,11.535417,76.018278
SLD_03652,Landslide,11.5356,76.0215
SLD_03653,Landslide,11.536361,76.041528
SLD_03654,Landslide,11.536478,76.229122
SLD_03655,Landslide,11.536667,76.035778
SLD_03656,Landslide,11.5375,76.0275
SLD_03657,Landslide,11.537861,76.059
SLD_03658,Landslide,11.538517,76.151192
SLD_03659,Landslide,11.538819,76.150189
SLD_03660,Landslide,11.53888,76.02722
SLD_03661,Landslide,11.539167,75.905278
SLD_03662,Landslide,11.539194,76.004222
SLD_03663,Landslide,11.539444,75.903056
SLD_03664,Landslide,11.539444,75.913056
SLD_03665,Landslide,11.54,76.027222
SLD_03666,Landslide,11.54,76.48
SLD_03667,Landslide,11.54,76.41
SLD_03668,Landslide,11.54,76.41
SLD_03669,Landslide,11.54,76.41
SLD_03670,Landslide,11.54,76.41
SLD_03671,Landslide,11.540061,76.153442
SLD_03672,Landslide,11.540444,76.010611
SLD_03673,Landslide,11.540461,76.172875
SLD_03674,Landslide,11.540794,76.154522
SLD_03675,Landslide,11.540817,76.172769
SLD_03676,Landslide,11.541958,76.137411
SLD_03677,Landslide,11.541972,76.000389
SLD_03678,Landslide,11.542717,76.121397
SLD_03679,Landslide,11.543053,76.156533
SLD_03680,Landslide,11.54315,76.154031
SLD_03681,Landslide,11.543167,76.178
SLD_03682,Landslide,11.543214,76.154
SLD_03683,Landslide,11.543583,76.013528
SLD_03684,Landslide,11.543631,76.122139
SLD_03685,Landslide,11.543989,76.1553
SLD_03686,Landslide,11.544128,76.055258
SLD_03687,Landslide,11.544167,75.939722
SLD_03688,Landslide,11.544592,76.178569
SLD_03689,Landslide,11.544722,75.936667
SLD_03690,Landslide,11.544833,76.011694
SLD_03691,Landslide,11.544944,76.044917
SLD_03692,Landslide,11.545028,76.010833
SLD_03693,Landslide,11.545167,76.043198
SLD_03694,Landslide,11.545375,76.155881
SLD_03695,Landslide,11.546028,76.046303
SLD_03696,Landslide,11.546194,76.008861
SLD_03697,Landslide,11.547167,76.224153
SLD_03698,Landslide,11.547694,76.009222
SLD_03699,Landslide,11.547778,76.008778
SLD_03700,Landslide,11.548056,75.926944
SLD_03701,Landslide,11.548056,75.927222
SLD_03702,Landslide,11.548194,76.207722
SLD_03703,Landslide,11.548333,75.926667
SLD_03704,Landslide,11.548611,75.926944
SLD_03705,Landslide,11.54888,76.39166
SLD_03706,Landslide,11.549,76.002583
SLD_03707,Landslide,11.549444,75.896111
SLD_03708,Landslide,11.5495,75.9143
SLD_03709,Landslide,11.5495,75.9143
SLD_03710,Landslide,11.549694,76.055778
SLD_03711,Landslide,11.55,75.919167
SLD_03712,Landslide,11.55,76.0386
SLD_03713,Landslide,11.55,76.43
SLD_03714,Landslide,11.55,76.43
SLD_03715,Landslide,11.55,76.41
SLD_03716,Landslide,11.550339,76.136878
SLD_03717,Landslide,11.55055,76.035
SLD_03718,Landslide,11.551778,75.916111
SLD_03719,Landslide,11.552222,75.904722
SLD_03720,Landslide,11.552333,76.101278
SLD_03721,Landslide,11.552339,76.101264
SLD_03722,Landslide,11.552539,76.0895
SLD_03723,Landslide,11.552778,76.038889
SLD_03724,Landslide,11.552833,75.998972
SLD_03725,Landslide,11.553164,76.085942
SLD_03726,Landslide,11.553283,76.101244
SLD_03727,Landslide,11.5535,76.086278
SLD_03728,Landslide,11.553583,75.996028
SLD_03729,Landslide,11.553778,76.089389
SLD_03730,Landslide,11.554086,76.097822
SLD_03731,Landslide,11.554256,76.0928
SLD_03732,Landslide,11.5543,76.127939
SLD_03733,Landslide,11.554431,76.131517
SLD_03734,Landslide,11.554556,76.090528
SLD_03735,Landslide,11.554583,76.094833
SLD_03736,Landslide,11.5548,76.083589
SLD_03737,Landslide,11.555083,76.001472
SLD_03738,Landslide,11.555278,75.908611
SLD_03739,Landslide,11.555806,76.001417
SLD_03740,Landslide,11.556389,75.813611
SLD_03741,Landslide,11.556667,75.918889
SLD_03742,Landslide,11.556833,76.129639
SLD_03743,Landslide,11.556978,76.198161
SLD_03744,Landslide,11.557,75.9132
SLD_03745,Landslide,11.55711,75.913033
SLD_03746,Landslide,11.557222,75.910278
SLD_03747,Landslide,11.557222,75.916611
SLD_03748,Landslide,11.557389,75.998472
SLD_03749,Landslide,11.55746,76.912113
SLD_03750,Landslide,11.557778,75.916111
SLD_03751,Landslide,11.558333,75.795
SLD_03752,Landslide,11.558333,76.0375
SLD_03753,Landslide,11.558611,75.899167
SLD_03754,Landslide,11.55875,76.001361
SLD_03755,Landslide,11.559383,76.135828
SLD_03756,Landslide,11.559564,76.136561
SLD_03757,Landslide,11.560225,76.136717
SLD_03758,Landslide,11.560278,75.916111
SLD_03759,Landslide,11.56103,75.91486
SLD_03760,Landslide,11.561111,76.128583
SLD_03761,Landslide,11.561389,75.929722
SLD_03762,Landslide,11.562956,76.132781
SLD_03763,Landslide,11.563889,75.899722
SLD_03764,Landslide,11.564583,76.009056
SLD_03765,Landslide,11.565806,76.118333
SLD_03766,Landslide,11.566111,76.03111
SLD_03767,Landslide,11.566122,76.054333
SLD_03768,Landslide,11.566583,76.043389
SLD_03769,Landslide,11.566694,76.117778
SLD_03770,Landslide,11.566717,76.115653
SLD_03771,Landslide,11.5675,75.898889
SLD_03772,Landslide,11.567777,76.028333
SLD_03773,Landslide,11.568611,76.019722
SLD_03774,Landslide,11.56875,76.043972
SLD_03775,Landslide,11.568888,76.126666
SLD_03776,Landslide,11.568944,76.080278
SLD_03777,Landslide,11.569444,76.019166
SLD_03778,Landslide,11.571278,76.044167
SLD_03779,Landslide,11.572056,76.077556
SLD_03780,Landslide,11.572944,76.045
SLD_03781,Landslide,11.577869,76.060242
SLD_03782,Landslide,11.578055,76.110833
SLD_03783,Landslide,11.579583,76.094083
SLD_03784,Landslide,11.580555,76.0625
SLD_03785,Landslide,11.581167,76.095472
SLD_03786,Landslide,11.581388,76.062777
SLD_03787,Landslide,11.582222,76.063055
SLD_03788,Landslide,11.583722,76.195
SLD_03789,Landslide,11.58425,76.195889
SLD_03790,Landslide,11.584278,76.067917
SLD_03791,Landslide,11.584306,76.050833
SLD_03792,Landslide,11.584556,76.038361
SLD_03793,Landslide,11.584778,76.034278
SLD_03794,Landslide,11.585,76.06333
SLD_03795,Landslide,11.585167,76.047861
SLD_03796,Landslide,11.585194,76.039
SLD_03797,Landslide,11.5855,76.038333
SLD_03798,Landslide,11.585556,76.048306
SLD_03799,Landslide,11.58583,76.018055
SLD_03800,Landslide,11.588728,76.018258
SLD_03801,Landslide,11.590028,76.2085
SLD_03802,Landslide,11.591111,76.068333
SLD_03803,Landslide,11.591389,76.088
SLD_03804,Landslide,11.592694,76.037361
SLD_03805,Landslide,11.593167,76.034417
SLD_03806,Landslide,11.594833,76.080028
SLD_03807,Landslide,11.596528,76.028273
SLD_03808,Landslide,11.597833,76.015028
SLD_03809,Landslide,11.598889,75.823889
SLD_03810,Landslide,11.599166,76.084166
SLD_03811,Landslide,11.600278,75.819722
SLD_03812,Landslide,11.601694,76.069083
SLD_03813,Landslide,11.601778,76.069944
SLD_03814,Landslide,11.604167,75.857222
SLD_03815,Landslide,11.605556,76.052417
SLD_03816,Landslide,11.6066,76.0077
SLD_03817,Landslide,11.613778,75.997056
SLD_03818,Landslide,11.613889,75.813611
SLD_03819,Landslide,11.614889,76.065944
SLD_03820,Landslide,11.623222,76.106417
SLD_03821,Landslide,11.624944,76.1033
SLD_03822,Landslide,11.625503,76.10069
SLD_03823,Landslide,11.6275,75.817222
SLD_03824,Landslide,11.627778,76.027861
SLD_03825,Landslide,11.628889,75.831944
SLD_03826,Landslide,11.630833,75.959167
SLD_03827,Landslide,11.631666,76.193055
SLD_03828,Landslide,11.631778,75.987944
SLD_03829,Landslide,11.631944,75.987444
SLD_03830,Landslide,11.632222,75.947778
SLD_03831,Landslide,11.632778,75.955
SLD_03832,Landslide,11.633333,75.856667
SLD_03833,Landslide,11.636239,76.201533
SLD_03834,Landslide,11.636389,75.870833
SLD_03835,Landslide,11.638056,75.850833
SLD_03836,Landslide,11.638333,75.873056
SLD_03837,Landslide,11.638611,75.856944
SLD_03838,Landslide,11.639167,75.864444
SLD_03839,Landslide,11.640556,75.855556
SLD_03840,Landslide,11.642778,75.856389
SLD_03841,Landslide,11.64625,76.030889
SLD_03842,Landslide,11.647222,75.847778
SLD_03843,Landslide,11.6475,75.846389
SLD_03844,Landslide,11.648056,75.857222
SLD_03845,Landslide,11.648611,75.827778
SLD_03846,Landslide,11.65,75.874722
SLD_03847,Landslide,11.650278,75.874167
SLD_03848,Landslide,11.650556,75.873056
SLD_03849,Landslide,11.650556,75.873889
SLD_03850,Landslide,11.650833,75.871667
SLD_03851,Landslide,11.655833,75.843889
SLD_03852,Landslide,11.664722,75.843611
SLD_03853,Landslide,11.666667,75.833611
SLD_03854,Landslide,11.666667,75.833611
SLD_03855,Landslide,11.666667,75.857778
SLD_03856,Landslide,11.666886,75.8525
SLD_03857,Landslide,11.668528,75.96925
SLD_03858,Landslide,11.668611,75.967778
SLD_03859,Landslide,11.67075,75.936833
SLD_03860,Landslide,11.670833,75.811111
SLD_03861,Landslide,11.670833,75.878056
SLD_03862,Landslide,11.673056,75.934722
SLD_03863,Landslide,11.673056,75.840833
SLD_03864,Landslide,11.673889,75.967778
SLD_03865,Landslide,11.673889,75.841667
SLD_03866,Landslide,11.678611,75.821111
SLD_03867,Landslide,11.678889,75.893056
SLD_03868,Landslide,11.680556,75.937222
SLD_03869,Landslide,11.681944,75.808056
SLD_03870,Landslide,11.682222,75.894167
SLD_03871,Landslide,11.682778,75.943611
SLD_03872,Landslide,11.683056,75.943611
SLD_03873,Landslide,11.685,75.942222
SLD_03874,Landslide,11.688611,75.944722
SLD_03875,Landslide,11.691667,75.777222
SLD_03876,Landslide,11.691778,75.943111
SLD_03877,Landslide,11.6925,75.806389
SLD_03878,Landslide,11.6925,75.806389
SLD_03879,Landslide,11.6941,75.9371
SLD_03880,Landslide,11.696944,75.8075
SLD_03881,Landslide,11.699598,75.772301
SLD_03882,Landslide,11.7013,75.9359
SLD_03883,Landslide,11.7034,75.9369
SLD_03884,Landslide,11.703473,75.829247
SLD_03885,Landslide,11.704444,75.788438
SLD_03886,Landslide,11.705278,75.940278
SLD_03887,Landslide,11.705823,75.830149
SLD_03888,Landslide,11.706389,75.761111
SLD_03889,Landslide,11.706667,75.936389
SLD_03890,Landslide,11.711389,75.798611
SLD_03891,Landslide,11.715556,75.765833
SLD_03892,Landslide,11.715833,75.766111
SLD_03893,Landslide,11.715833,75.770278
SLD_03894,Landslide,11.7175,75.815278
SLD_03895,Landslide,11.720833,75.806944
SLD_03896,Landslide,11.721667,75.8925
SLD_03897,Landslide,11.721944,75.8975
SLD_03898,Landslide,11.722222,75.809167
SLD_03899,Landslide,11.722778,75.7725
SLD_03900,Landslide,11.723056,75.799722
SLD_03901,Landslide,11.723611,75.809444
SLD_03902,Landslide,11.726111,75.798889
SLD_03903,Landslide,11.726389,75.812222
SLD_03904,Landslide,11.729444,75.813889
SLD_03905,Landslide,11.731667,75.764722
SLD_03906,Landslide,11.732778,75.8025
SLD_03907,Landslide,11.735833,75.828333
SLD_03908,Landslide,11.736611,76.27
SLD_03909,Landslide,11.747778,75.790556
SLD_03910,Landslide,11.751803,75.920864
SLD_03911,Landslide,11.759833,76.014583
SLD_03912,Landslide,11.768833,76.002667
SLD_03913,Landslide,11.781242,75.715686
SLD_03914,Landslide,11.786389,75.902964
SLD_03915,Landslide,11.786736,75.703153
SLD_03916,Landslide,11.789481,75.784236
SLD_03917,Landslide,11.794806,75.695872
SLD_03918,Landslide,11.798486,75.685531
SLD_03919,Landslide,11.801975,75.907781
SLD_03920,Landslide,11.8112,75.91385
SLD_03921,Landslide,11.811678,75.929156
SLD_03922,Landslide,11.812206,75.901883
SLD_03923,Landslide,11.812283,75.931206
SLD_03924,Landslide,11.813381,75.899742
SLD_03925,Landslide,11.817508,76.031861
SLD_03926,Landslide,11.818889,75.910019
SLD_03927,Landslide,11.825406,75.899028
SLD_03928,Landslide,11.826019,75.927853
SLD_03929,Landslide,11.8297,75.9298
SLD_03930,Landslide,11.832556,75.969861
SLD_03931,Landslide,11.834306,75.946917
SLD_03932,Landslide,11.834778,75.936361
SLD_03933,Landslide,11.835667,75.889422
SLD_03934,Landslide,11.836444,75.932583
SLD_03935,Landslide,11.836583,75.932
SLD_03936,Landslide,11.837028,75.940194
SLD_03937,Landslide,11.838278,75.9175
SLD_03938,Landslide,11.838306,75.926722
SLD_03939,Landslide,11.839139,75.943944
SLD_03940,Landslide,11.839139,75.925778
SLD_03941,Landslide,11.839389,75.955889
SLD_03942,Landslide,11.839639,75.915944
SLD_03943,Landslide,11.840444,75.952028
SLD_03944,Landslide,11.840611,75.951444
SLD_03945,Landslide,11.840667,75.945278
SLD_03946,Landslide,11.842194,76.03925
SLD_03947,Landslide,11.843739,75.916814
SLD_03948,Landslide,11.846342,75.915697
SLD_03949,Landslide,11.8475,76.013944
SLD_03950,Landslide,11.847919,75.819531
SLD_03951,Landslide,11.848186,75.915678
SLD_03952,Landslide,11.849431,75.792311
SLD_03953,Landslide,11.850106,75.797714
SLD_03954,Landslide,11.8502,75.8592
SLD_03955,Landslide,11.850508,75.907461
SLD_03956,Landslide,11.850967,75.755111
SLD_03957,Landslide,11.851636,75.910939
SLD_03958,Landslide,11.8517,75.912286
SLD_03959,Landslide,11.852275,75.7982
SLD_03960,Landslide,11.852914,75.856247
SLD_03961,Landslide,11.853167,75.785297
SLD_03962,Landslide,11.854789,75.784144
SLD_03963,Landslide,11.855547,75.863803
SLD_03964,Landslide,11.855917,75.675744
SLD_03965,Landslide,11.856686,75.678053
SLD_03966,Landslide,11.858356,75.874158
SLD_03967,Landslide,11.860389,75.873972
SLD_03968,Landslide,11.860683,75.874097
SLD_03969,Landslide,11.860844,75.863964
SLD_03970,Landslide,11.86155,75.814519
SLD_03971,Landslide,11.862047,75.871094
SLD_03972,Landslide,11.863694,75.774333
SLD_03973,Landslide,11.864342,75.814706
SLD_03974,Landslide,11.866622,75.890267
SLD_03975,Landslide,11.867217,75.824861
SLD_03976,Landslide,11.867225,75.793769
SLD_03977,Landslide,11.867667,75.802511
SLD_03978,Landslide,11.869411,75.794333
SLD_03979,Landslide,11.869542,75.826903
SLD_03980,Landslide,11.869667,75.757442
SLD_03981,Landslide,11.872861,76.010278
SLD_03982,Landslide,11.875272,75.831086
SLD_03983,Landslide,11.879583,76.032611
SLD_03984,Landslide,11.879906,75.832717
SLD_03985,Landslide,11.883569,75.821064
SLD_03986,Landslide,11.884139,75.783347
SLD_03987,Landslide,11.886719,75.802694
SLD_03988,Landslide,11.887533,75.804572
SLD_03989,Landslide,11.887897,75.803164
SLD_03990,Landslide,11.894175,75.856547
SLD_03991,Landslide,11.8942,75.8558
SLD_03992,Landslide,11.898089,75.855908
SLD_03993,Landslide,11.899281,75.838217
SLD_03994,Landslide,11.900006,75.836356
SLD_03995,Landslide,11.902147,75.846008
SLD_03996,Landslide,11.902889,76.011806
SLD_03997,Landslide,11.903256,75.846667
SLD_03998,Landslide,11.903667,75.999722
SLD_03999,Landslide,11.904111,76.016444
SLD_04000,Landslide,11.904389,76.01625
SLD_04001,Landslide,11.909194,75.999583
SLD_04002,Landslide,11.910056,75.998889
SLD_04003,Landslide,11.910208,75.861494
SLD_04004,Landslide,11.9106,75.861
SLD_04005,Landslide,11.912092,75.859483
SLD_04006,Landslide,11.912678,75.843178
SLD_04007,Landslide,11.9127,75.8405
SLD_04008,Landslide,11.914067,75.839586
SLD_04009,Landslide,11.915508,75.836161
SLD_04010,Landslide,11.918083,76.016539
SLD_04011,Landslide,11.979094,75.647503
SLD_04012,Landslide,11.989228,75.779136
SLD_04013,Landslide,12.69,75.07
SLD_04014,Landslide,12.7207,75.8521
SLD_04015,Landslide,12.7315,75.8191
SLD_04016,Landslide,12.75,75.2
SLD_04017,Landslide,12.75,75.03
SLD_04018,Landslide,12.76,75.2
SLD_04019,Landslide,12.77,75.05
SLD_04020,Landslide,12.8035,75.7657
SLD_04021,Landslide,12.82291,75.46516
SLD_04022,Landslide,12.82631,75.42779
SLD_04023,Landslide,12.82783,75.59866
SLD_04024,Landslide,12.828,75.64
SLD_04025,Landslide,12.82864,75.59741
SLD_04026,Landslide,12.82868,75.6013
SLD_04027,Landslide,12.8287,75.61331
SLD_04028,Landslide,12.82874,75.61061
SLD_04029,Landslide,12.82891,75.61145
SLD_04030,Landslide,12.82893,75.61404
SLD_04031,Landslide,12.829,75.63
SLD_04032,Landslide,12.829083,75.645417
SLD_04033,Landslide,12.82911,75.61095
SLD_04034,Landslide,12.82913,75.62238
SLD_04035,Landslide,12.82917,75.62067
SLD_04036,Landslide,12.82936,75.48357
SLD_04037,Landslide,12.82988,75.49436
SLD_04038,Landslide,12.83,75.635
SLD_04039,Landslide,12.83,75.635
SLD_04040,Landslide,12.83015,75.64713
SLD_04041,Landslide,12.83057,75.59327
SLD_04042,Landslide,12.83079,75.64701
SLD_04043,Landslide,12.83083,75.59396
SLD_04044,Landslide,12.83087,75.59372
SLD_04045,Landslide,12.83139,75.64685
SLD_04046,Landslide,12.83193,75.64689
SLD_04047,Landslide,12.83244,75.64711
SLD_04048,Landslide,12.833,75.65
SLD_04049,Landslide,12.833,75.648
SLD_04050,Landslide,12.833,75.648
SLD_04051,Landslide,12.8334,75.65279
SLD_04052,Landslide,12.834,75.654
SLD_04053,Landslide,12.83408,75.65329
SLD_04054,Landslide,12.83437,75.65434
SLD_04055,Landslide,12.835,75.656
SLD_04056,Landslide,12.835,75.588
SLD_04057,Landslide,12.839,75.66
SLD_04058,Landslide,12.83957,75.66188
SLD_04059,Landslide,12.8396,75.66058
SLD_04060,Landslide,12.83969,75.66936
SLD_04061,Landslide,12.83985,75.66091
SLD_04062,Landslide,12.83994,75.66534
SLD_04063,Landslide,12.83998,75.66656
SLD_04064,Landslide,12.841,75.675
SLD_04065,Landslide,12.841,75.674
SLD_04066,Landslide,12.84108,75.67449
SLD_04067,Landslide,12.84211,75.6757
SLD_04068,Landslide,12.84257,75.67643
SLD_04069,Landslide,12.843,75.677
SLD_04070,Landslide,12.843,75.677
SLD_04071,Landslide,12.84348,75.67706
SLD_04072,Landslide,12.84444,75.67841
SLD_04073,Landslide,12.84467,75.67905
SLD_04074,Landslide,12.84468,75.68052
SLD_04075,Landslide,12.84469,75.68011
SLD_04076,Landslide,12.84483,75.68119
SLD_04077,Landslide,12.84484,75.6833
SLD_04078,Landslide,12.84527,75.67783
SLD_04079,Landslide,12.84544,75.67722
SLD_04080,Landslide,12.8457,75.68489
SLD_04081,Landslide,12.84591,75.68635
SLD_04082,Landslide,12.84612,75.68552
SLD_04083,Landslide,12.84621,75.68771
SLD_04084,Landslide,12.84649,75.69245
SLD_04085,Landslide,12.84682,75.69028
SLD_04086,Landslide,12.84701,75.69511
SLD_04087,Landslide,12.84805,75.69583
SLD_04088,Landslide,12.84855,75.6927
SLD_04089,Landslide,12.8488,75.69242
SLD_04090,Landslide,12.84938,75.69102
SLD_04091,Landslide,12.85,75.21
SLD_04092,Landslide,12.85246,75.69637
SLD_04093,Landslide,12.85384,75.69534
SLD_04094,Landslide,12.85487,75.69511
SLD_04095,Landslide,12.8569,75.69862
SLD_04096,Landslide,12.85771,75.6988
SLD_04097,Landslide,12.85808,75.69647
SLD_04098,Landslide,12.85817,75.69868
SLD_04099,Landslide,12.85993,75.69973
SLD_04100,Landslide,12.86106,75.70058
SLD_04101,Landslide,12.86216,75.70042
SLD_04102,Landslide,12.86233,75.70183
SLD_04103,Landslide,12.86249,75.70238
SLD_04104,Landslide,12.8625,75.70113
SLD_04105,Landslide,12.8643,75.70242
SLD_04106,Landslide,12.86814,75.70387
SLD_04107,Landslide,12.86818,75.7033
SLD_04108,Landslide,12.86944,75.70451
SLD_04109,Landslide,12.8699,75.70908
SLD_04110,Landslide,12.87,74.98
SLD_04111,Landslide,12.87195,75.70739
SLD_04112,Landslide,12.87234,75.70673
SLD_04113,Landslide,12.87245,75.70773
SLD_04114,Landslide,12.87357,75.70705
SLD_04115,Landslide,12.88,75.15
SLD_04116,Landslide,12.89,75.11
SLD_04117,Landslide,12.89351,75.72949
SLD_04118,Landslide,12.89494,75.73035
SLD_04119,Landslide,12.89557,75.73109
SLD_04120,Landslide,12.89697,75.73264
SLD_04121,Landslide,12.89868,75.73492
SLD_04122,Landslide,12.89997,75.735
SLD_04123,Landslide,12.90027,75.73516
SLD_04124,Landslide,12.90691,75.73678
SLD_04125,Landslide,12.91,75.04
SLD_04126,Landslide,12.91222,75.73727
SLD_04127,Landslide,12.91473,75.73981
SLD_04128,Landslide,12.918733,75.756387
SLD_04129,Landslide,12.91875,75.75809
SLD_04130,Landslide,12.91919,75.75709
SLD_04131,Landslide,12.91989,75.74757
SLD_04132,Landslide,12.92,75.04
SLD_04133,Landslide,12.92,75.1
SLD_04134,Landslide,12.92468,75.76192
SLD_04135,Landslide,12.92762,75.7637
SLD_04136,Landslide,12.9454,75.7746
SLD_04137,Landslide,12.946,75.403
SLD_04138,Landslide,12.95,75.19
SLD_04139,Landslide,12.95,75.17
SLD_04140,Landslide,12.98,75.15
SLD_04141,Landslide,12.99,75.05
SLD_04142,Landslide,13.000633,75.010503
SLD_04143,Landslide,13.031792,75.109283
SLD_04144,Landslide,13.032206,75.101083
SLD_04145,Landslide,13.04,74.91
SLD_04146,Landslide,13.04,74.91
SLD_04147,Landslide,13.04,74.91
SLD_04148,Landslide,13.041958,75.562714
SLD_04149,Landslide,13.05,74.97
SLD_04150,Landslide,13.05,75.0
SLD_04151,Landslide,13.059447,75.5541
SLD_04152,Landslide,13.059447,75.5541
SLD_04153,Landslide,13.06,74.98
SLD_04154,Landslide,13.06,74.97
SLD_04155,Landslide,13.065758,75.435336
SLD_04156,Landslide,13.066495,75.435351
SLD_04157,Landslide,13.067444,75.472
SLD_04158,Landslide,13.067861,75.47311111
SLD_04159,Landslide,13.068361,75.47297222
SLD_04160,Landslide,13.068444,75.46966667
SLD_04161,Landslide,13.068972,75.47333333
SLD_04162,Landslide,13.07,74.92
SLD_04163,Landslide,13.070123,75.445311
SLD_04164,Landslide,13.071889,75.46511111
SLD_04165,Landslide,13.072583,75.46263889
SLD_04166,Landslide,13.072806,75.47608333
SLD_04167,Landslide,13.072806,75.47383333
SLD_04168,Landslide,13.073528,75.47678333
SLD_04169,Landslide,13.073728,75.47702778
SLD_04170,Landslide,13.073861,75.46244444
SLD_04171,Landslide,13.074028,75.47705556
SLD_04172,Landslide,13.074473,75.449953
SLD_04173,Landslide,13.074591,75.449367
SLD_04174,Landslide,13.074694,75.46266667
SLD_04175,Landslide,13.074781,75.457356
SLD_04176,Landslide,13.074944,75.46152778
SLD_04177,Landslide,13.074956,75.456846
SLD_04178,Landslide,13.075007,75.457789
SLD_04179,Landslide,13.075048,75.456283
SLD_04180,Landslide,13.075112,75.458339
SLD_04181,Landslide,13.075209,75.450247
SLD_04182,Landslide,13.075297,75.452491
SLD_04183,Landslide,13.075421,75.458686
SLD_04184,Landslide,13.075437,75.452689
SLD_04185,Landslide,13.075631,75.45381
SLD_04186,Landslide,13.075699,75.469923
SLD_04187,Landslide,13.075713,75.45596
SLD_04188,Landslide,13.075714,75.456818
SLD_04189,Landslide,13.075811,75.450901
SLD_04190,Landslide,13.07595,75.470398
SLD_04191,Landslide,13.076021,75.471532
SLD_04192,Landslide,13.076028,75.46038889
SLD_04193,Landslide,13.076035,75.470727
SLD_04194,Landslide,13.076068,75.452914
SLD_04195,Landslide,13.076139,75.45528889
SLD_04196,Landslide,13.076433,75.45611111
SLD_04197,Landslide,13.076503,75.455661
SLD_04198,Landslide,13.076509,75.471719
SLD_04199,Landslide,13.076512,75.457142
SLD_04200,Landslide,13.076725,75.45168889
SLD_04201,Landslide,13.076911,75.456287
SLD_04202,Landslide,13.077058,75.472049
SLD_04203,Landslide,13.077069,75.46840833
SLD_04204,Landslide,13.077347,75.45615
SLD_04205,Landslide,13.077621,75.47113778
SLD_04206,Landslide,13.07768,75.47156056
SLD_04207,Landslide,13.077811,75.45585
SLD_04208,Landslide,13.07799,75.461824
SLD_04209,Landslide,13.07801,75.47206139
SLD_04210,Landslide,13.078082,75.460441
SLD_04211,Landslide,13.078177,75.46159
SLD_04212,Landslide,13.078177,75.456289
SLD_04213,Landslide,13.078178,75.46733889
SLD_04214,Landslide,13.0783,75.472707
SLD_04215,Landslide,13.078566,75.456008
SLD_04216,Landslide,13.078608,75.470159
SLD_04217,Landslide,13.078644,75.46679167
SLD_04218,Landslide,13.078949,75.455903
SLD_04219,Landslide,13.079058,75.469755
SLD_04220,Landslide,13.079239,75.46351667
SLD_04221,Landslide,13.079364,75.464196
SLD_04222,Landslide,13.079486,75.46603056
SLD_04223,Landslide,13.079549,75.464559
SLD_04224,Landslide,13.079637,75.469516
SLD_04225,Landslide,13.079667,75.46550833
SLD_04226,Landslide,13.079733,75.464753
SLD_04227,Landslide,13.080787,75.469624
SLD_04228,Landslide,13.082456,75.46934167
SLD_04229,Landslide,13.084009,75.470221
SLD_04230,Landslide,13.084572,75.47103056
SLD_04231,Landslide,13.084891,75.472348
SLD_04232,Landslide,13.085391,75.47301
SLD_04233,Landslide,13.085492,75.473352
SLD_04234,Landslide,13.085655,75.473706
SLD_04235,Landslide,13.086033,75.474045
SLD_04236,Landslide,13.086249,75.474072
SLD_04237,Landslide,13.086435,75.473919
SLD_04238,Landslide,13.08691,75.473671
SLD_04239,Landslide,13.088181,75.47380556
SLD_04240,Landslide,13.089681,75.47438056
SLD_04241,Landslide,13.09,74.91
SLD_04242,Landslide,13.09,74.91
SLD_04243,Landslide,13.09,74.88
SLD_04244,Landslide,13.090333,75.47455556
SLD_04245,Landslide,13.090578,75.47761111
SLD_04246,Landslide,13.090733,75.47833611
SLD_04247,Landslide,13.09092,75.475315
SLD_04248,Landslide,13.091005,75.475531
SLD_04249,Landslide,13.091261,75.47685833
SLD_04250,Landslide,13.091597,75.556144
SLD_04251,Landslide,13.091688,75.479002
SLD_04252,Landslide,13.092426,75.478595
SLD_04253,Landslide,13.093286,75.47829167
SLD_04254,Landslide,13.094038,75.478104
SLD_04255,Landslide,13.094198,75.47805
SLD_04256,Landslide,13.094642,75.47752778
SLD_04257,Landslide,13.094917,75.47715556
SLD_04258,Landslide,13.095556,75.477688
SLD_04259,Landslide,13.096064,75.47753889
SLD_04260,Landslide,13.096222,75.48119444
SLD_04261,Landslide,13.096667,75.47930556
SLD_04262,Landslide,13.096861,75.47791667
SLD_04263,Landslide,13.097222,75.47806944
SLD_04264,Landslide,13.097436,75.47825833
SLD_04265,Landslide,13.097514,75.480175
SLD_04266,Landslide,13.097539,75.480859
SLD_04267,Landslide,13.097806,75.47887222
SLD_04268,Landslide,13.097911,75.479737
SLD_04269,Landslide,13.098131,75.47928889
SLD_04270,Landslide,13.098378,75.481485
SLD_04271,Landslide,13.1,74.93
SLD_04272,Landslide,13.1,74.94
SLD_04273,Landslide,13.100089,75.482283
SLD_04274,Landslide,13.101297,75.48253333
SLD_04275,Landslide,13.101861,75.48300833
SLD_04276,Landslide,13.1035,75.4836
SLD_04277,Landslide,13.104048,75.483368
SLD_04278,Landslide,13.104411,75.48301944
SLD_04279,Landslide,13.105639,75.48262222
SLD_04280,Landslide,13.106722,75.48249444
SLD_04281,Landslide,13.107025,75.48259167
SLD_04282,Landslide,13.107556,75.48374444
SLD_04283,Landslide,13.107558,75.48317222
SLD_04284,Landslide,13.107714,75.48334167
SLD_04285,Landslide,13.107794,75.48478056
SLD_04286,Landslide,13.108206,75.48436667
SLD_04287,Landslide,13.108494,75.48465833
SLD_04288,Landslide,13.108794,75.4848
SLD_04289,Landslide,13.109089,75.48562222
SLD_04290,Landslide,13.109289,75.48587222
SLD_04291,Landslide,13.109467,75.486746
SLD_04292,Landslide,13.109508,75.486283
SLD_04293,Landslide,13.109917,75.48756389
SLD_04294,Landslide,13.109917,75.48756389
SLD_04295,Landslide,13.11,74.92
SLD_04296,Landslide,13.11,74.92
SLD_04297,Landslide,13.11,74.92
SLD_04298,Landslide,13.11,74.92
SLD_04299,Landslide,13.11,74.96
SLD_04300,Landslide,13.110297,75.48794444
SLD_04301,Landslide,13.1111,75.48815
SLD_04302,Landslide,13.111261,75.4888
SLD_04303,Landslide,13.111725,75.488375
SLD_04304,Landslide,13.112194,75.48992222
SLD_04305,Landslide,13.112506,75.49129167
SLD_04306,Landslide,13.113078,75.49271944
SLD_04307,Landslide,13.113224,75.495712
SLD_04308,Landslide,13.113369,75.49297222
SLD_04309,Landslide,13.113604,75.494931
SLD_04310,Landslide,13.113956,75.493981
SLD_04311,Landslide,13.114037,75.496895
SLD_04312,Landslide,13.114205,75.496927
SLD_04313,Landslide,13.114508,75.49356389
SLD_04314,Landslide,13.11453,75.49693
SLD_04315,Landslide,13.115003,75.49697778
SLD_04316,Landslide,13.116056,75.49677778
SLD_04317,Landslide,13.116455,75.49638
SLD_04318,Landslide,13.116739,75.49595556
SLD_04319,Landslide,13.11725,75.49513889
SLD_04320,Landslide,13.117922,75.513139
SLD_04321,Landslide,13.117933,75.505292
SLD_04322,Landslide,13.118442,75.49506944
SLD_04323,Landslide,13.118603,75.503969
SLD_04324,Landslide,13.118986,75.495379
SLD_04325,Landslide,13.119031,75.50414167
SLD_04326,Landslide,13.119369,75.495297
SLD_04327,Landslide,13.119397,75.503161
SLD_04328,Landslide,13.119961,75.50310833
SLD_04329,Landslide,13.119997,75.502342
SLD_04330,Landslide,13.12,74.93
SLD_04331,Landslide,13.120031,75.49533611
SLD_04332,Landslide,13.120233,75.511756
SLD_04333,Landslide,13.120675,75.4952
SLD_04334,Landslide,13.120719,75.50132222
SLD_04335,Landslide,13.120889,75.49986111
SLD_04336,Landslide,13.120944,75.49936667
SLD_04337,Landslide,13.121139,75.48854722
SLD_04338,Landslide,13.121167,75.49918611
SLD_04339,Landslide,13.121583,75.49884444
SLD_04340,Landslide,13.121667,75.49473889
SLD_04341,Landslide,13.121756,75.50029444
SLD_04342,Landslide,13.121783,75.49839444
SLD_04343,Landslide,13.122178,75.49540556
SLD_04344,Landslide,13.122392,75.49776944
SLD_04345,Landslide,13.122494,75.49745556
SLD_04346,Landslide,13.122661,75.49536389
SLD_04347,Landslide,13.122819,75.49686944
SLD_04348,Landslide,13.123094,75.49497222
SLD_04349,Landslide,13.123161,75.49390833
SLD_04350,Landslide,13.123233,75.49331944
SLD_04351,Landslide,13.12365,75.495875
SLD_04352,Landslide,13.125439,75.48674722
SLD_04353,Landslide,13.125586,75.48698056
SLD_04354,Landslide,13.126536,75.48714167
SLD_04355,Landslide,13.12715,75.48799722
SLD_04356,Landslide,13.127256,75.48810278
SLD_04357,Landslide,13.127256,75.48810278
SLD_04358,Landslide,13.129167,75.5147
SLD_04359,Landslide,13.131117,75.48319444
SLD_04360,Landslide,13.131406,75.542392
SLD_04361,Landslide,13.132053,75.543775
SLD_04362,Landslide,13.137,75.508542
SLD_04363,Landslide,13.13935,75.636272
SLD_04364,Landslide,13.13935,75.636272
SLD_04365,Landslide,13.14075,75.41705556
SLD_04366,Landslide,13.140889,75.41575
SLD_04367,Landslide,13.141222,75.41472222
SLD_04368,Landslide,13.141472,75.41683889
SLD_04369,Landslide,13.141528,75.41797222
SLD_04370,Landslide,13.141639,75.41744444
SLD_04371,Landslide,13.141667,75.41780556
SLD_04372,Landslide,13.142619,75.41562222
SLD_04373,Landslide,13.143431,75.41753611
SLD_04374,Landslide,13.144175,75.41755556
SLD_04375,Landslide,13.144478,75.43241667
SLD_04376,Landslide,13.144519,75.426275
SLD_04377,Landslide,13.144758,75.43283611
SLD_04378,Landslide,13.145178,75.41796389
SLD_04379,Landslide,13.145375,75.41823611
SLD_04380,Landslide,13.145528,75.42067778
SLD_04381,Landslide,13.145528,75.42018889
SLD_04382,Landslide,13.145561,75.43621389
SLD_04383,Landslide,13.145928,75.42161667
SLD_04384,Landslide,13.146178,75.43465833
SLD_04385,Landslide,13.146392,75.44256667
SLD_04386,Landslide,13.146433,75.43439444
SLD_04387,Landslide,13.146717,75.43422778
SLD_04388,Landslide,13.146917,75.631236
SLD_04389,Landslide,13.147483,75.4241
SLD_04390,Landslide,13.147769,75.44210556
SLD_04391,Landslide,13.148119,75.43490833
SLD_04392,Landslide,13.148261,75.43549167
SLD_04393,Landslide,13.148317,75.43513056
SLD_04394,Landslide,13.148333,75.630464
SLD_04395,Landslide,13.148428,75.42396111
SLD_04396,Landslide,13.148653,75.630356
SLD_04397,Landslide,13.148756,75.42409444
SLD_04398,Landslide,13.148922,75.41601944
SLD_04399,Landslide,13.149242,75.629869
SLD_04400,Landslide,13.149242,75.629869
SLD_04401,Landslide,13.149728,75.42378889
SLD_04402,Landslide,13.150133,75.43725556
SLD_04403,Landslide,13.150256,75.43881944
SLD_04404,Landslide,13.150458,75.43668333
SLD_04405,Landslide,13.150633,75.42712778
SLD_04406,Landslide,13.151058,75.43167222
SLD_04407,Landslide,13.151447,75.431875
SLD_04408,Landslide,13.153661,75.43593889
SLD_04409,Landslide,13.154419,75.43788889
SLD_04410,Landslide,13.155258,75.42015833
SLD_04411,Landslide,13.155742,75.43355
SLD_04412,Landslide,13.156464,75.681725
SLD_04413,Landslide,13.157842,75.683764
SLD_04414,Landslide,13.157858,75.687461
SLD_04415,Landslide,13.158122,75.525186
SLD_04416,Landslide,13.158206,75.44531667
SLD_04417,Landslide,13.159769,75.43175833
SLD_04418,Landslide,13.159814,75.43942222
SLD_04419,Landslide,13.160072,75.41798056
SLD_04420,Landslide,13.160139,75.43202778
SLD_04421,Landslide,13.160167,75.41928611
SLD_04422,Landslide,13.160472,75.43705556
SLD_04423,Landslide,13.160475,75.43961667
SLD_04424,Landslide,13.160478,75.41904722
SLD_04425,Landslide,13.1605,75.43075556
SLD_04426,Landslide,13.160556,75.43769444
SLD_04427,Landslide,13.160581,75.43725
SLD_04428,Landslide,13.160611,75.43641667
SLD_04429,Landslide,13.160694,75.43555556
SLD_04430,Landslide,13.1608,75.44183889
SLD_04431,Landslide,13.160889,75.43225
SLD_04432,Landslide,13.160944,75.41573889
SLD_04433,Landslide,13.161203,75.41518056
SLD_04434,Landslide,13.1615,75.42231944
SLD_04435,Landslide,13.161528,75.41494444
SLD_04436,Landslide,13.161556,75.4235
SLD_04437,Landslide,13.161578,75.42305833
SLD_04438,Landslide,13.161736,75.41436944
SLD_04439,Landslide,13.161914,75.42608889
SLD_04440,Landslide,13.162261,75.4255
SLD_04441,Landslide,13.162431,75.41350833
SLD_04442,Landslide,13.162592,75.41584444
SLD_04443,Landslide,13.163106,75.41518333
SLD_04444,Landslide,13.163197,75.40276111
SLD_04445,Landslide,13.163211,75.41568333
SLD_04446,Landslide,13.163303,75.40312778
SLD_04447,Landslide,13.163333,75.40219444
SLD_04448,Landslide,13.163717,75.41236111
SLD_04449,Landslide,13.164083,75.40111111
SLD_04450,Landslide,13.164383,75.41210833
SLD_04451,Landslide,13.164472,75.44251667
SLD_04452,Landslide,13.164778,75.40022222
SLD_04453,Landslide,13.165048,75.410493
SLD_04454,Landslide,13.165128,75.409349
SLD_04455,Landslide,13.165361,75.40733889
SLD_04456,Landslide,13.165375,75.44223889
SLD_04457,Landslide,13.165556,75.41025
SLD_04458,Landslide,13.165612,75.408087
SLD_04459,Landslide,13.165894,75.44276667
SLD_04460,Landslide,13.167662,75.451962
SLD_04461,Landslide,13.168069,75.40731389
SLD_04462,Landslide,13.168325,75.40531389
SLD_04463,Landslide,13.168436,75.40560556
SLD_04464,Landslide,13.168464,75.46169722
SLD_04465,Landslide,13.168481,75.39894722
SLD_04466,Landslide,13.168808,75.40454722
SLD_04467,Landslide,13.169333,75.39791667
SLD_04468,Landslide,13.169783,75.39492778
SLD_04469,Landslide,13.170225,75.651144
SLD_04470,Landslide,13.172864,75.39403611
SLD_04471,Landslide,13.183087,75.365963
SLD_04472,Landslide,13.183209,75.365925
SLD_04473,Landslide,13.184673,75.356275
SLD_04474,Landslide,13.186041,75.411101
SLD_04475,Landslide,13.186824,75.427937
SLD_04476,Landslide,13.189177,75.424377
SLD_04477,Landslide,13.189503,75.309979
SLD_04478,Landslide,13.191528,75.419431
SLD_04479,Landslide,13.193335,75.414127
SLD_04480,Landslide,13.194086,75.56865
SLD_04481,Landslide,13.194101,75.295056
SLD_04482,Landslide,13.195354,75.42306
SLD_04483,Landslide,13.195673,75.423542
SLD_04484,Landslide,13.195735,75.424239
SLD_04485,Landslide,13.195924,75.424656
SLD_04486,Landslide,13.196686,75.409557
SLD_04487,Landslide,13.19676,75.397879
SLD_04488,Landslide,13.196778,75.668722
SLD_04489,Landslide,13.196928,75.3917
SLD_04490,Landslide,13.197706,75.426592
SLD_04491,Landslide,13.197735,75.407739
SLD_04492,Landslide,13.198324,75.417662
SLD_04493,Landslide,13.198978,75.401696
SLD_04494,Landslide,13.199564,75.428616
SLD_04495,Landslide,13.1999,75.405711
SLD_04496,Landslide,13.200817,75.425459
SLD_04497,Landslide,13.202244,75.117919
SLD_04498,Landslide,13.202581,75.410134
SLD_04499,Landslide,13.202962,75.409863
SLD_04500,Landslide,13.20337,75.409634
SLD_04501,Landslide,13.205236,75.426479
SLD_04502,Landslide,13.205598,75.426081
SLD_04503,Landslide,13.209122,75.202078
SLD_04504,Landslide,13.210603,75.258846
SLD_04505,Landslide,13.211987,75.424953
SLD_04506,Landslide,13.212161,75.425065
SLD_04507,Landslide,13.212484,75.425198
SLD_04508,Landslide,13.213854,75.425569
SLD_04509,Landslide,13.214444,75.226133
SLD_04510,Landslide,13.214726,75.377836
SLD_04511,Landslide,13.215624,75.376824
SLD_04512,Landslide,13.21594,75.375912
SLD_04513,Landslide,13.216833,75.421021
SLD_04514,Landslide,13.218696,75.420822
SLD_04515,Landslide,13.219281,75.421672
SLD_04516,Landslide,13.219752,75.41844
SLD_04517,Landslide,13.219795,75.419941
SLD_04518,Landslide,13.219902,75.418781
SLD_04519,Landslide,13.220686,75.370078
SLD_04520,Landslide,13.220775,75.421766
SLD_04521,Landslide,13.220826,75.434083
SLD_04522,Landslide,13.221155,75.418258
SLD_04523,Landslide,13.221942,75.422984
SLD_04524,Landslide,13.222818,75.423086
SLD_04525,Landslide,13.222957,75.366519
SLD_04526,Landslide,13.223744,75.422957
SLD_04527,Landslide,13.225139,75.180889
SLD_04528,Landslide,13.225767,75.426028
SLD_04529,Landslide,13.226405,75.352974
SLD_04530,Landslide,13.226965,75.353314
SLD_04531,Landslide,13.228207,75.418615
SLD_04532,Landslide,13.229565,75.429101
SLD_04533,Landslide,13.233196,75.432255
SLD_04534,Landslide,13.233731,75.600819
SLD_04535,Landslide,13.233731,75.600819
SLD_04536,Landslide,13.234094,75.435418
SLD_04537,Landslide,13.235303,75.603981
SLD_04538,Landslide,13.23698,75.439819
SLD_04539,Landslide,13.237117,75.351554
SLD_04540,Landslide,13.237212,75.440448
SLD_04541,Landslide,13.237481,75.176153
SLD_04542,Landslide,13.240297,75.610642
SLD_04543,Landslide,13.240308,75.610667
SLD_04544,Landslide,13.253575,75.127911
SLD_04545,Landslide,13.254008,75.128328
SLD_04546,Landslide,13.2614,75.129183
SLD_04547,Landslide,13.262025,75.129508
SLD_04548,Landslide,13.263,75.131
SLD_04549,Landslide,13.269044,75.617364
SLD_04550,Landslide,13.2703,75.620444
SLD_04551,Landslide,13.284292,75.127542
SLD_04552,Landslide,13.28643,75.402691
SLD_04553,Landslide,13.287042,75.149761
SLD_04554,Landslide,13.294071,75.394358
SLD_04555,Landslide,13.299417,75.6255
SLD_04556,Landslide,13.323538,75.351872
SLD_04557,Landslide,13.325028,75.142797
SLD_04558,Landslide,13.327428,75.303499
SLD_04559,Landslide,13.332867,75.561889
SLD_04560,Landslide,13.340753,75.598375
SLD_04561,Landslide,13.341,75.170931
SLD_04562,Landslide,13.341724,75.402631
SLD_04563,Landslide,13.355999,75.358491
SLD_04564,Landslide,13.361614,75.206825
SLD_04565,Landslide,13.362853,75.707381
SLD_04566,Landslide,13.368364,75.74775
SLD_04567,Landslide,13.371161,75.214142
SLD_04568,Landslide,13.374531,75.214092
SLD_04569,Landslide,13.376253,75.211964
SLD_04570,Landslide,13.379221,75.393189
SLD_04571,Landslide,13.380311,75.722208
SLD_04572,Landslide,13.382151,75.385448
SLD_04573,Landslide,13.385728,75.724897
SLD_04574,Landslide,13.387708,75.308033
SLD_04575,Landslide,13.390861,75.180214
SLD_04576,Landslide,13.393819,75.645156
SLD_04577,Landslide,13.394984,75.339296
SLD_04578,Landslide,13.394986,75.645078
SLD_04579,Landslide,13.396244,75.732494
SLD_04580,Landslide,13.398056,75.644892
SLD_04581,Landslide,13.39838,75.372827
SLD_04582,Landslide,13.3989,75.644167
SLD_04583,Landslide,13.401244,75.734019
SLD_04584,Landslide,13.403428,75.609367
SLD_04585,Landslide,13.403739,75.233336
SLD_04586,Landslide,13.405536,75.742908
SLD_04587,Landslide,13.405967,75.74395
SLD_04588,Landslide,13.406292,75.7346
SLD_04589,Landslide,13.407422,75.646506
SLD_04590,Landslide,13.409183,75.618222
SLD_04591,Landslide,13.414597,75.724731
SLD_04592,Landslide,13.417269,75.642972
SLD_04593,Landslide,13.435458,75.742806
SLD_04594,Landslide,13.436708,75.190408
SLD_04595,Landslide,13.442789,75.317796
SLD_04596,Landslide,13.446392,75.269855
SLD_04597,Landslide,13.447556,75.317786
SLD_04598,Landslide,13.453847,75.059181
SLD_04599,Landslide,13.46,74.96
SLD_04600,Landslide,13.471956,75.240756
SLD_04601,Landslide,13.473847,75.033892
SLD_04602,Landslide,13.477825,75.047511
SLD_04603,Landslide,13.485731,75.741561
SLD_04604,Landslide,13.486328,75.078558
SLD_04605,Landslide,13.488889,75.077564
SLD_04606,Landslide,13.493678,75.078692
SLD_04607,Landslide,13.494447,75.078311
SLD_04608,Landslide,13.4945,75.075161
SLD_04609,Landslide,13.495022,75.0807
SLD_04610,Landslide,13.495056,75.079806
SLD_04611,Landslide,13.495556,75.075983
SLD_04612,Landslide,13.495797,75.080294
SLD_04613,Landslide,13.496133,75.077625
SLD_04614,Landslide,13.496806,75.079
SLD_04615,Landslide,13.497169,75.080533
SLD_04616,Landslide,13.5,75.39
SLD_04617,Landslide,13.5,75.21
SLD_04618,Landslide,13.5,75.3
SLD_04619,Landslide,13.51,75.39
SLD_04620,Landslide,13.51,75.41
SLD_04621,Landslide,13.51,75.17
SLD_04622,Landslide,13.51,75.11
SLD_04623,Landslide,13.51,75.31
SLD_04624,Landslide,13.51,75.27
SLD_04625,Landslide,13.52,75.33
SLD_04626,Landslide,13.52,75.31
SLD_04627,Landslide,13.52,75.31
SLD_04628,Landslide,13.52,75.27
SLD_04629,Landslide,13.52,75.31
SLD_04630,Landslide,13.52,75.28
SLD_04631,Landslide,13.52,75.26
SLD_04632,Landslide,13.53,75.33
SLD_04633,Landslide,13.53,75.16
SLD_04634,Landslide,13.53,75.24
SLD_04635,Landslide,13.53,75.38
SLD_04636,Landslide,13.53,75.27
SLD_04637,Landslide,13.53,75.26
SLD_04638,Landslide,13.54,75.11
SLD_04639,Landslide,13.54,75.39
SLD_04640,Landslide,13.54,75.27
SLD_04641,Landslide,13.55,75.35
SLD_04642,Landslide,13.55,75.16
SLD_04643,Landslide,13.55,75.12
SLD_04644,Landslide,13.55,75.43
SLD_04645,Landslide,13.56,75.17
SLD_04646,Landslide,13.57,75.3
SLD_04647,Landslide,13.57,75.29
SLD_04648,Landslide,13.57,75.33
SLD_04649,Landslide,13.57,75.41
SLD_04650,Landslide,13.57,75.33
SLD_04651,Landslide,13.58,75.31
SLD_04652,Landslide,13.58,75.31
SLD_04653,Landslide,13.58,75.31
SLD_04654,Landslide,13.59,75.37
SLD_04655,Landslide,13.59,75.36
SLD_04656,Landslide,13.59,75.36
SLD_04657,Landslide,13.59,75.36
SLD_04658,Landslide,13.59,75.45
SLD_04659,Landslide,13.59,75.41
SLD_04660,Landslide,13.59,75.32
SLD_04661,Landslide,13.6,75.33
SLD_04662,Landslide,13.6,75.3
SLD_04663,Landslide,13.6,75.28
SLD_04664,Landslide,13.6,75.31
SLD_04665,Landslide,13.61,75.33
SLD_04666,Landslide,13.62,75.33
SLD_04667,Landslide,13.62,75.26
SLD_04668,Landslide,13.62,75.26
SLD_04669,Landslide,13.62,75.26
SLD_04670,Landslide,13.62,75.27
SLD_04671,Landslide,13.62,75.38
SLD_04672,Landslide,13.62,75.37
SLD_04673,Landslide,13.62,75.29
SLD_04674,Landslide,13.63,75.28
SLD_04675,Landslide,13.63,75.15
SLD_04676,Landslide,13.63,75.15
SLD_04677,Landslide,13.63,75.29
SLD_04678,Landslide,13.64,75.3
SLD_04679,Landslide,13.64,75.14
SLD_04680,Landslide,13.64,75.13
SLD_04681,Landslide,13.64,75.22
SLD_04682,Landslide,13.65,75.32
SLD_04683,Landslide,13.66,75.22
SLD_04684,Landslide,13.66,75.28
SLD_04685,Landslide,13.66,75.14
SLD_04686,Landslide,13.66,75.14
SLD_04687,Landslide,13.66,75.47
SLD_04688,Landslide,13.67,75.07
SLD_04689,Landslide,13.67,75.26
SLD_04690,Landslide,13.67,74.94
SLD_04691,Landslide,13.68,75.05
SLD_04692,Landslide,13.68,75.05
SLD_04693,Landslide,13.68,75.05
SLD_04694,Landslide,13.68,75.25
SLD_04695,Landslide,13.68,74.93
SLD_04696,Landslide,13.69,75.23
SLD_04697,Landslide,13.69,75.15
SLD_04698,Landslide,13.69,75.15
SLD_04699,Landslide,13.69,75.1
SLD_04700,Landslide,13.69,75.24
SLD_04701,Landslide,13.69,75.18
SLD_04702,Landslide,13.69,74.94
SLD_04703,Landslide,13.69,74.93
SLD_04704,Landslide,13.7,75.22
SLD_04705,Landslide,13.7,75.14
SLD_04706,Landslide,13.7,75.14
SLD_04707,Landslide,13.7,75.26
SLD_04708,Landslide,13.7,75.26
SLD_04709,Landslide,13.7,75.26
SLD_04710,Landslide,13.7,75.06
SLD_04711,Landslide,13.7,75.4
SLD_04712,Landslide,13.7,75.27
SLD_04713,Landslide,13.7,75.0
SLD_04714,Landslide,13.7,74.97
SLD_04715,Landslide,13.71,75.13
SLD_04716,Landslide,13.71,75.09
SLD_04717,Landslide,13.71,75.06
SLD_04718,Landslide,13.71,75.05
SLD_04719,Landslide,13.71,75.44
SLD_04720,Landslide,13.71,75.0
SLD_04721,Landslide,13.71,75.0
SLD_04722,Landslide,13.71,75.0
SLD_04723,Landslide,13.71,74.97
SLD_04724,Landslide,13.72,75.15
SLD_04725,Landslide,13.72,75.25
SLD_04726,Landslide,13.72,75.05
SLD_04727,Landslide,13.72,75.04
SLD_04728,Landslide,13.72,75.39
SLD_04729,Landslide,13.72,75.0
SLD_04730,Landslide,13.72,75.01
SLD_04731,Landslide,13.72,75.43
SLD_04732,Landslide,13.72,75.0
SLD_04733,Landslide,13.72,75.0
SLD_04734,Landslide,13.72,75.0
SLD_04735,Landslide,13.72,75.0
SLD_04736,Landslide,13.72,75.0
SLD_04737,Landslide,13.72,75.0
SLD_04738,Landslide,13.72,75.0
SLD_04739,Landslide,13.72,74.99
SLD_04740,Landslide,13.72,74.97
SLD_04741,Landslide,13.72,74.97
SLD_04742,Landslide,13.72,74.97
SLD_04743,Landslide,13.72,74.98
SLD_04744,Landslide,13.72,74.98
SLD_04745,Landslide,13.72,74.98
SLD_04746,Landslide,13.72,74.98
SLD_04747,Landslide,13.72,74.98
SLD_04748,Landslide,13.72,74.98
SLD_04749,Landslide,13.72,74.98
SLD_04750,Landslide,13.72,74.98
SLD_04751,Landslide,13.72,74.98
SLD_04752,Landslide,13.72,74.98
SLD_04753,Landslide,13.72,74.98
SLD_04754,Landslide,13.72,74.98
SLD_04755,Landslide,13.72,74.99
SLD_04756,Landslide,13.72,74.99
SLD_04757,Landslide,13.72,74.99
SLD_04758,Landslide,13.72,74.99
SLD_04759,Landslide,13.72,74.99
SLD_04760,Landslide,13.72,74.99
SLD_04761,Landslide,13.72,74.99
SLD_04762,Landslide,13.72,74.99
SLD_04763,Landslide,13.72,74.99
SLD_04764,Landslide,13.72,74.99
SLD_04765,Landslide,13.72,74.97
SLD_04766,Landslide,13.72,74.97
SLD_04767,Landslide,13.73,75.03
SLD_04768,Landslide,13.73,75.02
SLD_04769,Landslide,13.73,75.44
SLD_04770,Landslide,13.73,74.99
SLD_04771,Landslide,13.74,75.27
SLD_04772,Landslide,13.74,74.82
SLD_04773,Landslide,13.74,74.82
SLD_04774,Landslide,13.75,75.28
SLD_04775,Landslide,13.75,75.24
SLD_04776,Landslide,13.76,74.91
SLD_04777,Landslide,13.76,75.31
SLD_04778,Landslide,13.76,75.45
SLD_04779,Landslide,13.76,75.24
SLD_04780,Landslide,13.76,75.25
SLD_04781,Landslide,13.76,75.07
SLD_04782,Landslide,13.77,75.28
SLD_04783,Landslide,13.77,75.05
SLD_04784,Landslide,13.78,75.27
SLD_04785,Landslide,13.78,75.27
SLD_04786,Landslide,13.78,75.23
SLD_04787,Landslide,13.78,75.23
SLD_04788,Landslide,13.78,75.23
SLD_04789,Landslide,13.78,75.23
SLD_04790,Landslide,13.78,75.1
SLD_04791,Landslide,13.78,75.04
SLD_04792,Landslide,13.79,75.35
SLD_04793,Landslide,13.79,75.35
SLD_04794,Landslide,13.79,75.34
SLD_04795,Landslide,13.79,75.19
SLD_04796,Landslide,13.79,75.12
SLD_04797,Landslide,13.79,75.12
SLD_04798,Landslide,13.79,75.12
SLD_04799,Landslide,13.79,75.04
SLD_04800,Landslide,13.8,74.88
SLD_04801,Landslide,13.8,74.87
SLD_04802,Landslide,13.8,74.82
SLD_04803,Landslide,13.8,75.33
SLD_04804,Landslide,13.8,75.33
SLD_04805,Landslide,13.8,75.33
SLD_04806,Landslide,13.8,75.34
SLD_04807,Landslide,13.8,75.34
SLD_04808,Landslide,13.8,75.33
SLD_04809,Landslide,13.8,75.33
SLD_04810,Landslide,13.8,75.33
SLD_04811,Landslide,13.8,75.15
SLD_04812,Landslide,13.81,74.98
SLD_04813,Landslide,13.81,74.98
SLD_04814,Landslide,13.81,74.97
SLD_04815,Landslide,13.81,75.32
SLD_04816,Landslide,13.81,75.32
SLD_04817,Landslide,13.81,75.13
SLD_04818,Landslide,13.81,75.13
SLD_04819,Landslide,13.81,75.16
SLD_04820,Landslide,13.81,75.09
SLD_04821,Landslide,13.81,75.03
SLD_04822,Landslide,13.82,74.77
SLD_04823,Landslide,13.82,75.06
SLD_04824,Landslide,13.82,75.03
SLD_04825,Landslide,13.83,75.07
SLD_04826,Landslide,13.83,75.06
SLD_04827,Landslide,13.83,75.19
SLD_04828,Landslide,13.84,75.29
SLD_04829,Landslide,13.84,75.38
SLD_04830,Landslide,13.84,75.01
SLD_04831,Landslide,13.84,75.16
SLD_04832,Landslide,13.84,75.19
SLD_04833,Landslide,13.84,75.17
SLD_04834,Landslide,13.84,75.15
SLD_04835,Landslide,13.84,75.16
SLD_04836,Landslide,13.84,75.14
SLD_04837,Landslide,13.84,75.14
SLD_04838,Landslide,13.84,75.06
SLD_04839,Landslide,13.84,75.06
SLD_04840,Landslide,13.84,75.01
SLD_04841,Landslide,13.84,75.01
SLD_04842,Landslide,13.84,75.01
SLD_04843,Landslide,13.84,75.03
SLD_04844,Landslide,13.84,75.46
SLD_04845,Landslide,13.84,75.46
SLD_04846,Landslide,13.85,75.0
SLD_04847,Landslide,13.85,74.67
SLD_04848,Landslide,13.85,74.67
SLD_04849,Landslide,13.85,74.67
SLD_04850,Landslide,13.85,74.67
SLD_04851,Landslide,13.85,75.42
SLD_04852,Landslide,13.85,75.42
SLD_04853,Landslide,13.85,75.42
SLD_04854,Landslide,13.85,75.39
SLD_04855,Landslide,13.85,75.39
SLD_04856,Landslide,13.85,75.22
SLD_04857,Landslide,13.85,75.06
SLD_04858,Landslide,13.85,75.06
SLD_04859,Landslide,13.85,75.1
SLD_04860,Landslide,13.85,75.11
SLD_04861,Landslide,13.85,75.0
SLD_04862,Landslide,13.86,74.88
SLD_04863,Landslide,13.86,75.37
SLD_04864,Landslide,13.86,75.16
SLD_04865,Landslide,13.86,75.15
SLD_04866,Landslide,13.86,75.17
SLD_04867,Landslide,13.86,75.0
SLD_04868,Landslide,13.87,74.9
SLD_04869,Landslide,13.87,74.89
SLD_04870,Landslide,13.87,75.4
SLD_04871,Landslide,13.87,75.42
SLD_04872,Landslide,13.87,75.37
SLD_04873,Landslide,13.87,75.06
SLD_04874,Landslide,13.87,75.14
SLD_04875,Landslide,13.87,75.09
SLD_04876,Landslide,13.87,75.05
SLD_04877,Landslide,13.88,74.81
SLD_04878,Landslide,13.88,74.81
SLD_04879,Landslide,13.88,74.93
SLD_04880,Landslide,13.88,74.93
SLD_04881,Landslide,13.88,74.93
SLD_04882,Landslide,13.88,74.92
SLD_04883,Landslide,13.88,74.92
SLD_04884,Landslide,13.88,75.13
SLD_04885,Landslide,13.88,75.19
SLD_04886,Landslide,13.88,75.22
SLD_04887,Landslide,13.88,75.22
SLD_04888,Landslide,13.88,75.14
SLD_04889,Landslide,13.88,75.14
SLD_04890,Landslide,13.88,75.14
SLD_04891,Landslide,13.88,75.16
SLD_04892,Landslide,13.88,75.11
SLD_04893,Landslide,13.89,74.82
SLD_04894,Landslide,13.89,74.82
SLD_04895,Landslide,13.89,74.82
SLD_04896,Landslide,13.89,74.82
SLD_04897,Landslide,13.89,74.82
SLD_04898,Landslide,13.89,74.82
SLD_04899,Landslide,13.89,74.83
SLD_04900,Landslide,13.89,74.83
SLD_04901,Landslide,13.89,74.83
SLD_04902,Landslide,13.89,74.83
SLD_04903,Landslide,13.89,74.83
SLD_04904,Landslide,13.89,74.83
SLD_04905,Landslide,13.89,74.83
SLD_04906,Landslide,13.89,74.83
SLD_04907,Landslide,13.89,74.83
SLD_04908,Landslide,13.89,74.83
SLD_04909,Landslide,13.89,74.83
SLD_04910,Landslide,13.89,74.83
SLD_04911,Landslide,13.89,74.84
SLD_04912,Landslide,13.89,74.84
SLD_04913,Landslide,13.89,74.84
SLD_04914,Landslide,13.89,74.84
SLD_04915,Landslide,13.89,74.84
SLD_04916,Landslide,13.89,74.95
SLD_04917,Landslide,13.89,74.93
SLD_04918,Landslide,13.89,75.33
SLD_04919,Landslide,13.89,75.33
SLD_04920,Landslide,13.89,75.33
SLD_04921,Landslide,13.89,75.33
SLD_04922,Landslide,13.89,75.19
SLD_04923,Landslide,13.89,75.19
SLD_04924,Landslide,13.89,75.19
SLD_04925,Landslide,13.89,75.17
SLD_04926,Landslide,13.89,75.17
SLD_04927,Landslide,13.89,75.2
SLD_04928,Landslide,13.9,74.91
SLD_04929,Landslide,13.9,74.91
SLD_04930,Landslide,13.9,74.92
SLD_04931,Landslide,13.9,74.92
SLD_04932,Landslide,13.9,74.82
SLD_04933,Landslide,13.9,74.82
SLD_04934,Landslide,13.9,74.82
SLD_04935,Landslide,13.9,74.86
SLD_04936,Landslide,13.9,74.84
SLD_04937,Landslide,13.9,74.82
SLD_04938,Landslide,13.9,74.83
SLD_04939,Landslide,13.9,74.83
SLD_04940,Landslide,13.9,74.83
SLD_04941,Landslide,13.9,74.83
SLD_04942,Landslide,13.9,74.83
SLD_04943,Landslide,13.9,74.83
SLD_04944,Landslide,13.9,74.84
SLD_04945,Landslide,13.9,74.94
SLD_04946,Landslide,13.9,74.94
SLD_04947,Landslide,13.9,74.94
SLD_04948,Landslide,13.9,75.3
SLD_04949,Landslide,13.9,75.3
SLD_04950,Landslide,13.9,75.3
SLD_04951,Landslide,13.91,74.93
SLD_04952,Landslide,13.91,74.92
SLD_04953,Landslide,13.91,74.92
SLD_04954,Landslide,13.91,74.94
SLD_04955,Landslide,13.91,74.93
SLD_04956,Landslide,13.91,74.88
SLD_04957,Landslide,13.91,74.88
SLD_04958,Landslide,13.91,74.86
SLD_04959,Landslide,13.91,74.86
SLD_04960,Landslide,13.91,74.86
SLD_04961,Landslide,13.91,74.86
SLD_04962,Landslide,13.91,74.86
SLD_04963,Landslide,13.91,74.86
SLD_04964,Landslide,13.91,74.85
SLD_04965,Landslide,13.91,74.85
SLD_04966,Landslide,13.91,75.3
SLD_04967,Landslide,13.91,75.16
SLD_04968,Landslide,13.91,75.16
SLD_04969,Landslide,13.91,75.16
SLD_04970,Landslide,13.91,75.16
SLD_04971,Landslide,13.92,74.92
SLD_04972,Landslide,13.92,74.91
SLD_04973,Landslide,13.92,74.9
SLD_04974,Landslide,13.92,74.9
SLD_04975,Landslide,13.92,74.9
SLD_04976,Landslide,13.92,74.89
SLD_04977,Landslide,13.92,74.9
SLD_04978,Landslide,13.92,74.88
SLD_04979,Landslide,13.92,74.92
SLD_04980,Landslide,13.92,74.92
SLD_04981,Landslide,13.92,74.92
SLD_04982,Landslide,13.92,74.83
SLD_04983,Landslide,13.92,74.82
SLD_04984,Landslide,13.92,75.37
SLD_04985,Landslide,13.92,75.19
SLD_04986,Landslide,13.92,75.19
SLD_04987,Landslide,13.92,75.18
SLD_04988,Landslide,13.92,75.18
SLD_04989,Landslide,13.92,75.18
SLD_04990,Landslide,13.92,75.16
SLD_04991,Landslide,13.92,75.42
SLD_04992,Landslide,13.92,75.42
SLD_04993,Landslide,13.93,74.92
SLD_04994,Landslide,13.93,74.91
SLD_04995,Landslide,13.93,74.87
SLD_04996,Landslide,13.93,74.84
SLD_04997,Landslide,13.93,74.85
SLD_04998,Landslide,13.93,74.87
SLD_04999,Landslide,13.93,74.68
SLD_05000,Landslide,13.93,75.2
SLD_05001,Landslide,13.93,75.14
SLD_05002,Landslide,13.93,75.21
SLD_05003,Landslide,13.93,75.18
SLD_05004,Landslide,13.93,75.18
SLD_05005,Landslide,13.93,75.18
SLD_05006,Landslide,13.93,75.15
SLD_05007,Landslide,13.94,74.88
SLD_05008,Landslide,13.94,74.88
SLD_05009,Landslide,13.94,74.88
SLD_05010,Landslide,13.94,74.83
SLD_05011,Landslide,13.94,74.78
SLD_05012,Landslide,13.94,74.85
SLD_05013,Landslide,13.94,74.66
SLD_05014,Landslide,13.94,74.66
SLD_05015,Landslide,13.94,75.21
SLD_05016,Landslide,13.95,74.89
SLD_05017,Landslide,13.95,74.9
SLD_05018,Landslide,13.95,74.9
SLD_05019,Landslide,13.95,74.86
SLD_05020,Landslide,13.95,74.85
SLD_05021,Landslide,13.95,74.86
SLD_05022,Landslide,13.95,74.78
SLD_05023,Landslide,13.95,75.1
SLD_05024,Landslide,13.95,75.08
SLD_05025,Landslide,13.96,75.15
SLD_05026,Landslide,13.96,75.26
SLD_05027,Landslide,13.96,75.07
SLD_05028,Landslide,13.97,75.15
SLD_05029,Landslide,13.97,75.15
SLD_05030,Landslide,13.98,74.89
SLD_05031,Landslide,13.98,74.72
SLD_05032,Landslide,13.98,75.14
SLD_05033,Landslide,13.98,75.09
SLD_05034,Landslide,13.98,75.06
SLD_05035,Landslide,13.98,75.05
SLD_05036,Landslide,13.99,74.81
SLD_05037,Landslide,13.99,75.11
SLD_05038,Landslide,13.99,75.03
SLD_05039,Landslide,14.001139,74.876667
SLD_05040,Landslide,14.002844,74.874947
SLD_05041,Landslide,14.00485,74.811661
SLD_05042,Landslide,14.007997,74.818453
SLD_05043,Landslide,14.009181,74.788264
SLD_05044,Landslide,14.010264,74.816386
SLD_05045,Landslide,14.012589,74.866664
SLD_05046,Landslide,14.013264,74.869131
SLD_05047,Landslide,14.014731,74.833011
SLD_05048,Landslide,14.020047,74.835033
SLD_05049,Landslide,14.023328,74.853125
SLD_05050,Landslide,14.023847,74.830247
SLD_05051,Landslide,14.028472,74.776253
SLD_05052,Landslide,14.031128,74.713639
SLD_05053,Landslide,14.036331,74.795128
SLD_05054,Landslide,14.049619,74.802394
SLD_05055,Landslide,14.049914,74.853911
SLD_05056,Landslide,14.052469,74.860161
SLD_05057,Landslide,14.058392,74.8035
SLD_05058,Landslide,14.059347,74.80565
SLD_05059,Landslide,14.06,75.04
SLD_05060,Landslide,14.062503,74.808583
SLD_05061,Landslide,14.065306,74.832344
SLD_05062,Landslide,14.073758,74.821681
SLD_05063,Landslide,14.077044,74.811725
SLD_05064,Landslide,14.079661,74.811728
SLD_05065,Landslide,14.080858,74.742881
SLD_05066,Landslide,14.080917,74.743478
SLD_05067,Landslide,14.09,75.0
SLD_05068,Landslide,14.091894,74.670994
SLD_05069,Landslide,14.096,74.675528
SLD_05070,Landslide,14.096253,74.678681
SLD_05071,Landslide,14.1,75.21
SLD_05072,Landslide,14.112739,74.980333
SLD_05073,Landslide,14.114,74.976431
SLD_05074,Landslide,14.119419,74.986361
SLD_05075,Landslide,14.120367,74.973403
SLD_05076,Landslide,14.120372,74.971867
SLD_05077,Landslide,14.127425,74.970967
SLD_05078,Landslide,14.127831,74.961164
SLD_05079,Landslide,14.128722,74.963661
SLD_05080,Landslide,14.137206,74.700028
SLD_05081,Landslide,14.143389,74.722225
SLD_05082,Landslide,14.147194,74.791139
SLD_05083,Landslide,14.165567,74.818631
SLD_05084,Landslide,14.167197,74.493886
SLD_05085,Landslide,14.170025,74.713867
SLD_05086,Landslide,14.173411,74.734375
SLD_05087,Landslide,14.17545,74.815561
SLD_05088,Landslide,14.194444,74.801667
SLD_05089,Landslide,14.195433,74.52785
SLD_05090,Landslide,14.206275,74.845044
SLD_05091,Landslide,14.206808,74.841672
SLD_05092,Landslide,14.206872,74.841175
SLD_05093,Landslide,14.210531,74.839356
SLD_05094,Landslide,14.217167,74.859472
SLD_05095,Landslide,14.218883,74.542164
SLD_05096,Landslide,14.219406,74.537361
SLD_05097,Landslide,14.219411,74.830753
SLD_05098,Landslide,14.219694,74.833539
SLD_05099,Landslide,14.221556,74.589669
SLD_05100,Landslide,14.222208,74.590919
SLD_05101,Landslide,14.222972,74.586583
SLD_05102,Landslide,14.223481,74.662131
SLD_05103,Landslide,14.225842,74.495886
SLD_05104,Landslide,14.226167,74.531
SLD_05105,Landslide,14.226761,74.528025
SLD_05106,Landslide,14.226983,74.528033
SLD_05107,Landslide,14.228011,74.596661
SLD_05108,Landslide,14.228333,74.814633
SLD_05109,Landslide,14.228697,74.815714
SLD_05110,Landslide,14.229125,74.816253
SLD_05111,Landslide,14.2295,74.668589
SLD_05112,Landslide,14.229553,74.669067
SLD_05113,Landslide,14.229953,74.609153
SLD_05114,Landslide,14.230039,74.448117
SLD_05115,Landslide,14.230194,74.527528
SLD_05116,Landslide,14.230747,74.671167
SLD_05117,Landslide,14.231456,74.567189
SLD_05118,Landslide,14.231603,74.828039
SLD_05119,Landslide,14.231622,74.461761
SLD_05120,Landslide,14.231828,74.811747
SLD_05121,Landslide,14.232933,74.813011
SLD_05122,Landslide,14.234739,74.812519
SLD_05123,Landslide,14.235144,74.812119
SLD_05124,Landslide,14.236508,74.495106
SLD_05125,Landslide,14.236778,74.446892
SLD_05126,Landslide,14.237869,74.447461
SLD_05127,Landslide,14.237903,74.596992
SLD_05128,Landslide,14.238231,74.447914
SLD_05129,Landslide,14.238522,74.448597
SLD_05130,Landslide,14.238533,74.449397
SLD_05131,Landslide,14.238608,74.4827
SLD_05132,Landslide,14.238939,74.457739
SLD_05133,Landslide,14.240242,74.594225
SLD_05134,Landslide,14.241386,74.456125
SLD_05135,Landslide,14.2422,74.452914
SLD_05136,Landslide,14.243736,74.655083
SLD_05137,Landslide,14.245403,74.657461
SLD_05138,Landslide,14.245425,74.576367
SLD_05139,Landslide,14.245444,74.577111
SLD_05140,Landslide,14.2457,74.656542
SLD_05141,Landslide,14.246047,74.572294
SLD_05142,Landslide,14.246194,74.57425
SLD_05143,Landslide,14.246953,74.485958
SLD_05144,Landslide,14.248083,74.67205
SLD_05145,Landslide,14.248139,74.653167
SLD_05146,Landslide,14.253694,74.807056
SLD_05147,Landslide,14.255972,74.793972
SLD_05148,Landslide,14.255972,74.857861
SLD_05149,Landslide,14.256472,74.671222
SLD_05150,Landslide,14.258972,74.671472
SLD_05151,Landslide,14.264111,74.540111
SLD_05152,Landslide,14.265528,74.757444
SLD_05153,Landslide,14.267583,74.680056
SLD_05154,Landslide,14.268222,74.7575
SLD_05155,Landslide,14.26875,74.684222
SLD_05156,Landslide,14.269167,74.683833
SLD_05157,Landslide,14.270972,74.687694
SLD_05158,Landslide,14.271194,74.691222
SLD_05159,Landslide,14.273333,74.702722
SLD_05160,Landslide,14.274,74.697944
SLD_05161,Landslide,14.274306,74.699056
SLD_05162,Landslide,14.274694,74.7085
SLD_05163,Landslide,14.274694,74.7085
SLD_05164,Landslide,14.275111,74.732028
SLD_05165,Landslide,14.275389,74.527528
SLD_05166,Landslide,14.275444,74.72725
SLD_05167,Landslide,14.275722,74.721861
SLD_05168,Landslide,14.27625,74.720667
SLD_05169,Landslide,14.277111,74.737833
SLD_05170,Landslide,14.277111,74.719833
SLD_05171,Landslide,14.277111,74.729917
SLD_05172,Landslide,14.277611,74.737139
SLD_05173,Landslide,14.277917,74.734278
SLD_05174,Landslide,14.279333,74.715583
SLD_05175,Landslide,14.279917,74.716917
SLD_05176,Landslide,14.283833,74.520778
SLD_05177,Landslide,14.284694,74.729694
SLD_05178,Landslide,14.286172,74.448842
SLD_05179,Landslide,14.286222,74.511278
SLD_05180,Landslide,14.28725,74.686306
SLD_05181,Landslide,14.288222,74.6915
SLD_05182,Landslide,14.28825,74.692472
SLD_05183,Landslide,14.288722,74.542278
SLD_05184,Landslide,14.288833,74.693306
SLD_05185,Landslide,14.290722,74.701028
SLD_05186,Landslide,14.291778,74.695083
SLD_05187,Landslide,14.293111,74.696556
SLD_05188,Landslide,14.294267,74.442725
SLD_05189,Landslide,14.297,74.475506
SLD_05190,Landslide,14.297014,74.471497
SLD_05191,Landslide,14.297056,74.472044
SLD_05192,Landslide,14.297567,74.475619
SLD_05193,Landslide,14.298681,74.475822
SLD_05194,Landslide,14.301492,74.487336
SLD_05195,Landslide,14.303511,74.483756
SLD_05196,Landslide,14.304397,74.486889
SLD_05197,Landslide,14.306669,74.491472
SLD_05198,Landslide,14.332056,74.545861
SLD_05199,Landslide,14.334578,74.435539
SLD_05200,Landslide,14.337917,74.567028
SLD_05201,Landslide,14.349944,74.508361
SLD_05202,Landslide,14.350194,74.507242
SLD_05203,Landslide,14.350817,74.433283
SLD_05204,Landslide,14.3521,74.449561
SLD_05205,Landslide,14.357747,74.4182
SLD_05206,Landslide,14.368361,74.410456
SLD_05207,Landslide,14.389433,74.431697
SLD_05208,Landslide,14.389806,74.665028
SLD_05209,Landslide,14.391972,74.662222
SLD_05210,Landslide,14.396889,74.664222
SLD_05211,Landslide,14.397139,74.666472
SLD_05212,Landslide,14.397333,74.665833
SLD_05213,Landslide,14.407583,74.449869
SLD_05214,Landslide,14.411639,74.434944
SLD_05215,Landslide,14.420217,74.414311
SLD_05216,Landslide,14.430736,74.40605
SLD_05217,Landslide,14.435161,74.404422
SLD_05218,Landslide,14.435217,74.471117
SLD_05219,Landslide,14.437611,74.478415
SLD_05220,Landslide,14.438194,74.786167
SLD_05221,Landslide,14.438631,74.479369
SLD_05222,Landslide,14.438972,74.787028
SLD_05223,Landslide,14.439564,74.467028
SLD_05224,Landslide,14.439661,74.479758
SLD_05225,Landslide,14.440903,74.468294
SLD_05226,Landslide,14.442389,74.785417
SLD_05227,Landslide,14.442861,74.785889
SLD_05228,Landslide,14.443583,74.469028
SLD_05229,Landslide,14.443583,74.783861
SLD_05230,Landslide,14.443778,74.468528
SLD_05231,Landslide,14.452075,74.450083
SLD_05232,Landslide,14.452544,74.447486
SLD_05233,Landslide,14.452594,74.447908
SLD_05234,Landslide,14.453331,74.452339
SLD_05235,Landslide,14.454286,74.485383
SLD_05236,Landslide,14.454528,74.778833
SLD_05237,Landslide,14.455586,74.471689
SLD_05238,Landslide,14.455597,74.482706
SLD_05239,Landslide,14.459444,74.777139
SLD_05240,Landslide,14.461056,74.753222
SLD_05241,Landslide,14.467861,74.803083
SLD_05242,Landslide,14.470769,74.459786
SLD_05243,Landslide,14.471861,74.77525
SLD_05244,Landslide,14.474,74.775167
SLD_05245,Landslide,14.474361,74.776611
SLD_05246,Landslide,14.47875,74.807306
SLD_05247,Landslide,14.480294,74.4378
SLD_05248,Landslide,14.480294,74.4378
SLD_05249,Landslide,14.481,74.877056
SLD_05250,Landslide,14.486453,74.495181
SLD_05251,Landslide,14.487181,74.494575
SLD_05252,Landslide,14.490544,74.496694
SLD_05253,Landslide,14.49075,74.772639
SLD_05254,Landslide,14.4945,74.80475
SLD_05255,Landslide,14.5,74.81
SLD_05256,Landslide,14.5,74.77
SLD_05257,Landslide,14.504106,74.361631
SLD_05258,Landslide,14.504397,74.362122
SLD_05259,Landslide,14.509406,74.526333
SLD_05260,Landslide,14.51,74.8
SLD_05261,Landslide,14.51,74.8
SLD_05262,Landslide,14.51,74.79
SLD_05263,Landslide,14.51,74.83
SLD_05264,Landslide,14.51,74.84
SLD_05265,Landslide,14.51,74.82
SLD_05266,Landslide,14.51,74.82
SLD_05267,Landslide,14.51,74.82
SLD_05268,Landslide,14.51,74.81
SLD_05269,Landslide,14.51,74.81
SLD_05270,Landslide,14.51,74.81
SLD_05271,Landslide,14.51,74.81
SLD_05272,Landslide,14.51,74.82
SLD_05273,Landslide,14.51,74.83
SLD_05274,Landslide,14.51,74.81
SLD_05275,Landslide,14.51,74.78
SLD_05276,Landslide,14.51,74.88
SLD_05277,Landslide,14.513489,74.411117
SLD_05278,Landslide,14.513489,74.411117
SLD_05279,Landslide,14.517317,74.409617
SLD_05280,Landslide,14.517933,74.409533
SLD_05281,Landslide,14.52,74.79
SLD_05282,Landslide,14.52,74.84
SLD_05283,Landslide,14.52,74.84
SLD_05284,Landslide,14.52,74.81
SLD_05285,Landslide,14.52,74.88
SLD_05286,Landslide,14.522436,74.566222
SLD_05287,Landslide,14.522492,74.576103
SLD_05288,Landslide,14.52535,74.561575
SLD_05289,Landslide,14.527781,74.631389
SLD_05290,Landslide,14.53,74.8
SLD_05291,Landslide,14.53,74.83
SLD_05292,Landslide,14.53,74.85
SLD_05293,Landslide,14.53,74.85
SLD_05294,Landslide,14.53,74.76
SLD_05295,Landslide,14.530608,74.644547
SLD_05296,Landslide,14.536633,74.349539
SLD_05297,Landslide,14.538083,74.398733
SLD_05298,Landslide,14.54,74.8
SLD_05299,Landslide,14.54,74.82
SLD_05300,Landslide,14.54,74.82
SLD_05301,Landslide,14.54,74.79
SLD_05302,Landslide,14.54,74.79
SLD_05303,Landslide,14.54,74.83
SLD_05304,Landslide,14.54,74.84
SLD_05305,Landslide,14.5449,74.442217
SLD_05306,Landslide,14.547444,74.702506
SLD_05307,Landslide,14.547444,74.7025
SLD_05308,Landslide,14.552222,74.768611
SLD_05309,Landslide,14.56,74.88
SLD_05310,Landslide,14.57,74.86
SLD_05311,Landslide,14.576556,74.383556
SLD_05312,Landslide,14.576889,74.383556
SLD_05313,Landslide,14.577564,74.557517
SLD_05314,Landslide,14.58,74.87
SLD_05315,Landslide,14.58025,74.382819
SLD_05316,Landslide,14.580583,74.38275
SLD_05317,Landslide,14.581078,74.382472
SLD_05318,Landslide,14.581617,74.372433
SLD_05319,Landslide,14.583333,74.35
SLD_05320,Landslide,14.59155,74.35905
SLD_05321,Landslide,14.5932,74.360217
SLD_05322,Landslide,14.6,74.77
SLD_05323,Landslide,14.601428,74.367167
SLD_05324,Landslide,14.602008,74.367908
SLD_05325,Landslide,14.602117,74.363667
SLD_05326,Landslide,14.603067,74.380464
SLD_05327,Landslide,14.604,74.35775
SLD_05328,Landslide,14.60555,74.361867
SLD_05329,Landslide,14.60605,74.3619
SLD_05330,Landslide,14.608483,74.3607
SLD_05331,Landslide,14.60875,74.360183
SLD_05332,Landslide,14.609133,74.688339
SLD_05333,Landslide,14.613297,74.554911
SLD_05334,Landslide,14.61335,74.357433
SLD_05335,Landslide,14.613467,74.35745
SLD_05336,Landslide,14.61375,74.35795
SLD_05337,Landslide,14.613833,74.306
SLD_05338,Landslide,14.614033,74.305017
SLD_05339,Landslide,14.61505,74.357683
SLD_05340,Landslide,14.615669,74.555067
SLD_05341,Landslide,14.615761,74.557853
SLD_05342,Landslide,14.63,74.91
SLD_05343,Landslide,14.63,74.87
SLD_05344,Landslide,14.64,74.8
SLD_05345,Landslide,14.65,74.8
SLD_05346,Landslide,14.66,74.83
SLD_05347,Landslide,14.66,74.84
SLD_05348,Landslide,14.67,74.85
SLD_05349,Landslide,14.67,74.85
SLD_05350,Landslide,14.67,74.85
SLD_05351,Landslide,14.672017,74.310767
SLD_05352,Landslide,14.672233,74.311217
SLD_05353,Landslide,14.685267,74.3762
SLD_05354,Landslide,14.685386,74.409675
SLD_05355,Landslide,14.68815,74.3545
SLD_05356,Landslide,14.688317,74.353283
SLD_05357,Landslide,14.69,74.82
SLD_05358,Landslide,14.69,74.9
SLD_05359,Landslide,14.69,74.82
SLD_05360,Landslide,14.6909,74.343717
SLD_05361,Landslide,14.7,74.82
SLD_05362,Landslide,14.7,74.88
SLD_05363,Landslide,14.7,74.88
SLD_05364,Landslide,14.7,74.84
SLD_05365,Landslide,14.7,74.91
SLD_05366,Landslide,14.71,74.81
SLD_05367,Landslide,14.71,74.83
SLD_05368,Landslide,14.71,74.84
SLD_05369,Landslide,14.72,74.78
SLD_05370,Landslide,14.73,74.75
SLD_05371,Landslide,14.73,74.82
SLD_05372,Landslide,14.73,74.88
SLD_05373,Landslide,14.73,74.89
SLD_05374,Landslide,14.734722,74.680556
SLD_05375,Landslide,14.73525,74.678889
SLD_05376,Landslide,14.738889,74.674258
SLD_05377,Landslide,14.74,74.82
SLD_05378,Landslide,14.743333,74.665833
SLD_05379,Landslide,14.743611,74.651472
SLD_05380,Landslide,14.744167,74.580833
SLD_05381,Landslide,14.744972,74.663611
SLD_05382,Landslide,14.746339,74.662003
SLD_05383,Landslide,14.746378,74.250608
SLD_05384,Landslide,14.746444,74.250233
SLD_05385,Landslide,14.746661,74.250747
SLD_05386,Landslide,14.746788,74.250685
SLD_05387,Landslide,14.746861,74.250008
SLD_05388,Landslide,14.747278,74.560556
SLD_05389,Landslide,14.75,74.86
SLD_05390,Landslide,14.76,74.8
SLD_05391,Landslide,14.76,74.81
SLD_05392,Landslide,14.76,74.81
SLD_05393,Landslide,14.761667,74.191572
SLD_05394,Landslide,14.766164,74.188228
SLD_05395,Landslide,14.77,74.81
SLD_05396,Landslide,14.77,74.81
SLD_05397,Landslide,14.77,74.83
SLD_05398,Landslide,14.77,74.86
SLD_05399,Landslide,14.77,74.82
SLD_05400,Landslide,14.77,74.81
SLD_05401,Landslide,14.770642,74.163617
SLD_05402,Landslide,14.771761,74.162281
SLD_05403,Landslide,14.7782,74.6613
SLD_05404,Landslide,14.78,74.84
SLD_05405,Landslide,14.78,74.81
SLD_05406,Landslide,14.78,74.88
SLD_05407,Landslide,14.7809,74.14655
SLD_05408,Landslide,14.781483,74.136114
SLD_05409,Landslide,14.79,74.95
SLD_05410,Landslide,14.790583,74.115267
SLD_05411,Landslide,14.791131,74.116453
SLD_05412,Landslide,14.8,74.81
SLD_05413,Landslide,14.8,74.81
SLD_05414,Landslide,14.8,74.75
SLD_05415,Landslide,14.8,74.83
SLD_05416,Landslide,14.803672,74.125169
SLD_05417,Landslide,14.81,74.81
SLD_05418,Landslide,14.81,74.76
SLD_05419,Landslide,14.82,74.81
SLD_05420,Landslide,14.834917,74.177044
SLD_05421,Landslide,14.8361,74.6537
SLD_05422,Landslide,14.8376,74.4395
SLD_05423,Landslide,14.84,74.84
SLD_05424,Landslide,14.846669,74.183056
SLD_05425,Landslide,14.846883,74.182911
SLD_05426,Landslide,14.846883,74.182911
SLD_05427,Landslide,14.849875,74.179033
SLD_05428,Landslide,14.85,74.83
SLD_05429,Landslide,14.85,74.85
SLD_05430,Landslide,14.853583,74.217447
SLD_05431,Landslide,14.857375,74.230567
SLD_05432,Landslide,14.873633,74.136217
SLD_05433,Landslide,14.8755,74.6543
SLD_05434,Landslide,14.88,74.76
SLD_05435,Landslide,14.88455,74.141756
SLD_05436,Landslide,14.886633,74.165033
SLD_05437,Landslide,14.8879,74.5624
SLD_05438,Landslide,14.889,74.5612
SLD_05439,Landslide,14.8908,74.6549
SLD_05440,Landslide,14.8935,74.6538
SLD_05441,Landslide,14.9,74.82
SLD_05442,Landslide,14.9005,74.197283
SLD_05443,Landslide,14.9021,74.5611
SLD_05444,Landslide,14.908917,74.20405
SLD_05445,Landslide,14.910767,74.098519
SLD_05446,Landslide,14.911914,74.101367
SLD_05447,Landslide,14.9304,74.3575
SLD_05448,Landslide,14.9354,74.3602
SLD_05449,Landslide,14.938647,74.066544
SLD_05450,Landslide,14.940944,74.073261
SLD_05451,Landslide,14.941061,74.072997
SLD_05452,Landslide,14.9413,74.3611
SLD_05453,Landslide,14.9449,74.3613
SLD_05454,Landslide,14.946756,74.068536
SLD_05455,Landslide,14.954078,74.061417
SLD_05456,Landslide,14.954614,74.061364
SLD_05457,Landslide,14.9573,74.060078
SLD_05458,Landslide,14.959956,74.054328
SLD_05459,Landslide,14.965842,74.079686
SLD_05460,Landslide,14.966778,74.077769
SLD_05461,Landslide,14.974,74.5761
SLD_05462,Landslide,14.9854,74.5903
SLD_05463,Landslide,14.9972,74.6548
SLD_05464,Landslide,14.997794,74.067614
SLD_05465,Landslide,15.002611,74.359056
SLD_05466,Landslide,15.003167,74.358917
SLD_05467,Landslide,15.004667,74.358306
SLD_05468,Landslide,15.012778,74.400333
SLD_05469,Landslide,15.013111,74.402306
SLD_05470,Landslide,15.013528,74.404222
SLD_05471,Landslide,15.01375,74.406167
SLD_05472,Landslide,15.014339,74.037694
SLD_05473,Landslide,15.017553,74.034444
SLD_05474,Landslide,15.019861,74.498
SLD_05475,Landslide,15.021,74.434361
SLD_05476,Landslide,15.022417,74.497472
SLD_05477,Landslide,15.02325,74.445278
SLD_05478,Landslide,15.03,74.56
SLD_05479,Landslide,15.031378,74.023722
SLD_05480,Landslide,15.04,74.55
SLD_05481,Landslide,15.04,74.64
SLD_05482,Landslide,15.04,74.64
SLD_05483,Landslide,15.041722,74.349333
SLD_05484,Landslide,15.05,74.63
SLD_05485,Landslide,15.051183,74.022444
SLD_05486,Landslide,15.055383,74.025556
SLD_05487,Landslide,15.056369,74.025861
SLD_05488,Landslide,15.06,74.55
SLD_05489,Landslide,15.09,74.65
SLD_05490,Landslide,15.09,74.65
SLD_05491,Landslide,15.09,74.65
SLD_05492,Landslide,15.09,74.65
SLD_05493,Landslide,15.09,74.52
SLD_05494,Landslide,15.1,74.65
SLD_05495,Landslide,15.1,74.65
SLD_05496,Landslide,15.1,74.65
SLD_05497,Landslide,15.1,74.65
SLD_05498,Landslide,15.1,74.65
SLD_05499,Landslide,15.108639,74.371556
SLD_05500,Landslide,15.109667,74.369389
SLD_05501,Landslide,15.11,74.65
SLD_05502,Landslide,15.11,74.65
SLD_05503,Landslide,15.132222,73.951667
SLD_05504,Landslide,15.135,73.954444
SLD_05505,Landslide,15.148361,74.435333
SLD_05506,Landslide,15.149139,74.445389
SLD_05507,Landslide,15.149417,74.446028
SLD_05508,Landslide,15.149444,74.447861
SLD_05509,Landslide,15.17,74.63
SLD_05510,Landslide,15.17,74.63
SLD_05511,Landslide,15.172214,74.107333
SLD_05512,Landslide,15.187333,74.361389
SLD_05513,Landslide,15.187667,74.361028
SLD_05514,Landslide,15.19,74.55
SLD_05515,Landslide,15.190278,74.498694
SLD_05516,Landslide,15.219278,74.386833
SLD_05517,Landslide,15.22,74.54
SLD_05518,Landslide,15.220639,74.395472
SLD_05519,Landslide,15.221361,74.399944
SLD_05520,Landslide,15.223417,74.398917
SLD_05521,Landslide,15.23,74.54
SLD_05522,Landslide,15.263139,74.33325
SLD_05523,Landslide,15.27,74.1
SLD_05524,Landslide,15.27,74.02
SLD_05525,Landslide,15.28,74.08
SLD_05526,Landslide,15.281444,74.524583
SLD_05527,Landslide,15.282417,74.523472
SLD_05528,Landslide,15.297722,74.509556
SLD_05529,Landslide,15.310972,74.54075
SLD_05530,Landslide,15.321111,74.562417
SLD_05531,Landslide,15.324842,74.382472
SLD_05532,Landslide,15.327206,74.380369
SLD_05533,Landslide,15.3325,74.306333
SLD_05534,Landslide,15.347667,74.348778
SLD_05535,Landslide,15.355,73.976389
SLD_05536,Landslide,15.37,73.960278
SLD_05537,Landslide,15.385,73.951111
SLD_05538,Landslide,15.39,73.913333
SLD_05539,Landslide,15.391667,73.903611
SLD_05540,Landslide,15.394417,74.581083
SLD_05541,Landslide,15.394444,73.903889
SLD_05542,Landslide,15.398753,74.338233
SLD_05543,Landslide,15.4,74.03
SLD_05544,Landslide,15.402778,73.908333
SLD_05545,Landslide,15.41,74.25
SLD_05546,Landslide,15.41,74.24
SLD_05547,Landslide,15.41,74.02
SLD_05548,Landslide,15.41,74.02
SLD_05549,Landslide,15.410917,74.2635
SLD_05550,Landslide,15.410944,74.264944
SLD_05551,Landslide,15.410944,74.264944
SLD_05552,Landslide,15.410972,74.270139
SLD_05553,Landslide,15.411278,74.266278
SLD_05554,Landslide,15.411444,74.267722
SLD_05555,Landslide,15.412194,74.268389
SLD_05556,Landslide,15.412306,74.268694
SLD_05557,Landslide,15.412489,74.267069
SLD_05558,Landslide,15.413047,74.266831
SLD_05559,Landslide,15.4135,74.255333
SLD_05560,Landslide,15.413564,74.26695
SLD_05561,Landslide,15.414333,74.267167
SLD_05562,Landslide,15.415325,74.267275
SLD_05563,Landslide,15.415419,74.280017
SLD_05564,Landslide,15.416361,74.262139
SLD_05565,Landslide,15.416472,74.26075
SLD_05566,Landslide,15.416639,74.261028
SLD_05567,Landslide,15.417044,74.267761
SLD_05568,Landslide,15.418697,74.270856
SLD_05569,Landslide,15.422222,73.985
SLD_05570,Landslide,15.422481,74.279461
SLD_05571,Landslide,15.423686,74.279558
SLD_05572,Landslide,15.425225,74.279814
SLD_05573,Landslide,15.428328,74.285953
SLD_05574,Landslide,15.428539,74.286106
SLD_05575,Landslide,15.429256,74.286292
SLD_05576,Landslide,15.429928,74.286067
SLD_05577,Landslide,15.430053,74.289003
SLD_05578,Landslide,15.430431,74.286019
SLD_05579,Landslide,15.431808,74.291431
SLD_05580,Landslide,15.434722,73.983889
SLD_05581,Landslide,15.438408,74.300336
SLD_05582,Landslide,15.438594,74.299819
SLD_05583,Landslide,15.444444,73.974444
SLD_05584,Landslide,15.53,74.11
SLD_05585,Landslide,15.6,74.1
SLD_05586,Landslide,15.6,74.1
SLD_05587,Landslide,15.6,74.1
SLD_05588,Landslide,15.6,74.11
SLD_05589,Landslide,15.61,74.09
SLD_05590,Landslide,15.61,74.11
SLD_05591,Landslide,15.61,74.11
SLD_05592,Landslide,15.61,74.11
SLD_05593,Landslide,15.63,74.12
SLD_05594,Landslide,15.64,74.12
SLD_05595,Landslide,15.64,74.11
SLD_05596,Landslide,15.646342,74.718306
SLD_05597,Landslide,15.65,74.12
SLD_05598,Landslide,15.65,74.13
SLD_05599,Landslide,15.65,74.13
SLD_05600,Landslide,15.65,74.13
SLD_05601,Landslide,15.65,74.14
SLD_05602,Landslide,15.717903,74.793694
SLD_05603,Landslide,15.718819,74.721806
SLD_05604,Landslide,15.722144,74.720583
SLD_05605,Landslide,15.743528,73.941
SLD_05606,Landslide,15.755333,73.73075
SLD_05607,Landslide,15.774194,74.0
SLD_05608,Landslide,15.774444,74.000278
SLD_05609,Landslide,15.776333,73.985917
SLD_05610,Landslide,15.776778,73.987639
SLD_05611,Landslide,15.777278,73.989139
SLD_05612,Landslide,15.788611,73.874667
SLD_05613,Landslide,15.789667,73.874333
SLD_05614,Landslide,15.790722,73.8705
SLD_05615,Landslide,15.798694,73.864583
SLD_05616,Landslide,15.802306,73.946806
SLD_05617,Landslide,15.8025,74.167222
SLD_05618,Landslide,15.803611,74.129722
SLD_05619,Landslide,15.803833,73.947556
SLD_05620,Landslide,15.804167,74.1625
SLD_05621,Landslide,15.804722,74.160556
SLD_05622,Landslide,15.806667,74.165
SLD_05623,Landslide,15.812083,73.970278
SLD_05624,Landslide,15.815583,73.976694
SLD_05625,Landslide,15.816,73.9765
SLD_05626,Landslide,15.816528,73.976167
SLD_05627,Landslide,15.816889,73.978167
SLD_05628,Landslide,15.817306,73.978
SLD_05629,Landslide,15.824444,74.048056
SLD_05630,Landslide,15.824722,74.049444
SLD_05631,Landslide,15.825472,74.056389
SLD_05632,Landslide,15.825556,74.0575
SLD_05633,Landslide,15.831111,74.026111
SLD_05634,Landslide,15.834722,73.950361
SLD_05635,Landslide,15.838222,73.90675
SLD_05636,Landslide,15.838472,73.905139
SLD_05637,Landslide,15.840889,73.928556
SLD_05638,Landslide,15.841361,73.956444
SLD_05639,Landslide,15.843556,73.956028
SLD_05640,Landslide,15.844722,74.062778
SLD_05641,Landslide,15.855167,73.951778
SLD_05642,Landslide,15.8565,73.953333
SLD_05643,Landslide,15.856833,73.953556
SLD_05644,Landslide,15.858139,73.955139
SLD_05645,Landslide,15.85825,73.949861
SLD_05646,Landslide,15.860528,73.955972
SLD_05647,Landslide,15.863389,73.92275
SLD_05648,Landslide,15.86425,73.966306
SLD_05649,Landslide,15.864972,73.957944
SLD_05650,Landslide,15.865333,73.957722
SLD_05651,Landslide,15.866139,73.975
SLD_05652,Landslide,15.868194,73.839139
SLD_05653,Landslide,15.868806,73.838528
SLD_05654,Landslide,15.869167,73.837917
SLD_05655,Landslide,15.869306,73.837083
SLD_05656,Landslide,15.869667,73.836806
SLD_05657,Landslide,15.870417,73.836694
SLD_05658,Landslide,15.871028,73.837
SLD_05659,Landslide,15.883222,73.892056
SLD_05660,Landslide,15.885722,73.893222
SLD_05661,Landslide,15.893333,73.891278
SLD_05662,Landslide,15.912194,73.945028
SLD_05663,Landslide,15.912194,73.945028
SLD_05664,Landslide,15.915778,73.835278
SLD_05665,Landslide,15.933667,73.9395
SLD_05666,Landslide,15.933917,73.981194
SLD_05667,Landslide,15.934972,73.990139
SLD_05668,Landslide,15.939111,73.991778
SLD_05669,Landslide,15.940444,73.994778
SLD_05670,Landslide,15.948889,74.154167
SLD_05671,Landslide,15.949583,73.997
SLD_05672,Landslide,15.955556,74.156944
SLD_05673,Landslide,15.961667,74.246667
SLD_05674,Landslide,15.980333,73.834778
SLD_05675,Landslide,16.006472,73.788806
SLD_05676,Landslide,16.026222,73.963278
SLD_05677,Landslide,16.032139,73.933361
SLD_05678,Landslide,16.032222,73.929778
SLD_05679,Landslide,16.034194,73.974722
SLD_05680,Landslide,16.040083,73.975222
SLD_05681,Landslide,16.042444,73.975417
SLD_05682,Landslide,16.043972,73.977222
SLD_05683,Landslide,16.044444,73.976583
SLD_05684,Landslide,16.044833,73.977667
SLD_05685,Landslide,16.044833,73.977056
SLD_05686,Landslide,16.045444,73.977667
SLD_05687,Landslide,16.045694,73.976917
SLD_05688,Landslide,16.051472,73.788806
SLD_05689,Landslide,16.051833,73.78925
SLD_05690,Landslide,16.052972,73.789861
SLD_05691,Landslide,16.053,73.984333
SLD_05692,Landslide,16.053333,73.983611
SLD_05693,Landslide,16.053694,73.789639
SLD_05694,Landslide,16.053694,73.789639
SLD_05695,Landslide,16.053694,73.789639
SLD_05696,Landslide,16.053694,73.789639
SLD_05697,Landslide,16.053861,73.984444
SLD_05698,Landslide,16.053889,73.788472
SLD_05699,Landslide,16.058694,73.983472
SLD_05700,Landslide,16.062472,73.982111
SLD_05701,Landslide,16.064,73.955972
SLD_05702,Landslide,16.0655,73.784694
SLD_05703,Landslide,16.149444,74.078611
SLD_05704,Landslide,16.172611,73.884667
SLD_05705,Landslide,16.172806,73.884278
SLD_05706,Landslide,16.172972,73.883639
SLD_05707,Landslide,16.188056,74.078889
SLD_05708,Landslide,16.190556,74.081667
SLD_05709,Landslide,16.191389,73.895472
SLD_05710,Landslide,16.191417,73.89625
SLD_05711,Landslide,16.192306,73.893
SLD_05712,Landslide,16.202167,73.807222
SLD_05713,Landslide,16.208111,73.819528
SLD_05714,Landslide,16.251,74.038
SLD_05715,Landslide,16.254,74.038
SLD_05716,Landslide,16.255,74.039
SLD_05717,Landslide,16.256,74.137
SLD_05718,Landslide,16.256,74.136
SLD_05719,Landslide,16.343,73.892
SLD_05720,Landslide,16.356,73.834
SLD_05721,Landslide,16.357,73.833
SLD_05722,Landslide,16.358,73.838
SLD_05723,Landslide,16.358,73.847
SLD_05724,Landslide,16.358,73.846
SLD_05725,Landslide,16.359,73.845
SLD_05726,Landslide,16.359,73.825
SLD_05727,Landslide,16.359,73.848
SLD_05728,Landslide,16.36,73.843
SLD_05729,Landslide,16.361,73.849
SLD_05730,Landslide,16.362,73.823
SLD_05731,Landslide,16.363,73.851
SLD_05732,Landslide,16.368,73.857
SLD_05733,Landslide,16.375,74.043
SLD_05734,Landslide,16.378,73.857
SLD_05735,Landslide,16.379,73.858
SLD_05736,Landslide,16.38,73.857
SLD_05737,Landslide,16.381,73.857
SLD_05738,Landslide,16.382,73.855
SLD_05739,Landslide,16.396,73.87
SLD_05740,Landslide,16.399,73.875
SLD_05741,Landslide,16.415,73.811
SLD_05742,Landslide,16.42,74.04
SLD_05743,Landslide,16.42,73.803
SLD_05744,Landslide,16.433,74.035
SLD_05745,Landslide,16.442,73.82
SLD_05746,Landslide,16.46,74.079
SLD_05747,Landslide,16.463,73.817
SLD_05748,Landslide,16.467,73.827
SLD_05749,Landslide,16.468,73.845
SLD_05750,Landslide,16.469,73.959
SLD_05751,Landslide,16.47,73.956
SLD_05752,Landslide,16.515,73.802
SLD_05753,Landslide,16.521,73.909
SLD_05754,Landslide,16.524,73.809
SLD_05755,Landslide,16.527,73.813
SLD_05756,Landslide,16.53,73.803
SLD_05757,Landslide,16.53,73.804
SLD_05758,Landslide,16.53,73.832
SLD_05759,Landslide,16.53,73.832
SLD_05760,Landslide,16.531,73.803
SLD_05761,Landslide,16.531,73.833
SLD_05762,Landslide,16.532,73.805
SLD_05763,Landslide,16.532,73.805
SLD_05764,Landslide,16.532,73.832
SLD_05765,Landslide,16.533,73.829
SLD_05766,Landslide,16.533,73.825
SLD_05767,Landslide,16.533,73.824
SLD_05768,Landslide,16.533,73.823
SLD_05769,Landslide,16.534,73.805
SLD_05770,Landslide,16.538,73.823
SLD_05771,Landslide,16.539,73.814
SLD_05772,Landslide,16.539,73.812
SLD_05773,Landslide,16.54,73.847
SLD_05774,Landslide,16.54,73.817
SLD_05775,Landslide,16.543,73.825
SLD_05776,Landslide,16.554,73.83
SLD_05777,Landslide,16.555,73.83
SLD_05778,Landslide,16.557,73.826
SLD_05779,Landslide,16.56,73.892
SLD_05780,Landslide,16.56,73.828
SLD_05781,Landslide,16.563,73.83
SLD_05782,Landslide,16.564,73.826
SLD_05783,Landslide,16.566,73.817
SLD_05784,Landslide,16.569,73.709
SLD_05785,Landslide,16.569,73.785
SLD_05786,Landslide,16.57,73.785
SLD_05787,Landslide,16.57,73.785
SLD_05788,Landslide,16.572,73.783
SLD_05789,Landslide,16.586,74.011
SLD_05790,Landslide,16.598,73.775
SLD_05791,Landslide,16.6,74.034
SLD_05792,Landslide,16.606,73.744
SLD_05793,Landslide,16.616,73.65
SLD_05794,Landslide,16.62,73.776
SLD_05795,Landslide,16.633,74.064
SLD_05796,Landslide,16.641,73.736
SLD_05797,Landslide,16.65,74.017
SLD_05798,Landslide,16.657,73.958
SLD_05799,Landslide,16.673,73.768
SLD_05800,Landslide,16.673,73.81
SLD_05801,Landslide,16.674,73.811
SLD_05802,Landslide,16.675,73.812
SLD_05803,Landslide,16.675,73.812
SLD_05804,Landslide,16.677,73.763
SLD_05805,Landslide,16.684,73.726
SLD_05806,Landslide,16.686,73.724
SLD_05807,Landslide,16.709,73.614
SLD_05808,Landslide,16.715,73.788
SLD_05809,Landslide,16.72,73.793
SLD_05810,Landslide,16.723,73.797
SLD_05811,Landslide,16.725,73.798
SLD_05812,Landslide,16.734,73.771
SLD_05813,Landslide,16.736,73.772
SLD_05814,Landslide,16.737,73.773
SLD_05815,Landslide,16.738,73.775
SLD_05816,Landslide,16.745,73.739
SLD_05817,Landslide,16.745,73.789
SLD_05818,Landslide,16.746,73.459
SLD_05819,Landslide,16.748,73.459
SLD_05820,Landslide,16.748,73.458
SLD_05821,Landslide,16.75,73.459
SLD_05822,Landslide,16.750506,73.517045
SLD_05823,Landslide,16.75062,73.515877
SLD_05824,Landslide,16.75064,73.516631
SLD_05825,Landslide,16.75186,73.584442
SLD_05826,Landslide,16.758028,73.797861
SLD_05827,Landslide,16.762333,73.790694
SLD_05828,Landslide,16.76387,73.46766
SLD_05829,Landslide,16.860222,73.799639
SLD_05830,Landslide,16.868667,73.801528
SLD_05831,Landslide,16.872083,74.136556
SLD_05832,Landslide,16.884945,73.86776
SLD_05833,Landslide,16.949944,73.942333
SLD_05834,Landslide,16.95225,73.42578
SLD_05835,Landslide,16.965475,73.843339
SLD_05836,Landslide,16.96655,73.843022
SLD_05837,Landslide,16.973689,73.608629
SLD_05838,Landslide,16.974944,73.789842
SLD_05839,Landslide,16.984481,73.783264
SLD_05840,Landslide,16.986931,73.684917
SLD_05841,Landslide,16.991083,73.866188
SLD_05842,Landslide,16.991667,73.676944
SLD_05843,Landslide,16.991897,73.677049
SLD_05844,Landslide,16.992058,73.675903
SLD_05845,Landslide,16.992226,73.866512
SLD_05846,Landslide,16.992642,73.859669
SLD_05847,Landslide,16.996778,73.773139
SLD_05848,Landslide,16.997482,73.77488
SLD_05849,Landslide,16.999391,73.776772
SLD_05850,Landslide,17.0004,73.67408
SLD_05851,Landslide,17.00053,73.60334
SLD_05852,Landslide,17.000836,73.766952
SLD_05853,Landslide,17.004348,73.764449
SLD_05854,Landslide,17.00531,73.6754
SLD_05855,Landslide,17.00543,73.74246
SLD_05856,Landslide,17.011283,73.772456
SLD_05857,Landslide,17.01254,73.66902
SLD_05858,Landslide,17.01513,73.66608
SLD_05859,Landslide,17.01594,73.778689
SLD_05860,Landslide,17.016,73.494
SLD_05861,Landslide,17.01636,73.68424
SLD_05862,Landslide,17.01669,73.51743
SLD_05863,Landslide,17.017,73.35
SLD_05864,Landslide,17.019539,73.870172
SLD_05865,Landslide,17.01954,73.60603
SLD_05866,Landslide,17.021181,73.866665
SLD_05867,Landslide,17.021389,73.868611
SLD_05868,Landslide,17.021713,73.866012
SLD_05869,Landslide,17.021994,73.868439
SLD_05870,Landslide,17.0225,73.864444
SLD_05871,Landslide,17.023726,73.861928
SLD_05872,Landslide,17.023869,73.858692
SLD_05873,Landslide,17.025,73.269
SLD_05874,Landslide,17.025375,73.861919
SLD_05875,Landslide,17.0276,73.862
SLD_05876,Landslide,17.032956,73.860713
SLD_05877,Landslide,17.034441,73.946716
SLD_05878,Landslide,17.03716,73.62069
SLD_05879,Landslide,17.03721,73.61553
SLD_05880,Landslide,17.039222,73.76601
SLD_05881,Landslide,17.041,73.487
SLD_05882,Landslide,17.041771,73.760624
SLD_05883,Landslide,17.042,73.375
SLD_05884,Landslide,17.042582,73.855544
SLD_05885,Landslide,17.043,73.375
SLD_05886,Landslide,17.044,73.476
SLD_05887,Landslide,17.045,73.376
SLD_05888,Landslide,17.050057,73.951036
SLD_05889,Landslide,17.055,73.438
SLD_05890,Landslide,17.058,73.447
SLD_05891,Landslide,17.0581,74.0253
SLD_05892,Landslide,17.0585,74.0227
SLD_05893,Landslide,17.0589,74.0167
SLD_05894,Landslide,17.0595,74.0197
SLD_05895,Landslide,17.06201,73.942703
SLD_05896,Landslide,17.071,73.45
SLD_05897,Landslide,17.08,73.453
SLD_05898,Landslide,17.091453,73.887741
SLD_05899,Landslide,17.094,73.437
SLD_05900,Landslide,17.09885,73.6845
SLD_05901,Landslide,17.102,73.456
SLD_05902,Landslide,17.102,73.9183
SLD_05903,Landslide,17.1027,73.9193
SLD_05904,Landslide,17.105,73.466
SLD_05905,Landslide,17.106,73.444
SLD_05906,Landslide,17.107,73.417
SLD_05907,Landslide,17.107,73.443
SLD_05908,Landslide,17.109,73.441
SLD_05909,Landslide,17.1103,73.9297
SLD_05910,Landslide,17.112,73.451
SLD_05911,Landslide,17.1122,73.57542
SLD_05912,Landslide,17.115,73.303
SLD_05913,Landslide,17.11931,73.5971
SLD_05914,Landslide,17.123,73.445
SLD_05915,Landslide,17.123,73.352
SLD_05916,Landslide,17.13,73.481
SLD_05917,Landslide,17.13,73.443
SLD_05918,Landslide,17.13,73.881389
SLD_05919,Landslide,17.131,73.325
SLD_05920,Landslide,17.1311,73.9179
SLD_05921,Landslide,17.134,73.466
SLD_05922,Landslide,17.135,73.463
SLD_05923,Landslide,17.1354,73.9833
SLD_05924,Landslide,17.146,73.495
SLD_05925,Landslide,17.148,73.497
SLD_05926,Landslide,17.14915,73.66777
SLD_05927,Landslide,17.1597,73.934075
SLD_05928,Landslide,17.161,73.495
SLD_05929,Landslide,17.166,73.491
SLD_05930,Landslide,17.1663,73.9698
SLD_05931,Landslide,17.168,73.468
SLD_05932,Landslide,17.1682,73.9623
SLD_05933,Landslide,17.169,73.479
SLD_05934,Landslide,17.169,73.475
SLD_05935,Landslide,17.181,73.385
SLD_05936,Landslide,17.181667,74.002222
SLD_05937,Landslide,17.189,73.474
SLD_05938,Landslide,17.19,73.253
SLD_05939,Landslide,17.19,73.422
SLD_05940,Landslide,17.194,73.42
SLD_05941,Landslide,17.196,73.419
SLD_05942,Landslide,17.198,73.43
SLD_05943,Landslide,17.199,73.426
SLD_05944,Landslide,17.199,73.417
SLD_05945,Landslide,17.204444,73.936389
SLD_05946,Landslide,17.206,73.416
SLD_05947,Landslide,17.207222,73.938056
SLD_05948,Landslide,17.21,73.396
SLD_05949,Landslide,17.211,73.399
SLD_05950,Landslide,17.212,73.387
SLD_05951,Landslide,17.215,73.415
SLD_05952,Landslide,17.218,73.412
SLD_05953,Landslide,17.218,73.412
SLD_05954,Landslide,17.222,73.343
SLD_05955,Landslide,17.222,73.414
SLD_05956,Landslide,17.223,73.346
SLD_05957,Landslide,17.22362,73.64404
SLD_05958,Landslide,17.224,73.337
SLD_05959,Landslide,17.224,73.451
SLD_05960,Landslide,17.225,73.4
SLD_05961,Landslide,17.225,73.398
SLD_05962,Landslide,17.2275,73.9422
SLD_05963,Landslide,17.23,73.335
SLD_05964,Landslide,17.232795,73.8858
SLD_05965,Landslide,17.234,73.327
SLD_05966,Landslide,17.245,73.426
SLD_05967,Landslide,17.247,73.444
SLD_05968,Landslide,17.25,73.934271
SLD_05969,Landslide,17.25361,73.933333
SLD_05970,Landslide,17.266,73.429
SLD_05971,Landslide,17.2714,73.859686
SLD_05972,Landslide,17.273,73.374
SLD_05973,Landslide,17.273647,73.8575
SLD_05974,Landslide,17.273944,73.548944
SLD_05975,Landslide,17.273944,73.549056
SLD_05976,Landslide,17.284222,73.637889
SLD_05977,Landslide,17.285528,73.636861
SLD_05978,Landslide,17.286667,73.6515
SLD_05979,Landslide,17.287167,73.630306
SLD_05980,Landslide,17.288222,73.6545
SLD_05981,Landslide,17.288528,73.630861
SLD_05982,Landslide,17.289,73.369
SLD_05983,Landslide,17.289167,73.884444
SLD_05984,Landslide,17.293,73.298
SLD_05985,Landslide,17.296,73.358
SLD_05986,Landslide,17.297667,73.653694
SLD_05987,Landslide,17.298,73.362
SLD_05988,Landslide,17.300528,73.645778
SLD_05989,Landslide,17.301278,73.65175
SLD_05990,Landslide,17.306,73.36
SLD_05991,Landslide,17.308,73.359
SLD_05992,Landslide,17.321,73.354
SLD_05993,Landslide,17.325389,73.652472
SLD_05994,Landslide,17.325472,73.65325
SLD_05995,Landslide,17.325806,73.653806
SLD_05996,Landslide,17.334,73.368
SLD_05997,Landslide,17.338,73.33
SLD_05998,Landslide,17.341,73.372
SLD_05999,Landslide,17.342,73.337
SLD_06000,Landslide,17.35,73.229
SLD_06001,Landslide,17.351,73.231
SLD_06002,Landslide,17.353667,73.522444
SLD_06003,Landslide,17.355,73.233
SLD_06004,Landslide,17.358597,73.800078
SLD_06005,Landslide,17.363916,73.768661
SLD_06006,Landslide,17.364194,73.769722
SLD_06007,Landslide,17.365002,73.770962
SLD_06008,Landslide,17.365613,73.770527
SLD_06009,Landslide,17.368801,73.771862
SLD_06010,Landslide,17.370596,73.767744
SLD_06011,Landslide,17.371725,73.764206
SLD_06012,Landslide,17.371799,73.765385
SLD_06013,Landslide,17.375,73.881944
SLD_06014,Landslide,17.385345,73.752317
SLD_06015,Landslide,17.388202,73.75695
SLD_06016,Landslide,17.388524,73.757859
SLD_06017,Landslide,17.391556,73.669306
SLD_06018,Landslide,17.391847,73.763345
SLD_06019,Landslide,17.39185,73.960221
SLD_06020,Landslide,17.391926,73.955437
SLD_06021,Landslide,17.392,73.259
SLD_06022,Landslide,17.392385,73.957766
SLD_06023,Landslide,17.392611,73.953371
SLD_06024,Landslide,17.393066,73.952133
SLD_06025,Landslide,17.394833,73.952486
SLD_06026,Landslide,17.396549,73.946969
SLD_06027,Landslide,17.396713,73.967934
SLD_06028,Landslide,17.396996,73.969201
SLD_06029,Landslide,17.397366,73.944734
SLD_06030,Landslide,17.398422,73.910893
SLD_06031,Landslide,17.398597,73.945679
SLD_06032,Landslide,17.398612,73.774227
SLD_06033,Landslide,17.3991,73.785
SLD_06034,Landslide,17.399114,73.96878
SLD_06035,Landslide,17.400618,73.913695
SLD_06036,Landslide,17.401143,73.842384
SLD_06037,Landslide,17.401224,73.968553
SLD_06038,Landslide,17.401528,73.915805
SLD_06039,Landslide,17.402233,73.967812
SLD_06040,Landslide,17.403004,73.920285
SLD_06041,Landslide,17.403671,73.943241
SLD_06042,Landslide,17.404346,73.929592
SLD_06043,Landslide,17.404406,73.943454
SLD_06044,Landslide,17.405728,73.943941
SLD_06045,Landslide,17.407425,73.878925
SLD_06046,Landslide,17.408583,73.669583
SLD_06047,Landslide,17.410392,73.875708
SLD_06048,Landslide,17.410778,73.874505
SLD_06049,Landslide,17.411,73.4
SLD_06050,Landslide,17.411111,73.87386
SLD_06051,Landslide,17.4115,73.668056
SLD_06052,Landslide,17.411694,73.589722
SLD_06053,Landslide,17.420723,73.864727
SLD_06054,Landslide,17.42152,73.864777
SLD_06055,Landslide,17.421722,73.863204
SLD_06056,Landslide,17.421838,73.86441
SLD_06057,Landslide,17.425472,73.671083
SLD_06058,Landslide,17.426778,73.666667
SLD_06059,Landslide,17.426944,73.663611
SLD_06060,Landslide,17.446904,73.9581
SLD_06061,Landslide,17.45366,73.949185
SLD_06062,Landslide,17.458963,73.946767
SLD_06063,Landslide,17.462395,73.853096
SLD_06064,Landslide,17.46517,73.863498
SLD_06065,Landslide,17.465522,73.851204
SLD_06066,Landslide,17.468292,73.933528
SLD_06067,Landslide,17.4686,73.9633
SLD_06068,Landslide,17.469431,73.932147
SLD_06069,Landslide,17.469667,73.670889
SLD_06070,Landslide,17.470807,73.93371
SLD_06071,Landslide,17.472254,73.873112
SLD_06072,Landslide,17.47325,73.934776
SLD_06073,Landslide,17.473398,73.859019
SLD_06074,Landslide,17.473602,73.932178
SLD_06075,Landslide,17.475274,73.875266
SLD_06076,Landslide,17.475533,73.933033
SLD_06077,Landslide,17.475928,73.88097
SLD_06078,Landslide,17.476718,73.932634
SLD_06079,Landslide,17.476886,73.8772
SLD_06080,Landslide,17.477,73.443
SLD_06081,Landslide,17.478139,73.857786
SLD_06082,Landslide,17.478305,73.880142
SLD_06083,Landslide,17.479444,73.886944
SLD_06084,Landslide,17.481667,73.891667
SLD_06085,Landslide,17.482,73.223
SLD_06086,Landslide,17.482846,73.855879
SLD_06087,Landslide,17.484,73.463
SLD_06088,Landslide,17.484711,73.856036
SLD_06089,Landslide,17.486,73.202
SLD_06090,Landslide,17.486292,73.927921
SLD_06091,Landslide,17.4869,73.855475
SLD_06092,Landslide,17.487129,73.929694
SLD_06093,Landslide,17.4873,73.931045
SLD_06094,Landslide,17.487402,73.927309
SLD_06095,Landslide,17.488,73.204
SLD_06096,Landslide,17.489268,73.930062
SLD_06097,Landslide,17.489522,73.855608
SLD_06098,Landslide,17.49,73.9611
SLD_06099,Landslide,17.490384,73.853991
SLD_06100,Landslide,17.4908,73.9583
SLD_06101,Landslide,17.4908,73.9608
SLD_06102,Landslide,17.491667,73.961111
SLD_06103,Landslide,17.491667,73.961667
SLD_06104,Landslide,17.49187,73.855203
SLD_06105,Landslide,17.493184,73.855595
SLD_06106,Landslide,17.494711,73.856824
SLD_06107,Landslide,17.51,73.475
SLD_06108,Landslide,17.520344,73.879159
SLD_06109,Landslide,17.521,73.194
SLD_06110,Landslide,17.52176,73.878548
SLD_06111,Landslide,17.524617,73.822398
SLD_06112,Landslide,17.525227,73.966492
SLD_06113,Landslide,17.532,73.484
SLD_06114,Landslide,17.533879,73.962582
SLD_06115,Landslide,17.542,73.474
SLD_06116,Landslide,17.542,73.375
SLD_06117,Landslide,17.542,73.367
SLD_06118,Landslide,17.545485,73.888822
SLD_06119,Landslide,17.547,73.463
SLD_06120,Landslide,17.547,73.49
SLD_06121,Landslide,17.548,73.462
SLD_06122,Landslide,17.549,73.425
SLD_06123,Landslide,17.553,73.235
SLD_06124,Landslide,17.55385,73.852977
SLD_06125,Landslide,17.554139,73.50875
SLD_06126,Landslide,17.555778,73.501306
SLD_06127,Landslide,17.557,73.499
SLD_06128,Landslide,17.558,73.364
SLD_06129,Landslide,17.559,73.362
SLD_06130,Landslide,17.562,73.376
SLD_06131,Landslide,17.563,73.342
SLD_06132,Landslide,17.564,73.259
SLD_06133,Landslide,17.564,73.212
SLD_06134,Landslide,17.567,73.19
SLD_06135,Landslide,17.569,73.294
SLD_06136,Landslide,17.569,73.254
SLD_06137,Landslide,17.572,73.299
SLD_06138,Landslide,17.572,73.454
SLD_06139,Landslide,17.574,73.176
SLD_06140,Landslide,17.575,73.429
SLD_06141,Landslide,17.575,73.438
SLD_06142,Landslide,17.576,73.444
SLD_06143,Landslide,17.576,73.186
SLD_06144,Landslide,17.577,73.451
SLD_06145,Landslide,17.584833,73.595667
SLD_06146,Landslide,17.585,73.202
SLD_06147,Landslide,17.586135,73.86004
SLD_06148,Landslide,17.588,73.225
SLD_06149,Landslide,17.588,73.175
SLD_06150,Landslide,17.589,73.409
SLD_06151,Landslide,17.589,73.231
SLD_06152,Landslide,17.589583,73.594833
SLD_06153,Landslide,17.59,73.192
SLD_06154,Landslide,17.59,73.379
SLD_06155,Landslide,17.59,73.172
SLD_06156,Landslide,17.593,73.21
SLD_06157,Landslide,17.595,73.217
SLD_06158,Landslide,17.599836,73.851372
SLD_06159,Landslide,17.601,73.228
SLD_06160,Landslide,17.61125,73.637667
SLD_06161,Landslide,17.614,73.286
SLD_06162,Landslide,17.628,73.256
SLD_06163,Landslide,17.633,73.16
SLD_06164,Landslide,17.635,73.256
SLD_06165,Landslide,17.638873,73.838609
SLD_06166,Landslide,17.644,73.241
SLD_06167,Landslide,17.644,73.167
SLD_06168,Landslide,17.646,73.248
SLD_06169,Landslide,17.648996,73.914925
SLD_06170,Landslide,17.649391,73.913846
SLD_06171,Landslide,17.649722,73.568944
SLD_06172,Landslide,17.65,73.236
SLD_06173,Landslide,17.65,73.174
SLD_06174,Landslide,17.658,73.242
SLD_06175,Landslide,17.658,73.245
SLD_06176,Landslide,17.6593,73.175
SLD_06177,Landslide,17.664,73.489
SLD_06178,Landslide,17.665,73.247
SLD_06179,Landslide,17.667,73.417
SLD_06180,Landslide,17.676,73.249
SLD_06181,Landslide,17.676472,73.592972
SLD_06182,Landslide,17.676875,73.969098
SLD_06183,Landslide,17.684199,73.824722
SLD_06184,Landslide,17.685556,73.563667
SLD_06185,Landslide,17.687444,73.572389
SLD_06186,Landslide,17.689083,73.5695
SLD_06187,Landslide,17.691,73.245
SLD_06188,Landslide,17.69275,73.581556
SLD_06189,Landslide,17.692915,73.806541
SLD_06190,Landslide,17.695611,73.583944
SLD_06191,Landslide,17.697,73.408
SLD_06192,Landslide,17.697,73.139
SLD_06193,Landslide,17.698278,73.581806
SLD_06194,Landslide,17.702,73.407
SLD_06195,Landslide,17.703361,73.603889
SLD_06196,Landslide,17.704,73.202
SLD_06197,Landslide,17.714222,73.725028
SLD_06198,Landslide,17.717,73.46
SLD_06199,Landslide,17.717,73.416
SLD_06200,Landslide,17.717,73.462
SLD_06201,Landslide,17.719,73.433
SLD_06202,Landslide,17.72,73.474
SLD_06203,Landslide,17.721517,73.764468
SLD_06204,Landslide,17.721938,73.762276
SLD_06205,Landslide,17.725889,73.601111
SLD_06206,Landslide,17.733167,73.652028
SLD_06207,Landslide,17.738,73.211
SLD_06208,Landslide,17.74775,73.657444
SLD_06209,Landslide,17.752387,73.786731
SLD_06210,Landslide,17.75892,73.50024
SLD_06211,Landslide,17.759035,73.783822
SLD_06212,Landslide,17.761331,73.782372
SLD_06213,Landslide,17.761852,73.782104
SLD_06214,Landslide,17.762955,73.78129
SLD_06215,Landslide,17.766086,73.798277
SLD_06216,Landslide,17.778492,73.783281
SLD_06217,Landslide,17.779033,73.901586
SLD_06218,Landslide,17.78128,73.42688
SLD_06219,Landslide,17.784045,73.785803
SLD_06220,Landslide,17.785571,73.873238
SLD_06221,Landslide,17.78631,73.878484
SLD_06222,Landslide,17.788324,73.786417
SLD_06223,Landslide,17.790352,73.864937
SLD_06224,Landslide,17.79819,73.70809
SLD_06225,Landslide,17.79967,73.7121
SLD_06226,Landslide,17.79967,73.71211
SLD_06227,Landslide,17.802881,73.845634
SLD_06228,Landslide,17.803478,73.844418
SLD_06229,Landslide,17.80375,73.10468
SLD_06230,Landslide,17.8049,73.70938
SLD_06231,Landslide,17.80498,73.70938
SLD_06232,Landslide,17.814,73.326
SLD_06233,Landslide,17.81444,73.67594
SLD_06234,Landslide,17.814803,73.840508
SLD_06235,Landslide,17.81536,73.44947
SLD_06236,Landslide,17.818086,73.841804
SLD_06237,Landslide,17.819593,73.771287
SLD_06238,Landslide,17.83223,73.14884
SLD_06239,Landslide,17.84827,73.67419
SLD_06240,Landslide,17.84842,73.64756
SLD_06241,Landslide,17.8502,73.10267
SLD_06242,Landslide,17.85064,73.63476
SLD_06243,Landslide,17.8515,73.40094
SLD_06244,Landslide,17.8526,73.64557
SLD_06245,Landslide,17.86003,73.4688
SLD_06246,Landslide,17.86478,73.6732
SLD_06247,Landslide,17.866835,73.750793
SLD_06248,Landslide,17.8679,73.74183
SLD_06249,Landslide,17.86861,73.74122
SLD_06250,Landslide,17.86874,73.67768
SLD_06251,Landslide,17.86935,73.73753
SLD_06252,Landslide,17.86946,73.7383
SLD_06253,Landslide,17.87278,73.73698
SLD_06254,Landslide,17.88074,73.73603
SLD_06255,Landslide,17.88139,73.47944
SLD_06256,Landslide,17.88228,73.38417
SLD_06257,Landslide,17.88228,73.53484
SLD_06258,Landslide,17.88279,73.53443
SLD_06259,Landslide,17.884433,73.44205556
SLD_06260,Landslide,17.88496,73.779165
SLD_06261,Landslide,17.88775,73.39036
SLD_06262,Landslide,17.88877,73.72799
SLD_06263,Landslide,17.88958,73.59364
SLD_06264,Landslide,17.89086,73.38872
SLD_06265,Landslide,17.89152,73.15311
SLD_06266,Landslide,17.89287,73.5264
SLD_06267,Landslide,17.89325,73.38956
SLD_06268,Landslide,17.894333,73.44069444
SLD_06269,Landslide,17.89448,73.52873
SLD_06270,Landslide,17.89461,73.71662
SLD_06271,Landslide,17.894944,73.43930556
SLD_06272,Landslide,17.895722,73.43802778
SLD_06273,Landslide,17.89681,73.52662
SLD_06274,Landslide,17.89729,73.71691
SLD_06275,Landslide,17.897854,73.768457
SLD_06276,Landslide,17.89876,73.52508
SLD_06277,Landslide,17.90011,73.52484
SLD_06278,Landslide,17.90019,73.46955
SLD_06279,Landslide,17.901,73.43767
SLD_06280,Landslide,17.90114,73.52351
SLD_06281,Landslide,17.90126,73.35302
SLD_06282,Landslide,17.90595,73.69361
SLD_06283,Landslide,17.90938,73.732333
SLD_06284,Landslide,17.9108,73.7322
SLD_06285,Landslide,17.912117,73.76638333
SLD_06286,Landslide,17.91215,73.76568333
SLD_06287,Landslide,17.91252,73.6073
SLD_06288,Landslide,17.91898,73.54051
SLD_06289,Landslide,17.92089,73.52847
SLD_06290,Landslide,17.921778,73.83377778
SLD_06291,Landslide,17.922583,73.83863889
SLD_06292,Landslide,17.9226,73.70575
SLD_06293,Landslide,17.92325,73.83658333
SLD_06294,Landslide,17.92338,73.59939
SLD_06295,Landslide,17.92338,73.59939
SLD_06296,Landslide,17.923417,73.83705556
SLD_06297,Landslide,17.92375,73.83772222
SLD_06298,Landslide,17.923778,73.8215
SLD_06299,Landslide,17.924333,73.83579722
SLD_06300,Landslide,17.92434,73.60147
SLD_06301,Landslide,17.92434,73.60147
SLD_06302,Landslide,17.925,73.62361
SLD_06303,Landslide,17.9252,73.70042
SLD_06304,Landslide,17.925306,73.84027778
SLD_06305,Landslide,17.925444,73.8405
SLD_06306,Landslide,17.92558,73.60273
SLD_06307,Landslide,17.92558,73.60272
SLD_06308,Landslide,17.92591,73.5266
SLD_06309,Landslide,17.926077,73.841165
SLD_06310,Landslide,17.927306,73.84230556
SLD_06311,Landslide,17.92775,73.84258333
SLD_06312,Landslide,17.92859,73.63148
SLD_06313,Landslide,17.92889,73.43903
SLD_06314,Landslide,17.929111,73.83780556
SLD_06315,Landslide,17.929139,73.83819444
SLD_06316,Landslide,17.929167,73.83736111
SLD_06317,Landslide,17.929222,73.83822222
SLD_06318,Landslide,17.92925,73.82486111
SLD_06319,Landslide,17.929306,73.83652778
SLD_06320,Landslide,17.929306,73.83597222
SLD_06321,Landslide,17.929361,73.83727778
SLD_06322,Landslide,17.929361,73.8365
SLD_06323,Landslide,17.929389,73.83880556
SLD_06324,Landslide,17.929389,73.83905556
SLD_06325,Landslide,17.929444,73.83511111
SLD_06326,Landslide,17.9295,73.82622222
SLD_06327,Landslide,17.929528,73.83925
SLD_06328,Landslide,17.929528,73.83933333
SLD_06329,Landslide,17.929556,73.83463889
SLD_06330,Landslide,17.929583,73.83938889
SLD_06331,Landslide,17.929806,73.84083333
SLD_06332,Landslide,17.929861,73.84119444
SLD_06333,Landslide,17.929917,73.84138889
SLD_06334,Landslide,17.929944,73.8415
SLD_06335,Landslide,17.929972,73.84427778
SLD_06336,Landslide,17.930028,73.84183333
SLD_06337,Landslide,17.930056,73.84183333
SLD_06338,Landslide,17.930111,73.84072222
SLD_06339,Landslide,17.930111,73.84011111
SLD_06340,Landslide,17.930278,73.8275
SLD_06341,Landslide,17.930667,73.82708333
SLD_06342,Landslide,17.930694,73.82766667
SLD_06343,Landslide,17.93082,73.63583
SLD_06344,Landslide,17.930861,73.83261111
SLD_06345,Landslide,17.931028,73.83230556
SLD_06346,Landslide,17.931111,73.84255556
SLD_06347,Landslide,17.931417,73.84313889
SLD_06348,Landslide,17.931472,73.83188889
SLD_06349,Landslide,17.93162,73.58737
SLD_06350,Landslide,17.931889,73.83188889
SLD_06351,Landslide,17.931917,73.83111111
SLD_06352,Landslide,17.93213,73.58628
SLD_06353,Landslide,17.932361,73.85013889
SLD_06354,Landslide,17.932361,73.85013889
SLD_06355,Landslide,17.932639,73.84966667
SLD_06356,Landslide,17.93275,73.84855556
SLD_06357,Landslide,17.932806,73.84813889
SLD_06358,Landslide,17.932833,73.8475
SLD_06359,Landslide,17.933139,73.83058333
SLD_06360,Landslide,17.93314,73.43903
SLD_06361,Landslide,17.93332,73.55906
SLD_06362,Landslide,17.933389,73.85183333
SLD_06363,Landslide,17.93378,73.58406
SLD_06364,Landslide,17.934083,73.81819444
SLD_06365,Landslide,17.93425,73.52048
SLD_06366,Landslide,17.934278,73.83077778
SLD_06367,Landslide,17.93463,73.58388
SLD_06368,Landslide,17.93475,73.83113889
SLD_06369,Landslide,17.935066,73.831652
SLD_06370,Landslide,17.9355,73.83219444
SLD_06371,Landslide,17.936056,73.85572222
SLD_06372,Landslide,17.936056,73.85572222
SLD_06373,Landslide,17.93611,73.56611
SLD_06374,Landslide,17.936111,73.82355556
SLD_06375,Landslide,17.936194,73.82322222
SLD_06376,Landslide,17.9362,73.8247
SLD_06377,Landslide,17.936222,73.83172222
SLD_06378,Landslide,17.93625,73.856
SLD_06379,Landslide,17.936278,73.82275
SLD_06380,Landslide,17.936417,73.85622222
SLD_06381,Landslide,17.936444,73.83252778
SLD_06382,Landslide,17.936556,73.85613889
SLD_06383,Landslide,17.936889,73.82572222
SLD_06384,Landslide,17.937056,73.82591667
SLD_06385,Landslide,17.937278,73.82616667
SLD_06386,Landslide,17.937806,73.82636111
SLD_06387,Landslide,17.938,73.83138889
SLD_06388,Landslide,17.93853,73.56892
SLD_06389,Landslide,17.938583,73.82672222
SLD_06390,Landslide,17.938583,73.82672222
SLD_06391,Landslide,17.939222,73.83141667
SLD_06392,Landslide,17.9395,73.83141667
SLD_06393,Landslide,17.941333,73.86216667
SLD_06394,Landslide,17.945139,73.82661111
SLD_06395,Landslide,17.945692,73.82647222
SLD_06396,Landslide,17.94672,73.57492
SLD_06397,Landslide,17.94774,73.62375
SLD_06398,Landslide,17.94814,73.57444
SLD_06399,Landslide,17.94828,73.57978
SLD_06400,Landslide,17.95145,73.71837
SLD_06401,Landslide,17.95361,73.44967
SLD_06402,Landslide,17.9545,73.44947
SLD_06403,Landslide,17.95566,73.0355
SLD_06404,Landslide,17.95769,73.40433
SLD_06405,Landslide,17.95878,73.40422
SLD_06406,Landslide,17.96306,73.27703
SLD_06407,Landslide,17.96347,73.47654
SLD_06408,Landslide,17.97145,73.11224
SLD_06409,Landslide,17.97923,73.04431
SLD_06410,Landslide,17.97968,73.06079
SLD_06411,Landslide,17.98026,73.08446
SLD_06412,Landslide,17.98097,73.08664
SLD_06413,Landslide,17.98406,73.44101
SLD_06414,Landslide,17.99185,73.57236
SLD_06415,Landslide,17.99423,73.06428
SLD_06416,Landslide,17.99767,73.41231
SLD_06417,Landslide,18.00904,73.11461
SLD_06418,Landslide,18.01092,73.02641
SLD_06419,Landslide,18.01311,73.2088
SLD_06420,Landslide,18.01785,73.02807
SLD_06421,Landslide,18.020416,73.794758
SLD_06422,Landslide,18.021895,73.797905
SLD_06423,Landslide,18.03,73.32
SLD_06424,Landslide,18.03889,73.13409
SLD_06425,Landslide,18.03915,73.1511
SLD_06426,Landslide,18.039167,73.143333
SLD_06427,Landslide,18.039953,73.8443
SLD_06428,Landslide,18.043889,73.137222
SLD_06429,Landslide,18.044722,73.139167
SLD_06430,Landslide,18.046389,73.423333
SLD_06431,Landslide,18.04836,73.15847
SLD_06432,Landslide,18.049167,73.423056
SLD_06433,Landslide,18.05085,73.24276
SLD_06434,Landslide,18.061111,73.170556
SLD_06435,Landslide,18.061667,73.223056
SLD_06436,Landslide,18.062222,73.175278
SLD_06437,Landslide,18.062222,73.2175
SLD_06438,Landslide,18.06322,73.16547
SLD_06439,Landslide,18.063611,73.178056
SLD_06440,Landslide,18.063611,73.166111
SLD_06441,Landslide,18.063889,73.182778
SLD_06442,Landslide,18.075278,73.163611
SLD_06443,Landslide,18.07528,73.20802
SLD_06444,Landslide,18.079444,73.291111
SLD_06445,Landslide,18.08,73.3
SLD_06446,Landslide,18.09,73.28
SLD_06447,Landslide,18.09,73.28
SLD_06448,Landslide,18.0915,73.36483
SLD_06449,Landslide,18.092778,73.342778
SLD_06450,Landslide,18.1,73.64
SLD_06451,Landslide,18.1,73.63
SLD_06452,Landslide,18.10366,72.98438
SLD_06453,Landslide,18.105381,73.884446
SLD_06454,Landslide,18.11,73.29
SLD_06455,Landslide,18.11,73.29
SLD_06456,Landslide,18.11,73.25
SLD_06457,Landslide,18.11,73.7
SLD_06458,Landslide,18.11,73.68
SLD_06459,Landslide,18.11,73.62
SLD_06460,Landslide,18.11,73.64
SLD_06461,Landslide,18.113056,73.225833
SLD_06462,Landslide,18.113333,73.124444
SLD_06463,Landslide,18.12,73.69
SLD_06464,Landslide,18.12,73.68
SLD_06465,Landslide,18.12,73.68
SLD_06466,Landslide,18.125556,73.114722
SLD_06467,Landslide,18.12823,73.11151
SLD_06468,Landslide,18.12938,73.10515
SLD_06469,Landslide,18.13,73.61
SLD_06470,Landslide,18.14,73.65
SLD_06471,Landslide,18.141389,73.248333
SLD_06472,Landslide,18.146389,73.225833
SLD_06473,Landslide,18.1468,73.22605
SLD_06474,Landslide,18.146944,73.236389
SLD_06475,Landslide,18.147778,73.233611
SLD_06476,Landslide,18.15,73.62
SLD_06477,Landslide,18.15,73.62
SLD_06478,Landslide,18.151667,73.1675
SLD_06479,Landslide,18.1575,73.165833
SLD_06480,Landslide,18.16,73.42
SLD_06481,Landslide,18.16,73.62
SLD_06482,Landslide,18.161667,73.14
SLD_06483,Landslide,18.17,73.54
SLD_06484,Landslide,18.178333,73.2575
SLD_06485,Landslide,18.18,73.58
SLD_06486,Landslide,18.180278,73.265833
SLD_06487,Landslide,18.180556,73.260278
SLD_06488,Landslide,18.183056,73.189444
SLD_06489,Landslide,18.201389,73.200278
SLD_06490,Landslide,18.201667,73.201944
SLD_06491,Landslide,18.204167,73.205833
SLD_06492,Landslide,18.20512,73.0972
SLD_06493,Landslide,18.209167,73.212778
SLD_06494,Landslide,18.21,73.39
SLD_06495,Landslide,18.218056,73.226667
SLD_06496,Landslide,18.220833,72.976111
SLD_06497,Landslide,18.221944,73.2275
SLD_06498,Landslide,18.2225,73.156111
SLD_06499,Landslide,18.225833,73.081944
SLD_06500,Landslide,18.229722,73.154722
SLD_06501,Landslide,18.238889,72.970833
SLD_06502,Landslide,18.24,73.66
SLD_06503,Landslide,18.245178,73.759937
SLD_06504,Landslide,18.25,73.54
SLD_06505,Landslide,18.25,73.54
SLD_06506,Landslide,18.25,73.56
SLD_06507,Landslide,18.26,73.53
SLD_06508,Landslide,18.26,73.53
SLD_06509,Landslide,18.26,73.53
SLD_06510,Landslide,18.26,73.55
SLD_06511,Landslide,18.26,73.59
SLD_06512,Landslide,18.27,73.6
SLD_06513,Landslide,18.27,73.6
SLD_06514,Landslide,18.27,73.6
SLD_06515,Landslide,18.27,73.6
SLD_06516,Landslide,18.27,73.6
SLD_06517,Landslide,18.27,73.6
SLD_06518,Landslide,18.27,73.6
SLD_06519,Landslide,18.27,72.96
SLD_06520,Landslide,18.27,72.95
SLD_06521,Landslide,18.272778,73.034722
SLD_06522,Landslide,18.273056,73.031667
SLD_06523,Landslide,18.278611,73.040278
SLD_06524,Landslide,18.28,73.59
SLD_06525,Landslide,18.28,73.59
SLD_06526,Landslide,18.28,73.6
SLD_06527,Landslide,18.28,73.09
SLD_06528,Landslide,18.280556,73.090278
SLD_06529,Landslide,18.29,73.56
SLD_06530,Landslide,18.29,73.56
SLD_06531,Landslide,18.291111,73.040556
SLD_06532,Landslide,18.295556,73.036667
SLD_06533,Landslide,18.299444,73.063056
SLD_06534,Landslide,18.307778,73.055556
SLD_06535,Landslide,18.31,73.04
SLD_06536,Landslide,18.31,73.37
SLD_06537,Landslide,18.31,73.37
SLD_06538,Landslide,18.311389,73.074444
SLD_06539,Landslide,18.32,73.5
SLD_06540,Landslide,18.32,73.79
SLD_06541,Landslide,18.32,73.81
SLD_06542,Landslide,18.32,73.36
SLD_06543,Landslide,18.33,73.79
SLD_06544,Landslide,18.33,73.62
SLD_06545,Landslide,18.33,73.67
SLD_06546,Landslide,18.33,73.68
SLD_06547,Landslide,18.33,73.68
SLD_06548,Landslide,18.33,73.5
SLD_06549,Landslide,18.33,73.67
SLD_06550,Landslide,18.34,73.56
SLD_06551,Landslide,18.34,73.62
SLD_06552,Landslide,18.34,73.62
SLD_06553,Landslide,18.34,73.62
SLD_06554,Landslide,18.34,73.62
SLD_06555,Landslide,18.34,73.62
SLD_06556,Landslide,18.34,73.62
SLD_06557,Landslide,18.34,73.67
SLD_06558,Landslide,18.34,73.68
SLD_06559,Landslide,18.34,73.68
SLD_06560,Landslide,18.34,73.02
SLD_06561,Landslide,18.35,73.57
SLD_06562,Landslide,18.36,73.77
SLD_06563,Landslide,18.36,73.77
SLD_06564,Landslide,18.36,73.76
SLD_06565,Landslide,18.36,73.65
SLD_06566,Landslide,18.36,73.52
SLD_06567,Landslide,18.36,73.61
SLD_06568,Landslide,18.36,73.5
SLD_06569,Landslide,18.361685,73.773273
SLD_06570,Landslide,18.36172,73.772902
SLD_06571,Landslide,18.361783,73.772761
SLD_06572,Landslide,18.361828,73.7727
SLD_06573,Landslide,18.361884,73.773797
SLD_06574,Landslide,18.361933,73.772191
SLD_06575,Landslide,18.362096,73.771794
SLD_06576,Landslide,18.362114,73.773865
SLD_06577,Landslide,18.362153,73.77083
SLD_06578,Landslide,18.362164,73.77048
SLD_06579,Landslide,18.362175,73.773998
SLD_06580,Landslide,18.362192,73.769895
SLD_06581,Landslide,18.362299,73.768865
SLD_06582,Landslide,18.362741,73.767875
SLD_06583,Landslide,18.362852,73.766662
SLD_06584,Landslide,18.362945,73.775157
SLD_06585,Landslide,18.363122,73.766504
SLD_06586,Landslide,18.363223,73.775261
SLD_06587,Landslide,18.36352,73.765914
SLD_06588,Landslide,18.363631,73.765812
SLD_06589,Landslide,18.363733,73.765747
SLD_06590,Landslide,18.363929,73.77605
SLD_06591,Landslide,18.363962,73.765671
SLD_06592,Landslide,18.364217,73.76491
SLD_06593,Landslide,18.36428,73.763855
SLD_06594,Landslide,18.364305,73.776481
SLD_06595,Landslide,18.364427,73.763348
SLD_06596,Landslide,18.364561,73.763034
SLD_06597,Landslide,18.364593,73.762975
SLD_06598,Landslide,18.364603,73.779414
SLD_06599,Landslide,18.364692,73.779706
SLD_06600,Landslide,18.364741,73.779917
SLD_06601,Landslide,18.364743,73.762328
SLD_06602,Landslide,18.364803,73.776031
SLD_06603,Landslide,18.364803,73.7788
SLD_06604,Landslide,18.365043,73.76055
SLD_06605,Landslide,18.365112,73.775939
SLD_06606,Landslide,18.365224,73.7759
SLD_06607,Landslide,18.365263,73.760597
SLD_06608,Landslide,18.365481,73.778061
SLD_06609,Landslide,18.365483,73.760324
SLD_06610,Landslide,18.365589,73.777978
SLD_06611,Landslide,18.365786,73.777492
SLD_06612,Landslide,18.366983,73.777178
SLD_06613,Landslide,18.367111,73.775667
SLD_06614,Landslide,18.367548,73.77761
SLD_06615,Landslide,18.367841,73.777927
SLD_06616,Landslide,18.367981,73.778093
SLD_06617,Landslide,18.368017,73.7786
SLD_06618,Landslide,18.368019,73.778287
SLD_06619,Landslide,18.368317,73.778497
SLD_06620,Landslide,18.368412,73.778433
SLD_06621,Landslide,18.36855,73.778294
SLD_06622,Landslide,18.368614,73.778269
SLD_06623,Landslide,18.369328,73.775813
SLD_06624,Landslide,18.37,73.55
SLD_06625,Landslide,18.37,73.58
SLD_06626,Landslide,18.37,73.78
SLD_06627,Landslide,18.37,73.76
SLD_06628,Landslide,18.37,73.76
SLD_06629,Landslide,18.371361,73.77725
SLD_06630,Landslide,18.37287,73.778068
SLD_06631,Landslide,18.373628,73.777868
SLD_06632,Landslide,18.376899,73.777098
SLD_06633,Landslide,18.377101,73.776949
SLD_06634,Landslide,18.377558,73.776827
SLD_06635,Landslide,18.377724,73.777382
SLD_06636,Landslide,18.3778,73.776791
SLD_06637,Landslide,18.379233,73.777044
SLD_06638,Landslide,18.379806,73.776944
SLD_06639,Landslide,18.38,73.78
SLD_06640,Landslide,18.38,73.78
SLD_06641,Landslide,18.38,73.78
SLD_06642,Landslide,18.38,73.58
SLD_06643,Landslide,18.38,73.58
SLD_06644,Landslide,18.38,73.57
SLD_06645,Landslide,18.38,73.57
SLD_06646,Landslide,18.38,73.57
SLD_06647,Landslide,18.38,73.57
SLD_06648,Landslide,18.38,73.56
SLD_06649,Landslide,18.38,73.56
SLD_06650,Landslide,18.38,73.59
SLD_06651,Landslide,18.38,73.59
SLD_06652,Landslide,18.380119,73.776842
SLD_06653,Landslide,18.380472,73.776829
SLD_06654,Landslide,18.380632,73.776758
SLD_06655,Landslide,18.380915,73.776477
SLD_06656,Landslide,18.381489,73.776153
SLD_06657,Landslide,18.381549,73.776112
SLD_06658,Landslide,18.38175,73.775987
SLD_06659,Landslide,18.381889,73.775917
SLD_06660,Landslide,18.382304,73.77577
SLD_06661,Landslide,18.382447,73.775746
SLD_06662,Landslide,18.38276,73.775659
SLD_06663,Landslide,18.383283,73.775406
SLD_06664,Landslide,18.383333,73.074722
SLD_06665,Landslide,18.38338,73.775407
SLD_06666,Landslide,18.383533,73.775319
SLD_06667,Landslide,18.385448,73.77438
SLD_06668,Landslide,18.385926,73.774189
SLD_06669,Landslide,18.386073,73.774147
SLD_06670,Landslide,18.386215,73.774541
SLD_06671,Landslide,18.386389,73.078611
SLD_06672,Landslide,18.386678,73.773937
SLD_06673,Landslide,18.386806,73.773917
SLD_06674,Landslide,18.387347,73.774053
SLD_06675,Landslide,18.387747,73.774559
SLD_06676,Landslide,18.388444,73.774083
SLD_06677,Landslide,18.388472,73.774
SLD_06678,Landslide,18.388665,73.773843
SLD_06679,Landslide,18.388806,73.773778
SLD_06680,Landslide,18.388839,73.773313
SLD_06681,Landslide,18.38888,73.773687
SLD_06682,Landslide,18.389581,73.774824
SLD_06683,Landslide,18.389611,73.774722
SLD_06684,Landslide,18.389889,73.774444
SLD_06685,Landslide,18.39,73.77
SLD_06686,Landslide,18.39,73.77
SLD_06687,Landslide,18.39,73.77
SLD_06688,Landslide,18.39,73.77
SLD_06689,Landslide,18.39,73.63
SLD_06690,Landslide,18.39,73.51
SLD_06691,Landslide,18.39,73.51
SLD_06692,Landslide,18.39,73.51
SLD_06693,Landslide,18.39,73.51
SLD_06694,Landslide,18.39,73.54
SLD_06695,Landslide,18.39,73.58
SLD_06696,Landslide,18.39,73.58
SLD_06697,Landslide,18.39,73.66
SLD_06698,Landslide,18.39,73.67
SLD_06699,Landslide,18.39,73.08
SLD_06700,Landslide,18.39,73.39
SLD_06701,Landslide,18.390097,73.774289
SLD_06702,Landslide,18.390278,73.77225
SLD_06703,Landslide,18.390403,73.773938
SLD_06704,Landslide,18.390477,73.771991
SLD_06705,Landslide,18.390547,73.773839
SLD_06706,Landslide,18.390714,73.773667
SLD_06707,Landslide,18.390826,73.772364
SLD_06708,Landslide,18.390844,73.773461
SLD_06709,Landslide,18.390927,73.773378
SLD_06710,Landslide,18.391019,73.772581
SLD_06711,Landslide,18.391244,73.772892
SLD_06712,Landslide,18.39346,73.771402
SLD_06713,Landslide,18.4,73.51
SLD_06714,Landslide,18.4,73.51
SLD_06715,Landslide,18.4,73.51
SLD_06716,Landslide,18.4,73.62
SLD_06717,Landslide,18.4,73.61
SLD_06718,Landslide,18.4,73.56
SLD_06719,Landslide,18.41,73.53
SLD_06720,Landslide,18.41,73.53
SLD_06721,Landslide,18.41,73.53
SLD_06722,Landslide,18.41,73.53
SLD_06723,Landslide,18.41,73.52
SLD_06724,Landslide,18.41,73.51
SLD_06725,Landslide,18.41,73.6
SLD_06726,Landslide,18.41,73.7
SLD_06727,Landslide,18.41,73.7
SLD_06728,Landslide,18.41,73.69
SLD_06729,Landslide,18.41,73.69
SLD_06730,Landslide,18.41,73.69
SLD_06731,Landslide,18.43,73.53
SLD_06732,Landslide,18.43,73.72
SLD_06733,Landslide,18.43,73.54
SLD_06734,Landslide,18.43,73.53
SLD_06735,Landslide,18.43,73.11
SLD_06736,Landslide,18.44,73.54
SLD_06737,Landslide,18.44,73.54
SLD_06738,Landslide,18.44,73.54
SLD_06739,Landslide,18.45,73.54
SLD_06740,Landslide,18.46,73.53
SLD_06741,Landslide,18.46,73.54
SLD_06742,Landslide,18.46,73.63
SLD_06743,Landslide,18.46,73.63
SLD_06744,Landslide,18.46,73.63
SLD_06745,Landslide,18.46,73.63
SLD_06746,Landslide,18.46,73.63
SLD_06747,Landslide,18.47,73.64
SLD_06748,Landslide,18.47,73.65
SLD_06749,Landslide,18.47,73.65
SLD_06750,Landslide,18.47,73.52
SLD_06751,Landslide,18.47,73.53
SLD_06752,Landslide,18.47,73.64
SLD_06753,Landslide,18.47,73.64
SLD_06754,Landslide,18.47,73.19
SLD_06755,Landslide,18.470833,73.070556
SLD_06756,Landslide,18.471389,73.068889
SLD_06757,Landslide,18.49,73.64
SLD_06758,Landslide,18.49,73.64
SLD_06759,Landslide,18.49,73.71
SLD_06760,Landslide,18.49,72.96
SLD_06761,Landslide,18.5,73.71
SLD_06762,Landslide,18.5,73.71
SLD_06763,Landslide,18.51,73.71
SLD_06764,Landslide,18.511111,73.126111
SLD_06765,Landslide,18.53,73.38
SLD_06766,Landslide,18.54,73.51
SLD_06767,Landslide,18.55,73.63
SLD_06768,Landslide,18.57,73.36
SLD_06769,Landslide,18.58,73.36
SLD_06770,Landslide,18.59,73.59
SLD_06771,Landslide,18.59,73.59
SLD_06772,Landslide,18.59,73.59
SLD_06773,Landslide,18.59,73.59
SLD_06774,Landslide,18.59,73.59
SLD_06775,Landslide,18.59,73.59
SLD_06776,Landslide,18.59,73.59
SLD_06777,Landslide,18.59,73.59
SLD_06778,Landslide,18.595556,72.921111
SLD_06779,Landslide,18.62,73.51
SLD_06780,Landslide,18.63,73.52
SLD_06781,Landslide,18.63,73.56
SLD_06782,Landslide,18.65,73.5
SLD_06783,Landslide,18.65,73.55
SLD_06784,Landslide,18.67,73.45
SLD_06785,Landslide,18.67,73.45
SLD_06786,Landslide,18.67,73.45
SLD_06787,Landslide,18.67,73.47
SLD_06788,Landslide,18.6866,72.9214
SLD_06789,Landslide,18.69,73.55
SLD_06790,Landslide,18.69,73.29
SLD_06791,Landslide,18.69,73.29
SLD_06792,Landslide,18.6924,72.92411
SLD_06793,Landslide,18.6964,72.9294
SLD_06794,Landslide,18.7,73.51
SLD_06795,Landslide,18.7,73.28
SLD_06796,Landslide,18.7,73.44
SLD_06797,Landslide,18.7,73.46
SLD_06798,Landslide,18.72,73.46
SLD_06799,Landslide,18.73,73.56
SLD_06800,Landslide,18.73,73.4
SLD_06801,Landslide,18.75,73.34
SLD_06802,Landslide,18.76,73.35
SLD_06803,Landslide,18.77,73.36
SLD_06804,Landslide,18.779444,73.121
SLD_06805,Landslide,18.819167,73.243
SLD_06806,Landslide,18.83,73.73
SLD_06807,Landslide,18.84,73.41
SLD_06808,Landslide,18.9,73.91
SLD_06809,Landslide,18.9,73.91
SLD_06810,Landslide,18.9,73.91
SLD_06811,Landslide,18.9,73.91
SLD_06812,Landslide,18.9,73.91
SLD_06813,Landslide,18.94,73.31
SLD_06814,Landslide,18.95,73.87
SLD_06815,Landslide,18.95,73.7
SLD_06816,Landslide,18.95,73.46
SLD_06817,Landslide,18.97,73.32
SLD_06818,Landslide,18.97,73.32
SLD_06819,Landslide,10.625965,76.539455
SLD_06820,Landslide,13.406306,75.744861
SLD_06821,Landslide,13.403333,75.735917
SLD_06822,Landslide,8.7220972,76.71483056
SLD_06823,Landslide,13.387861,75.727111
SLD_06824,Landslide,11.973339,76.01831111
SLD_06825,Landslide,13.381445,75.713611
SLD_06826,Landslide,8.7252306,76.71186667
SLD_06827,Landslide,12.973339,76.01831111
SLD_06828,Landslide,10.626917,76.53938889
SLD_06829,Landslide,10.47625,76.57025
SLD_06830,Landslide,14.809896,74.14158063
SLD_06831,Landslide,13.149269,75.459855
SLD_06832,Landslide,13.128046,75.5153175
SLD_06833,Landslide,13.300442,75.3054032
SLD_06834,Landslide,13.24974,75.3692866
SLD_06835,Landslide,13.148567,75.4586835
SLD_06836,Landslide,13.418915,75.7206706
SLD_06837,Landslide,11.973339,76.01831111
SLD_06838,Landslide,12.939786,74.93526667
SLD_06839,Landslide,12.91175,74.848625
SLD_06840,Landslide,12.874278,74.97915833
SLD_06841,Landslide,12.878136,75.03807222
SLD_06842,Landslide,12.759331,75.19792778
SLD_06843,Landslide,12.751653,75.23003889
SLD_06844,Landslide,12.751653,75.23003889
SLD_06845,Landslide,12.800258,75.24629167
SLD_06846,Landslide,12.813956,75.2177
SLD_06847,Landslide,13.006839,75.26101944
SLD_06848,Landslide,13.046275,75.27276944
SLD_06849,Landslide,12.923792,74.9106
SLD_06850,Landslide,13.883858,74.61844444
SLD_06851,Landslide,13.888494,74.61815
SLD_06852,Landslide,13.879425,74.62072778
SLD_06853,Landslide,13.8719,74.6052
SLD_06854,Landslide,13.869075,74.81434444
SLD_06855,Landslide,13.577297,74.86976667
SLD_06856,Landslide,13.439,74.96759167
SLD_06857,Landslide,13.226703,75.13119722
SLD_06858,Landslide,13.406306,75.74486111
SLD_06859,Landslide,13.403333,75.73591667
SLD_06860,Landslide,13.387861,75.72711111
SLD_06861,Landslide,13.381444,75.71361111
SLD_06862,Landslide,13.383306,75.70797222
SLD_06863,Landslide,13.361056,75.35994444
SLD_06864,Landslide,13.331,75.34027778
SLD_06865,Landslide,13.331833,75.337
SLD_06866,Landslide,13.326167,75.35194444
SLD_06867,Landslide,13.306361,75.37655556
SLD_06868,Landslide,13.310278,75.38277778
SLD_06869,Landslide,13.332,75.38963889
SLD_06870,Landslide,13.331917,75.38663889
SLD_06871,Landslide,13.503278,75.34969444
SLD_06872,Landslide,13.438389,75.25802778
SLD_06873,Landslide,13.421417,75.24547222
SLD_06874,Landslide,13.404333,75.23347222
SLD_06875,Landslide,13.367861,75.21205556
SLD_06876,Landslide,13.423306,75.25469444
SLD_06877,Landslide,13.076417,75.45569444
SLD_06878,Landslide,13.076833,75.45633333
SLD_06879,Landslide,13.076333,75.47161111
SLD_06880,Landslide,13.219778,75.41916667
SLD_06881,Landslide,13.280611,75.3315
SLD_06882,Landslide,13.281167,75.34819444
SLD_06883,Landslide,14.781677,74.136913
SLD_06884,Landslide,14.782055,74.138237
SLD_06885,Landslide,14.782712,74.13883
SLD_06886,Landslide,14.783218,74.139477
SLD_06887,Landslide,14.78353,74.140167
SLD_06888,Landslide,14.783522,74.140903
SLD_06889,Landslide,14.783217,74.141485
SLD_06890,Landslide,14.781229,74.146864
SLD_06891,Landslide,14.759265,74.234887
SLD_06892,Landslide,14.749197,74.248513
SLD_06893,Landslide,14.745973,74.25133
SLD_06894,Landslide,14.602864,74.362828
SLD_06895,Landslide,14.582058,74.381403
SLD_06896,Landslide,14.580318,74.38286
SLD_06897,Landslide,14.521306,75.409556
SLD_06898,Landslide,14.513155,74.411225
SLD_06899,Landslide,14.470933,74.439445
SLD_06900,Landslide,14.457233,74.438342
SLD_06901,Landslide,13.888483,74.61799
SLD_06902,Landslide,14.603554,74.371219
SLD_06903,Landslide,14.539822,74.348515
SLD_06904,Landslide,14.539402,74.312368
SLD_06905,Landslide,14.553255,74.359167
SLD_06906,Landslide,14.604261,74.357595
SLD_06907,Landslide,14.480271,74.437881
SLD_06908,Landslide,14.546835,74.357823
SLD_06909,Landslide,14.590067,74.566353
SLD_06910,Landslide,14.42279,74.56534
SLD_06911,Landslide,12.89692,75.732489
SLD_06912,Landslide,12.932363,75.725262
SLD_06913,Landslide,12.939405,75.73157
SLD_06914,Landslide,12.941253,75.730908
SLD_06915,Landslide,12.92256,75.762242
SLD_06916,Landslide,12.920003,75.747305
SLD_06917,Landslide,12.909688,75.7372
SLD_06918,Landslide,12.894105,75.72772
SLD_06919,Landslide,12.905202,75.73538
SLD_06920,Landslide,10.625965,76.539455
SLD_06921,Landslide,10.626917,76.53938889
SLD_06922,Landslide,10.47625,76.57025
SLD_06923,Landslide,10.476194,76.57002778
SLD_06924,Landslide,10.523861,76.65280556
SLD_06925,Landslide,10.526639,76.655
SLD_06926,Landslide,10.526194,76.64055556
SLD_06927,Landslide,10.519194,76.62902778
SLD_06928,Landslide,10.519917,76.62911111
SLD_06929,Landslide,10.144278,76.09836111
SLD_06930,Landslide,10.151583,77.07905556
SLD_06931,Landslide,10.036889,77.12791667
SLD_06932,Landslide,10.052556,77.10883333
SLD_06933,Landslide,10.064389,77.10233333
SLD_06934,Landslide,10.071139,77.09872222
SLD_06935,Landslide,10.082639,77.07358333
SLD_06936,Landslide,10.082917,77.07269444
SLD_06937,Landslide,10.083222,77.07130556
SLD_06938,Landslide,10.084083,77.07844444
SLD_06939,Landslide,10.054861,77.05227778
SLD_06940,Landslide,9.9821944,77.03261111
SLD_06941,Landslide,9.9803333,77.03036111
SLD_06942,Landslide,9.9453083,76.97888611
SLD_06943,Landslide,9.8093056,76.85438889
SLD_06944,Landslide,9.8165,76.86197222
SLD_06945,Landslide,9.691,76.8251
SLD_06946,Landslide,9.7475,76.75638889
SLD_06947,Landslide,8.7220972,76.71483056
SLD_06948,Landslide,8.7252306,76.71186667
SLD_06949,Landslide,8.7266167,76.71076111
SLD_06950,Landslide,8.7279333,76.71076111
SLD_06951,Landslide,8.7284583,76.70914722
SLD_06952,Landslide,8.7293056,76.70837222
SLD_06953,Landslide,8.7310611,76.70693056
SLD_06954,Landslide,8.7623778,76.68576944
SLD_06955,Landslide,8.7323583,76.70650833
SLD_06956,Landslide,8.7352139,76.70446944
SLD_06957,Landslide,11.786539,75.77123056
SLD_06958,Landslide,11.785247,75.77669167
SLD_06959,Landslide,11.787589,75.78859444
SLD_06960,Landslide,11.788056,75.79233333
SLD_06961,Landslide,11.786281,75.78933889
SLD_06962,Landslide,11.785414,75.78934167
SLD_06963,Landslide,11.781806,75.78877222
SLD_06964,Landslide,11.783458,75.78753056
SLD_06965,Landslide,11.782756,75.78577222
SLD_06966,Landslide,11.785828,75.75981389
SLD_06967,Landslide,11.796933,75.75671944
SLD_06968,Landslide,11.777444,75.77436111
SLD_06969,Landslide,11.462778,76.13416667
SLD_06970,Landslide,18.452894,73.49095278
SLD_06971,Landslide,18.397689,73.51674444
SLD_06972,Landslide,18.408972,73.52738056
SLD_06973,Landslide,18.932472,73.23425
SLD_06974,Landslide,18.428972,73.40361111
SLD_06975,Landslide,18.596375,73.512975
SLD_06976,Landslide,10.447257,76.984351
SLD_06977,Landslide,10.451245,76.981973
SLD_06978,Landslide,10.451802,76.981495
SLD_06979,Landslide,10.450891,76.976945
SLD_06980,Landslide,10.449755,76.976183
SLD_06981,Landslide,10.450355,76.979802
SLD_06982,Landslide,10.450497,76.97869
SLD_06983,Landslide,10.450672,76.98034
SLD_06984,Landslide,10.431505,76.98407
SLD_06985,Landslide,11.4921,76.4997
SLD_06986,Landslide,11.49052,76.527422
SLD_06987,Landslide,11.490697,76.532657
SLD_06988,Landslide,11.3645,76.705615
SLD_06989,Landslide,11.359923,76.667
SLD_06990,Landslide,11.327553,76.6317
SLD_06991,Landslide,11.34204,76.63419
SLD_06992,Background,13.149675,75.073186
SLD_06993,Background,9.277837,76.405089
SLD_06994,Background,10.255499,76.733681
SLD_06995,Background,9.468942,77.051196
SLD_06996,Background,14.989856,75.096557
SLD_06997,Background,15.266131,73.982684
SLD_06998,Background,10.375045,77.813459
SLD_06999,Background,9.616881,76.822532
SLD_07000,Background,16.470317,74.490665
SLD_07001,Background,14.004699,75.26294
SLD_07002,Background,9.392379,77.100137
SLD_07003,Background,9.605658,76.328456
SLD_07004,Background,18.221516,73.531899
SLD_07005,Background,11.30091,76.834618
SLD_07006,Background,11.78211,76.753566
SLD_07007,Background,9.988527,77.20908
SLD_07008,Background,10.251489,76.850947
SLD_07009,Background,11.640587,76.234771
SLD_07010,Background,16.64518,73.672156
SLD_07011,Background,10.249718,76.53386
SLD_07012,Background,14.476785,75.393507
SLD_07013,Background,13.594418,74.775069
SLD_07014,Background,13.698003,74.676094
SLD_07015,Background,15.854114,74.181737
SLD_07016,Background,11.846889,76.505679
SLD_07017,Background,14.022612,75.160255
SLD_07018,Background,8.340414,77.225627
SLD_07019,Background,10.074202,76.518936
SLD_07020,Background,18.219628,73.556486
SLD_07021,Background,11.584242,75.805802
SLD_07022,Background,13.137274,75.296939
SLD_07023,Background,13.574409,75.319379
SLD_07024,Background,14.433128,75.073356
SLD_07025,Background,10.625771,77.069387
SLD_07026,Background,10.774521,77.429395
SLD_07027,Background,8.582811,77.08741
SLD_07028,Background,8.716336,76.976431
SLD_07029,Background,16.503942,74.445907
SLD_07030,Background,16.218439,74.1307
SLD_07031,Background,9.865397,77.406293
SLD_07032,Background,10.628749,76.66911
SLD_07033,Background,12.085073,76.221105
SLD_07034,Background,18.541177,73.444333
SLD_07035,Background,16.765266,73.995139
SLD_07036,Background,16.37516,73.439564
SLD_07037,Background,11.978166,75.806088
SLD_07038,Background,10.229021,77.591197
SLD_07039,Background,15.222974,74.362485
SLD_07040,Background,16.688214,74.287759
SLD_07041,Background,12.915824,76.078448
SLD_07042,Background,18.782177,73.534924
SLD_07043,Background,14.791687,74.971349
SLD_07044,Background,9.464253,77.790446
SLD_07045,Background,9.460022,76.956384
SLD_07046,Background,8.409267,77.085549
SLD_07047,Background,8.488243,76.917514
SLD_07048,Background,10.089217,77.282948
SLD_07049,Background,14.077444,74.937637
SLD_07050,Background,14.51691,75.006221
SLD_07051,Background,15.959482,74.088833
SLD_07052,Background,18.091322,73.60332
SLD_07053,Background,16.545727,73.406884
SLD_07054,Background,18.088955,73.71167
SLD_07055,Background,10.993847,76.319279
SLD_07056,Background,14.295978,74.84004
SLD_07057,Background,14.771913,74.450298
SLD_07058,Background,18.403666,74.031666
SLD_07059,Background,14.355284,74.736903
SLD_07060,Background,11.558805,77.106314
SLD_07061,Background,10.602757,77.462848
SLD_07062,Background,11.220406,76.944353
SLD_07063,Background,10.46833,76.122288
SLD_07064,Background,16.547541,73.505104
SLD_07065,Background,14.429455,75.461409
SLD_07066,Background,15.83028,74.70546
SLD_07067,Background,11.975842,76.345191
SLD_07068,Background,10.093615,77.184128
SLD_07069,Background,11.351305,76.17435
SLD_07070,Background,14.430254,75.556729
SLD_07071,Background,13.207475,76.072999
SLD_07072,Background,11.955833,76.598442
SLD_07073,Background,18.15136,73.301799
SLD_07074,Background,17.197871,73.247168
SLD_07075,Background,18.668901,73.519819
SLD_07076,Background,12.89322,75.852252
SLD_07077,Background,11.905554,75.761331
SLD_07078,Background,13.892831,75.212857
SLD_07079,Background,14.483766,75.504737
SLD_07080,Background,11.473917,76.748024
SLD_07081,Background,8.580278,76.930022
SLD_07082,Background,9.519376,77.194296
SLD_07083,Background,10.794018,76.094415
SLD_07084,Background,11.0142,77.064788
SLD_07085,Background,15.065553,75.090889
SLD_07086,Background,16.517172,73.381627
SLD_07087,Background,9.870807,77.342003
SLD_07088,Background,10.321449,77.959828
SLD_07089,Background,12.097308,76.161663
SLD_07090,Background,10.939682,77.433892
SLD_07091,Background,9.879589,76.814208
SLD_07092,Background,11.060261,77.503992
SLD_07093,Background,10.902265,76.941549
SLD_07094,Background,18.107692,74.040981
SLD_07095,Background,9.699064,76.59704
SLD_07096,Background,16.968963,73.806478
SLD_07097,Background,10.628102,77.862443
SLD_07098,Background,11.165299,77.367486
SLD_07099,Background,13.603256,75.174601
SLD_07100,Background,11.058818,76.090986
SLD_07101,Background,17.812326,73.559609
SLD_07102,Background,8.764798,77.686325
SLD_07103,Background,13.990621,75.790118
SLD_07104,Background,15.057774,74.381837
SLD_07105,Background,12.532514,75.016635
SLD_07106,Background,11.430818,75.843133
SLD_07107,Background,16.016616,74.445402
SLD_07108,Background,12.639319,75.254838
SLD_07109,Background,13.598931,75.761473
SLD_07110,Background,13.599444,75.641346
SLD_07111,Background,15.846101,74.670141
SLD_07112,Background,10.67596,77.379116
SLD_07113,Background,9.093046,76.933246
SLD_07114,Background,10.550223,77.126532
SLD_07115,Background,16.293052,73.408773
SLD_07116,Background,18.533987,73.098127
SLD_07117,Background,15.239718,74.533456
SLD_07118,Background,15.873251,73.703183
SLD_07119,Background,14.174257,74.692102
SLD_07120,Background,13.612193,75.676513
SLD_07121,Background,14.193258,74.83459
SLD_07122,Background,13.625601,75.046911
SLD_07123,Background,13.08076,75.230076
SLD_07124,Background,18.710329,73.744055
SLD_07125,Background,18.055058,73.041866
SLD_07126,Background,15.404417,74.011609
SLD_07127,Background,16.499409,74.067335
SLD_07128,Background,12.783687,76.265119
SLD_07129,Background,11.623207,75.591794
SLD_07130,Background,11.3779,75.837041
SLD_07131,Background,10.963039,77.192959
SLD_07132,Background,14.157914,75.549973
SLD_07133,Background,15.436859,74.865401
SLD_07134,Background,18.373964,72.93971
SLD_07135,Background,10.335536,76.525289
SLD_07136,Background,11.62188,76.585665
SLD_07137,Background,13.391475,75.661748
SLD_07138,Background,9.819277,76.59257
SLD_07139,Background,18.782951,73.450061
SLD_07140,Background,14.575863,74.932507
SLD_07141,Background,12.78103,75.673897
SLD_07142,Background,11.153096,76.798506
SLD_07143,Background,8.865101,76.938405
SLD_07144,Background,17.413677,74.02028
SLD_07145,Background,14.888954,74.879845
SLD_07146,Background,13.430209,75.853511
SLD_07147,Background,15.583786,74.227879
SLD_07148,Background,11.093712,77.379913
SLD_07149,Background,10.694018,76.972206
SLD_07150,Background,15.009469,74.913782
SLD_07151,Background,18.527727,73.516796
SLD_07152,Background,15.824608,74.833541
SLD_07153,Background,13.62854,74.694468
SLD_07154,Background,15.010519,75.147392
SLD_07155,Background,12.249152,76.08136
SLD_07156,Background,12.315076,76.17874
SLD_07157,Background,15.289996,74.473491
SLD_07158,Background,12.174881,76.28776
SLD_07159,Background,16.776742,73.336829
SLD_07160,Background,12.696699,75.156862
SLD_07161,Background,12.793397,75.471018
SLD_07162,Background,16.033927,74.36827
SLD_07163,Background,10.877533,76.478205
SLD_07164,Background,17.175105,73.58704
SLD_07165,Background,18.881623,73.78216
SLD_07166,Background,17.581225,73.650364
SLD_07167,Background,8.553096,77.219842
SLD_07168,Background,14.415975,75.153459
SLD_07169,Background,10.53876,77.001719
SLD_07170,Background,13.029791,74.945131
SLD_07171,Background,16.348406,74.448466
SLD_07172,Background,14.820532,74.597084
SLD_07173,Background,9.591249,77.397751
SLD_07174,Background,13.812058,75.871598
SLD_07175,Background,17.361996,73.552336
SLD_07176,Background,17.734376,73.702923
SLD_07177,Background,13.781795,75.824236
SLD_07178,Background,16.752417,74.330572
SLD_07179,Background,9.389125,77.120672
SLD_07180,Background,18.249026,74.00351
SLD_07181,Background,8.43934,77.314634
SLD_07182,Background,15.218606,74.853107
SLD_07183,Background,8.709378,76.913451
SLD_07184,Background,9.040042,77.395881
SLD_07185,Background,10.394897,76.3289
SLD_07186,Background,16.967709,73.581476
SLD_07187,Background,16.669737,73.731251
SLD_07188,Background,10.996568,77.46965
SLD_07189,Background,16.175103,73.864991
SLD_07190,Background,12.121946,76.643307
SLD_07191,Background,14.322049,74.456179
SLD_07192,Background,13.332101,74.919955
SLD_07193,Background,9.701228,77.631485
SLD_07194,Background,15.95714,73.825546
SLD_07195,Background,14.919192,74.755411
SLD_07196,Background,18.408726,73.651023
SLD_07197,Background,10.167095,77.351463
SLD_07198,Background,18.307086,73.768991
SLD_07199,Background,13.203322,75.225386
SLD_07200,Background,16.900881,74.148605
SLD_07201,Background,18.566839,73.044566
SLD_07202,Background,16.276201,73.663595
SLD_07203,Background,17.721177,73.637835
SLD_07204,Background,13.715537,75.822119
SLD_07205,Background,15.808634,74.897876
SLD_07206,Background,15.070321,74.174883
SLD_07207,Background,14.004883,75.129767
SLD_07208,Background,14.360642,74.560209
SLD_07209,Background,18.094592,74.091753
SLD_07210,Background,18.414093,74.073153
SLD_07211,Background,18.318083,73.642689
SLD_07212,Background,10.901817,77.655381
SLD_07213,Background,14.490038,75.479127
SLD_07214,Background,10.697293,77.723326
SLD_07215,Background,12.804916,75.668512
SLD_07216,Background,17.131607,74.116374
SLD_07217,Background,18.336147,73.424729
SLD_07218,Background,14.053964,75.552421
SLD_07219,Background,16.471869,73.599526
SLD_07220,Background,9.262068,77.555661
SLD_07221,Background,14.260574,74.570849
SLD_07222,Background,14.045946,74.576087
SLD_07223,Background,12.742173,76.020397
SLD_07224,Background,10.757976,76.680603
SLD_07225,Background,10.048961,77.571724
SLD_07226,Background,13.725206,75.068606
SLD_07227,Background,10.625492,76.10441
SLD_07228,Background,18.581452,73.476651
SLD_07229,Background,13.745568,75.187683
SLD_07230,Background,12.911382,75.901817
SLD_07231,Background,10.403463,77.707124
SLD_07232,Background,14.727385,74.577684
SLD_07233,Background,10.119286,76.305777
SLD_07234,Background,11.18476,76.212523
SLD_07235,Background,14.387614,74.88904
SLD_07236,Background,16.780031,74.08286
SLD_07237,Background,16.049315,73.478365
SLD_07238,Background,15.821124,74.272685
SLD_07239,Background,10.673756,77.502388
SLD_07240,Background,18.673036,73.85533
SLD_07241,Background,10.849402,75.955225
SLD_07242,Background,16.486809,74.126279
SLD_07243,Background,13.766303,74.873176
SLD_07244,Background,14.286513,75.617665
SLD_07245,Background,16.777827,74.070105
SLD_07246,Background,14.714311,75.288202
SLD_07247,Background,12.745914,75.163737
SLD_07248,Background,16.070731,74.302567
SLD_07249,Background,17.054107,74.140198
SLD_07250,Background,15.965528,73.6759
SLD_07251,Background,11.416137,76.921088
SLD_07252,Background,10.404014,77.135763
SLD_07253,Background,17.320696,73.407987
SLD_07254,Background,10.384019,77.957276
SLD_07255,Background,17.685893,73.605124
SLD_07256,Background,8.626959,76.88619
SLD_07257,Background,8.360485,77.101525
SLD_07258,Background,15.3867,74.993923
SLD_07259,Background,14.030459,75.657013
SLD_07260,Background,10.481192,76.174862
SLD_07261,Background,9.427395,76.86932
SLD_07262,Background,10.266142,77.099417
SLD_07263,Background,9.60108,77.043308
SLD_07264,Background,14.411127,74.958734
SLD_07265,Background,9.645799,76.941073
SLD_07266,Background,13.265221,75.343076
SLD_07267,Background,9.413106,77.341326
SLD_07268,Background,12.892282,75.562489
SLD_07269,Background,13.429808,75.059986
SLD_07270,Background,10.513127,76.80316
SLD_07271,Background,12.819773,76.172651
SLD_07272,Background,11.36795,77.053067
SLD_07273,Background,15.388632,74.844425
SLD_07274,Background,14.947741,75.20613
SLD_07275,Background,16.346783,73.424507
SLD_07276,Background,17.299859,73.254841
SLD_07277,Background,18.886833,73.720171
SLD_07278,Background,16.682388,73.715302
SLD_07279,Background,15.015885,75.123945
SLD_07280,Background,13.016719,74.83637
SLD_07281,Background,17.327496,73.802661
SLD_07282,Background,15.292652,73.949497
SLD_07283,Background,14.779664,74.797474
SLD_07284,Background,15.431107,74.206607
SLD_07285,Background,18.158084,73.905592
SLD_07286,Background,9.523293,77.632312
SLD_07287,Background,18.071961,73.118319
SLD_07288,Background,18.45462,73.920541
SLD_07289,Background,17.696625,73.440267
SLD_07290,Background,11.328385,77.203821
SLD_07291,Background,13.923458,75.78416
SLD_07292,Background,13.477154,75.355518
SLD_07293,Background,15.157486,74.466243
SLD_07294,Background,17.361797,73.343988
SLD_07295,Background,15.043552,75.035266
SLD_07296,Background,11.953834,76.074193
SLD_07297,Background,13.948876,75.191385
SLD_07298,Background,16.195038,74.59323
SLD_07299,Background,16.683397,73.667466
SLD_07300,Background,11.09283,76.537747
SLD_07301,Background,11.189222,76.704825
SLD_07302,Background,15.601517,74.834136
SLD_07303,Background,10.671261,76.317756
SLD_07304,Background,9.838791,77.2026
SLD_07305,Background,16.823905,74.204778
SLD_07306,Background,16.002744,74.741282
SLD_07307,Background,15.53242,75.001569
SLD_07308,Background,16.653139,74.377159
SLD_07309,Background,10.666848,76.367777
SLD_07310,Background,15.716904,74.898592
SLD_07311,Background,10.819684,76.980131
SLD_07312,Background,18.264474,73.227805
SLD_07313,Background,18.621648,72.99678
SLD_07314,Background,16.828478,74.36669
SLD_07315,Background,10.013954,77.530305
SLD_07316,Background,12.780642,74.858604
SLD_07317,Background,18.297762,73.787527
SLD_07318,Background,11.55211,76.459067
SLD_07319,Background,10.265845,77.84025
SLD_07320,Background,9.616981,77.672711
SLD_07321,Background,13.095216,75.61224
SLD_07322,Background,11.221147,76.443581
SLD_07323,Background,15.704777,74.802482
SLD_07324,Background,11.964517,75.469307
SLD_07325,Background,13.316561,75.741438
SLD_07326,Background,16.177259,73.851954
SLD_07327,Background,18.743888,73.278527
SLD_07328,Background,9.403986,77.68462
SLD_07329,Background,14.393779,74.761098
SLD_07330,Background,12.837255,75.051964
SLD_07331,Background,17.555389,73.681947
SLD_07332,Background,9.600821,77.638123
SLD_07333,Background,14.500075,75.018009
SLD_07334,Background,10.806498,77.223641
SLD_07335,Background,14.190435,74.722982
SLD_07336,Background,15.053865,75.002097
SLD_07337,Background,14.974286,75.180521
SLD_07338,Background,18.03562,73.922174
SLD_07339,Background,11.657457,76.662214
SLD_07340,Background,15.068092,74.31292
SLD_07341,Background,14.888739,74.400534
SLD_07342,Background,13.153605,75.64699
SLD_07343,Background,15.755926,74.670931
SLD_07344,Background,17.692326,73.486236
SLD_07345,Background,9.65054,77.280028
SLD_07346,Background,14.585258,74.910796
SLD_07347,Background,18.247774,73.972064
SLD_07348,Background,8.370231,77.1804
SLD_07349,Background,10.140828,77.309603
SLD_07350,Background,8.313022,77.397131
SLD_07351,Background,14.863971,74.19315
SLD_07352,Background,11.889954,75.935845
SLD_07353,Background,10.438668,77.649127
SLD_07354,Background,9.777458,77.703169
SLD_07355,Background,10.417766,77.109726
SLD_07356,Background,17.774828,73.715899
SLD_07357,Background,9.11649,76.995685
SLD_07358,Background,10.36137,77.008493
SLD_07359,Background,15.145699,74.235002
SLD_07360,Background,9.098769,77.78162
SLD_07361,Background,13.93199,75.027218
SLD_07362,Background,13.159867,75.040401
SLD_07363,Background,11.441087,77.114904
SLD_07364,Background,10.296135,77.933926
SLD_07365,Background,11.58257,76.985135
SLD_07366,Background,9.093085,77.252421
SLD_07367,Background,15.165423,74.933885
SLD_07368,Background,9.755927,76.699846
SLD_07369,Background,15.367969,74.124328
SLD_07370,Background,8.823793,76.845831
SLD_07371,Background,10.804379,77.538811
SLD_07372,Background,18.516268,73.984861
SLD_07373,Background,16.58704,74.387483
SLD_07374,Background,12.107425,76.000856
SLD_07375,Background,10.446336,76.727638
SLD_07376,Background,13.623554,75.529602
SLD_07377,Background,10.788092,77.039574
SLD_07378,Background,9.662484,76.672948
SLD_07379,Background,11.572155,76.86637
SLD_07380,Background,10.178216,76.606841
SLD_07381,Background,14.132624,75.5071
SLD_07382,Background,10.467278,76.531165
SLD_07383,Background,12.764364,75.253808
SLD_07384,Background,13.59276,74.936623
SLD_07385,Background,9.20759,77.323139
SLD_07386,Background,11.545726,76.871015
SLD_07387,Background,13.882152,74.784148
SLD_07388,Background,10.82289,77.364313
SLD_07389,Background,15.281882,74.547505
SLD_07390,Background,11.472841,75.715435
SLD_07391,Background,14.397295,75.365478
SLD_07392,Background,18.854479,73.073976
SLD_07393,Background,15.217103,74.13919
SLD_07394,Background,8.348711,77.277125
SLD_07395,Background,13.326742,75.128081
SLD_07396,Background,10.888078,77.387648
SLD_07397,Background,16.24132,74.523321
SLD_07398,Background,18.74478,73.430692
SLD_07399,Background,11.125077,76.101596
SLD_07400,Background,10.684858,76.484345
SLD_07401,Background,17.96057,73.686281
SLD_07402,Background,18.169569,74.081169
SLD_07403,Background,16.021618,74.513213
SLD_07404,Background,10.143911,76.34677
SLD_07405,Background,12.456824,76.361464
SLD_07406,Background,11.979081,75.956641
SLD_07407,Background,18.2785,73.507823
SLD_07408,Background,11.275525,76.385367
SLD_07409,Background,14.116124,74.919415
SLD_07410,Background,17.860859,74.0333
SLD_07411,Background,9.359913,76.729981
SLD_07412,Background,12.931022,76.004994
SLD_07413,Background,13.959077,75.535785
SLD_07414,Background,13.01464,75.913676
SLD_07415,Background,14.64227,75.133462
SLD_07416,Background,10.656748,76.591091
SLD_07417,Background,10.87087,77.479021
SLD_07418,Background,8.410458,77.190155
SLD_07419,Background,16.135965,74.102196
SLD_07420,Background,12.888794,75.526076
SLD_07421,Background,16.566993,73.862225
SLD_07422,Background,10.010471,77.480644
SLD_07423,Background,10.837591,76.925919
SLD_07424,Background,15.745448,74.915745
SLD_07425,Background,10.830181,76.672027
SLD_07426,Background,11.872172,75.666268
SLD_07427,Background,18.996824,73.18175
SLD_07428,Background,11.390318,76.948095
SLD_07429,Background,18.145323,73.584905
SLD_07430,Background,11.927126,76.212474
SLD_07431,Background,13.558713,75.900433
SLD_07432,Background,15.687528,73.968139
SLD_07433,Background,14.927427,74.626628
SLD_07434,Background,13.402525,75.956995
SLD_07435,Background,8.6707,76.813592
SLD_07436,Background,9.163706,76.743366
SLD_07437,Background,10.608856,77.810901
SLD_07438,Background,12.975454,75.758299
SLD_07439,Background,16.160501,73.603146
SLD_07440,Background,16.735316,74.420532
SLD_07441,Background,16.797793,73.943219
SLD_07442,Background,16.88599,74.057196
SLD_07443,Background,11.88033,75.999538
SLD_07444,Background,10.789757,77.586601
SLD_07445,Background,11.64911,76.382204
SLD_07446,Background,18.465312,73.26731
SLD_07447,Background,11.181086,76.285688
SLD_07448,Background,16.17787,74.562341
SLD_07449,Background,14.47705,75.491547
SLD_07450,Background,13.701666,75.111888
SLD_07451,Background,10.435787,77.372367
SLD_07452,Background,16.289692,73.54162
SLD_07453,Background,17.493643,73.371727
SLD_07454,Background,17.469644,74.091175
SLD_07455,Background,13.493783,75.164228
SLD_07456,Background,10.705262,76.986999
SLD_07457,Background,13.42019,74.758665
SLD_07458,Background,14.656838,75.4661
SLD_07459,Background,11.491618,76.845395
SLD_07460,Background,14.50359,75.143414
SLD_07461,Background,13.505745,74.994746
SLD_07462,Background,8.693376,77.6043
SLD_07463,Background,9.741397,77.219758
SLD_07464,Background,13.943881,74.820764
SLD_07465,Background,14.570006,74.364813
SLD_07466,Background,17.941798,73.843278
SLD_07467,Background,9.998544,76.315778
SLD_07468,Background,18.866342,73.746089
SLD_07469,Background,14.29237,74.609357
SLD_07470,Background,16.020808,74.040536
SLD_07471,Background,10.114104,76.661396
SLD_07472,Background,10.626998,76.488657
SLD_07473,Background,15.503672,74.571628
SLD_07474,Background,11.496264,75.970935
SLD_07475,Background,17.830551,73.369576
SLD_07476,Background,16.987401,74.049721
SLD_07477,Background,15.688198,74.558589
SLD_07478,Background,11.824805,76.710544
SLD_07479,Background,9.328026,77.596162
SLD_07480,Background,11.894608,75.409864
SLD_07481,Background,15.364727,74.43273
SLD_07482,Background,14.264732,75.049849
SLD_07483,Background,9.075481,76.763236
SLD_07484,Background,18.136262,73.297913
SLD_07485,Background,18.362263,73.292397
SLD_07486,Background,9.561682,76.92991
SLD_07487,Background,12.863503,74.835426
SLD_07488,Background,14.695467,75.002205
SLD_07489,Background,14.042518,75.006679
SLD_07490,Background,16.364548,74.500879
SLD_07491,Background,12.86766,75.401067
SLD_07492,Background,14.577718,74.964285
SLD_07493,Background,8.643299,77.057126
SLD_07494,Background,13.973698,75.524463
SLD_07495,Background,18.663956,73.687643
SLD_07496,Background,18.558638,73.405317
SLD_07497,Background,8.531036,77.015847
SLD_07498,Background,16.837712,73.423307
SLD_07499,Background,10.486485,77.422016
SLD_07500,Background,15.551891,74.477477
SLD_07501,Background,10.542661,76.511719
SLD_07502,Background,17.257409,73.399305
SLD_07503,Background,12.60938,74.956135
SLD_07504,Background,10.153779,77.440806
SLD_07505,Background,10.14357,76.18024
SLD_07506,Background,10.228019,76.189149
SLD_07507,Background,8.895831,77.706043
SLD_07508,Background,16.671249,73.514989
SLD_07509,Background,14.349145,74.712501
SLD_07510,Background,8.882666,77.29131
SLD_07511,Background,13.816414,75.677651
SLD_07512,Background,16.885738,73.926163
SLD_07513,Background,13.976512,74.977059
SLD_07514,Background,17.201647,73.781038
SLD_07515,Background,10.622412,77.387494
SLD_07516,Background,10.014722,76.570628
SLD_07517,Background,13.465766,75.059058
SLD_07518,Background,15.481407,74.484576
SLD_07519,Background,18.319298,73.217541
SLD_07520,Background,13.86832,74.626154
SLD_07521,Background,15.942814,74.293049
SLD_07522,Background,9.77365,76.748811
SLD_07523,Background,15.133538,74.889727
SLD_07524,Background,14.707089,74.752985
SLD_07525,Background,14.952152,74.716073
SLD_07526,Background,10.856848,76.56231
SLD_07527,Background,18.014942,73.270023
SLD_07528,Background,17.933619,73.101841
SLD_07529,Background,18.759647,74.021147
SLD_07530,Background,13.947193,75.391528
SLD_07531,Background,10.563113,77.908236
SLD_07532,Background,14.679196,75.272956
SLD_07533,Background,12.444872,76.239411
SLD_07534,Background,10.301045,76.342467
SLD_07535,Background,13.562345,75.914307
SLD_07536,Background,11.875708,76.666343
SLD_07537,Background,16.557659,74.139214
SLD_07538,Background,18.60657,73.450351
SLD_07539,Background,10.84472,76.963659
SLD_07540,Background,15.936155,74.344261
SLD_07541,Background,8.443501,77.45061
SLD_07542,Background,9.940737,76.551078
SLD_07543,Background,10.364531,76.376641
SLD_07544,Background,11.815007,76.066357
SLD_07545,Background,16.951168,73.638233
SLD_07546,Background,14.479137,75.581387
SLD_07547,Background,16.711168,73.333218
SLD_07548,Background,14.164318,75.529304
SLD_07549,Background,13.086023,75.863583
SLD_07550,Background,17.514905,73.954341
SLD_07551,Background,17.897393,73.071394
SLD_07552,Background,16.948505,74.021851
SLD_07553,Background,17.53556,73.356698
SLD_07554,Background,16.034698,74.787031
SLD_07555,Background,11.146149,75.948007
SLD_07556,Background,9.842787,77.569248
SLD_07557,Background,14.969588,74.240107
SLD_07558,Background,11.159046,76.121433
SLD_07559,Background,18.749409,73.563226
SLD_07560,Background,17.993781,73.65275
SLD_07561,Background,12.750015,76.038176
SLD_07562,Background,8.662522,77.512067
SLD_07563,Background,9.166038,77.518396
SLD_07564,Background,11.096424,77.462007
SLD_07565,Background,8.945624,77.083792
SLD_07566,Background,11.493498,76.064592
SLD_07567,Background,11.939535,76.369677
SLD_07568,Background,9.403228,77.748507
SLD_07569,Background,15.637761,74.099068
SLD_07570,Background,10.135847,77.809511
SLD_07571,Background,14.394911,75.61128
SLD_07572,Background,12.34504,76.128766
SLD_07573,Background,12.500495,75.201184
SLD_07574,Background,10.619235,75.994431
SLD_07575,Background,10.088433,76.401775
SLD_07576,Background,8.712347,77.237745
SLD_07577,Background,17.094326,73.814654
SLD_07578,Background,15.162088,74.534637
SLD_07579,Background,14.45642,74.908185
SLD_07580,Background,10.792052,77.668188
SLD_07581,Background,14.465031,74.930586
SLD_07582,Background,11.180018,76.250658
SLD_07583,Background,19.136781,74.010063
SLD_07584,Background,11.291718,76.794252
SLD_07585,Background,10.609095,77.756255
SLD_07586,Background,10.384709,77.613156
SLD_07587,Background,15.386231,74.577111
SLD_07588,Background,18.524196,74.05521
SLD_07589,Background,12.649058,75.020189
SLD_07590,Background,11.30593,77.052094
SLD_07591,Background,18.565802,73.834001
SLD_07592,Background,9.992633,77.258151
SLD_07593,Background,9.080569,76.570192
SLD_07594,Background,14.012164,74.976752
SLD_07595,Background,8.704912,77.588036
SLD_07596,Background,14.261748,75.243235
SLD_07597,Background,14.079598,75.244594
SLD_07598,Background,9.646669,77.025813
SLD_07599,Background,9.603547,76.653858
SLD_07600,Background,16.845295,74.12637
SLD_07601,Background,10.044066,77.324167
SLD_07602,Background,12.667905,76.360695
SLD_07603,Background,14.074309,75.556823
SLD_07604,Background,15.048042,74.810328
SLD_07605,Background,10.042914,77.410452
SLD_07606,Background,18.808634,73.689771
SLD_07607,Background,10.803974,76.123939
SLD_07608,Background,9.961419,77.820138
SLD_07609,Background,16.871721,74.085829
SLD_07610,Background,10.998643,76.972288
SLD_07611,Background,16.014606,74.642442
SLD_07612,Background,14.894251,74.926145
SLD_07613,Background,10.988701,76.855125
SLD_07614,Background,13.802063,75.671736
SLD_07615,Background,17.260056,73.747128
SLD_07616,Background,15.559797,74.669666
SLD_07617,Background,11.106255,77.35683
SLD_07618,Background,10.584033,76.17538
SLD_07619,Background,9.81972,76.931403
SLD_07620,Background,14.24125,75.460509
SLD_07621,Background,12.402808,76.350891
SLD_07622,Background,14.081798,75.589943
SLD_07623,Background,9.634443,77.118703
SLD_07624,Background,14.475187,74.632178
SLD_07625,Background,16.817672,73.66587
SLD_07626,Background,10.809318,76.385186
SLD_07627,Background,15.100822,74.294781
SLD_07628,Background,11.553364,76.311194
SLD_07629,Background,16.12988,73.945352
SLD_07630,Background,11.949346,76.60597
SLD_07631,Background,15.100693,73.955454
SLD_07632,Background,13.298467,75.19644
SLD_07633,Background,11.35298,76.160129
SLD_07634,Background,9.790384,76.766491
SLD_07635,Background,13.997358,74.751615
SLD_07636,Background,13.206204,74.771021
SLD_07637,Background,11.721195,76.71769
SLD_07638,Background,13.509023,75.518398
SLD_07639,Background,16.053036,74.448913
SLD_07640,Background,17.492041,73.449995
SLD_07641,Background,13.868579,74.926661
SLD_07642,Background,13.900163,75.170348
SLD_07643,Background,14.33166,75.637499
SLD_07644,Background,18.236396,74.069662
SLD_07645,Background,10.393043,77.21418
SLD_07646,Background,16.467657,73.641615
SLD_07647,Background,18.767665,73.120917
SLD_07648,Background,11.246157,76.336209
SLD_07649,Background,14.209307,74.693469
SLD_07650,Background,11.010371,76.404647
SLD_07651,Background,17.997121,73.881684
SLD_07652,Background,11.664492,75.713438
SLD_07653,Background,15.670474,74.07228
SLD_07654,Background,18.555333,73.958176
SLD_07655,Background,11.024277,77.010564
SLD_07656,Background,16.567065,74.273099
SLD_07657,Background,9.509884,77.808799
SLD_07658,Background,15.578399,74.2724
SLD_07659,Background,17.558915,73.756377
SLD_07660,Background,9.844033,77.320876
SLD_07661,Background,18.99415,73.124608
SLD_07662,Background,17.813817,73.63797
SLD_07663,Background,9.427805,76.886845
SLD_07664,Background,10.458911,77.046657
SLD_07665,Background,13.684494,75.712795
SLD_07666,Background,13.970895,75.248421
SLD_07667,Background,8.792965,77.08448
SLD_07668,Background,16.249583,74.073453
SLD_07669,Background,8.686347,76.802098
SLD_07670,Background,11.684699,76.73849
SLD_07671,Background,15.369793,74.020986
SLD_07672,Background,8.902646,76.636775
SLD_07673,Background,12.84396,75.255405
SLD_07674,Background,8.78973,76.881903
SLD_07675,Background,17.202235,74.120014
SLD_07676,Background,17.77247,73.997443
SLD_07677,Background,12.848864,76.086518
SLD_07678,Background,9.008991,76.752151
SLD_07679,Background,9.722506,76.673783
SLD_07680,Background,15.849229,74.093136
SLD_07681,Background,10.369627,77.379915
SLD_07682,Background,11.748353,76.153023
SLD_07683,Background,10.096801,77.779017
SLD_07684,Background,15.909434,73.955445
SLD_07685,Background,8.73705,77.53192
SLD_07686,Background,16.412271,74.139573
SLD_07687,Background,10.81039,77.723317
SLD_07688,Background,17.799262,73.818732
SLD_07689,Background,10.514992,77.755137
SLD_07690,Background,11.603772,76.732131
SLD_07691,Background,11.780559,76.142608
SLD_07692,Background,16.553435,74.21763
SLD_07693,Background,14.080388,74.524424
SLD_07694,Background,18.146024,73.033151
SLD_07695,Background,10.470985,76.733072
SLD_07696,Background,15.03042,74.374794
SLD_07697,Background,16.549091,73.703335
SLD_07698,Background,11.157955,76.479024
SLD_07699,Background,9.820075,77.235006
SLD_07700,Background,16.381316,73.449637
SLD_07701,Background,10.389817,77.531755
SLD_07702,Background,11.849917,76.49555
SLD_07703,Background,10.425983,76.370458
SLD_07704,Background,10.951191,76.474101
SLD_07705,Background,11.928159,76.305352
SLD_07706,Background,14.556006,74.69086
SLD_07707,Background,9.464583,77.639902
SLD_07708,Background,9.255954,76.557828
SLD_07709,Background,15.276679,74.811304
SLD_07710,Background,18.525451,73.296665
SLD_07711,Background,9.570835,77.594681
SLD_07712,Background,12.996788,75.852959
SLD_07713,Background,15.562849,74.257577
SLD_07714,Background,9.762156,76.727429
SLD_07715,Background,16.074218,73.528048
SLD_07716,Background,18.197223,73.815733
SLD_07717,Background,18.866383,73.389535
SLD_07718,Background,9.185733,77.727978
SLD_07719,Background,15.153277,74.27961
SLD_07720,Background,14.526554,74.592232
SLD_07721,Background,9.654358,77.343154
SLD_07722,Background,12.814002,75.66128
SLD_07723,Background,17.005266,73.334464
SLD_07724,Background,18.081905,73.220497
SLD_07725,Background,11.181024,76.745386
SLD_07726,Background,11.355297,76.118048
SLD_07727,Background,13.709108,75.302943
SLD_07728,Background,17.938982,73.794553
SLD_07729,Background,13.189388,76.102953
SLD_07730,Background,10.652736,76.050117
SLD_07731,Background,14.434029,74.629371
SLD_07732,Background,13.464838,75.795319
SLD_07733,Background,16.910899,74.130566
SLD_07734,Background,12.293997,76.514951
SLD_07735,Background,18.243813,73.336272
SLD_07736,Background,9.604686,77.17544
SLD_07737,Background,17.946238,73.96103
SLD_07738,Background,15.917822,74.22863
SLD_07739,Background,16.096388,74.062217
SLD_07740,Background,8.770707,77.046103
SLD_07741,Background,11.168714,76.273797
SLD_07742,Background,15.461638,74.506732
SLD_07743,Background,11.940164,75.640489
SLD_07744,Background,8.859104,76.627051
SLD_07745,Background,10.834773,77.58794
SLD_07746,Background,18.303075,73.197128
SLD_07747,Background,18.079262,73.379472
SLD_07748,Background,9.518132,76.377208
SLD_07749,Background,8.377017,77.335772
SLD_07750,Background,18.861091,73.33125
SLD_07751,Background,14.779668,75.445694
SLD_07752,Background,12.233686,76.207413
SLD_07753,Background,9.691693,77.045279
SLD_07754,Background,11.73911,75.684908
SLD_07755,Background,16.041701,74.689228
SLD_07756,Background,10.330274,77.917376
SLD_07757,Background,8.648909,77.642738
SLD_07758,Background,10.742832,76.880111
SLD_07759,Background,13.010183,75.074906
SLD_07760,Background,15.325951,75.115681
SLD_07761,Background,13.388678,75.657775
SLD_07762,Background,15.483123,74.921822
SLD_07763,Background,11.205461,77.071566
SLD_07764,Background,12.862758,75.090036
SLD_07765,Background,10.534947,76.418553
SLD_07766,Background,11.997376,76.674888
SLD_07767,Background,10.196158,76.297016
SLD_07768,Background,11.372568,77.222268
SLD_07769,Background,10.105077,77.018196
SLD_07770,Background,14.376587,74.945139
SLD_07771,Background,16.250668,74.24462
SLD_07772,Background,10.205376,76.456096
SLD_07773,Background,10.909437,77.285525
SLD_07774,Background,17.418873,73.658789
SLD_07775,Background,12.617469,76.445063
SLD_07776,Background,10.779922,76.909817
SLD_07777,Background,13.311607,75.863078
SLD_07778,Background,9.977183,77.376467
SLD_07779,Background,16.837419,73.972425
SLD_07780,Background,14.317133,74.512301
SLD_07781,Background,14.547729,75.285483
SLD_07782,Background,10.271648,77.246851
SLD_07783,Background,10.566809,77.1256
SLD_07784,Background,16.363245,73.535494
SLD_07785,Background,15.060458,75.108504
SLD_07786,Background,9.236409,77.037506
SLD_07787,Background,11.506332,76.651968
SLD_07788,Background,11.336124,76.892813
SLD_07789,Background,13.631877,74.881613
SLD_07790,Background,9.880122,76.53447
SLD_07791,Background,10.611978,76.937588
SLD_07792,Background,14.315055,75.306781
SLD_07793,Background,8.797226,76.95392
SLD_07794,Background,16.294038,74.502237
SLD_07795,Background,8.859749,76.964781
SLD_07796,Background,10.664384,77.360797
SLD_07797,Background,13.715381,75.07029
SLD_07798,Background,14.436571,75.394354
SLD_07799,Background,18.451972,73.549646
SLD_07800,Background,14.901658,74.463658
SLD_07801,Background,16.682367,74.241719
SLD_07802,Background,9.362691,77.1169
SLD_07803,Background,17.971331,73.359988
SLD_07804,Background,9.745758,77.784831
SLD_07805,Background,13.062737,74.953671
SLD_07806,Background,10.382698,76.957338
SLD_07807,Background,14.279407,74.817902
SLD_07808,Background,17.260237,74.084855
SLD_07809,Background,17.899011,73.907641
SLD_07810,Background,10.763565,76.312768
SLD_07811,Background,16.285499,73.474375
SLD_07812,Background,15.114703,74.666408
SLD_07813,Background,9.06834,76.885858
SLD_07814,Background,11.401404,75.756618
SLD_07815,Background,14.700664,75.005347
SLD_07816,Background,17.172381,73.287176
SLD_07817,Background,10.609122,76.686332
SLD_07818,Background,13.31379,74.994387
SLD_07819,Background,15.468017,75.027576
SLD_07820,Background,13.289068,75.769704
SLD_07821,Background,12.840474,76.264551
SLD_07822,Background,9.648736,77.282221
SLD_07823,Background,10.41503,76.698753
SLD_07824,Background,11.14824,76.930588
SLD_07825,Background,10.286811,77.636107
SLD_07826,Background,12.945748,75.795971
SLD_07827,Background,12.852132,75.085228
SLD_07828,Background,14.762147,74.406916
SLD_07829,Background,18.107602,73.843728
SLD_07830,Background,16.996886,74.160018
SLD_07831,Background,15.351264,74.244994
SLD_07832,Background,18.780279,73.662396
SLD_07833,Background,9.791824,77.903518
SLD_07834,Background,16.055703,74.093217
SLD_07835,Background,15.332632,74.548175
SLD_07836,Background,10.776449,76.223106
SLD_07837,Background,10.889097,76.441622
SLD_07838,Background,8.817869,77.619111
SLD_07839,Background,17.347098,73.977275
SLD_07840,Background,11.893595,75.515966
SLD_07841,Background,14.867759,74.48523
SLD_07842,Background,11.622253,76.243974
SLD_07843,Background,9.265253,77.633042
SLD_07844,Background,16.440456,73.520583
SLD_07845,Background,13.554984,75.619904
SLD_07846,Background,16.234868,74.206836
SLD_07847,Background,16.153826,74.501056
SLD_07848,Background,12.167823,76.011189
SLD_07849,Background,13.563766,75.078209
SLD_07850,Background,14.606237,75.431118
SLD_07851,Background,12.172257,76.585179
SLD_07852,Background,10.930697,76.450824
SLD_07853,Background,16.775641,74.13803
SLD_07854,Background,12.505565,75.218305
SLD_07855,Background,15.165124,74.968627
SLD_07856,Background,14.025751,75.2007
SLD_07857,Background,11.972059,76.229627
SLD_07858,Background,8.693771,76.986941
SLD_07859,Background,14.442791,75.630381
SLD_07860,Background,13.368623,75.256886
SLD_07861,Background,13.12491,74.851799
SLD_07862,Background,16.348984,74.382903
SLD_07863,Background,14.076928,75.484487
SLD_07864,Background,14.408802,75.030027
SLD_07865,Background,15.21855,74.594622
SLD_07866,Background,13.898679,75.576788
SLD_07867,Background,10.023977,77.50038
SLD_07868,Background,13.558595,75.831814
SLD_07869,Background,14.107936,75.373133
SLD_07870,Background,13.498839,75.376257
SLD_07871,Background,16.788062,73.795367
SLD_07872,Background,15.879839,73.728019
SLD_07873,Background,16.306951,73.892626
SLD_07874,Background,10.716496,77.324206
SLD_07875,Background,14.61826,74.852081
SLD_07876,Background,16.63159,74.222846
SLD_07877,Background,14.288082,74.588773
SLD_07878,Background,18.110111,73.277392
SLD_07879,Background,15.179419,75.03821
SLD_07880,Background,16.313452,73.826771
SLD_07881,Background,18.698519,73.20527
SLD_07882,Background,18.089933,74.018685
SLD_07883,Background,17.482169,73.946061
SLD_07884,Background,16.461393,74.479062
SLD_07885,Background,11.038125,77.20117
SLD_07886,Background,15.703612,74.053473
SLD_07887,Background,13.225792,75.585951
SLD_07888,Background,15.928236,73.760608
SLD_07889,Background,13.12274,75.966369
SLD_07890,Background,11.769087,75.723808
SLD_07891,Background,18.127776,73.80825
SLD_07892,Background,15.943821,74.43426
SLD_07893,Background,9.386622,76.915708
SLD_07894,Background,11.488342,76.17113
SLD_07895,Background,12.735176,76.111425
SLD_07896,Background,14.702037,74.426257
SLD_07897,Background,10.711017,77.175231
SLD_07898,Background,15.382104,74.177652
SLD_07899,Background,9.086785,77.07919
SLD_07900,Background,9.445293,76.934316
SLD_07901,Background,9.96119,76.437499
SLD_07902,Background,8.971624,76.877967
SLD_07903,Background,17.833997,73.744483
SLD_07904,Background,14.383839,74.836059
SLD_07905,Background,15.794595,73.712584
SLD_07906,Background,18.753727,72.961601
SLD_07907,Background,12.406377,76.156943
SLD_07908,Background,14.824458,75.134065
SLD_07909,Background,9.893505,76.569474
SLD_07910,Background,11.183954,75.857413
SLD_07911,Background,17.960335,73.303797
SLD_07912,Background,9.557557,76.562273
SLD_07913,Background,10.271449,76.78351
SLD_07914,Background,8.440981,77.26978
SLD_07915,Background,12.869309,75.303362
SLD_07916,Background,10.411455,76.9247
SLD_07917,Background,14.635966,75.281327
SLD_07918,Background,12.575284,75.014192
SLD_07919,Background,14.21367,75.441329
SLD_07920,Background,14.326707,75.436044
SLD_07921,Background,9.581909,77.222311
SLD_07922,Background,9.26587,76.911802
SLD_07923,Background,15.277219,74.785254
SLD_07924,Background,15.031317,75.135256
SLD_07925,Background,12.918656,75.510665
SLD_07926,Background,15.131579,75.179685
SLD_07927,Background,13.837256,75.674396
SLD_07928,Background,13.50396,75.657908
SLD_07929,Background,10.15061,77.369878
SLD_07930,Background,10.09812,76.656606
SLD_07931,Background,13.027548,75.124341
SLD_07932,Background,12.085464,76.414893
SLD_07933,Background,15.397836,75.127163
SLD_07934,Background,10.807502,76.338924
SLD_07935,Background,14.4337,74.535171
SLD_07936,Background,16.834566,74.12975
SLD_07937,Background,9.115613,77.17187
SLD_07938,Background,15.063546,74.249441
SLD_07939,Background,15.132769,74.270697
SLD_07940,Background,10.143976,76.34583
SLD_07941,Background,14.627242,74.990938
SLD_07942,Background,9.513835,76.898255
SLD_07943,Background,15.766415,74.897327
SLD_07944,Background,16.077883,73.480397
SLD_07945,Background,18.719921,73.617029
SLD_07946,Background,12.612243,75.103882
SLD_07947,Background,16.769708,73.459106
SLD_07948,Background,14.297344,75.493006
SLD_07949,Background,11.11659,76.923812
SLD_07950,Background,10.569168,77.035619
SLD_07951,Background,9.610061,76.871361
SLD_07952,Background,13.10992,74.857168
SLD_07953,Background,10.815357,76.632211
SLD_07954,Background,18.876228,73.336181
SLD_07955,Background,13.482056,75.254444
SLD_07956,Background,18.249479,73.174093
SLD_07957,Background,14.682057,75.446195
SLD_07958,Background,9.795123,76.993668
SLD_07959,Background,11.886903,75.74132
SLD_07960,Background,16.540557,74.019045
SLD_07961,Background,9.217742,76.574331
SLD_07962,Background,16.32335,73.754239
SLD_07963,Background,12.060064,76.375132
SLD_07964,Background,10.035607,77.718149
SLD_07965,Background,11.035094,76.633466
SLD_07966,Background,18.164345,74.062757
SLD_07967,Background,18.978389,73.420491
SLD_07968,Background,16.420662,73.567301
SLD_07969,Background,13.331036,75.85463
SLD_07970,Background,9.244516,77.430036
SLD_07971,Background,16.726349,73.741043
SLD_07972,Background,16.48918,73.620828
SLD_07973,Background,9.500218,76.923649
SLD_07974,Background,11.418622,76.658768
SLD_07975,Background,15.22145,74.747166
SLD_07976,Background,17.917561,73.588064
SLD_07977,Background,17.702718,73.988856
SLD_07978,Background,11.072475,75.863233
SLD_07979,Background,15.609834,74.766025
SLD_07980,Background,16.367899,74.032262
SLD_07981,Background,9.260485,77.081988
SLD_07982,Background,9.99468,77.335375
SLD_07983,Background,11.162143,76.214875
SLD_07984,Background,16.252665,73.713089
SLD_07985,Background,17.515109,74.037285
SLD_07986,Background,13.274753,75.177876
SLD_07987,Background,11.981163,75.561355
SLD_07988,Background,15.679835,74.654379
SLD_07989,Background,8.900369,77.223467
SLD_07990,Background,9.348812,76.782217
SLD_07991,Background,18.263133,73.484973
SLD_07992,Background,14.122824,74.859845
SLD_07993,Background,13.219983,74.932917
SLD_07994,Background,9.472409,76.70878
SLD_07995,Background,15.965023,74.350085
SLD_07996,Background,18.274813,74.019411
SLD_07997,Background,12.994073,75.649665
SLD_07998,Background,15.137248,74.273908
SLD_07999,Background,8.803742,76.656209
SLD_08000,Background,17.019563,74.061966
SLD_08001,Background,16.504713,74.224857
SLD_08002,Background,8.89903,77.003611
SLD_08003,Background,15.600757,73.794118
SLD_08004,Background,11.570338,76.304796
SLD_08005,Background,11.98538,76.274458
SLD_08006,Background,10.314465,77.514806
SLD_08007,Background,12.677793,76.128858
SLD_08008,Background,9.77659,77.364424
SLD_08009,Background,11.032067,76.022337
SLD_08010,Background,10.133245,77.895345
SLD_08011,Background,9.892697,76.41825
SLD_08012,Background,9.880463,77.826639
SLD_08013,Background,13.352611,75.642241
SLD_08014,Background,11.993767,76.102233
SLD_08015,Background,16.517272,74.51692
SLD_08016,Background,16.646528,74.218134
SLD_08017,Background,14.281571,74.959075
SLD_08018,Background,9.817099,77.29509
SLD_08019,Background,18.722997,73.365023
SLD_08020,Background,13.93815,75.155066
SLD_08021,Background,18.387905,73.239901
SLD_08022,Background,12.936806,75.796491
SLD_08023,Background,14.154495,74.916743
SLD_08024,Background,9.805961,76.990071
SLD_08025,Background,9.628863,77.319832
SLD_08026,Background,15.013201,74.222084
SLD_08027,Background,15.558827,74.260964
SLD_08028,Background,16.47181,73.544938
SLD_08029,Background,9.978851,77.676487
SLD_08030,Background,11.310608,77.225425
SLD_08031,Background,18.348595,74.071949
SLD_08032,Background,11.508504,76.557853
SLD_08033,Background,9.123596,77.214871
SLD_08034,Background,13.39413,74.872609
SLD_08035,Background,8.668249,76.808838
SLD_08036,Background,17.110071,73.501687
SLD_08037,Background,11.81345,76.100939
SLD_08038,Background,18.691994,73.890937
SLD_08039,Background,14.737483,74.285073
SLD_08040,Background,17.82387,73.180669
SLD_08041,Background,13.562197,75.09534
SLD_08042,Background,11.509943,75.619434
SLD_08043,Background,8.627564,77.562352
SLD_08044,Background,14.326398,75.425861
SLD_08045,Background,15.687496,74.21584
SLD_08046,Background,12.967401,76.206448
SLD_08047,Background,17.833206,73.91625
SLD_08048,Background,15.104968,74.859122
SLD_08049,Background,15.193681,75.030581
SLD_08050,Background,16.393854,74.401988
SLD_08051,Background,15.648887,74.454973
SLD_08052,Background,13.792462,75.059625
SLD_08053,Background,14.285088,75.658043
SLD_08054,Background,9.2924,76.493632
SLD_08055,Background,17.065403,74.226967
SLD_08056,Background,14.871637,74.944932
SLD_08057,Background,9.36791,76.865983
SLD_08058,Background,9.414543,77.495412
SLD_08059,Background,9.763375,76.327396
SLD_08060,Background,9.669299,76.625509
SLD_08061,Background,8.931074,77.340606
SLD_08062,Background,15.955308,74.228428
SLD_08063,Background,12.994543,75.022673
SLD_08064,Background,18.254305,73.258775
SLD_08065,Background,10.676786,76.059179
SLD_08066,Background,11.15489,76.806084
SLD_08067,Background,17.851111,74.037432
SLD_08068,Background,12.846821,75.091989
SLD_08069,Background,10.629556,76.085451
SLD_08070,Background,16.110144,74.071814
SLD_08071,Background,12.820699,75.823372
SLD_08072,Background,14.509102,75.487641
SLD_08073,Background,13.03866,74.808455
SLD_08074,Background,16.183696,74.684623
SLD_08075,Background,16.801804,73.583331
SLD_08076,Background,15.824313,74.257245
SLD_08077,Background,13.491964,75.420967
SLD_08078,Background,13.518421,75.382089
SLD_08079,Background,17.500593,73.438831
SLD_08080,Background,13.366791,74.8079
SLD_08081,Background,9.365167,76.670238
SLD_08082,Background,12.809873,76.253374
SLD_08083,Background,16.707366,73.641109
SLD_08084,Background,18.192601,73.925352
SLD_08085,Background,8.643301,76.869828
SLD_08086,Background,16.027753,74.104652
SLD_08087,Background,11.787855,76.063264
SLD_08088,Background,17.271056,73.603948
SLD_08089,Background,11.516919,76.544169
SLD_08090,Background,10.991273,76.846774
SLD_08091,Background,15.496607,73.985633
SLD_08092,Background,10.287682,77.864687
SLD_08093,Background,16.969953,74.026065
SLD_08094,Background,15.301447,74.451635
SLD_08095,Background,10.562703,76.012794
SLD_08096,Background,18.865776,73.176615
SLD_08097,Background,13.764318,75.208306
SLD_08098,Background,17.661908,73.965658
SLD_08099,Background,16.537199,74.52663
SLD_08100,Background,15.686072,73.963647
SLD_08101,Background,18.162725,73.679456
SLD_08102,Background,13.575596,75.239465
SLD_08103,Background,11.543403,75.981862
SLD_08104,Background,9.983007,76.22763
SLD_08105,Background,11.819708,76.763163
SLD_08106,Background,17.122049,73.670421
SLD_08107,Background,15.658477,74.312579
SLD_08108,Background,11.160446,75.862181
SLD_08109,Background,17.41847,73.7913
SLD_08110,Background,18.992154,73.631681
SLD_08111,Background,9.760872,77.020582
SLD_08112,Background,11.738178,75.643868
SLD_08113,Background,16.336986,73.680637
SLD_08114,Background,14.057454,75.404494
SLD_08115,Background,15.267836,75.144666
SLD_08116,Background,16.32294,73.962506
SLD_08117,Background,17.077956,73.710746
SLD_08118,Background,11.918383,75.807297
SLD_08119,Background,15.586844,74.958914
SLD_08120,Background,10.000995,77.619602
SLD_08121,Background,11.330814,77.077797
SLD_08122,Background,9.763231,77.065146
SLD_08123,Background,15.036813,74.296188
SLD_08124,Background,13.50413,75.965991
SLD_08125,Background,9.209501,76.693639
SLD_08126,Background,9.180383,76.762339
SLD_08127,Background,13.901723,75.076295
SLD_08128,Background,10.133692,77.535201
SLD_08129,Background,17.494811,73.714472
SLD_08130,Background,18.155281,73.983468
SLD_08131,Background,8.323643,77.42807
SLD_08132,Background,10.790743,77.419752
SLD_08133,Background,16.290514,74.238072
SLD_08134,Background,12.361372,76.503325
SLD_08135,Background,17.524736,73.710383
SLD_08136,Background,11.242273,76.201682
SLD_08137,Background,18.873065,73.091548
SLD_08138,Background,11.766406,75.761636
SLD_08139,Background,11.886156,76.289459
SLD_08140,Background,16.720752,73.698873
SLD_08141,Background,18.203769,73.68894
SLD_08142,Background,8.675855,77.603162
SLD_08143,Background,15.966941,74.074718
SLD_08144,Background,8.996436,77.505783
SLD_08145,Background,18.744593,73.806133
SLD_08146,Background,10.963966,76.482962
SLD_08147,Background,17.863282,73.366688
SLD_08148,Background,18.955881,73.526515
SLD_08149,Background,14.067731,75.18594
SLD_08150,Background,12.068226,76.176804
SLD_08151,Background,16.066996,74.141812
SLD_08152,Background,11.006029,76.954699
SLD_08153,Background,9.179617,76.685177
SLD_08154,Background,12.634426,75.0101
SLD_08155,Background,11.710157,76.165135
SLD_08156,Background,16.090259,74.710388
SLD_08157,Background,9.008679,77.241578
SLD_08158,Background,14.954562,74.77947
SLD_08159,Background,11.610409,76.520075
SLD_08160,Background,9.496599,76.856428
SLD_08161,Background,16.213114,74.523002
SLD_08162,Background,12.852747,76.254624
SLD_08163,Background,18.301591,73.288728
SLD_08164,Background,10.775227,76.552421
SLD_08165,Background,12.915534,75.003816
SLD_08166,Background,12.150579,76.100252
SLD_08167,Background,14.194388,74.589609
SLD_08168,Background,14.418989,74.583315
SLD_08169,Background,10.33344,76.757903
SLD_08170,Background,14.49377,74.65547
SLD_08171,Background,10.067603,76.242707
SLD_08172,Background,10.924448,77.085549
SLD_08173,Background,10.535711,77.03222
SLD_08174,Background,9.09631,77.716251
SLD_08175,Background,13.079581,75.016366
SLD_08176,Background,8.554379,77.083537
SLD_08177,Background,10.440033,76.401678
SLD_08178,Background,19.121586,74.038063
SLD_08179,Background,9.162532,76.569883
SLD_08180,Background,18.988793,73.653832
SLD_08181,Background,16.262744,74.190902
SLD_08182,Background,16.026098,74.518355
SLD_08183,Background,15.857314,73.784276
SLD_08184,Background,13.013392,75.226047
SLD_08185,Background,9.357198,77.592618
SLD_08186,Background,12.711552,75.09398
SLD_08187,Background,12.111584,76.202406
SLD_08188,Background,16.517438,73.613276
SLD_08189,Background,18.457148,73.477342
SLD_08190,Background,10.14544,76.995107
SLD_08191,Background,11.22043,77.071225
SLD_08192,Background,18.768722,73.71121
SLD_08193,Background,11.002516,76.140138
SLD_08194,Background,10.708591,76.984251
SLD_08195,Background,8.982541,77.678371
SLD_08196,Background,12.443245,76.330513
SLD_08197,Background,16.137725,74.698476
SLD_08198,Background,15.197709,74.422577
SLD_08199,Background,10.235747,76.229229
SLD_08200,Background,9.6395,77.245286
SLD_08201,Background,17.414942,73.693962
SLD_08202,Background,12.900001,74.872989
SLD_08203,Background,13.809421,75.859526
SLD_08204,Background,17.946636,73.379423
SLD_08205,Background,16.171608,74.097683
SLD_08206,Background,16.123506,74.390296
SLD_08207,Background,14.521997,74.598495
SLD_08208,Background,9.397575,76.687438
SLD_08209,Background,13.048358,75.937799
SLD_08210,Background,15.207415,74.715139
SLD_08211,Background,17.965269,73.143373
SLD_08212,Background,17.622951,73.33325
SLD_08213,Background,10.800502,77.617906
SLD_08214,Background,16.458641,73.616468
SLD_08215,Background,9.749535,77.872883
SLD_08216,Background,10.909328,76.298793
SLD_08217,Background,9.490299,77.195104
SLD_08218,Background,12.008184,76.504766
SLD_08219,Background,16.326811,74.329881
SLD_08220,Background,11.748947,76.888226
SLD_08221,Background,13.504091,75.824104
SLD_08222,Background,14.212444,75.551237
SLD_08223,Background,13.592339,75.635757
SLD_08224,Background,11.636369,75.892827
SLD_08225,Background,9.450784,76.772791
SLD_08226,Background,18.450752,73.17831
SLD_08227,Background,14.012173,75.80243
SLD_08228,Background,17.401438,73.753335
SLD_08229,Background,13.045457,75.855847
SLD_08230,Background,15.183887,74.668722
SLD_08231,Background,15.882142,74.299583
SLD_08232,Background,18.596827,73.857377
SLD_08233,Background,18.577505,73.498452
SLD_08234,Background,14.508398,74.968342
SLD_08235,Background,16.710175,73.481888
SLD_08236,Background,8.612103,77.100259
SLD_08237,Background,14.060158,74.675435
SLD_08238,Background,9.794187,77.282137
SLD_08239,Background,15.249042,74.978839
SLD_08240,Background,16.144175,73.817998
SLD_08241,Background,9.042308,76.775882
SLD_08242,Background,18.784611,73.312707
SLD_08243,Background,9.914673,77.136431
SLD_08244,Background,11.517735,76.346758
SLD_08245,Background,8.802938,76.745261
SLD_08246,Background,10.844799,76.936232
SLD_08247,Background,16.658469,74.351019
SLD_08248,Background,12.493112,76.319836
SLD_08249,Background,9.41189,77.426877
SLD_08250,Background,16.337629,73.615108
SLD_08251,Background,12.378397,76.253947
SLD_08252,Background,16.00533,74.773687
SLD_08253,Background,18.038593,73.254463
SLD_08254,Background,18.756959,73.547961
SLD_08255,Background,12.046396,76.648695
SLD_08256,Background,10.164342,77.613155
SLD_08257,Background,18.81005,74.066826
SLD_08258,Background,10.225353,76.210434
SLD_08259,Background,10.136014,76.445777
SLD_08260,Background,17.832692,73.196672
SLD_08261,Background,14.678041,74.924646
SLD_08262,Background,15.807248,74.090545
SLD_08263,Background,12.891654,75.518933
SLD_08264,Background,14.86446,74.754317
SLD_08265,Background,14.172007,74.526731
SLD_08266,Background,18.631982,72.93391
SLD_08267,Background,18.010282,74.106475
SLD_08268,Background,10.269824,76.279665
SLD_08269,Background,15.914022,74.303061
SLD_08270,Background,13.678902,75.273688
SLD_08271,Background,16.901276,74.259761
SLD_08272,Background,14.731255,74.417151
SLD_08273,Background,16.793358,74.154424
SLD_08274,Background,14.028868,75.47953
SLD_08275,Background,10.556535,76.81619
SLD_08276,Background,10.554835,77.105213
SLD_08277,Background,13.217635,76.085941
SLD_08278,Background,16.422269,73.500613
SLD_08279,Background,13.476132,75.537604
SLD_08280,Background,8.472158,77.288424
SLD_08281,Background,8.742939,77.033872
SLD_08282,Background,15.229434,74.088523
SLD_08283,Background,17.315863,74.190304
SLD_08284,Background,16.049161,74.047462
SLD_08285,Background,15.644827,74.840766
SLD_08286,Background,12.102776,76.250824
SLD_08287,Background,13.140887,75.028606
SLD_08288,Background,17.631252,73.199716
SLD_08289,Background,10.66364,76.254055
SLD_08290,Background,16.206053,74.403263
SLD_08291,Background,16.416837,74.411192
SLD_08292,Background,12.53197,76.01089
SLD_08293,Background,18.180934,73.052975
SLD_08294,Background,12.957516,75.590264
SLD_08295,Background,15.006286,74.545893
SLD_08296,Background,11.250043,76.355926
SLD_08297,Background,13.500482,74.750643
SLD_08298,Background,9.298519,77.016001
SLD_08299,Background,13.615616,75.744549
SLD_08300,Background,11.60226,76.845472
SLD_08301,Background,9.469181,77.337792
SLD_08302,Background,9.189454,77.300193
SLD_08303,Background,12.698559,75.161329
SLD_08304,Background,10.415247,77.51275
SLD_08305,Background,13.073319,75.006141
SLD_08306,Background,10.256309,77.947267
SLD_08307,Background,13.962687,74.835513
SLD_08308,Background,18.387386,73.306856
SLD_08309,Background,15.170071,73.972397
SLD_08310,Background,9.48292,77.381193
SLD_08311,Background,13.179081,76.084312
SLD_08312,Background,14.264098,74.880168
SLD_08313,Background,13.924962,75.319693
SLD_08314,Background,17.496045,73.754681
SLD_08315,Background,10.672849,76.989944
SLD_08316,Background,17.949397,73.800567
SLD_08317,Background,9.535444,76.935857
SLD_08318,Background,12.146095,76.569318
SLD_08319,Background,14.23204,75.58154
SLD_08320,Background,18.218697,73.531128
SLD_08321,Background,14.593311,74.706501
SLD_08322,Background,15.341294,74.932557
SLD_08323,Background,15.93293,74.804357
SLD_08324,Background,18.169723,73.153491
SLD_08325,Background,15.837258,74.169296
SLD_08326,Background,18.036973,73.755669
SLD_08327,Background,18.189429,73.619267
SLD_08328,Background,11.064,75.965642
SLD_08329,Background,11.100658,76.589742
SLD_08330,Background,14.67876,74.658797
SLD_08331,Background,13.892959,74.988882
SLD_08332,Background,18.885324,73.034095
SLD_08333,Background,10.579014,76.173283
SLD_08334,Background,12.43379,75.183072
SLD_08335,Background,10.469202,77.866443
SLD_08336,Background,9.521049,76.992556
SLD_08337,Background,12.313848,76.215471
SLD_08338,Background,10.65565,77.138925
SLD_08339,Background,18.755687,73.578077
SLD_08340,Background,13.502909,75.181754
SLD_08341,Background,17.506339,73.570088
SLD_08342,Background,16.754026,74.088
SLD_08343,Background,13.145211,75.102951
SLD_08344,Background,12.923903,75.438357
SLD_08345,Background,14.376549,75.142066
SLD_08346,Background,12.646495,74.979766
SLD_08347,Background,10.914285,77.130575
SLD_08348,Background,13.643352,75.727759
SLD_08349,Background,16.717992,73.725198
SLD_08350,Background,10.240958,77.77648
SLD_08351,Background,9.88021,77.551083
SLD_08352,Background,11.827679,76.165583
SLD_08353,Background,13.391977,75.296369
SLD_08354,Background,10.118572,76.441472
SLD_08355,Background,13.607374,75.147424
SLD_08356,Background,9.558592,77.131594
SLD_08357,Background,11.850412,76.194084
SLD_08358,Background,10.057283,76.778067
SLD_08359,Background,16.714433,74.194882
SLD_08360,Background,12.884023,75.701037
SLD_08361,Background,13.708732,75.412162
SLD_08362,Background,14.849085,74.535392
SLD_08363,Background,15.80945,73.645653
SLD_08364,Background,9.348972,76.534733
SLD_08365,Background,16.341504,73.598581
SLD_08366,Background,10.005258,76.376705
SLD_08367,Background,12.34834,76.45209
SLD_08368,Background,13.990391,75.330107
SLD_08369,Background,9.331326,77.270074
SLD_08370,Background,17.074212,73.378093
SLD_08371,Background,13.097633,75.435575
SLD_08372,Background,11.229601,77.310216
SLD_08373,Background,14.162998,75.139683
SLD_08374,Background,14.690129,74.275495
SLD_08375,Background,10.922218,76.098794
SLD_08376,Background,13.180185,75.387514
SLD_08377,Background,12.487207,75.24414
SLD_08378,Background,17.824868,73.476748
SLD_08379,Background,15.977462,73.871533
SLD_08380,Background,9.745319,76.438322
SLD_08381,Background,15.164367,74.276693
SLD_08382,Background,15.570661,74.337439
SLD_08383,Background,15.230527,74.313233
SLD_08384,Background,12.429667,76.448216
SLD_08385,Background,8.969592,77.304851
SLD_08386,Background,12.623268,76.205183
SLD_08387,Background,17.889201,73.704895
SLD_08388,Background,16.372803,74.454791
SLD_08389,Background,9.869364,77.004394
SLD_08390,Background,17.065836,73.881917
SLD_08391,Background,14.05636,75.515054
SLD_08392,Background,15.65963,73.903311
SLD_08393,Background,12.729921,75.564786
SLD_08394,Background,15.917783,73.857233
SLD_08395,Background,13.35972,74.930328
SLD_08396,Background,11.986101,75.423714
SLD_08397,Background,10.431762,77.213862
SLD_08398,Background,16.319455,74.278506
SLD_08399,Background,14.132712,75.24405
SLD_08400,Background,18.954982,73.970985
SLD_08401,Background,11.115707,76.618794
SLD_08402,Background,9.468454,76.496579
SLD_08403,Background,14.883609,74.185528
SLD_08404,Background,10.950636,77.218915
SLD_08405,Background,10.543582,77.727248
SLD_08406,Background,10.17591,77.922035
SLD_08407,Background,18.411654,73.404501
SLD_08408,Background,13.223466,75.209056
SLD_08409,Background,11.044884,76.237252
SLD_08410,Background,13.808531,74.739359
SLD_08411,Background,14.399546,74.496661
SLD_08412,Background,8.869287,77.669663
SLD_08413,Background,11.724391,76.687138
SLD_08414,Background,15.883045,74.378002
SLD_08415,Background,13.961562,75.123642
SLD_08416,Background,16.402612,74.576249
SLD_08417,Background,16.988803,73.445295
SLD_08418,Background,11.474,75.83674
SLD_08419,Background,16.597396,74.082867
SLD_08420,Background,14.371768,75.480828
SLD_08421,Background,13.496449,75.694753
SLD_08422,Background,15.28402,74.254429
SLD_08423,Background,19.26506,74.049904
SLD_08424,Background,8.439498,77.139372
SLD_08425,Background,9.375562,77.212442
SLD_08426,Background,10.008691,77.32262
SLD_08427,Background,18.150771,73.995528
SLD_08428,Background,10.840837,77.677489
SLD_08429,Background,13.435666,75.396965
SLD_08430,Background,13.830702,75.043521
SLD_08431,Background,12.633949,76.030987
SLD_08432,Background,13.666088,75.097359
SLD_08433,Background,9.361566,76.715516
SLD_08434,Background,9.90588,77.804258
SLD_08435,Background,11.454309,77.040758
SLD_08436,Background,12.73677,75.91245
SLD_08437,Background,17.502267,74.12136
SLD_08438,Background,14.77278,75.052177
SLD_08439,Background,17.400319,73.457868
SLD_08440,Background,17.081525,74.073619
SLD_08441,Background,15.204737,74.220225
SLD_08442,Background,8.750742,77.499634
SLD_08443,Background,17.911875,73.850523
SLD_08444,Background,9.398233,76.895099
SLD_08445,Background,17.208809,73.440674
SLD_08446,Background,15.060755,74.416247
SLD_08447,Background,12.966636,76.21594
SLD_08448,Background,12.522331,76.261241
SLD_08449,Background,13.439548,75.902252
SLD_08450,Background,15.412225,74.126123
SLD_08451,Background,10.616709,76.499182
SLD_08452,Background,13.106474,75.269595
SLD_08453,Background,16.813304,73.802575
SLD_08454,Background,15.626742,74.705442
SLD_08455,Background,10.992671,77.40642
SLD_08456,Background,18.686381,73.959251
SLD_08457,Background,12.680118,75.162701
SLD_08458,Background,19.181377,74.018055
SLD_08459,Background,12.098044,76.021926
SLD_08460,Background,16.444751,73.442463
SLD_08461,Background,13.056871,75.358026
SLD_08462,Background,9.896769,77.224258
SLD_08463,Background,15.296966,74.83971
SLD_08464,Background,18.565061,73.478089
SLD_08465,Background,9.474943,76.686108
SLD_08466,Background,11.436739,76.965693
SLD_08467,Background,10.875825,77.212588
SLD_08468,Background,10.899821,75.887094
SLD_08469,Background,12.187047,76.377025
SLD_08470,Background,14.276898,75.070394
SLD_08471,Background,8.620876,76.927364
SLD_08472,Background,13.175006,74.943246
SLD_08473,Background,10.37073,77.500031
SLD_08474,Background,15.357392,74.831173
SLD_08475,Background,13.693475,75.815733
SLD_08476,Background,9.578492,77.846507
SLD_08477,Background,15.818302,74.496912
SLD_08478,Background,18.979013,73.791017
SLD_08479,Background,14.091767,74.767702
SLD_08480,Background,9.762314,76.793895
SLD_08481,Background,14.375326,75.52359
SLD_08482,Background,12.856808,74.998405
SLD_08483,Background,18.429571,73.791282
SLD_08484,Background,14.518413,75.336019
SLD_08485,Background,9.977875,77.249472
SLD_08486,Background,16.668426,73.648216
SLD_08487,Background,8.768943,77.427508
SLD_08488,Background,9.623682,76.429494
SLD_08489,Background,9.199358,76.536276
SLD_08490,Background,10.785175,77.724849
SLD_08491,Background,16.055077,74.723103
SLD_08492,Background,14.408236,74.547867
SLD_08493,Background,16.291546,74.014285
SLD_08494,Background,16.96198,73.390679
SLD_08495,Background,15.644133,74.63848
SLD_08496,Background,12.770872,76.304634
SLD_08497,Background,8.809797,76.943318
SLD_08498,Background,16.281328,74.667028
SLD_08499,Background,16.400896,74.25604
SLD_08500,Background,8.779243,76.682337
SLD_08501,Background,13.498042,74.976554
SLD_08502,Background,14.475379,74.532012
SLD_08503,Background,18.507238,74.056054
SLD_08504,Background,12.46671,76.453423
SLD_08505,Background,10.749614,77.477759
SLD_08506,Background,11.661809,75.885767
SLD_08507,Background,14.647505,74.783355
SLD_08508,Background,9.18895,76.49233
SLD_08509,Background,12.35623,76.06806
SLD_08510,Background,10.772376,77.040634
SLD_08511,Background,10.671121,76.861964
SLD_08512,Background,11.543263,76.44525
SLD_08513,Background,9.667744,77.803749
SLD_08514,Background,18.682488,73.092849
SLD_08515,Background,18.533587,73.109443
SLD_08516,Background,17.58198,74.139395
SLD_08517,Background,10.883791,76.917898
SLD_08518,Background,10.663292,77.13132
SLD_08519,Background,14.618769,74.828471
SLD_08520,Background,9.133957,77.262958
SLD_08521,Background,9.023041,77.398489
SLD_08522,Background,15.17094,74.065878
SLD_08523,Background,17.841225,74.105435
SLD_08524,Background,14.766155,74.713863
SLD_08525,Background,8.328118,77.226227
SLD_08526,Background,18.17403,73.690519
SLD_08527,Background,18.841189,73.985275
SLD_08528,Background,8.807257,76.774359
SLD_08529,Background,10.147124,76.295763
SLD_08530,Background,15.612642,74.540184
SLD_08531,Background,16.966787,74.131479
SLD_08532,Background,16.311928,74.205695
SLD_08533,Background,11.296711,76.116798
SLD_08534,Background,11.736903,75.739479
SLD_08535,Background,12.714587,76.311029
SLD_08536,Background,15.437225,74.783774
SLD_08537,Background,16.3643,74.31038
SLD_08538,Background,11.341386,76.241334
SLD_08539,Background,15.684579,74.988023
SLD_08540,Background,19.251932,74.010986
SLD_08541,Background,18.724968,73.664359
SLD_08542,Background,13.53124,75.833063
SLD_08543,Background,8.828641,77.612591
SLD_08544,Background,17.754262,73.82584
SLD_08545,Background,11.880477,75.566157
SLD_08546,Background,10.49374,77.564252
SLD_08547,Background,13.629164,75.0605
SLD_08548,Background,12.016214,76.366815
SLD_08549,Background,16.292248,74.486052
SLD_08550,Background,16.849615,73.651465
SLD_08551,Background,11.995221,75.35055
SLD_08552,Background,14.068182,74.583839
SLD_08553,Background,10.923502,75.936909
SLD_08554,Background,11.317166,76.023752
SLD_08555,Background,11.994829,75.910784
SLD_08556,Background,10.986599,77.012573
SLD_08557,Background,14.530746,74.456992
SLD_08558,Background,11.589585,76.840885
SLD_08559,Background,8.915413,77.341471
SLD_08560,Background,11.30885,76.865672
SLD_08561,Background,11.638084,75.908288
SLD_08562,Background,10.238938,77.209122
SLD_08563,Background,10.995891,77.490613
SLD_08564,Background,9.801757,77.366696
SLD_08565,Background,10.246339,77.243195
SLD_08566,Background,17.551585,74.04549
SLD_08567,Background,10.86725,76.469467
SLD_08568,Background,9.837238,76.711542
SLD_08569,Background,11.006747,76.623596
SLD_08570,Background,10.521685,76.92058
SLD_08571,Background,18.963007,73.413214
SLD_08572,Background,17.334309,73.776537
SLD_08573,Background,17.378326,74.18803
SLD_08574,Background,14.348936,75.549512
SLD_08575,Background,14.687214,74.844881
SLD_08576,Background,15.664455,74.254754
SLD_08577,Background,15.107694,75.174721
SLD_08578,Background,18.356236,73.056464
SLD_08579,Background,14.178918,74.836183
SLD_08580,Background,9.917658,77.799796
SLD_08581,Background,15.174418,75.021039
SLD_08582,Background,9.651911,77.458099
SLD_08583,Background,12.847033,76.121759
SLD_08584,Background,15.226048,74.173731
SLD_08585,Background,18.237927,73.624101
SLD_08586,Background,13.852479,74.792086
SLD_08587,Background,11.706741,76.462036
SLD_08588,Background,17.329834,73.760961
SLD_08589,Background,16.683624,73.684871
SLD_08590,Background,10.795387,77.744007
SLD_08591,Background,15.603957,73.967204
SLD_08592,Background,15.873875,74.155668
SLD_08593,Background,15.359466,74.457628
SLD_08594,Background,9.432706,76.775936
SLD_08595,Background,17.059398,74.12455
SLD_08596,Background,9.707366,77.755244
SLD_08597,Background,17.805365,73.901439
SLD_08598,Background,10.232312,76.610661
SLD_08599,Background,17.025824,73.30212
SLD_08600,Background,16.881406,73.309157
SLD_08601,Background,17.824519,73.83102
SLD_08602,Background,11.87847,76.669848
SLD_08603,Background,18.971118,73.644069
SLD_08604,Background,11.145105,76.150142
SLD_08605,Background,10.994807,76.49848
SLD_08606,Background,14.219984,75.048816
SLD_08607,Background,10.984009,77.533406
SLD_08608,Background,10.177789,76.4905
SLD_08609,Background,14.925505,74.715314
SLD_08610,Background,14.615035,74.967614
SLD_08611,Background,13.247023,75.58642
SLD_08612,Background,10.232977,76.969988
SLD_08613,Background,11.417106,75.761334
SLD_08614,Background,10.451398,77.721155
SLD_08615,Background,8.941794,76.837583
SLD_08616,Background,11.305866,77.005901
SLD_08617,Background,13.938362,74.807455
SLD_08618,Background,17.209749,74.226637
SLD_08619,Background,13.175726,74.999388
SLD_08620,Background,11.928987,75.403036
SLD_08621,Background,9.255258,77.533611
SLD_08622,Background,13.258946,75.64641
SLD_08623,Background,16.522508,74.173759
SLD_08624,Background,18.603352,72.91254
SLD_08625,Background,18.587933,73.639983
SLD_08626,Background,16.795299,73.368951
SLD_08627,Background,9.588796,77.443744
SLD_08628,Background,11.459627,76.22161
SLD_08629,Background,10.594882,76.014263
SLD_08630,Background,13.642725,75.819093
SLD_08631,Background,16.137828,74.680484
SLD_08632,Background,17.30382,73.671632
SLD_08633,Background,9.20852,76.785971
SLD_08634,Background,15.490209,74.784951
SLD_08635,Background,18.813444,73.699937
SLD_08636,Background,10.798162,76.152806
SLD_08637,Background,13.838277,75.649814
SLD_08638,Background,18.169376,73.093331
SLD_08639,Background,10.692833,77.367818
SLD_08640,Background,10.935846,76.270669
SLD_08641,Background,15.393685,74.34899
SLD_08642,Background,15.804526,74.468683
SLD_08643,Background,10.734868,77.213397
SLD_08644,Background,9.383386,77.415045
SLD_08645,Background,9.38527,77.521503
SLD_08646,Background,10.178548,77.481028
SLD_08647,Background,15.791834,74.663036
SLD_08648,Background,18.824666,73.638723
SLD_08649,Background,9.390882,76.885734
SLD_08650,Background,13.139595,75.668734
SLD_08651,Background,15.395683,74.724091
SLD_08652,Background,9.983389,77.478693
SLD_08653,Background,11.195449,75.903381
SLD_08654,Background,10.377152,77.884703
SLD_08655,Background,11.775371,76.823688
SLD_08656,Background,8.671437,76.770846
SLD_08657,Background,9.602328,76.636262
SLD_08658,Background,10.907064,76.25337
SLD_08659,Background,13.736431,74.889561
SLD_08660,Background,9.769296,76.97994
SLD_08661,Background,9.599904,77.13132
SLD_08662,Background,9.50541,77.702853
SLD_08663,Background,18.483981,72.971136
SLD_08664,Background,10.829444,77.526361
SLD_08665,Background,16.118081,74.497525
SLD_08666,Background,9.295354,76.443267
SLD_08667,Background,15.215094,73.957986
SLD_08668,Background,9.44451,76.812335
SLD_08669,Background,16.950043,73.545479
SLD_08670,Background,14.320568,75.651087
SLD_08671,Background,12.207134,76.181989
SLD_08672,Background,9.308068,76.787618
SLD_08673,Background,13.372495,74.707242
SLD_08674,Background,15.572407,74.179143
SLD_08675,Background,15.400754,75.139176
SLD_08676,Background,9.194353,77.111185
SLD_08677,Background,18.238118,73.970072
SLD_08678,Background,17.814662,74.086172
SLD_08679,Background,17.244548,73.636458
SLD_08680,Background,11.480853,75.658873
SLD_08681,Background,8.80039,76.827469
SLD_08682,Background,15.017734,74.534793
SLD_08683,Background,17.393083,73.285164
SLD_08684,Background,16.117587,74.188678
SLD_08685,Background,11.060477,76.082841
SLD_08686,Background,10.240117,77.313353
SLD_08687,Background,11.14915,76.744938
SLD_08688,Background,15.704444,74.764292
SLD_08689,Background,14.756811,74.936907
SLD_08690,Background,18.905385,74.065034
SLD_08691,Background,16.50272,74.208874
SLD_08692,Background,9.27485,76.955407
SLD_08693,Background,15.404287,74.636687
SLD_08694,Background,12.991584,75.302585
SLD_08695,Background,11.523342,76.836186
SLD_08696,Background,15.968857,74.103484
SLD_08697,Background,12.72117,75.159845
SLD_08698,Background,18.222971,74.115753
SLD_08699,Background,16.516187,73.87764
SLD_08700,Background,18.001328,73.919603
SLD_08701,Background,13.481854,75.806721
SLD_08702,Background,18.749218,73.82621
SLD_08703,Background,10.400583,76.6309
SLD_08704,Background,13.395816,75.203148
SLD_08705,Background,17.067752,73.761282
SLD_08706,Background,11.227444,75.845506
SLD_08707,Background,9.426789,76.388853
SLD_08708,Background,10.357291,76.151844
SLD_08709,Background,11.968746,76.816564
SLD_08710,Background,15.781271,74.509147
SLD_08711,Background,10.025278,76.462345
SLD_08712,Background,13.053097,76.000308
SLD_08713,Background,15.972051,73.538262
SLD_08714,Background,11.726756,76.169362
SLD_08715,Background,15.516869,74.843365
SLD_08716,Background,9.882853,77.168589
SLD_08717,Background,15.373438,74.386774
SLD_08718,Background,15.611264,73.91819
SLD_08719,Background,18.009607,73.918692
SLD_08720,Background,14.108624,74.680699
SLD_08721,Background,9.212853,77.617745
SLD_08722,Background,10.356171,77.660818
SLD_08723,Background,10.872763,76.372829
SLD_08724,Background,9.311398,77.006727
SLD_08725,Background,8.337964,77.183594
SLD_08726,Background,10.516485,77.824475
SLD_08727,Background,9.888732,76.770664
SLD_08728,Background,18.705634,73.295826
SLD_08729,Background,14.675753,74.559101
SLD_08730,Background,14.751118,75.280614
SLD_08731,Background,17.264666,74.008485
SLD_08732,Background,13.288747,75.693785
SLD_08733,Background,8.819216,77.140454
SLD_08734,Background,13.028385,75.841057
SLD_08735,Background,10.230774,76.520219
SLD_08736,Background,14.328637,74.67408
SLD_08737,Background,18.865506,74.053295
SLD_08738,Background,11.285369,76.748009
SLD_08739,Background,14.60579,74.517442
SLD_08740,Background,16.545458,74.074137
SLD_08741,Background,13.743099,75.024574
SLD_08742,Background,14.058006,75.347358
SLD_08743,Background,9.596309,77.141388
SLD_08744,Background,10.357391,77.609694
SLD_08745,Background,16.776548,73.890326
SLD_08746,Background,9.894596,76.378377
SLD_08747,Background,14.953204,74.837959
SLD_08748,Background,12.976094,75.844918
SLD_08749,Background,13.85277,75.785584
SLD_08750,Background,15.805217,74.012572
SLD_08751,Background,18.171994,73.618688
SLD_08752,Background,14.921699,74.998091
SLD_08753,Background,11.780715,75.982037
SLD_08754,Background,18.111813,73.208086
SLD_08755,Background,16.773656,73.337596
SLD_08756,Background,9.870954,77.237756
SLD_08757,Background,15.600177,73.837437
SLD_08758,Background,15.181069,74.152383
SLD_08759,Background,8.782277,77.643468
SLD_08760,Background,13.100864,74.85812
SLD_08761,Background,11.240023,75.793867
SLD_08762,Background,16.783692,73.818502
SLD_08763,Background,9.905855,77.463751
SLD_08764,Background,15.337025,74.553473
SLD_08765,Background,18.019497,74.129395
SLD_08766,Background,17.316554,73.875435
SLD_08767,Background,12.784797,75.494066
SLD_08768,Background,15.534058,74.054535
SLD_08769,Background,18.2972,73.957469
SLD_08770,Background,10.867015,76.367169
SLD_08771,Background,11.754645,76.256142
SLD_08772,Background,9.194187,77.191828
SLD_08773,Background,18.725645,73.856262
SLD_08774,Background,13.829867,75.867876
SLD_08775,Background,15.253654,74.358886
SLD_08776,Background,12.658264,74.947129
SLD_08777,Background,14.138858,74.501684
SLD_08778,Background,12.801703,76.189642
SLD_08779,Background,15.70202,73.887774
SLD_08780,Background,11.208312,77.416901
SLD_08781,Background,9.079814,77.675213
SLD_08782,Background,18.075342,73.188524
SLD_08783,Background,9.27329,77.105819
SLD_08784,Background,9.33963,76.763095
SLD_08785,Background,9.993054,77.653494
SLD_08786,Background,14.765149,74.611646
SLD_08787,Background,17.403116,73.620591
SLD_08788,Background,18.418275,73.356479
SLD_08789,Background,15.796971,73.675771
SLD_08790,Background,14.117398,74.61192
SLD_08791,Background,18.41473,74.098897
SLD_08792,Background,11.632995,76.443344
SLD_08793,Background,9.248906,77.545761
SLD_08794,Background,9.109513,77.296337
SLD_08795,Background,8.539568,76.94091
SLD_08796,Background,15.067653,75.262668
SLD_08797,Background,17.248591,73.225461
SLD_08798,Background,12.168957,76.042481
SLD_08799,Background,8.3368,77.35974
SLD_08800,Background,18.768361,73.840334
SLD_08801,Background,9.08947,77.426203
SLD_08802,Background,15.588127,74.733181
SLD_08803,Background,18.175415,73.428218
SLD_08804,Background,15.52394,73.873051
SLD_08805,Background,11.755798,76.087212
SLD_08806,Background,13.659402,74.991202
SLD_08807,Background,16.977396,73.369953
SLD_08808,Background,14.505688,75.024252
SLD_08809,Background,12.836881,75.727872
SLD_08810,Background,12.709544,75.052962
SLD_08811,Background,9.278306,76.42587
SLD_08812,Background,11.216103,76.91204
SLD_08813,Background,13.721862,75.407645
SLD_08814,Background,12.990203,75.38896
SLD_08815,Background,12.23055,76.093912
SLD_08816,Background,16.625975,74.328642
SLD_08817,Background,9.008978,77.671484
SLD_08818,Background,14.84401,74.53234
SLD_08819,Background,10.522259,77.154629
SLD_08820,Background,18.017958,74.017481
SLD_08821,Background,12.409325,76.136706
SLD_08822,Background,14.658088,74.397746
SLD_08823,Background,15.138618,74.468342
SLD_08824,Background,13.340617,75.047669
SLD_08825,Background,12.629912,76.19052
SLD_08826,Background,12.245879,76.177742
SLD_08827,Background,15.524092,74.671041
SLD_08828,Background,14.020367,75.120796
SLD_08829,Background,13.988083,74.957947
SLD_08830,Background,17.933686,73.709657
SLD_08831,Background,9.500525,77.072802
SLD_08832,Background,9.375093,76.798141
SLD_08833,Background,9.036456,77.130621
SLD_08834,Background,12.917033,75.525946
SLD_08835,Background,11.741368,75.680081
SLD_08836,Background,17.038461,74.251275
SLD_08837,Background,9.474863,77.687824
SLD_08838,Background,12.752792,75.391384
SLD_08839,Background,9.854971,77.758455
SLD_08840,Background,13.115579,74.842092
SLD_08841,Background,10.061463,77.597092
SLD_08842,Background,18.764035,73.513531
SLD_08843,Background,8.545201,77.041432
SLD_08844,Background,12.111159,76.392164
SLD_08845,Background,10.857038,76.120073
SLD_08846,Background,16.315449,73.826309
SLD_08847,Background,9.538905,77.615502
SLD_08848,Background,15.022921,74.000377
SLD_08849,Background,16.966154,74.136394
SLD_08850,Background,18.40022,73.752852
SLD_08851,Background,10.859849,76.220974
SLD_08852,Background,13.571686,75.947509
SLD_08853,Background,13.076494,76.15921
SLD_08854,Background,17.521605,74.068184
SLD_08855,Background,9.95797,77.279639
SLD_08856,Background,15.02974,74.084609
SLD_08857,Background,15.549113,74.707578
SLD_08858,Background,10.305369,77.439191
SLD_08859,Background,11.061005,76.047164
SLD_08860,Background,15.666816,74.873924
SLD_08861,Background,16.608109,73.619816
SLD_08862,Background,13.648748,74.676676
SLD_08863,Background,14.394787,74.970421
SLD_08864,Background,18.069264,73.957562
SLD_08865,Background,9.047845,76.651598
SLD_08866,Background,17.526003,73.607965
SLD_08867,Background,11.330902,76.346509
SLD_08868,Background,16.66172,74.153124
SLD_08869,Background,10.357047,77.859701
SLD_08870,Background,13.006098,76.194772
SLD_08871,Background,17.25401,73.467908
SLD_08872,Background,12.021974,76.567933
SLD_08873,Background,10.858281,76.817646
SLD_08874,Background,9.259505,76.81126
SLD_08875,Background,11.143807,77.271497
SLD_08876,Background,16.741067,74.080566
SLD_08877,Background,11.167626,76.83648
SLD_08878,Background,17.082914,73.893893
SLD_08879,Background,15.182875,74.61615
SLD_08880,Background,18.521513,73.015991
SLD_08881,Background,14.731756,75.422975
SLD_08882,Background,13.641154,74.761499
SLD_08883,Background,8.857529,76.744233
SLD_08884,Background,15.850637,74.538769
SLD_08885,Background,11.075015,76.856423
SLD_08886,Background,9.607756,76.544755
SLD_08887,Background,11.978986,76.388077
SLD_08888,Background,9.004947,77.225518
SLD_08889,Background,9.779448,76.535586
SLD_08890,Background,17.31686,73.519231
SLD_08891,Background,10.486577,76.240991
SLD_08892,Background,14.049458,74.98345
SLD_08893,Background,11.871203,76.923224
SLD_08894,Background,10.83492,76.29377
SLD_08895,Background,19.149689,74.034709
SLD_08896,Background,16.830428,73.621295
SLD_08897,Background,12.929145,76.208754
SLD_08898,Background,16.1019,74.516288
SLD_08899,Background,9.691161,76.64712
SLD_08900,Background,16.169807,73.727284
SLD_08901,Background,16.857456,73.470387
SLD_08902,Background,18.06336,73.906718
SLD_08903,Background,10.608307,77.052512
SLD_08904,Background,9.677226,76.895128
SLD_08905,Background,15.583857,74.791397
SLD_08906,Background,8.361509,77.324717
SLD_08907,Background,18.90685,73.732214
SLD_08908,Background,12.790208,75.674723
SLD_08909,Background,13.503562,75.738508
SLD_08910,Background,12.086477,76.151315
SLD_08911,Background,12.911188,75.859473
SLD_08912,Background,15.425733,74.826279
SLD_08913,Background,17.487109,73.761103
SLD_08914,Background,10.517877,77.741581
SLD_08915,Background,17.248872,74.116534
SLD_08916,Background,18.586983,73.914067
SLD_08917,Background,14.003271,75.248894
SLD_08918,Background,14.613043,74.890998
SLD_08919,Background,11.153559,76.531515
SLD_08920,Background,18.230659,73.599961
SLD_08921,Background,11.598449,76.849355
SLD_08922,Background,17.137472,74.072802
SLD_08923,Background,13.460791,74.83986
SLD_08924,Background,18.713331,73.428838
SLD_08925,Background,15.300881,74.042724
SLD_08926,Background,16.117739,73.784169
SLD_08927,Background,16.304043,74.586774
SLD_08928,Background,13.413898,74.908003
SLD_08929,Background,15.516415,75.093838
SLD_08930,Background,15.360044,75.03416
SLD_08931,Background,14.877699,74.171811
SLD_08932,Background,9.733249,76.661998
SLD_08933,Background,14.7053,74.586833
SLD_08934,Background,15.366568,74.618319
SLD_08935,Background,10.400976,77.766275
SLD_08936,Background,9.553411,76.983018
SLD_08937,Background,9.587779,76.861398
SLD_08938,Background,10.899462,76.538647
SLD_08939,Background,15.242321,75.123426
SLD_08940,Background,14.636424,74.332482
SLD_08941,Background,13.882022,75.257977
SLD_08942,Background,14.073141,74.729362
SLD_08943,Background,14.952942,74.745248
SLD_08944,Background,14.089617,74.711351
SLD_08945,Background,12.91731,75.416371
SLD_08946,Background,16.28201,74.457382
SLD_08947,Background,16.600812,74.347904
SLD_08948,Background,10.062659,76.505569
SLD_08949,Background,13.423868,75.555547
SLD_08950,Background,15.160688,74.694737
SLD_08951,Background,16.519487,74.079648
SLD_08952,Background,9.278201,76.446749
SLD_08953,Background,17.359613,73.42133
SLD_08954,Background,9.166115,77.16342
SLD_08955,Background,9.170402,77.072943
SLD_08956,Background,10.560091,77.539934
SLD_08957,Background,14.108887,74.691674
SLD_08958,Background,16.183867,74.396705
SLD_08959,Background,17.534938,74.176269
SLD_08960,Background,15.058104,74.917593
SLD_08961,Background,11.811593,75.806078
SLD_08962,Background,8.673068,77.11343
SLD_08963,Background,14.113883,75.275639
SLD_08964,Background,9.293992,76.870825
SLD_08965,Background,17.214455,73.816984
SLD_08966,Background,11.146573,76.299492
SLD_08967,Background,17.880204,73.291398
SLD_08968,Background,18.36505,73.958903
SLD_08969,Background,11.404807,75.903142
SLD_08970,Background,12.802496,75.190388
SLD_08971,Background,14.991484,75.286977
SLD_08972,Background,10.034391,76.568441
SLD_08973,Background,12.926647,75.125819
SLD_08974,Background,12.586476,75.256863
SLD_08975,Background,12.758443,75.736775
SLD_08976,Background,10.626802,77.305768
SLD_08977,Background,18.763992,73.294313
SLD_08978,Background,18.58377,72.945065
SLD_08979,Background,16.357595,73.563164
SLD_08980,Background,17.236296,73.985545
SLD_08981,Background,11.994483,76.511912
SLD_08982,Background,15.575056,74.592463
SLD_08983,Background,12.994028,75.502026
SLD_08984,Background,15.860645,73.9977
SLD_08985,Background,15.596622,74.911596
SLD_08986,Background,14.286678,75.342932
SLD_08987,Background,12.936006,75.96621
SLD_08988,Background,18.82277,73.693858
SLD_08989,Background,17.427888,73.326182
SLD_08990,Background,15.185754,74.075663
SLD_08991,Background,13.456367,75.383116
SLD_08992,Background,12.528103,75.114747
SLD_08993,Background,11.047977,77.156788
SLD_08994,Background,10.577006,76.0365
SLD_08995,Background,13.869549,74.95739
SLD_08996,Background,17.621241,74.076947
SLD_08997,Background,13.464547,74.773979
SLD_08998,Background,17.999212,73.506773
SLD_08999,Background,9.614892,76.852488
SLD_09000,Background,13.546693,74.82295
SLD_09001,Background,14.407409,74.670135
SLD_09002,Background,15.584716,74.738909
SLD_09003,Background,13.718394,75.871473
SLD_09004,Background,13.598796,74.689813
SLD_09005,Background,15.512695,74.0571
SLD_09006,Background,9.561374,77.064775
SLD_09007,Background,8.92925,76.711605
SLD_09008,Background,9.413818,77.560101
SLD_09009,Background,15.801636,73.726035
SLD_09010,Background,14.062869,75.326006
SLD_09011,Background,17.052883,73.338987
SLD_09012,Background,9.423566,77.307666
SLD_09013,Background,18.092265,73.221598
SLD_09014,Background,9.181356,77.274975
SLD_09015,Background,16.8949,73.334155
SLD_09016,Background,16.62605,74.073535
SLD_09017,Background,13.317401,75.20983
SLD_09018,Background,8.758986,77.159625
SLD_09019,Background,15.397341,73.980544
SLD_09020,Background,14.633489,75.232549
SLD_09021,Background,11.326039,76.195442
SLD_09022,Background,8.387268,77.079609
SLD_09023,Background,15.313803,74.979686
SLD_09024,Background,11.308587,75.792916
SLD_09025,Background,15.68865,74.870969
SLD_09026,Background,13.699572,75.45389
SLD_09027,Background,16.908878,74.164721
SLD_09028,Background,10.111652,76.429765
SLD_09029,Background,9.711553,77.019432
SLD_09030,Background,10.810564,76.40418
SLD_09031,Background,18.346866,73.711854
SLD_09032,Background,15.438313,74.540812
SLD_09033,Background,13.972731,74.970121
SLD_09034,Background,14.180682,75.342991
SLD_09035,Background,12.836317,75.276437
SLD_09036,Background,10.002107,77.380555
SLD_09037,Background,9.710006,77.165009
SLD_09038,Background,13.513229,75.517788
SLD_09039,Background,12.287087,76.468118
SLD_09040,Background,17.904438,73.859229
SLD_09041,Background,13.914245,75.082099
SLD_09042,Background,9.275258,77.108401
SLD_09043,Background,13.536229,75.369286
SLD_09044,Background,14.278025,75.153766
SLD_09045,Background,13.267174,75.674487
SLD_09046,Background,15.460676,74.35143
SLD_09047,Background,12.03062,76.474676
SLD_09048,Background,15.302146,74.086521
SLD_09049,Background,10.649915,77.3319
SLD_09050,Background,12.491708,76.265951
SLD_09051,Background,14.367348,74.691839
SLD_09052,Background,12.018936,76.518298
SLD_09053,Background,12.354146,76.125418
SLD_09054,Background,14.462161,74.855715
SLD_09055,Background,10.710928,77.370922
SLD_09056,Background,17.227499,73.234929
SLD_09057,Background,12.713122,76.091604
SLD_09058,Background,12.47806,76.034977
SLD_09059,Background,12.969827,75.059691
SLD_09060,Background,18.34531,74.101441
SLD_09061,Background,10.41324,77.369647
SLD_09062,Background,17.005258,73.520224
SLD_09063,Background,14.604307,74.640256
SLD_09064,Background,17.281662,73.268391
SLD_09065,Background,11.995892,75.891922
SLD_09066,Background,17.297154,73.404591
SLD_09067,Background,17.835793,73.342984
SLD_09068,Background,16.189177,73.564609
SLD_09069,Background,13.498737,75.499133
SLD_09070,Background,11.034506,76.177632
SLD_09071,Background,17.354373,74.07813
SLD_09072,Background,10.49029,76.069878
SLD_09073,Background,9.838221,76.511929
SLD_09074,Background,13.1875,75.671946
SLD_09075,Background,14.608045,75.353628
SLD_09076,Background,14.43918,75.599091
SLD_09077,Background,12.728709,75.423155
SLD_09078,Background,11.034237,76.392503
SLD_09079,Background,16.538023,73.677182
SLD_09080,Background,14.481953,74.67134
SLD_09081,Background,11.625224,76.877362
SLD_09082,Background,17.908782,74.004316
SLD_09083,Background,9.068458,76.978682
SLD_09084,Background,12.977698,75.957198
SLD_09085,Background,15.572327,74.33386
SLD_09086,Background,17.597039,73.331784
SLD_09087,Background,9.600407,77.261061
SLD_09088,Background,15.582889,75.020467
SLD_09089,Background,16.704735,73.843396
SLD_09090,Background,11.391601,76.938836
SLD_09091,Background,17.509289,73.651935
SLD_09092,Background,10.908726,76.281698
SLD_09093,Background,9.777529,77.112957
SLD_09094,Background,9.530598,76.62842
SLD_09095,Background,14.332251,75.565232
SLD_09096,Background,13.743898,75.855128
SLD_09097,Background,14.049717,74.893453
SLD_09098,Background,15.825051,74.305584
SLD_09099,Background,17.259943,73.59625
SLD_09100,Background,9.216921,76.603224
SLD_09101,Background,14.287391,75.207505
SLD_09102,Background,17.025591,74.253445
SLD_09103,Background,11.143941,76.702891
SLD_09104,Background,9.949657,77.573577
SLD_09105,Background,10.506117,77.171945
SLD_09106,Background,17.12581,74.049737
SLD_09107,Background,15.13708,74.103579
SLD_09108,Background,18.22273,72.936845
SLD_09109,Background,12.805895,75.780742
SLD_09110,Background,12.844924,76.126938
SLD_09111,Background,9.357816,76.896562
SLD_09112,Background,9.264032,77.406629
SLD_09113,Background,14.360272,75.514877
SLD_09114,Background,12.74104,75.547883
SLD_09115,Background,17.163038,74.100384
SLD_09116,Background,10.18059,76.64731
SLD_09117,Background,18.448166,73.420905
SLD_09118,Background,17.307059,73.744623
SLD_09119,Background,14.347108,74.746947
SLD_09120,Background,18.019396,73.434422
SLD_09121,Background,18.765762,73.79898
SLD_09122,Background,18.728986,73.111518
SLD_09123,Background,9.402557,76.359005
SLD_09124,Background,9.840055,76.580121
SLD_09125,Background,16.083589,74.777839
SLD_09126,Background,8.754842,77.035741
SLD_09127,Background,11.923084,75.36842
SLD_09128,Background,10.193234,76.903794
SLD_09129,Background,9.996719,77.784701
SLD_09130,Background,18.519237,73.762903
SLD_09131,Background,10.00876,76.409332
SLD_09132,Background,17.517474,73.356788
SLD_09133,Background,13.833981,75.483555
SLD_09134,Background,9.921058,77.582417
SLD_09135,Background,11.220088,77.041023
SLD_09136,Background,15.751549,74.65479
SLD_09137,Background,15.162774,74.035512
SLD_09138,Background,16.215698,74.593953
SLD_09139,Background,10.174858,76.667615
SLD_09140,Background,18.549296,73.013768
SLD_09141,Background,9.886139,77.527139
SLD_09142,Background,10.275602,76.38223
SLD_09143,Background,18.375649,73.853154
SLD_09144,Background,11.092303,76.462667
SLD_09145,Background,14.377457,74.454813
SLD_09146,Background,11.787581,76.078597
SLD_09147,Background,17.951382,73.86643
SLD_09148,Background,10.37856,76.904025
SLD_09149,Background,10.606732,76.319473
SLD_09150,Background,15.964776,74.278022
SLD_09151,Background,8.816335,76.766225
SLD_09152,Background,9.811898,76.450178
SLD_09153,Background,17.556304,73.993507
SLD_09154,Background,11.428316,76.863656
SLD_09155,Background,16.450013,74.053959
SLD_09156,Background,11.886528,76.066947
SLD_09157,Background,13.476435,75.639922
SLD_09158,Background,12.690796,75.267522
SLD_09159,Background,9.104325,76.648387
SLD_09160,Background,16.895764,73.503952
SLD_09161,Background,14.728403,75.132927
SLD_09162,Background,13.455674,75.55916
SLD_09163,Background,11.397787,77.142371
SLD_09164,Background,16.963115,73.354302
SLD_09165,Background,17.928301,73.460333
SLD_09166,Background,15.437052,74.259941
SLD_09167,Background,11.17373,77.098949
SLD_09168,Background,10.627115,77.007303
SLD_09169,Background,16.325062,74.537235
SLD_09170,Background,17.500474,73.663778
SLD_09171,Background,11.659937,76.525456
SLD_09172,Background,9.699049,76.476554
SLD_09173,Background,11.630606,76.548055
SLD_09174,Background,14.601074,75.435439
SLD_09175,Background,12.375074,76.547868
SLD_09176,Background,18.44824,73.381307
SLD_09177,Background,9.230589,77.66502
SLD_09178,Background,12.344044,76.018235
SLD_09179,Background,12.773289,75.505559
SLD_09180,Background,13.197898,74.811453
SLD_09181,Background,13.681089,74.854234
SLD_09182,Background,10.553409,77.758854
SLD_09183,Background,9.730603,76.511847
SLD_09184,Background,10.165305,76.489531
SLD_09185,Background,14.196698,75.467655
SLD_09186,Background,10.294113,76.249256
SLD_09187,Background,17.862285,74.010114
SLD_09188,Background,8.857335,77.637644
SLD_09189,Background,10.528136,76.968023
SLD_09190,Background,14.154412,74.496107
SLD_09191,Background,15.217507,74.664129
SLD_09192,Background,15.665917,74.345716
SLD_09193,Background,9.645643,77.669915
SLD_09194,Background,14.063543,75.132789
SLD_09195,Background,10.930137,77.34369
SLD_09196,Background,18.498595,73.360912
SLD_09197,Background,16.124323,74.468674
SLD_09198,Background,12.931466,74.960686
SLD_09199,Background,10.450937,76.294811
SLD_09200,Background,15.748599,74.564428
SLD_09201,Background,8.911998,76.885361
SLD_09202,Background,13.556642,74.744498
SLD_09203,Background,9.626659,77.481197
SLD_09204,Background,11.894838,75.4073
SLD_09205,Background,17.54027,73.269873
SLD_09206,Background,10.769103,76.585427
SLD_09207,Background,17.023042,74.193368
SLD_09208,Background,11.934688,75.952911
SLD_09209,Background,16.264358,73.941812
SLD_09210,Background,10.38679,76.168169
SLD_09211,Background,13.367669,75.329922
SLD_09212,Background,11.952852,75.740701
SLD_09213,Background,12.921358,75.708353
SLD_09214,Background,11.424482,76.410728
SLD_09215,Background,12.518997,76.456691
SLD_09216,Background,13.747752,75.530319
SLD_09217,Background,9.139465,77.607093
SLD_09218,Background,11.752168,76.883467
SLD_09219,Background,10.695439,76.375283
SLD_09220,Background,17.289694,74.065642
SLD_09221,Background,18.999593,73.962101
SLD_09222,Background,18.764093,73.504043
SLD_09223,Background,16.655996,73.765745
SLD_09224,Background,9.486321,77.170893
SLD_09225,Background,15.750125,74.603144
SLD_09226,Background,12.636322,76.435186
SLD_09227,Background,16.942104,73.492507
SLD_09228,Background,16.761985,73.9354
SLD_09229,Background,16.908117,73.807005
SLD_09230,Background,15.541244,74.810271
SLD_09231,Background,15.693253,73.784297
SLD_09232,Background,9.232145,76.50399
SLD_09233,Background,9.227865,77.129675
SLD_09234,Background,16.795675,74.172171
SLD_09235,Background,11.342911,76.317055
SLD_09236,Background,13.540603,75.312349
SLD_09237,Background,10.366133,76.209044
SLD_09238,Background,10.694396,76.467299
SLD_09239,Background,9.161403,76.893505
SLD_09240,Background,15.084718,75.053563
SLD_09241,Background,17.919548,74.023564
SLD_09242,Background,18.776676,73.385668
SLD_09243,Background,17.84393,74.071635
SLD_09244,Background,15.444775,74.125967
SLD_09245,Background,10.140923,76.745464
SLD_09246,Background,12.586085,76.08567
SLD_09247,Background,16.383941,73.8076
SLD_09248,Background,10.413013,77.622057
SLD_09249,Background,13.049893,75.73754
SLD_09250,Background,14.085639,74.854845
SLD_09251,Background,8.449894,77.590481
SLD_09252,Background,18.695996,73.847332
SLD_09253,Background,17.443474,73.48137
SLD_09254,Background,9.896054,76.548795
SLD_09255,Background,16.302292,73.779534
SLD_09256,Background,14.768905,75.006101
SLD_09257,Background,15.305553,74.001252
SLD_09258,Background,12.749804,75.263371
SLD_09259,Background,8.83362,76.832099
SLD_09260,Background,14.510648,75.527721
SLD_09261,Background,8.618283,77.114021
SLD_09262,Background,13.213605,76.084534
SLD_09263,Background,16.394883,73.474657
SLD_09264,Background,8.360512,77.288463
SLD_09265,Background,15.697657,74.585118
SLD_09266,Background,11.408972,76.844836
SLD_09267,Background,14.645494,75.287065
SLD_09268,Background,12.564709,75.046252
SLD_09269,Background,15.917982,73.621137
SLD_09270,Background,15.94685,73.637641
SLD_09271,Background,16.587578,74.064615
SLD_09272,Background,10.989308,76.77523
SLD_09273,Background,8.574662,77.55052
SLD_09274,Background,13.064156,74.842213
SLD_09275,Background,17.67764,73.188294
SLD_09276,Background,15.663089,74.544417
SLD_09277,Background,12.825899,76.052688
SLD_09278,Background,17.721444,73.710506
SLD_09279,Background,16.407675,74.158896
SLD_09280,Background,15.449765,74.951574
SLD_09281,Background,10.372194,77.820444
SLD_09282,Background,18.930675,73.137659
SLD_09283,Background,10.615144,76.945433
SLD_09284,Background,14.972408,75.156268
SLD_09285,Background,15.140291,73.985504
SLD_09286,Background,9.112194,76.890491
SLD_09287,Background,15.24615,75.036985
SLD_09288,Background,18.160093,73.865162
SLD_09289,Background,18.268369,73.813735
SLD_09290,Background,10.81321,76.818669
SLD_09291,Background,14.152514,75.316824
SLD_09292,Background,14.059698,75.370805
SLD_09293,Background,11.755881,76.33021
SLD_09294,Background,15.383241,74.033773
SLD_09295,Background,10.275353,77.10588
SLD_09296,Background,11.460343,76.862403
SLD_09297,Background,16.548143,74.466963
SLD_09298,Background,11.191699,76.546614
SLD_09299,Background,14.164575,74.541527
SLD_09300,Background,16.216821,73.492118
SLD_09301,Background,10.564369,76.42807
SLD_09302,Background,11.691534,76.820153
SLD_09303,Background,18.421672,73.340433
SLD_09304,Background,11.60213,76.712556
SLD_09305,Background,9.140604,77.700948
SLD_09306,Background,13.079318,75.018226
SLD_09307,Background,13.256509,75.382067
SLD_09308,Background,11.127331,77.182608
SLD_09309,Background,11.691105,75.545566
SLD_09310,Background,14.660003,75.287568
SLD_09311,Background,17.874448,73.968531
SLD_09312,Background,8.712731,76.812304
SLD_09313,Background,15.961038,73.74592
SLD_09314,Background,15.113256,74.251366
SLD_09315,Background,10.717305,76.815439
SLD_09316,Background,9.707264,76.467064
SLD_09317,Background,15.473785,74.141458
SLD_09318,Background,14.763594,74.673321
SLD_09319,Background,15.734119,74.761586
SLD_09320,Background,8.957885,77.660869
SLD_09321,Background,11.092723,77.02949
SLD_09322,Background,9.605907,76.794058
SLD_09323,Background,14.58573,75.000569
SLD_09324,Background,18.860479,73.633457
SLD_09325,Background,16.698406,74.178297
SLD_09326,Background,16.352783,73.733475
SLD_09327,Background,11.915503,76.134083
SLD_09328,Background,13.08454,75.212763
SLD_09329,Background,9.686785,77.138272
SLD_09330,Background,18.903105,73.766525
SLD_09331,Background,17.43445,74.095449
SLD_09332,Background,13.069578,75.829096
SLD_09333,Background,8.430873,77.374964
SLD_09334,Background,18.138537,73.715642
SLD_09335,Background,18.510725,73.56709
SLD_09336,Background,18.01077,73.755883
SLD_09337,Background,15.858839,74.390721
SLD_09338,Background,8.859833,77.285728
SLD_09339,Background,17.64457,73.992168
SLD_09340,Background,13.491827,75.827484
SLD_09341,Background,10.695457,76.646828
SLD_09342,Background,15.010068,74.424021
SLD_09343,Background,12.22593,76.338424
SLD_09344,Background,17.431466,73.216469
SLD_09345,Background,17.443546,73.440349
SLD_09346,Background,8.543985,77.479171
SLD_09347,Background,11.899845,76.452893
SLD_09348,Background,10.52419,76.930241
SLD_09349,Background,14.7348,75.14414
SLD_09350,Background,10.442128,76.348279
SLD_09351,Background,18.668644,73.077557
SLD_09352,Background,12.458357,75.154649
SLD_09353,Background,17.841942,73.569558
SLD_09354,Background,17.642482,74.15889
SLD_09355,Background,14.831372,75.367537
SLD_09356,Background,16.232117,74.539903
SLD_09357,Background,17.144954,73.357036
SLD_09358,Background,16.653467,73.995767
SLD_09359,Background,16.101336,74.058333
SLD_09360,Background,10.568296,77.294921
SLD_09361,Background,15.843104,74.353412
SLD_09362,Background,9.69323,76.733989
SLD_09363,Background,18.459896,73.645837
SLD_09364,Background,14.485255,74.888252
SLD_09365,Background,13.936177,75.269695
SLD_09366,Background,18.782569,74.075909
SLD_09367,Background,18.783772,73.152989
SLD_09368,Background,9.691251,76.472078
SLD_09369,Background,10.550955,77.780522
SLD_09370,Background,10.217664,76.948378
SLD_09371,Background,15.893585,74.712043
SLD_09372,Background,14.882385,74.335154
SLD_09373,Background,8.944608,76.857338
SLD_09374,Background,12.72192,75.993375
SLD_09375,Background,18.815989,73.895401
SLD_09376,Background,9.618438,77.811883
SLD_09377,Background,17.837603,73.778081
SLD_09378,Background,13.816976,75.575185
SLD_09379,Background,8.667645,77.677033
SLD_09380,Background,13.861834,75.651438
SLD_09381,Background,18.357485,73.944781
SLD_09382,Background,17.034133,73.530823
SLD_09383,Background,18.314329,73.953826
SLD_09384,Background,17.949255,73.419698
SLD_09385,Background,10.42092,77.176354
SLD_09386,Background,8.962612,76.74765
SLD_09387,Background,9.680377,77.206632
SLD_09388,Background,15.370794,74.298424
SLD_09389,Background,13.93189,75.753989
SLD_09390,Background,11.31432,76.34761
SLD_09391,Background,15.786632,74.061293
SLD_09392,Background,10.88864,76.500988
SLD_09393,Background,9.943746,77.179898
SLD_09394,Background,9.69751,77.782348
SLD_09395,Background,15.667044,74.282236
SLD_09396,Background,9.217179,76.958593
SLD_09397,Background,15.435104,75.123877
SLD_09398,Background,15.135378,74.717022
SLD_09399,Background,17.055544,73.499256
SLD_09400,Background,15.57802,74.692093
SLD_09401,Background,14.6622,74.969778
SLD_09402,Background,9.681978,76.620285
SLD_09403,Background,18.875249,73.922634
SLD_09404,Background,14.859873,74.948249
SLD_09405,Background,16.553448,73.998255
SLD_09406,Background,16.579036,73.954894
SLD_09407,Background,8.660002,77.441478
SLD_09408,Background,16.488629,74.497547
SLD_09409,Background,14.593651,75.491392
SLD_09410,Background,9.480775,76.463119
SLD_09411,Background,9.028529,76.582338
SLD_09412,Background,13.896623,75.848314
SLD_09413,Background,15.16132,74.034606
SLD_09414,Background,12.60113,76.305869
SLD_09415,Background,9.110168,77.238392
SLD_09416,Background,18.038747,73.298315
SLD_09417,Background,15.259381,75.020451
SLD_09418,Background,15.171153,74.798529
SLD_09419,Background,14.625884,75.094226
SLD_09420,Background,10.840784,77.453126
SLD_09421,Background,10.023282,76.296884
SLD_09422,Background,9.305704,77.729826
SLD_09423,Background,17.367598,73.960033
SLD_09424,Background,18.603638,73.748536
SLD_09425,Background,8.486555,77.251952
SLD_09426,Background,18.002348,73.690544
SLD_09427,Background,16.050414,74.496101
SLD_09428,Background,16.22159,74.318702
SLD_09429,Background,11.639538,76.506935
SLD_09430,Background,17.393988,73.374552
SLD_09431,Background,10.319197,76.370598
SLD_09432,Background,17.432056,73.529698
SLD_09433,Background,15.712874,73.764111
SLD_09434,Background,9.255367,77.076338
SLD_09435,Background,11.176111,76.871605
SLD_09436,Background,9.70972,77.740999
SLD_09437,Background,12.856586,75.42956
SLD_09438,Background,12.791557,75.00372
SLD_09439,Background,9.786766,76.425285
SLD_09440,Background,9.243472,77.556462
SLD_09441,Background,18.991936,73.948777
SLD_09442,Background,12.739854,76.216627
SLD_09443,Background,17.170304,73.664938
SLD_09444,Background,11.851928,76.254766
SLD_09445,Background,8.865732,76.995358
SLD_09446,Background,9.811029,76.772575
SLD_09447,Background,15.558627,74.726002
SLD_09448,Background,10.378603,76.661237
SLD_09449,Background,11.962667,76.626142
SLD_09450,Background,11.618991,76.713033
SLD_09451,Background,11.00183,76.624023
SLD_09452,Background,9.290623,76.895952
SLD_09453,Background,13.688469,75.390937
SLD_09454,Background,15.816771,74.032249
SLD_09455,Background,17.579076,74.101037
SLD_09456,Background,14.357323,75.536135
SLD_09457,Background,18.442998,73.072036
SLD_09458,Background,16.538089,73.515997
SLD_09459,Background,16.129862,74.455915
SLD_09460,Background,15.17655,74.45948
SLD_09461,Background,9.771558,77.750127
SLD_09462,Background,17.661948,73.861761
SLD_09463,Background,17.840031,73.209072
SLD_09464,Background,10.377831,77.611685
SLD_09465,Background,9.219116,77.191638
SLD_09466,Background,16.356397,74.15022
SLD_09467,Background,9.001661,77.322624
SLD_09468,Background,14.305587,74.892092
SLD_09469,Background,16.247324,74.537432
SLD_09470,Background,12.577658,76.377578
SLD_09471,Background,9.573387,77.76774
SLD_09472,Background,10.020722,77.740344
SLD_09473,Background,15.514104,74.950313
SLD_09474,Background,14.455362,75.427708
SLD_09475,Background,18.219503,73.820225
SLD_09476,Background,9.420354,76.401459
SLD_09477,Background,18.721962,73.019963
SLD_09478,Background,17.090144,73.567457
SLD_09479,Background,17.702829,73.844433
SLD_09480,Background,13.986321,75.183408
SLD_09481,Background,13.188704,76.045249
SLD_09482,Background,16.823251,73.696492
SLD_09483,Background,10.615359,76.937668
SLD_09484,Background,18.215819,73.691326
SLD_09485,Background,8.880003,77.439677
SLD_09486,Background,17.331001,74.108727
SLD_09487,Background,9.687294,76.45031
SLD_09488,Background,13.44634,75.152992
SLD_09489,Background,11.352577,77.300233
SLD_09490,Background,10.229404,77.132222
SLD_09491,Background,18.926281,73.66318
SLD_09492,Background,10.823904,76.294263
SLD_09493,Background,17.482609,73.780285
SLD_09494,Background,13.988451,75.673508
SLD_09495,Background,14.678369,75.434798
SLD_09496,Background,10.725407,77.665915
SLD_09497,Background,17.826684,73.355867
SLD_09498,Background,17.693293,73.193866
SLD_09499,Background,18.05807,72.992592
SLD_09500,Background,14.09418,75.593844
SLD_09501,Background,17.648911,74.04052
SLD_09502,Background,9.420812,76.703241
SLD_09503,Background,16.995418,74.191639
SLD_09504,Background,15.128873,74.130503
SLD_09505,Background,11.233192,77.12695
SLD_09506,Background,13.025806,76.175161
SLD_09507,Background,11.203901,76.595621
SLD_09508,Background,14.259992,75.039261
SLD_09509,Background,9.193549,77.01578
SLD_09510,Background,8.939972,77.228345
SLD_09511,Background,10.890911,77.168739
SLD_09512,Background,10.98169,76.026021
SLD_09513,Background,11.401803,76.413319
SLD_09514,Background,14.810559,74.25468
SLD_09515,Background,10.614679,77.297769
SLD_09516,Background,12.138017,76.392621
SLD_09517,Background,12.954343,75.48525
SLD_09518,Background,14.622336,75.234763
SLD_09519,Background,15.517773,74.2097
SLD_09520,Background,15.885267,74.631853
SLD_09521,Background,12.768281,75.030642
SLD_09522,Background,9.325477,77.441364
SLD_09523,Background,8.831969,76.891965
SLD_09524,Background,18.411757,73.202495
SLD_09525,Background,17.5029,73.355745
SLD_09526,Background,9.569638,77.151063
SLD_09527,Background,15.295482,74.600845
SLD_09528,Background,11.070676,76.175153
SLD_09529,Background,18.606353,73.863363
SLD_09530,Background,11.060283,76.519888
SLD_09531,Background,8.94647,76.590298
SLD_09532,Background,9.987766,76.235136
SLD_09533,Background,10.505897,76.267796
SLD_09534,Background,12.560698,74.95906
SLD_09535,Background,12.073636,76.489872
SLD_09536,Background,19.545017,74.001513
SLD_09537,Background,17.430932,74.044339
SLD_09538,Background,8.663883,76.866234
SLD_09539,Background,13.941092,74.591936
SLD_09540,Background,10.78391,77.048594
SLD_09541,Background,11.10483,76.269575
SLD_09542,Background,15.276522,73.988912
SLD_09543,Background,8.718815,76.796683
SLD_09544,Background,17.643059,73.746719
SLD_09545,Background,18.488761,73.909943
SLD_09546,Background,15.011841,74.535999
SLD_09547,Background,13.321414,74.810008
SLD_09548,Background,14.973547,75.086735
SLD_09549,Background,12.701185,76.099692
SLD_09550,Background,14.261806,74.895079
SLD_09551,Background,9.62256,77.770371
SLD_09552,Background,8.482675,77.148556
SLD_09553,Background,11.205504,75.88303
SLD_09554,Background,15.055972,74.167004
SLD_09555,Background,17.058074,73.874499
SLD_09556,Background,14.336377,75.010922
SLD_09557,Background,16.820233,73.303056
SLD_09558,Background,10.704185,77.153858
SLD_09559,Background,9.928549,76.515994
SLD_09560,Background,10.416481,77.232623
SLD_09561,Background,8.79643,77.121752
SLD_09562,Background,14.885483,74.998992
SLD_09563,Background,15.408402,74.597344
SLD_09564,Background,16.472873,74.356395
SLD_09565,Background,13.873041,75.806648
SLD_09566,Background,8.801997,76.699856
SLD_09567,Background,15.994533,73.97835
SLD_09568,Background,15.919207,74.592103
SLD_09569,Background,11.297397,76.794118
SLD_09570,Background,16.594254,73.7184
SLD_09571,Background,12.339382,76.609187
SLD_09572,Background,9.104891,76.747535
SLD_09573,Background,11.197028,77.154464
SLD_09574,Background,9.440399,77.780307
SLD_09575,Background,11.987136,76.129023
SLD_09576,Background,15.046463,75.085206
SLD_09577,Background,10.42447,76.083549
SLD_09578,Background,16.334708,74.043735
SLD_09579,Background,14.413042,75.553665
SLD_09580,Background,9.619171,76.853305
SLD_09581,Background,11.91841,76.894655
SLD_09582,Background,13.076062,75.863541
SLD_09583,Background,8.527455,76.912813
SLD_09584,Background,13.293663,75.897522
SLD_09585,Background,9.526826,76.924484
SLD_09586,Background,18.599775,73.655667
SLD_09587,Background,15.494458,74.129844
SLD_09588,Background,13.247539,74.992824
SLD_09589,Background,15.684037,74.256306
SLD_09590,Background,15.155034,74.246848
SLD_09591,Background,10.277617,76.494663
SLD_09592,Background,11.480739,76.90716
SLD_09593,Background,9.936667,76.68383
SLD_09594,Background,17.720091,73.794701
SLD_09595,Background,15.793033,74.610341
SLD_09596,Background,11.139121,76.50237
SLD_09597,Background,11.593824,77.105838
SLD_09598,Background,12.991715,75.882951
SLD_09599,Background,11.497735,76.538654
SLD_09600,Background,18.142993,74.047753
SLD_09601,Background,17.534866,74.078914
SLD_09602,Background,8.934101,76.708865
SLD_09603,Background,16.686648,74.116496
SLD_09604,Background,10.653775,76.803559
SLD_09605,Background,9.452414,77.659583
SLD_09606,Background,16.468502,74.050011
SLD_09607,Background,11.956232,75.476381
SLD_09608,Background,19.500262,74.014268
SLD_09609,Background,15.010649,75.137037
SLD_09610,Background,16.496671,73.369844
SLD_09611,Background,8.611827,77.557912
SLD_09612,Background,16.208449,74.135244
SLD_09613,Background,16.528199,73.712351
SLD_09614,Background,19.278739,74.027394
SLD_09615,Background,13.802351,75.168259
SLD_09616,Background,10.71277,77.734752
SLD_09617,Background,11.075202,77.523321
SLD_09618,Background,10.349862,76.193254
SLD_09619,Background,9.114237,77.471389
SLD_09620,Background,12.503448,76.034987
SLD_09621,Background,9.041395,76.534112
SLD_09622,Background,18.423545,73.086324
SLD_09623,Background,15.421589,74.782776
SLD_09624,Background,14.034894,75.590357
SLD_09625,Background,11.981958,75.685838
SLD_09626,Background,17.917515,73.412084
SLD_09627,Background,12.082327,76.611364
SLD_09628,Background,18.02201,73.679209
SLD_09629,Background,10.993083,76.44574
SLD_09630,Background,13.718417,75.679805
SLD_09631,Background,9.880838,76.308439
SLD_09632,Background,16.991665,73.564617
SLD_09633,Background,12.939941,76.1364
SLD_09634,Background,17.072864,73.344351
SLD_09635,Background,12.996134,74.828152
SLD_09636,Background,18.962384,73.720932
SLD_09637,Background,11.483401,76.937741
SLD_09638,Background,8.827558,76.680068
SLD_09639,Background,11.633711,76.752782
SLD_09640,Background,14.235114,74.792623
SLD_09641,Background,8.538599,77.229469
SLD_09642,Background,10.619117,76.791094
SLD_09643,Background,17.074941,73.827021
SLD_09644,Background,11.001063,77.437069
SLD_09645,Background,17.441969,73.347248
SLD_09646,Background,9.322595,77.166862
SLD_09647,Background,11.598723,75.96794
SLD_09648,Background,14.700428,74.298803
SLD_09649,Background,12.648067,75.075902
SLD_09650,Background,11.096322,77.391537
SLD_09651,Background,15.288199,74.773279
SLD_09652,Background,10.524121,76.983026
SLD_09653,Background,10.469408,76.063628
SLD_09654,Background,17.352782,73.708043
SLD_09655,Background,12.585012,76.181873
SLD_09656,Background,18.036771,73.253046
SLD_09657,Background,18.006518,74.094929
SLD_09658,Background,8.746009,77.205853
SLD_09659,Background,11.15066,76.04876
SLD_09660,Background,12.658141,74.932736
SLD_09661,Background,11.944965,75.374873
SLD_09662,Background,10.096897,76.53495
SLD_09663,Background,12.76143,75.438657
SLD_09664,Background,9.508557,77.538348
SLD_09665,Background,9.979778,77.463511
SLD_09666,Background,18.663276,74.079247
SLD_09667,Background,10.235757,76.755356
SLD_09668,Background,18.85721,73.960386
SLD_09669,Background,10.272852,76.406716
SLD_09670,Background,14.553114,74.963964
SLD_09671,Background,11.375359,76.528873
SLD_09672,Background,16.782779,73.34256
SLD_09673,Background,17.537512,73.687526
SLD_09674,Background,10.485068,76.234828
SLD_09675,Background,16.937361,73.852201
SLD_09676,Background,13.419798,75.632728
SLD_09677,Background,10.070254,76.503293
SLD_09678,Background,18.036886,73.951305
SLD_09679,Background,18.511825,73.019108
SLD_09680,Background,17.689945,73.85421
SLD_09681,Background,12.50999,76.256241
SLD_09682,Background,13.875606,74.751768
SLD_09683,Background,11.860679,76.189603
SLD_09684,Background,10.773961,77.52214
SLD_09685,Background,12.921452,75.380454
SLD_09686,Background,8.852454,77.159521
SLD_09687,Background,18.678236,73.346218
SLD_09688,Background,14.929131,74.679594
SLD_09689,Background,12.996558,74.857651
SLD_09690,Background,16.058625,73.964398
SLD_09691,Background,10.103658,76.369768
SLD_09692,Background,9.851798,76.553741
SLD_09693,Background,12.524839,75.121565
SLD_09694,Background,10.681019,77.68547
SLD_09695,Background,9.908282,77.346132
SLD_09696,Background,18.007771,74.039457
SLD_09697,Background,13.43793,75.549809
SLD_09698,Background,12.190057,76.015273
SLD_09699,Background,15.403777,73.796753
SLD_09700,Background,16.115067,73.6051
SLD_09701,Background,16.508286,73.749317
SLD_09702,Background,8.951335,76.83085
SLD_09703,Background,8.899204,76.847647
SLD_09704,Background,18.87974,73.18222
SLD_09705,Background,12.198,76.27304
SLD_09706,Background,12.362185,76.163713
SLD_09707,Background,16.490585,74.332826
SLD_09708,Background,13.016696,75.301197
SLD_09709,Background,16.76224,74.026779
SLD_09710,Background,8.800658,77.39398
SLD_09711,Background,14.171906,75.123056
SLD_09712,Background,18.602656,73.39487
SLD_09713,Background,10.421266,76.121372
SLD_09714,Background,11.20949,76.248679
SLD_09715,Background,8.904358,76.985808
SLD_09716,Background,16.055091,74.24758
SLD_09717,Background,9.688073,77.121446
SLD_09718,Background,10.708555,77.325404
SLD_09719,Background,18.345943,73.219634
SLD_09720,Background,17.157465,73.411378
SLD_09721,Background,12.105481,76.361866
SLD_09722,Background,8.476083,76.985896
SLD_09723,Background,18.090302,73.740452
SLD_09724,Background,10.845888,76.604712
SLD_09725,Background,9.511823,77.376501
SLD_09726,Background,13.083303,75.784468
SLD_09727,Background,14.772446,75.422555
SLD_09728,Background,8.663844,77.214844
SLD_09729,Background,10.708048,76.66313
SLD_09730,Background,13.502765,75.653249
SLD_09731,Background,18.241881,74.046996
SLD_09732,Background,18.860804,73.597819
SLD_09733,Background,11.344855,76.489515
SLD_09734,Background,12.899035,76.234087
SLD_09735,Background,11.118818,76.717162
SLD_09736,Background,13.390993,75.564088
SLD_09737,Background,15.543902,74.753329
SLD_09738,Background,14.571274,74.624707
SLD_09739,Background,10.544209,77.913043
SLD_09740,Background,14.104796,75.20195
SLD_09741,Background,10.330304,76.311905
SLD_09742,Background,16.079233,74.096762
SLD_09743,Background,13.33866,74.988021
SLD_09744,Background,12.821803,75.228057
SLD_09745,Background,16.377518,73.731779
SLD_09746,Background,10.655578,76.681516
SLD_09747,Background,13.131904,75.410123
SLD_09748,Background,10.856834,76.782692
SLD_09749,Background,9.326733,77.301084
SLD_09750,Background,9.025227,76.662301
SLD_09751,Background,12.879858,74.835059
SLD_09752,Background,11.129171,76.335053
SLD_09753,Background,10.509339,76.432684
SLD_09754,Background,13.730077,75.682313
SLD_09755,Background,9.547692,76.532869
SLD_09756,Background,13.940575,75.820025
SLD_09757,Background,15.982381,74.263488
SLD_09758,Background,10.789197,76.566586
SLD_09759,Background,10.262231,76.246277
SLD_09760,Background,13.958056,75.520304
SLD_09761,Background,9.092579,76.574382
SLD_09762,Background,18.935965,73.954378
SLD_09763,Background,17.82758,73.838564
SLD_09764,Background,15.46863,74.223586
SLD_09765,Background,18.660466,73.538533
SLD_09766,Background,16.645985,73.547719
SLD_09767,Background,15.367299,74.339276
SLD_09768,Background,16.0139,74.363677
SLD_09769,Background,14.005895,75.775449
SLD_09770,Background,16.455159,74.31301
SLD_09771,Background,11.811553,76.375977
SLD_09772,Background,13.338919,75.573938
SLD_09773,Background,12.012751,76.264368
SLD_09774,Background,17.814158,73.614236
SLD_09775,Background,15.633317,74.002156
SLD_09776,Background,17.505936,73.597325
SLD_09777,Background,8.928837,76.58923
SLD_09778,Background,12.72727,75.058728
SLD_09779,Background,14.721492,74.582709
SLD_09780,Background,9.712264,76.49642
SLD_09781,Background,8.349741,77.196084
SLD_09782,Background,14.829968,74.904943
SLD_09783,Background,14.984369,74.562986
SLD_09784,Background,13.139335,75.770833
SLD_09785,Background,18.098018,73.574953
SLD_09786,Background,18.713562,74.016591
SLD_09787,Background,11.8203,75.72064
SLD_09788,Background,16.817855,73.365658
SLD_09789,Background,18.513366,73.506594
SLD_09790,Background,15.007664,75.228901
SLD_09791,Background,9.433525,76.763959
SLD_09792,Background,18.646529,73.328203
SLD_09793,Background,12.865407,75.411853
SLD_09794,Background,10.501162,76.471926
SLD_09795,Background,14.975028,74.200234
SLD_09796,Background,12.921955,76.18115
SLD_09797,Background,17.716292,73.574889
SLD_09798,Background,11.094678,77.317072
SLD_09799,Background,12.984618,76.092875
SLD_09800,Background,9.738617,77.616076
SLD_09801,Background,8.603705,77.595025
SLD_09802,Background,11.542668,76.505987
SLD_09803,Background,15.701641,74.722447
SLD_09804,Background,9.400239,77.168883
SLD_09805,Background,16.634591,74.323716
SLD_09806,Background,11.451128,76.196679
SLD_09807,Background,9.129076,77.132299
SLD_09808,Background,9.777728,76.640425
SLD_09809,Background,16.324407,73.505905
SLD_09810,Background,13.998818,75.468178
SLD_09811,Background,18.886806,73.066706
SLD_09812,Background,17.056923,73.619552
SLD_09813,Background,15.024795,74.208768
SLD_09814,Background,9.047915,77.624863
SLD_09815,Background,16.410555,73.958255
SLD_09816,Background,16.708395,73.736708
SLD_09817,Background,13.556108,75.570343
SLD_09818,Background,15.737439,74.080607
SLD_09819,Background,8.770646,77.345432
SLD_09820,Background,17.321234,73.419636
SLD_09821,Background,13.908137,74.679685
SLD_09822,Background,12.494891,76.162703
SLD_09823,Background,14.742961,74.427303
SLD_09824,Background,15.547508,74.453766
SLD_09825,Background,11.327628,77.18666
SLD_09826,Background,18.066583,73.425471
SLD_09827,Background,13.135638,75.852851
SLD_09828,Background,15.939244,74.204048
SLD_09829,Background,16.481558,74.060381
SLD_09830,Background,9.917724,76.861118
SLD_09831,Background,9.467393,77.728911
SLD_09832,Background,10.895152,77.131153
SLD_09833,Background,13.186219,75.679703
SLD_09834,Background,11.967164,75.652804
SLD_09835,Background,11.68882,75.764401
SLD_09836,Background,17.261061,74.232806
SLD_09837,Background,9.510938,76.744652
SLD_09838,Background,9.607534,76.298785
SLD_09839,Background,15.013263,74.187428
SLD_09840,Background,14.033225,75.470074
SLD_09841,Background,9.43746,77.533101
SLD_09842,Background,13.581108,74.90666
SLD_09843,Background,17.964019,73.58299
SLD_09844,Background,10.884679,76.891993
SLD_09845,Background,10.160596,76.582666
SLD_09846,Background,11.224164,75.818815
SLD_09847,Background,14.827312,74.847166
SLD_09848,Background,17.545843,73.170097
SLD_09849,Background,15.968327,73.927331
SLD_09850,Background,17.814321,73.21448
SLD_09851,Background,10.92965,75.945257
SLD_09852,Background,13.288622,74.844225
SLD_09853,Background,15.653643,73.935942
SLD_09854,Background,14.91279,74.996426
SLD_09855,Background,17.089413,73.792641
SLD_09856,Background,14.340376,75.617242
SLD_09857,Background,14.266159,75.298935
SLD_09858,Background,10.692508,77.403517
SLD_09859,Background,16.607494,73.39163
SLD_09860,Background,14.569377,74.704606
SLD_09861,Background,16.67876,73.473324
SLD_09862,Background,9.456762,77.610371
SLD_09863,Background,16.732736,73.367616
SLD_09864,Background,9.400058,76.824161
SLD_09865,Background,13.06644,76.028095
SLD_09866,Background,11.755533,75.729492
SLD_09867,Background,14.235539,75.653949
SLD_09868,Background,11.03326,76.837382
SLD_09869,Background,11.349122,76.53661
SLD_09870,Background,14.305758,75.316566
SLD_09871,Background,9.103026,76.566846
SLD_09872,Background,17.276648,73.486001
SLD_09873,Background,9.467786,77.233079
SLD_09874,Background,17.702225,73.351555
SLD_09875,Background,11.991391,75.613176
SLD_09876,Background,16.429612,73.452431
SLD_09877,Background,10.382294,76.929201
SLD_09878,Background,14.144962,74.59063
SLD_09879,Background,18.498692,73.376214
SLD_09880,Background,16.49237,73.757631
SLD_09881,Background,9.00842,76.677061
SLD_09882,Background,17.736025,74.091288
SLD_09883,Background,9.151231,76.813992
SLD_09884,Background,9.522061,77.49593
SLD_09885,Background,15.77451,74.949622
SLD_09886,Background,13.265951,76.053167
SLD_09887,Background,14.086236,74.633366
SLD_09888,Background,18.969624,74.020626
SLD_09889,Background,10.548868,77.752869
SLD_09890,Background,8.812371,77.59763
SLD_09891,Background,15.629843,74.202376
SLD_09892,Background,17.513957,73.299685
SLD_09893,Background,16.419583,73.755362
SLD_09894,Background,15.578899,74.743573
SLD_09895,Background,13.062795,75.388911
SLD_09896,Background,16.541982,74.148789
SLD_09897,Background,15.575337,74.938651
SLD_09898,Background,10.703222,77.407699
SLD_09899,Background,15.903975,73.778429
SLD_09900,Background,12.974359,76.175816
SLD_09901,Background,16.240505,74.02775
SLD_09902,Background,17.756128,73.488025
SLD_09903,Background,9.878616,77.556013
SLD_09904,Background,15.935888,74.086234
SLD_09905,Background,12.736177,75.207275
SLD_09906,Background,11.046476,77.435782
SLD_09907,Background,17.053818,73.66336
SLD_09908,Background,16.848651,73.83396
SLD_09909,Background,11.35857,76.020706
SLD_09910,Background,18.807582,73.953188
SLD_09911,Background,14.404432,74.40936
SLD_09912,Background,15.875631,74.048748
SLD_09913,Background,10.230401,77.469446
SLD_09914,Background,10.481942,76.18649
SLD_09915,Background,17.967384,74.134948
SLD_09916,Background,10.293436,77.673065
SLD_09917,Background,18.993609,73.713618
SLD_09918,Background,9.247572,76.729703
SLD_09919,Background,11.239464,75.852578
SLD_09920,Background,17.771515,74.125491
SLD_09921,Background,9.356939,77.277727
SLD_09922,Background,9.561077,77.07939
SLD_09923,Background,10.462333,76.61693
SLD_09924,Background,10.461374,76.954943
SLD_09925,Background,12.911282,74.970984
SLD_09926,Background,17.522467,73.684168
SLD_09927,Background,14.477526,74.7643
SLD_09928,Background,12.929929,74.890634
SLD_09929,Background,10.837609,77.265576
SLD_09930,Background,14.73145,75.365867
SLD_09931,Background,8.726351,77.290534
SLD_09932,Background,12.886122,74.827651
SLD_09933,Background,14.947092,75.214177
SLD_09934,Background,18.865053,73.709704
SLD_09935,Background,11.018785,75.938038
SLD_09936,Background,18.479943,73.830131
SLD_09937,Background,15.243955,74.353241
SLD_09938,Background,9.939961,77.350927
SLD_09939,Background,13.788435,75.576913
SLD_09940,Background,14.583157,74.798875
SLD_09941,Background,9.302703,76.883405
SLD_09942,Background,10.391751,77.915211
SLD_09943,Background,18.312822,73.728959
SLD_09944,Background,8.698435,76.823753
SLD_09945,Background,14.587611,74.330606
SLD_09946,Background,9.993713,77.697811
SLD_09947,Background,13.556079,75.566438
SLD_09948,Background,12.862192,75.386961
SLD_09949,Background,17.385953,74.180694
SLD_09950,Background,15.455365,73.887104
SLD_09951,Background,16.799942,74.077029
SLD_09952,Background,11.92767,76.567261
SLD_09953,Background,12.391336,76.145921
SLD_09954,Background,9.996914,77.704459
SLD_09955,Background,17.404576,74.172534
SLD_09956,Background,14.831809,74.600079
SLD_09957,Background,16.47417,73.781435
SLD_09958,Background,9.787851,76.819912
SLD_09959,Background,12.710926,76.004128
SLD_09960,Background,9.911276,77.084335
SLD_09961,Background,11.429081,77.029307
SLD_09962,Background,14.287254,75.441019
SLD_09963,Background,17.030058,74.160077
SLD_09964,Background,18.329509,73.357684
SLD_09965,Background,8.42471,77.462216
SLD_09966,Background,16.745316,73.371869
SLD_09967,Background,15.784326,74.489565
SLD_09968,Background,15.833839,74.249287
SLD_09969,Background,18.859284,72.927539
SLD_09970,Background,11.761443,76.255991
SLD_09971,Background,14.945272,74.987167
SLD_09972,Background,10.111631,77.300001
SLD_09973,Background,12.259761,76.319086
SLD_09974,Background,10.963554,77.083893
SLD_09975,Background,13.952924,74.930367
SLD_09976,Background,11.130641,77.230567
SLD_09977,Background,13.628822,75.245268
SLD_09978,Background,16.130041,73.959703
SLD_09979,Background,14.699701,75.31945
SLD_09980,Background,13.551188,75.960403
SLD_09981,Background,9.405276,76.860891
SLD_09982,Background,11.765669,76.684943
SLD_09983,Background,11.023901,77.216844
SLD_09984,Background,8.962362,76.619849
SLD_09985,Background,18.077716,73.5769
SLD_09986,Background,15.153851,73.996914
SLD_09987,Background,10.722778,75.955094
SLD_09988,Background,11.531385,76.841486
SLD_09989,Background,16.141843,74.488857
SLD_09990,Background,16.104653,73.637246
SLD_09991,Background,16.018207,74.065258
SLD_09992,Background,10.017441,77.297499
SLD_09993,Background,17.459861,73.30276
SLD_09994,Background,13.748279,75.205905
SLD_09995,Background,12.557351,76.154037
SLD_09996,Background,13.100424,76.116691
SLD_09997,Background,18.358699,73.268645
SLD_09998,Background,8.888666,76.664275
SLD_09999,Background,11.442731,77.181975
SLD_10000,Background,14.849993,75.178693
SLD_10001,Background,9.800553,76.717481
SLD_10002,Background,14.616034,74.724189
SLD_10003,Background,9.593491,77.322193
SLD_10004,Background,15.435747,74.545445
SLD_10005,Background,13.848346,75.048794
SLD_10006,Background,12.745033,74.872387
SLD_10007,Background,9.291364,76.435034
SLD_10008,Background,15.199566,74.094003
SLD_10009,Background,13.84942,74.830131
SLD_10010,Background,18.306866,73.701592
SLD_10011,Background,12.086515,76.787232
SLD_10012,Background,13.466719,75.870811
SLD_10013,Background,15.12217,74.400055
SLD_10014,Background,11.94673,75.39727
SLD_10015,Background,14.552074,74.378576
SLD_10016,Background,14.709854,74.57476
SLD_10017,Background,17.47083,74.003489
SLD_10018,Background,10.949643,77.140387
SLD_10019,Background,10.159522,76.971011
SLD_10020,Background,13.426512,75.893814
SLD_10021,Background,10.673683,76.655496
SLD_10022,Background,16.501082,73.884276
SLD_10023,Background,18.241009,73.509506
SLD_10024,Background,14.645861,75.003001
SLD_10025,Background,11.045082,77.420598
SLD_10026,Background,13.965056,75.516212
SLD_10027,Background,18.505029,73.697747
SLD_10028,Background,9.683672,76.834094
SLD_10029,Background,15.435353,74.484304
SLD_10030,Background,11.966058,76.390628
SLD_10031,Background,14.576263,75.27736
SLD_10032,Background,14.496751,74.626081
SLD_10033,Background,14.489842,75.406736
SLD_10034,Background,11.692339,75.748526
SLD_10035,Background,10.095996,77.917732
SLD_10036,Background,10.421246,77.448637
SLD_10037,Background,17.479359,73.691395
SLD_10038,Background,11.159894,76.69897
SLD_10039,Background,14.727833,74.530307
SLD_10040,Background,12.329206,76.366715
SLD_10041,Background,13.755392,75.161575
SLD_10042,Background,14.174476,74.692662
SLD_10043,Background,9.263701,77.312676
SLD_10044,Background,15.295495,74.518914
SLD_10045,Background,13.701681,75.424267
SLD_10046,Background,13.39007,75.026292
SLD_10047,Background,13.54273,75.812347
SLD_10048,Background,11.50406,76.741313
SLD_10049,Background,12.781031,74.950109
SLD_10050,Background,15.885615,74.496948
SLD_10051,Background,11.513585,76.451313
SLD_10052,Background,10.761583,76.872982
SLD_10053,Background,8.874658,77.452545
SLD_10054,Background,9.593457,77.105886
SLD_10055,Background,11.653263,76.053334
SLD_10056,Background,15.541527,74.819082
SLD_10057,Background,18.212149,73.869533
SLD_10058,Background,14.002259,75.304259
SLD_10059,Background,12.635477,74.986978
SLD_10060,Background,10.031831,76.401155
SLD_10061,Background,17.356017,74.157145
SLD_10062,Background,16.32926,74.189765
SLD_10063,Background,11.132645,76.426871
SLD_10064,Background,9.861527,77.846798
SLD_10065,Background,18.108638,73.114616
SLD_10066,Background,13.188546,75.685992
SLD_10067,Background,15.402314,74.776676
SLD_10068,Background,18.361483,74.090407
SLD_10069,Background,9.679104,77.306516
SLD_10070,Background,13.103504,75.12023
SLD_10071,Background,11.161326,76.868659
SLD_10072,Background,10.078425,76.914739
SLD_10073,Background,15.061273,74.766692
SLD_10074,Background,19.09677,74.0418
SLD_10075,Background,14.849344,74.414916
SLD_10076,Background,10.721042,77.078702
SLD_10077,Background,14.879691,74.235722
SLD_10078,Background,17.962237,73.055059
SLD_10079,Background,9.407871,77.120195
SLD_10080,Background,9.444542,77.097108
SLD_10081,Background,18.863895,73.103118
SLD_10082,Background,17.112598,73.87234
SLD_10083,Background,14.057599,74.778584
SLD_10084,Background,9.830004,77.759023
SLD_10085,Background,10.661055,76.709615
SLD_10086,Background,11.806935,75.732562
SLD_10087,Background,13.971952,75.189703
SLD_10088,Background,14.153371,75.019863
SLD_10089,Background,14.568704,75.360415
SLD_10090,Background,11.612927,76.18977
SLD_10091,Background,15.276267,74.154389
SLD_10092,Background,10.127348,77.577855
SLD_10093,Background,17.454004,74.057046
SLD_10094,Background,9.264349,77.258612
SLD_10095,Background,9.232867,77.235786
SLD_10096,Background,14.403331,75.265024
SLD_10097,Background,14.948438,74.262574
SLD_10098,Background,10.124083,77.656757
SLD_10099,Background,8.335009,77.269093
SLD_10100,Background,11.230053,76.895512
SLD_10101,Background,18.517117,73.723169
SLD_10102,Background,8.763963,77.52012
SLD_10103,Background,13.099391,76.152363
SLD_10104,Background,10.534651,76.832503
SLD_10105,Background,16.235535,74.702805
SLD_10106,Background,12.162222,76.70059
SLD_10107,Background,9.129733,76.818233
SLD_10108,Background,17.494803,74.177915
SLD_10109,Background,13.954011,75.638378
SLD_10110,Background,8.628464,77.129461
SLD_10111,Background,14.083385,75.755277
SLD_10112,Background,17.210071,73.613821
SLD_10113,Background,14.635626,74.496087
SLD_10114,Background,10.633138,76.892877
SLD_10115,Background,9.286056,76.524426
SLD_10116,Background,9.416308,76.818111
SLD_10117,Background,14.877709,74.429071
SLD_10118,Background,16.616892,73.398356
SLD_10119,Background,11.042088,76.715153
SLD_10120,Background,10.386809,77.787397
SLD_10121,Background,13.812766,75.491419
SLD_10122,Background,8.92834,77.334133
SLD_10123,Background,14.852198,75.014619
SLD_10124,Background,8.634402,77.201467
SLD_10125,Background,10.089541,76.804743
SLD_10126,Background,15.062947,74.667268
SLD_10127,Background,17.723612,73.827415
SLD_10128,Background,10.234427,76.461716
SLD_10129,Background,14.37799,74.944079
SLD_10130,Background,10.305853,77.149724
SLD_10131,Background,16.008446,73.855245
SLD_10132,Background,10.593073,77.100492
SLD_10133,Background,13.842743,74.890924
SLD_10134,Background,14.609351,75.017594
SLD_10135,Background,15.956432,73.739991
SLD_10136,Background,8.933731,77.363775
SLD_10137,Background,13.626322,74.953046
SLD_10138,Background,9.386902,77.319223
SLD_10139,Background,15.156384,74.691709
SLD_10140,Background,11.566539,75.702071
SLD_10141,Background,12.379183,76.196839
SLD_10142,Background,14.996994,74.18757
SLD_10143,Background,13.910022,74.992009
SLD_10144,Background,17.767286,73.244039
SLD_10145,Background,11.784341,76.521621
SLD_10146,Background,10.331267,77.259888
SLD_10147,Background,12.728941,75.99967
SLD_10148,Background,18.462393,73.446938
SLD_10149,Background,11.319578,77.084683
SLD_10150,Background,10.934701,77.618489
SLD_10151,Background,14.792121,75.154605
SLD_10152,Background,18.098554,73.585684
SLD_10153,Background,9.595106,77.539884
SLD_10154,Background,10.438211,77.580918
SLD_10155,Background,11.113545,75.984452
SLD_10156,Background,13.349942,75.341911
SLD_10157,Background,13.16781,75.665699
SLD_10158,Background,9.690927,76.457652
SLD_10159,Background,14.150319,75.56784
SLD_10160,Background,10.212247,76.318463
SLD_10161,Background,14.674091,74.983474
SLD_10162,Background,9.232542,76.616076
SLD_10163,Background,9.356876,77.600972
SLD_10164,Background,9.370353,77.355571
SLD_10165,Background,11.943025,76.40373
SLD_10166,Background,17.965673,73.295835
SLD_10167,Background,12.814173,74.900787
SLD_10168,Background,9.504302,76.4169
SLD_10169,Background,9.723882,77.333645
SLD_10170,Background,11.418986,76.409697
SLD_10171,Background,9.902666,77.508037
SLD_10172,Background,10.899114,76.66998
SLD_10173,Background,17.175585,74.170149
SLD_10174,Background,16.498396,74.187376
SLD_10175,Background,13.683029,74.698549
SLD_10176,Background,15.120899,74.111906
SLD_10177,Background,11.808311,76.233339
SLD_10178,Background,16.203232,73.843223
SLD_10179,Background,12.977788,75.232116
SLD_10180,Background,8.594485,77.206105
SLD_10181,Background,14.430722,75.392507
SLD_10182,Background,9.159918,77.01536
SLD_10183,Background,11.915631,76.116514
SLD_10184,Background,8.840426,77.594739
SLD_10185,Background,10.59562,77.413319
SLD_10186,Background,9.972506,76.794719
SLD_10187,Background,11.262256,76.074902
SLD_10188,Background,15.209257,74.364941
SLD_10189,Background,18.127128,73.808535
SLD_10190,Background,10.133457,77.780639
SLD_10191,Background,17.872951,73.934704
SLD_10192,Background,17.272957,73.307538
SLD_10193,Background,15.312832,74.664748
SLD_10194,Background,9.999791,77.346227
SLD_10195,Background,11.441375,76.999592
SLD_10196,Background,18.918087,73.565071
SLD_10197,Background,10.498279,77.603723
SLD_10198,Background,11.782698,76.241541
SLD_10199,Background,18.939552,73.555971
SLD_10200,Background,16.701094,74.198875
SLD_10201,Background,16.149798,74.475965
SLD_10202,Background,19.158528,74.053841
SLD_10203,Background,16.671782,73.994429
SLD_10204,Background,10.251336,76.153272
SLD_10205,Background,15.564399,74.477599
SLD_10206,Background,12.38751,76.19514
SLD_10207,Background,11.535814,76.874864
SLD_10208,Background,17.902165,73.833923
SLD_10209,Background,15.168907,74.907587
SLD_10210,Background,13.143875,75.959306
SLD_10211,Background,10.175171,76.736027
SLD_10212,Background,18.578891,73.04747
SLD_10213,Background,12.45066,76.136188
SLD_10214,Background,11.332672,76.613078
SLD_10215,Background,12.63763,76.171914
SLD_10216,Background,16.40491,73.559284
SLD_10217,Background,8.625624,77.565598
SLD_10218,Background,11.872126,76.167323
SLD_10219,Background,18.668695,73.373691
SLD_10220,Background,14.116537,75.059495
SLD_10221,Background,13.008335,76.14051
SLD_10222,Background,14.038625,75.249393
SLD_10223,Background,14.184288,75.590209
SLD_10224,Background,13.707099,75.783496
SLD_10225,Background,11.843647,76.523762
SLD_10226,Background,9.45451,77.630399
SLD_10227,Background,9.486853,76.524721
SLD_10228,Background,9.417475,76.756962
SLD_10229,Background,11.561627,76.552924
SLD_10230,Background,12.448791,76.422204
SLD_10231,Background,14.959078,75.191235
SLD_10232,Background,14.033521,75.614098
SLD_10233,Background,11.663483,76.195158
SLD_10234,Background,18.717884,73.838287
SLD_10235,Background,18.868658,73.735906
SLD_10236,Background,17.272184,73.765084
SLD_10237,Background,13.169899,75.548616
SLD_10238,Background,9.854308,76.632687
SLD_10239,Background,9.860249,77.335598
SLD_10240,Background,11.380995,75.966446
SLD_10241,Background,14.210017,75.553425
SLD_10242,Background,13.988789,75.346707
SLD_10243,Background,10.884314,76.657132
SLD_10244,Background,12.584401,75.207365
SLD_10245,Background,8.942729,77.744594
SLD_10246,Background,9.685378,77.345347
SLD_10247,Background,8.672888,77.590449
SLD_10248,Background,11.137827,77.382527
SLD_10249,Background,13.830961,75.5697
SLD_10250,Background,16.492238,74.458419
SLD_10251,Background,15.003563,74.240603
SLD_10252,Background,14.831658,75.161514
SLD_10253,Background,10.402174,76.760583
SLD_10254,Background,18.49144,74.091271
SLD_10255,Background,11.356449,77.011282
SLD_10256,Background,10.246184,77.391134
SLD_10257,Background,13.436528,75.686806
SLD_10258,Background,9.238162,76.747947
SLD_10259,Background,9.178444,76.828854
SLD_10260,Background,9.350317,77.159895
SLD_10261,Background,14.920941,75.301741
SLD_10262,Background,17.046608,73.419618
SLD_10263,Background,11.358337,77.045628
SLD_10264,Background,12.41076,76.299461
SLD_10265,Background,17.078898,74.189132
SLD_10266,Background,9.521941,77.496239
SLD_10267,Background,13.861,75.285376
SLD_10268,Background,9.625757,77.182325
SLD_10269,Background,12.486983,75.083326
SLD_10270,Background,14.172844,74.998869
SLD_10271,Background,11.879716,75.72384
SLD_10272,Background,13.018378,74.857548
SLD_10273,Background,16.456498,74.537691
SLD_10274,Background,11.901069,75.984756
SLD_10275,Background,18.853859,73.675741
SLD_10276,Background,17.643829,74.083655
SLD_10277,Background,12.568539,75.25802
SLD_10278,Background,16.875129,74.037211
SLD_10279,Background,15.58893,74.96597
SLD_10280,Background,18.016973,73.24935
SLD_10281,Background,10.466906,77.039982
SLD_10282,Background,17.938288,73.695523
SLD_10283,Background,18.798088,73.126974
SLD_10284,Background,18.588537,73.019316
SLD_10285,Background,15.408615,74.60516
SLD_10286,Background,14.043742,74.976823
SLD_10287,Background,15.506472,74.786777
SLD_10288,Background,14.582244,75.233248
SLD_10289,Background,13.003137,75.170037
SLD_10290,Background,14.066126,74.949174
SLD_10291,Background,17.645532,73.302395
SLD_10292,Background,14.458743,75.502782
SLD_10293,Background,18.445018,73.90157
SLD_10294,Background,9.783199,76.916796
SLD_10295,Background,14.180373,75.319928
SLD_10296,Background,15.526663,75.027221
SLD_10297,Background,9.73744,76.719709
SLD_10298,Background,17.098866,74.272006
SLD_10299,Background,16.979372,73.499271
SLD_10300,Background,10.942294,76.794656
SLD_10301,Background,11.817294,76.928276
SLD_10302,Background,9.254758,77.765983
SLD_10303,Background,10.003097,76.479107
SLD_10304,Background,13.000914,75.038949
SLD_10305,Background,10.961409,75.929251
SLD_10306,Background,11.183872,76.535125
SLD_10307,Background,14.789429,74.58483
SLD_10308,Background,14.284896,75.254997
SLD_10309,Background,15.061222,74.598892
SLD_10310,Background,10.348818,77.320264
SLD_10311,Background,8.989352,77.227733
SLD_10312,Background,16.197763,74.60263
SLD_10313,Background,16.9952,73.341534
SLD_10314,Background,10.171717,76.968469
SLD_10315,Background,15.57354,74.422686
SLD_10316,Background,10.46789,77.725262
SLD_10317,Background,17.616122,73.600518
SLD_10318,Background,10.197063,77.009586
SLD_10319,Background,9.744808,76.709383
SLD_10320,Background,13.483238,75.253354
SLD_10321,Background,9.220381,77.049066
SLD_10322,Background,13.02661,75.476659
SLD_10323,Background,14.421934,75.403868
SLD_10324,Background,8.810119,77.079332
SLD_10325,Background,15.004826,75.148655
SLD_10326,Background,10.627699,76.498973
SLD_10327,Background,15.021806,74.701627
SLD_10328,Background,9.47491,76.729513
SLD_10329,Background,18.568292,73.567871
SLD_10330,Background,17.20708,73.757136
SLD_10331,Background,17.861646,73.907979
SLD_10332,Background,10.427517,77.744285
SLD_10333,Background,11.550032,76.479299
SLD_10334,Background,14.92707,74.823414
SLD_10335,Background,12.206717,76.644289
SLD_10336,Background,13.492209,75.185312
SLD_10337,Background,12.96572,75.204428
SLD_10338,Background,13.830727,75.544413
SLD_10339,Background,13.630366,74.967859
SLD_10340,Background,17.040033,74.218197
SLD_10341,Background,18.389045,73.558931
SLD_10342,Background,10.843309,76.928529
SLD_10343,Background,14.691996,75.342833
SLD_10344,Background,13.030567,75.730582
SLD_10345,Background,17.272017,73.76581
SLD_10346,Background,13.795628,74.980043
SLD_10347,Background,14.990992,74.936073
SLD_10348,Background,13.199278,75.699945
SLD_10349,Background,18.040877,73.050227
SLD_10350,Background,16.085693,74.67332
SLD_10351,Background,15.814505,74.416791
SLD_10352,Background,10.147259,77.689891
SLD_10353,Background,9.768485,77.119058
SLD_10354,Background,15.708445,73.916171
SLD_10355,Background,12.519365,76.052673
SLD_10356,Background,14.324859,74.876476
SLD_10357,Background,13.766834,74.778718
SLD_10358,Background,14.656763,75.177912
SLD_10359,Background,10.5689,76.890357
SLD_10360,Background,18.2017,73.172541
SLD_10361,Background,10.698054,77.643776
SLD_10362,Background,16.625685,73.586668
SLD_10363,Background,10.680709,76.83367
SLD_10364,Background,15.099229,73.933015
SLD_10365,Background,8.899366,77.241094
SLD_10366,Background,15.625659,74.044288
SLD_10367,Background,11.765792,76.144746
SLD_10368,Background,10.272546,76.787081
SLD_10369,Background,16.395762,74.152236
SLD_10370,Background,9.777837,76.938664
SLD_10371,Background,9.241375,76.697752
SLD_10372,Background,10.026273,76.477211
SLD_10373,Background,16.941364,73.771246
SLD_10374,Background,15.792765,73.68619
SLD_10375,Background,16.469527,73.342423
SLD_10376,Background,10.039981,76.308765
SLD_10377,Background,10.575216,76.009235
SLD_10378,Background,18.920265,73.90584
SLD_10379,Background,11.33556,76.983821
SLD_10380,Background,15.186604,74.083241
SLD_10381,Background,12.576813,76.100575
SLD_10382,Background,17.771336,73.123681
SLD_10383,Background,11.587436,75.94361
SLD_10384,Background,18.370144,74.006365
SLD_10385,Background,11.586965,76.003179
SLD_10386,Background,17.308712,73.88966
SLD_10387,Background,14.451799,75.62742
SLD_10388,Background,16.846548,73.664423
SLD_10389,Background,15.675643,75.003456
SLD_10390,Background,17.002253,73.645418
SLD_10391,Background,18.905337,73.307424
SLD_10392,Background,14.859445,75.271592
SLD_10393,Background,8.512858,77.4354
SLD_10394,Background,10.982156,76.975472
SLD_10395,Background,10.566677,77.322068
SLD_10396,Background,16.133324,74.231972
SLD_10397,Background,9.780789,77.442746
SLD_10398,Background,16.627441,73.450043
SLD_10399,Background,13.260073,75.232406
SLD_10400,Background,15.128692,74.319689
SLD_10401,Background,14.791292,74.800534
SLD_10402,Background,16.467707,73.56465
SLD_10403,Background,8.795543,77.686977
SLD_10404,Background,9.744079,76.914291
SLD_10405,Background,12.676591,75.02452
SLD_10406,Background,9.141276,77.083439
SLD_10407,Background,15.53618,74.839927
SLD_10408,Background,10.829056,77.348248
SLD_10409,Background,11.112362,76.531049
SLD_10410,Background,11.15516,76.888712
SLD_10411,Background,15.999638,74.614832
SLD_10412,Background,14.74396,74.424267
SLD_10413,Background,16.524328,74.182822
SLD_10414,Background,10.932699,77.482735
SLD_10415,Background,9.652102,77.570939
SLD_10416,Background,9.012534,77.696682
SLD_10417,Background,9.757096,77.032024
SLD_10418,Background,18.897534,73.74023
SLD_10419,Background,14.050563,75.514377
SLD_10420,Background,18.520094,73.381101
SLD_10421,Background,11.318703,77.067423
SLD_10422,Background,11.508074,75.944883
SLD_10423,Background,12.019232,76.278406
SLD_10424,Background,16.033152,74.374346
SLD_10425,Background,14.625102,74.494354
SLD_10426,Background,15.048226,74.74278
SLD_10427,Background,16.301988,73.651402
SLD_10428,Background,11.806037,75.743458
SLD_10429,Background,11.195342,76.679913
SLD_10430,Background,16.89146,73.361304
SLD_10431,Background,13.07757,75.432566
SLD_10432,Background,18.326497,73.920953
SLD_10433,Background,13.093475,75.899673
SLD_10434,Background,8.422287,77.278134
SLD_10435,Background,11.579172,75.966687
SLD_10436,Background,9.774255,77.715913
SLD_10437,Background,10.745311,76.685827
SLD_10438,Background,12.873928,75.811037
SLD_10439,Background,13.57133,75.60919
SLD_10440,Background,13.039463,75.299517
SLD_10441,Background,18.468492,73.925123
SLD_10442,Background,10.191839,76.331703
SLD_10443,Background,15.885525,73.930791
SLD_10444,Background,14.303099,74.902193
SLD_10445,Background,8.906879,76.677907
SLD_10446,Background,15.647765,73.887137
SLD_10447,Background,14.858613,74.382488
SLD_10448,Background,15.860565,74.908192
SLD_10449,Background,10.167019,76.63084
SLD_10450,Background,12.414203,76.031472
SLD_10451,Background,11.944498,76.578896
SLD_10452,Background,16.059829,73.502093
SLD_10453,Background,10.468359,77.355019
SLD_10454,Background,15.133829,74.073205
SLD_10455,Background,18.189002,72.996383
SLD_10456,Background,14.419426,74.592399
SLD_10457,Background,15.291511,73.975109
SLD_10458,Background,11.070669,76.314988
SLD_10459,Background,10.245045,76.795756
SLD_10460,Background,13.831719,75.823765
SLD_10461,Background,10.457751,77.471404
SLD_10462,Background,12.175811,76.074453
SLD_10463,Background,8.969348,76.870398
SLD_10464,Background,9.835125,77.368585
SLD_10465,Background,12.594936,76.003897
SLD_10466,Background,17.216706,73.329588
SLD_10467,Background,10.564519,76.483636
SLD_10468,Background,15.583094,74.367833
SLD_10469,Background,10.196679,76.27682
SLD_10470,Background,10.782536,76.685532
SLD_10471,Background,12.510587,76.220164
SLD_10472,Background,9.211012,77.582079
SLD_10473,Background,17.989831,73.690593
SLD_10474,Background,10.222604,76.387608
SLD_10475,Background,10.886552,76.71694
SLD_10476,Background,10.368003,76.861163
SLD_10477,Background,16.107918,74.350183
SLD_10478,Background,14.639151,74.307055
SLD_10479,Background,13.155591,75.171533
SLD_10480,Background,14.22894,75.361796
SLD_10481,Background,14.023605,75.286215
SLD_10482,Background,11.06271,77.390226
SLD_10483,Background,15.877661,74.823394
SLD_10484,Background,11.805056,76.512271
SLD_10485,Background,12.693495,75.021776
SLD_10486,Background,9.746416,77.064714
SLD_10487,Background,16.571233,73.833908
SLD_10488,Background,13.030538,75.28959
SLD_10489,Background,15.242589,74.969906
SLD_10490,Background,14.272967,75.475527
SLD_10491,Background,11.784259,75.936581
SLD_10492,Background,9.411041,77.336179
SLD_10493,Background,9.322247,77.632449
SLD_10494,Background,8.880748,77.332045
SLD_10495,Background,18.89406,73.275153
SLD_10496,Background,11.043285,76.18242
SLD_10497,Background,10.723384,77.058532
SLD_10498,Background,15.335658,74.571308
SLD_10499,Background,12.200729,76.328666
SLD_10500,Background,18.041831,73.081361
SLD_10501,Background,11.004956,77.142257
SLD_10502,Background,9.973929,77.670436
SLD_10503,Background,15.561714,74.190935
SLD_10504,Background,11.208555,77.016293
SLD_10505,Background,17.899824,73.9294
SLD_10506,Background,13.22138,76.011061
SLD_10507,Background,9.493952,77.050397
SLD_10508,Background,16.656274,73.669234
SLD_10509,Background,17.290005,73.213414
SLD_10510,Background,8.893677,77.457887
SLD_10511,Background,18.758481,74.015538
SLD_10512,Background,17.147044,73.889365
SLD_10513,Background,15.527988,74.264368
SLD_10514,Background,16.896834,73.45373
SLD_10515,Background,10.673695,76.020662
SLD_10516,Background,15.841364,74.606576
SLD_10517,Background,10.864665,76.937766
SLD_10518,Background,11.871866,76.422397
SLD_10519,Background,9.300153,77.332576
SLD_10520,Background,18.246882,73.203069
SLD_10521,Background,16.539324,74.162686
SLD_10522,Background,18.355238,73.367868
SLD_10523,Background,12.921215,75.893366
SLD_10524,Background,11.307759,75.790464
SLD_10525,Background,8.958431,76.669926
SLD_10526,Background,18.689938,73.336093
SLD_10527,Background,9.45936,77.7554
SLD_10528,Background,13.165069,75.538308
SLD_10529,Background,18.053574,73.894313
SLD_10530,Background,9.407651,76.368483
SLD_10531,Background,17.465784,73.744512
SLD_10532,Background,12.185303,76.133093
SLD_10533,Background,14.195789,75.372952
SLD_10534,Background,16.524541,74.154815
SLD_10535,Background,17.686345,74.013634
SLD_10536,Background,17.521579,73.793041
SLD_10537,Background,14.409142,74.520427
SLD_10538,Background,8.342656,77.452704
SLD_10539,Background,11.072329,76.792549
SLD_10540,Background,15.24584,74.994604
SLD_10541,Background,13.255569,75.3126
SLD_10542,Background,11.338124,77.25023
SLD_10543,Background,12.565064,76.387836
SLD_10544,Background,15.349184,74.396095
SLD_10545,Background,18.923234,73.594736
SLD_10546,Background,10.223454,76.399218
SLD_10547,Background,14.440335,75.545792
SLD_10548,Background,13.402856,74.825479
SLD_10549,Background,18.422855,72.950792
SLD_10550,Background,16.388697,74.553131
SLD_10551,Background,17.763877,73.921562
SLD_10552,Background,9.387776,77.674775
SLD_10553,Background,11.236424,76.5175
SLD_10554,Background,17.742977,73.282032
SLD_10555,Background,18.531252,73.838635
SLD_10556,Background,17.892248,74.088333
SLD_10557,Background,18.493151,73.38419
SLD_10558,Background,16.747183,74.145749
SLD_10559,Background,8.848054,76.639194
SLD_10560,Background,9.449986,76.622122
SLD_10561,Background,11.774365,75.881564
SLD_10562,Background,9.771333,76.924121
SLD_10563,Background,16.916064,74.2315
SLD_10564,Background,16.731107,74.122434
SLD_10565,Background,17.630816,73.767056
SLD_10566,Background,16.661627,74.342013
SLD_10567,Background,15.881483,74.085298
SLD_10568,Background,12.224186,76.08512
SLD_10569,Background,14.362084,75.401231
SLD_10570,Background,11.057158,76.240406
SLD_10571,Background,14.639409,75.065851
SLD_10572,Background,12.890869,75.058795
SLD_10573,Background,10.265964,77.209019
SLD_10574,Background,12.928388,75.641795
SLD_10575,Background,10.706972,77.349428
SLD_10576,Background,15.920038,74.54784
SLD_10577,Background,12.466066,75.183715
SLD_10578,Background,18.18592,73.72575
SLD_10579,Background,13.152567,76.004986
SLD_10580,Background,9.055648,77.388362
SLD_10581,Background,10.747636,77.754012
SLD_10582,Background,10.22754,76.237082
SLD_10583,Background,8.403154,77.149878
SLD_10584,Background,17.892958,73.202673
SLD_10585,Background,12.67278,76.202052
SLD_10586,Background,11.422757,76.974168
SLD_10587,Background,14.430462,75.23801
SLD_10588,Background,11.227708,76.295152
SLD_10589,Background,13.103857,75.391386
SLD_10590,Background,15.711028,74.201072
SLD_10591,Background,14.743215,75.00581
SLD_10592,Background,16.665965,73.632038
SLD_10593,Background,14.240151,74.943193
SLD_10594,Background,10.909247,77.444504
SLD_10595,Background,15.553502,74.940705
SLD_10596,Background,13.090839,76.087254
SLD_10597,Background,14.029274,75.392521
SLD_10598,Background,13.388337,75.568304
SLD_10599,Background,18.331721,73.843143
SLD_10600,Background,14.608513,74.713799
SLD_10601,Background,12.273643,76.159348
SLD_10602,Background,12.253618,76.141245
SLD_10603,Background,9.140007,77.241902
SLD_10604,Background,18.728808,73.253787
SLD_10605,Background,11.923422,75.738383
SLD_10606,Background,15.188686,74.813501
SLD_10607,Background,12.82116,75.947833
SLD_10608,Background,10.941839,76.47754
SLD_10609,Background,10.752367,76.706649
SLD_10610,Background,15.058598,73.983044
SLD_10611,Background,16.278318,73.680365
SLD_10612,Background,8.947941,77.546877
SLD_10613,Background,13.267278,74.764005
SLD_10614,Background,10.488565,76.762082
SLD_10615,Background,16.85301,73.868716
SLD_10616,Background,13.854673,75.265502
SLD_10617,Background,11.162095,77.375732
SLD_10618,Background,9.751948,76.842487
SLD_10619,Background,17.328492,73.935842
SLD_10620,Background,10.433965,77.811012
SLD_10621,Background,12.081354,76.005515
SLD_10622,Background,13.818594,75.18461
SLD_10623,Background,11.383531,76.244658
SLD_10624,Background,17.796269,73.486174
SLD_10625,Background,13.126623,75.109223
SLD_10626,Background,15.063936,74.267759
SLD_10627,Background,12.933086,75.639565
SLD_10628,Background,16.757744,73.405959
SLD_10629,Background,11.271985,76.756141
SLD_10630,Background,13.542693,75.306957
SLD_10631,Background,8.912142,77.443781
SLD_10632,Background,15.45436,74.318478
SLD_10633,Background,17.189417,73.659241
SLD_10634,Background,13.335356,74.922386
SLD_10635,Background,9.659123,77.885441
SLD_10636,Background,15.476977,74.575921
SLD_10637,Background,16.767472,73.993981
SLD_10638,Background,12.409525,76.01779
SLD_10639,Background,11.531207,77.153264
SLD_10640,Background,18.513437,73.901706
SLD_10641,Background,13.423504,75.55142
SLD_10642,Background,14.356303,74.655274
SLD_10643,Background,10.825186,76.528262
SLD_10644,Background,16.923176,73.585579
SLD_10645,Background,10.886242,76.919067
SLD_10646,Background,15.631034,74.318702
SLD_10647,Background,9.545123,77.167256
SLD_10648,Background,18.237356,74.036418
SLD_10649,Background,18.843294,73.472054
SLD_10650,Background,16.031104,74.705849
SLD_10651,Background,12.200361,76.061152
SLD_10652,Background,8.956177,76.827142
SLD_10653,Background,13.108257,75.195376
SLD_10654,Background,12.558311,76.360292
SLD_10655,Background,17.447493,74.162618
SLD_10656,Background,18.722815,72.889712
SLD_10657,Background,18.411864,73.494001
SLD_10658,Background,8.479204,76.978713
SLD_10659,Background,13.076405,74.959369
SLD_10660,Background,14.258929,75.032441
SLD_10661,Background,12.315572,76.263425
SLD_10662,Background,15.333135,74.651807
SLD_10663,Background,16.42622,74.303418
SLD_10664,Background,10.422019,77.116667
SLD_10665,Background,9.269547,77.780863
SLD_10666,Background,14.616267,74.330476
SLD_10667,Background,18.674287,73.263936
SLD_10668,Background,11.589174,76.862714
SLD_10669,Background,12.708356,74.911392
SLD_10670,Background,16.138481,73.883921
SLD_10671,Background,17.806984,73.263035
SLD_10672,Background,11.574892,76.621716
SLD_10673,Background,17.123842,73.388815
SLD_10674,Background,10.821494,76.018845
SLD_10675,Background,9.141048,76.912114
SLD_10676,Background,16.334507,74.20461
SLD_10677,Background,16.483149,73.583364
SLD_10678,Background,17.21806,73.818612
SLD_10679,Background,9.446516,76.859234
SLD_10680,Background,13.952221,74.76079
SLD_10681,Background,18.819697,73.33131
SLD_10682,Background,13.658796,75.007506
SLD_10683,Background,18.829671,73.658082
SLD_10684,Background,13.08164,75.343237
SLD_10685,Background,17.331379,73.382048
SLD_10686,Background,13.978474,74.732458
SLD_10687,Background,11.848729,76.193969
SLD_10688,Background,18.774653,73.623925
SLD_10689,Background,9.950689,77.526829
SLD_10690,Background,9.76851,76.42288
SLD_10691,Background,8.66031,77.022186
SLD_10692,Background,10.789517,75.972483
SLD_10693,Background,10.134904,77.703208
SLD_10694,Background,11.553606,76.291824
SLD_10695,Background,10.460602,77.198068
SLD_10696,Background,16.312623,73.577077
SLD_10697,Background,17.823906,73.553251
SLD_10698,Background,13.983316,75.346513
SLD_10699,Background,15.062803,75.05115
SLD_10700,Background,11.754322,75.962731
SLD_10701,Background,10.808391,77.241606
SLD_10702,Background,16.041944,73.636045
SLD_10703,Background,12.858637,75.48082
SLD_10704,Background,14.898676,75.073939
SLD_10705,Background,18.904814,73.496861
SLD_10706,Background,10.636176,76.351068
SLD_10707,Background,12.900503,75.313291
SLD_10708,Background,15.923625,74.591186
SLD_10709,Background,13.729353,74.887545
SLD_10710,Background,8.863163,76.809613
SLD_10711,Background,9.508921,77.014249
SLD_10712,Background,13.688313,74.833383
SLD_10713,Background,14.967591,75.205386
SLD_10714,Background,18.693329,73.105302
SLD_10715,Background,12.949823,75.984198
SLD_10716,Background,12.13611,76.348723
SLD_10717,Background,10.12479,77.427028
SLD_10718,Background,16.073797,73.874846
SLD_10719,Background,13.183768,75.05136
SLD_10720,Background,10.748177,76.771093
SLD_10721,Background,10.616135,76.366803
SLD_10722,Background,9.72755,77.196938
SLD_10723,Background,8.718047,77.653914
SLD_10724,Background,17.581525,73.754243
SLD_10725,Background,12.684726,76.070157
SLD_10726,Background,8.7189,76.767976
SLD_10727,Background,11.525882,76.731914
SLD_10728,Background,10.841239,77.409125
SLD_10729,Background,9.732805,77.479508
SLD_10730,Background,13.961127,75.322279
SLD_10731,Background,12.909793,76.241808
SLD_10732,Background,15.456058,74.344723
SLD_10733,Background,12.122377,76.755955
SLD_10734,Background,13.982419,74.657506
SLD_10735,Background,16.301263,73.45313
SLD_10736,Background,9.680897,77.513361
SLD_10737,Background,10.706417,76.655193
SLD_10738,Background,12.898101,75.70217
SLD_10739,Background,18.99275,73.560092
SLD_10740,Background,10.223511,76.597632
SLD_10741,Background,14.459365,74.797063
SLD_10742,Background,17.501855,73.845245
SLD_10743,Background,10.47325,77.580216
SLD_10744,Background,10.017082,77.349909
SLD_10745,Background,14.500466,74.490637
SLD_10746,Background,18.528219,72.914431
SLD_10747,Background,16.654518,74.247022
SLD_10748,Background,11.268472,77.065313
SLD_10749,Background,17.234806,73.910144
SLD_10750,Background,9.276436,77.636673
SLD_10751,Background,13.207699,75.46765
SLD_10752,Background,9.394711,76.515901
SLD_10753,Background,10.198131,76.643732
SLD_10754,Background,14.688218,74.425234
SLD_10755,Background,9.836119,77.243745
SLD_10756,Background,10.729473,77.313487
SLD_10757,Background,12.871738,75.524618
SLD_10758,Background,10.625844,76.587516
SLD_10759,Background,16.119802,74.603975
SLD_10760,Background,16.155813,74.30693
SLD_10761,Background,16.67492,73.656467
SLD_10762,Background,13.49835,75.541557
SLD_10763,Background,12.176438,76.393004
SLD_10764,Background,9.10926,77.313271
SLD_10765,Background,12.07632,76.051933
SLD_10766,Background,10.523839,77.807991
SLD_10767,Background,9.908009,76.914242
SLD_10768,Background,11.599906,76.51128
SLD_10769,Background,13.698682,74.662615
SLD_10770,Background,11.931026,76.644585
SLD_10771,Background,18.736048,72.966345
SLD_10772,Background,14.934736,74.430692
SLD_10773,Background,18.797209,73.201948
SLD_10774,Background,18.643439,73.362742
SLD_10775,Background,15.728372,74.379607
SLD_10776,Background,11.683898,75.746329
SLD_10777,Background,17.727256,74.073349
SLD_10778,Background,8.884335,77.483623
SLD_10779,Background,17.262272,73.60001
SLD_10780,Background,17.553608,73.898411
SLD_10781,Background,8.795781,77.264752
SLD_10782,Background,8.331246,77.424395
SLD_10783,Background,10.893101,77.314814
SLD_10784,Background,10.94355,76.808758
SLD_10785,Background,13.524926,75.425394
SLD_10786,Background,13.132521,75.046393
SLD_10787,Background,14.91587,74.289492
SLD_10788,Background,8.979454,76.904789
SLD_10789,Background,10.724818,77.362017
SLD_10790,Background,8.487705,77.164584
SLD_10791,Background,10.9329,76.477933
SLD_10792,Background,15.469957,74.407963
SLD_10793,Background,16.023186,74.002317
SLD_10794,Background,10.534061,76.188939
SLD_10795,Background,14.338434,74.451263
SLD_10796,Background,18.117615,73.855555
SLD_10797,Background,11.23114,76.391967
SLD_10798,Background,13.718516,75.791272
SLD_10799,Background,10.470014,76.621645
SLD_10800,Background,11.886807,76.823541
SLD_10801,Background,14.933077,75.065147
SLD_10802,Background,9.254014,77.611859
SLD_10803,Background,14.989131,74.865748
SLD_10804,Background,14.734427,74.445989
SLD_10805,Background,13.671389,75.424426
SLD_10806,Background,14.203687,74.794333
SLD_10807,Background,17.848992,73.118882
SLD_10808,Background,14.387752,74.748905
SLD_10809,Background,17.798354,73.992016
SLD_10810,Background,14.455727,75.156464
SLD_10811,Background,16.855319,73.562238
SLD_10812,Background,11.519482,75.640908
SLD_10813,Background,12.884208,75.566124
SLD_10814,Background,10.353175,77.686195
SLD_10815,Background,8.742319,77.462754
SLD_10816,Background,18.873074,72.91772
SLD_10817,Background,17.236338,74.231749
SLD_10818,Background,12.872477,75.236448
SLD_10819,Background,10.028574,76.574657
SLD_10820,Background,11.408213,76.902598
SLD_10821,Background,14.95861,75.32486
SLD_10822,Background,13.211081,75.317602
SLD_10823,Background,14.16326,74.604407
SLD_10824,Background,9.97958,76.604527
SLD_10825,Background,16.684762,74.071552
SLD_10826,Background,12.769072,76.088682
SLD_10827,Background,16.007782,73.752087
SLD_10828,Background,10.161395,77.324951
SLD_10829,Background,12.952442,76.014026
SLD_10830,Background,11.407443,76.430565
SLD_10831,Background,14.781876,74.608198
SLD_10832,Background,8.974055,76.600787
SLD_10833,Background,11.152529,76.216739
SLD_10834,Background,18.955372,73.311921
SLD_10835,Background,15.046238,74.003995
SLD_10836,Background,12.637742,76.03408
SLD_10837,Background,13.991596,74.681837
SLD_10838,Background,10.349347,76.837522
SLD_10839,Background,18.572607,73.907195
SLD_10840,Background,12.562278,76.000602
SLD_10841,Background,10.446276,76.643186
SLD_10842,Background,14.030297,75.697254
SLD_10843,Background,17.57795,74.065164
SLD_10844,Background,12.786875,75.73836
SLD_10845,Background,11.450917,76.154355
SLD_10846,Background,11.498386,76.860795
SLD_10847,Background,9.842828,77.027377
SLD_10848,Background,18.594887,73.903994
SLD_10849,Background,11.205662,75.953779
SLD_10850,Background,15.391575,74.189712
SLD_10851,Background,14.206621,74.981517
SLD_10852,Background,9.60639,76.703626
SLD_10853,Background,15.043335,74.053824
SLD_10854,Background,16.350758,73.785931
SLD_10855,Background,18.330686,73.731668
SLD_10856,Background,15.617216,74.606674
SLD_10857,Background,16.445418,73.514722
SLD_10858,Background,13.498028,74.873887
SLD_10859,Background,9.045147,77.385533
SLD_10860,Background,10.808763,76.275535
SLD_10861,Background,14.94036,74.539293
SLD_10862,Background,16.204952,74.569857
SLD_10863,Background,18.669583,73.542445
SLD_10864,Background,15.930783,73.725976
SLD_10865,Background,11.261748,75.930459
SLD_10866,Background,9.126756,77.544519
SLD_10867,Background,16.941384,73.864535
SLD_10868,Background,11.879524,76.23903
SLD_10869,Background,9.030547,77.301569
SLD_10870,Background,10.525965,77.386039
SLD_10871,Background,9.557236,76.924624
SLD_10872,Background,16.407807,74.190322
SLD_10873,Background,16.071163,74.632645
SLD_10874,Background,17.030244,73.512113
SLD_10875,Background,18.742195,73.906818
SLD_10876,Background,14.211243,75.195689
SLD_10877,Background,14.334193,75.45878
SLD_10878,Background,14.224025,75.293747
SLD_10879,Background,9.700046,76.469881
SLD_10880,Background,10.893042,77.596316
SLD_10881,Background,12.936123,74.984134
SLD_10882,Background,11.099948,75.92867
SLD_10883,Background,14.340317,75.126105
SLD_10884,Background,10.45152,76.941304
SLD_10885,Background,14.776685,75.27011
SLD_10886,Background,8.772271,76.803201
SLD_10887,Background,9.712779,77.149236
SLD_10888,Background,10.207474,77.843689
SLD_10889,Background,15.00083,75.335419
SLD_10890,Background,15.938193,73.962426
SLD_10891,Background,16.083706,74.67893
SLD_10892,Background,10.321647,76.428921
SLD_10893,Background,15.163194,75.17223
SLD_10894,Background,9.32089,76.821683
SLD_10895,Background,14.539705,75.212892
SLD_10896,Background,10.080391,76.539845
SLD_10897,Background,13.357035,75.150971
SLD_10898,Background,11.708071,76.083049
SLD_10899,Background,11.899879,76.614139
SLD_10900,Background,13.737059,74.886657
SLD_10901,Background,12.858019,75.193019
SLD_10902,Background,16.272771,74.11469
SLD_10903,Background,10.686087,76.82171
SLD_10904,Background,15.976404,74.226207
SLD_10905,Background,12.902745,76.169106
SLD_10906,Background,16.555506,74.458911
SLD_10907,Background,15.191062,74.183242
SLD_10908,Background,13.361318,74.828259
SLD_10909,Background,8.967423,77.107471
SLD_10910,Background,9.008543,77.312776
SLD_10911,Background,15.223879,74.355576
SLD_10912,Background,9.10478,77.65188
SLD_10913,Background,11.02179,76.736357
SLD_10914,Background,18.537607,73.706545
SLD_10915,Background,12.734987,75.797702
SLD_10916,Background,10.493633,77.428793
SLD_10917,Background,11.802524,75.488086
SLD_10918,Background,10.262639,77.089772
SLD_10919,Background,12.995702,75.237789
SLD_10920,Background,9.508352,76.671694
SLD_10921,Background,16.728518,74.315165
SLD_10922,Background,12.407536,76.559275
SLD_10923,Background,10.664089,76.113135
SLD_10924,Background,9.286292,76.475997
SLD_10925,Background,11.037593,77.343628
SLD_10926,Background,10.544611,77.517899
SLD_10927,Background,14.802486,74.30775
SLD_10928,Background,17.467338,73.814223
SLD_10929,Background,10.665162,76.785796
SLD_10930,Background,15.479086,74.559993
SLD_10931,Background,17.444121,73.597234
SLD_10932,Background,10.433769,77.190318
SLD_10933,Background,14.770607,74.750733
SLD_10934,Background,13.48895,74.878303
SLD_10935,Background,15.308864,73.916158
SLD_10936,Background,17.943705,73.712256
SLD_10937,Background,16.096257,73.580769
SLD_10938,Background,8.947126,76.795121
SLD_10939,Background,11.677457,76.050804
SLD_10940,Background,11.221452,76.696043
SLD_10941,Background,10.771733,76.584277
SLD_10942,Background,16.413198,74.11948
SLD_10943,Background,12.789223,75.870604
SLD_10944,Background,10.263314,77.592567
SLD_10945,Background,14.025407,75.368777
SLD_10946,Background,15.18625,74.807828
SLD_10947,Background,14.605051,74.908937
SLD_10948,Background,17.064242,73.906476
SLD_10949,Background,10.811573,77.080837
SLD_10950,Background,11.865836,75.573232
SLD_10951,Background,15.810519,74.048507
SLD_10952,Background,18.74604,73.993742
SLD_10953,Background,11.68322,75.649068
SLD_10954,Background,10.270998,77.332788
SLD_10955,Background,10.669642,77.55379
SLD_10956,Background,11.116075,77.31936
SLD_10957,Background,9.981115,76.729568
SLD_10958,Background,11.261668,77.259122
SLD_10959,Background,17.764729,73.541949
SLD_10960,Background,17.373723,73.516267
SLD_10961,Background,10.518476,76.740924
SLD_10962,Background,8.879406,77.508872
SLD_10963,Background,12.646771,74.998442
SLD_10964,Background,17.540419,73.155518
SLD_10965,Background,12.934992,75.604574
SLD_10966,Background,8.873735,77.100795
SLD_10967,Background,9.175876,77.507673
SLD_10968,Background,12.34946,76.049134
SLD_10969,Background,18.235608,73.29682
SLD_10970,Background,10.745475,77.587338
SLD_10971,Background,15.046953,74.166026
SLD_10972,Background,17.63217,73.422568
SLD_10973,Background,8.704764,77.270753
SLD_10974,Background,10.383873,76.557353
SLD_10975,Background,8.831695,77.584078
SLD_10976,Background,9.32761,76.496083
SLD_10977,Background,10.194663,77.748293
SLD_10978,Background,8.540838,76.98049
SLD_10979,Background,12.897169,75.07528
SLD_10980,Background,17.256511,73.957327
SLD_10981,Background,12.632081,76.351655
SLD_10982,Background,14.075394,74.861836
SLD_10983,Background,16.242349,73.994613
SLD_10984,Background,15.824152,74.787083
SLD_10985,Background,18.252637,73.622078
SLD_10986,Background,13.744311,74.773673
SLD_10987,Background,15.116165,74.611053
SLD_10988,Background,15.400592,74.005794
SLD_10989,Background,12.726988,76.377605
SLD_10990,Background,18.025077,73.928751
SLD_10991,Background,10.307571,77.913724
SLD_10992,Background,10.118533,77.179799
SLD_10993,Background,11.70686,76.512055
SLD_10994,Background,10.925719,76.534293
SLD_10995,Background,11.426476,76.860374
SLD_10996,Background,9.536617,76.501448
SLD_10997,Background,9.664169,76.998871
SLD_10998,Background,11.860917,76.899104
SLD_10999,Background,9.516738,76.602914
SLD_11000,Background,8.561542,77.179237
SLD_11001,Background,10.44826,77.614947
SLD_11002,Background,18.21264,73.968096
SLD_11003,Background,15.710923,74.405121
SLD_11004,Background,10.877,77.552001
SLD_11005,Background,8.794788,77.392203
SLD_11006,Background,10.686955,77.320099
SLD_11007,Background,13.583581,74.775728
SLD_11008,Background,16.533767,73.544169
SLD_11009,Background,14.100129,75.196579
SLD_11010,Background,16.228196,74.669749
SLD_11011,Background,15.258898,74.554869
SLD_11012,Background,11.646654,76.167363
SLD_11013,Background,18.931403,72.956933
SLD_11014,Background,15.264678,75.088373
SLD_11015,Background,15.284475,75.203035
SLD_11016,Background,12.064024,76.44034
SLD_11017,Background,11.611983,75.694909
SLD_11018,Background,14.719978,74.291576
SLD_11019,Background,17.123537,73.756984
SLD_11020,Background,16.015287,74.396996
SLD_11021,Background,12.658554,76.377805
SLD_11022,Background,14.499955,75.182957
SLD_11023,Background,13.721064,75.124912
SLD_11024,Background,10.879466,76.503847
SLD_11025,Background,16.520394,73.655143
SLD_11026,Background,12.317777,76.313694
SLD_11027,Background,15.539648,74.785154
SLD_11028,Background,13.313728,74.770369
SLD_11029,Background,14.058188,75.190798
SLD_11030,Background,10.800752,77.057427
SLD_11031,Background,9.343108,77.26825
SLD_11032,Background,15.248231,74.566807
SLD_11033,Background,9.130733,76.996609
SLD_11034,Background,18.962004,73.819713
SLD_11035,Background,12.267145,76.583285
SLD_11036,Background,18.464526,73.477274
SLD_11037,Background,17.611983,73.871216
SLD_11038,Background,14.938675,74.616699
SLD_11039,Background,13.471018,75.90238
SLD_11040,Background,12.646978,75.053329
SLD_11041,Background,16.692562,74.386102
SLD_11042,Background,9.929499,76.38735
SLD_11043,Background,15.538214,73.798304
SLD_11044,Background,14.854441,74.199254
SLD_11045,Background,16.202739,74.480783
SLD_11046,Background,15.172714,74.050737
SLD_11047,Background,17.545534,73.563156
SLD_11048,Background,15.126334,73.969077
SLD_11049,Background,9.730828,76.295964
SLD_11050,Background,13.618365,75.161362
SLD_11051,Background,18.703932,73.223749
SLD_11052,Background,19.219746,74.010066
SLD_11053,Background,15.2759,73.920609
SLD_11054,Background,14.97032,75.274858
SLD_11055,Background,14.823966,75.167689
SLD_11056,Background,8.693149,77.466806
SLD_11057,Background,13.077963,75.151656
SLD_11058,Background,17.817692,73.336738
SLD_11059,Background,11.734994,76.951681
SLD_11060,Background,18.426996,72.965988
SLD_11061,Background,13.027098,74.792998
SLD_11062,Background,10.183945,76.250877
SLD_11063,Background,13.205389,75.488089
SLD_11064,Background,8.746625,77.236014
SLD_11065,Background,17.692794,73.924572
SLD_11066,Background,11.87168,75.707624
SLD_11067,Background,13.99469,74.584107
SLD_11068,Background,11.326443,77.082993
SLD_11069,Background,15.044098,74.211539
SLD_11070,Background,13.75799,74.799557
SLD_11071,Background,14.851822,74.962354
SLD_11072,Background,18.298756,74.044093
SLD_11073,Background,10.644302,76.093627
SLD_11074,Background,15.768659,74.712869
SLD_11075,Background,10.362119,77.311277
SLD_11076,Background,11.083142,77.497928
SLD_11077,Background,11.587709,76.236535
SLD_11078,Background,16.502059,74.44162
SLD_11079,Background,17.289155,73.994632
SLD_11080,Background,10.303991,77.571399
SLD_11081,Background,16.793813,74.321488
SLD_11082,Background,12.933316,75.597612
SLD_11083,Background,11.552037,76.116511
SLD_11084,Background,15.391915,74.480065
SLD_11085,Background,13.063115,76.039957
SLD_11086,Background,13.106474,75.908109
SLD_11087,Background,17.318979,74.193668
SLD_11088,Background,11.289578,76.313675
SLD_11089,Background,9.738126,77.502049
SLD_11090,Background,16.427148,73.969567
SLD_11091,Background,13.685264,75.027912
SLD_11092,Background,15.760265,74.011973
SLD_11093,Background,18.949153,73.17848
SLD_11094,Background,16.307372,74.443076
SLD_11095,Background,18.228323,73.574355
SLD_11096,Background,14.401644,75.341137
SLD_11097,Background,10.913403,77.646557
SLD_11098,Background,12.664344,76.346623
SLD_11099,Background,16.018738,74.489253
SLD_11100,Background,13.652516,75.519175
SLD_11101,Background,9.019382,76.995113
SLD_11102,Background,14.940544,74.856641
SLD_11103,Background,17.433781,73.756931
SLD_11104,Background,12.081453,76.609154
SLD_11105,Background,13.196698,75.94581
SLD_11106,Background,14.418204,74.830101
SLD_11107,Background,15.790787,74.530334
SLD_11108,Background,11.808546,75.587315
SLD_11109,Background,14.320372,74.674973
SLD_11110,Background,10.606207,77.018724
SLD_11111,Background,10.312835,76.261896
SLD_11112,Background,18.871154,73.238941
SLD_11113,Background,10.947364,76.277328
SLD_11114,Background,14.060571,75.676168
SLD_11115,Background,9.298117,76.39622
SLD_11116,Background,9.992108,77.682052
SLD_11117,Background,10.086284,77.400206
SLD_11118,Background,11.841797,76.927973
SLD_11119,Background,13.122869,75.578203
SLD_11120,Background,16.219512,73.622714
SLD_11121,Background,10.256766,77.061525
SLD_11122,Background,12.267937,76.429867
SLD_11123,Background,10.18224,77.408952
SLD_11124,Background,10.460652,77.510428
SLD_11125,Background,14.119037,74.656918
SLD_11126,Background,10.660047,77.173775
SLD_11127,Background,13.223247,75.519262
SLD_11128,Background,14.593919,75.011113
SLD_11129,Background,18.327439,74.033715
SLD_11130,Background,11.955096,75.619169
SLD_11131,Background,11.078311,75.868161
SLD_11132,Background,17.3366,73.560909
SLD_11133,Background,18.992681,73.740554
SLD_11134,Background,15.890277,74.632842
SLD_11135,Background,14.512743,74.721075
SLD_11136,Background,8.871484,76.712244
SLD_11137,Background,8.738222,77.46568
SLD_11138,Background,17.31788,73.309473
SLD_11139,Background,14.497158,75.522487
SLD_11140,Background,13.654589,74.971781
SLD_11141,Background,9.053488,77.261426
SLD_11142,Background,9.811115,76.953286
SLD_11143,Background,17.623899,73.533638
SLD_11144,Background,10.214713,76.332078
SLD_11145,Background,18.981763,73.214609
SLD_11146,Background,11.388678,75.836199
SLD_11147,Background,13.509892,75.796656
SLD_11148,Background,16.045642,73.636452
SLD_11149,Background,8.525688,77.457692
SLD_11150,Background,11.876789,76.613625
SLD_11151,Background,9.311175,77.19551
SLD_11152,Background,15.938112,74.863811
SLD_11153,Background,18.574955,73.688239
SLD_11154,Background,14.056345,74.583645
SLD_11155,Background,17.511588,73.508002
SLD_11156,Background,15.576896,75.047928
SLD_11157,Background,8.60391,77.48143
SLD_11158,Background,15.873544,73.814105
SLD_11159,Background,10.057738,77.610229
SLD_11160,Background,10.494425,76.688242
SLD_11161,Background,8.754568,76.798104
SLD_11162,Background,17.414063,74.156124
SLD_11163,Background,14.40007,74.828785
SLD_11164,Background,18.889866,73.911639
SLD_11165,Background,10.982539,76.298549
SLD_11166,Background,9.126076,76.841088
SLD_11167,Background,10.870932,76.351847
SLD_11168,Background,11.312957,76.721722
SLD_11169,Background,14.269928,75.261581
SLD_11170,Background,18.64703,73.179224
SLD_11171,Background,14.489946,74.58151
SLD_11172,Background,14.832753,74.938704
SLD_11173,Background,11.393667,75.838606
SLD_11174,Background,18.753882,73.786982
SLD_11175,Background,15.921995,74.359106
SLD_11176,Background,15.833766,73.747644
SLD_11177,Background,16.54385,73.959198
SLD_11178,Background,14.179406,75.431894
SLD_11179,Background,18.372394,73.831949
SLD_11180,Background,8.868356,77.096347
SLD_11181,Background,12.539548,76.229409
SLD_11182,Background,14.905004,74.111638
SLD_11183,Background,16.159274,74.375913
SLD_11184,Background,13.801449,75.785708
SLD_11185,Background,14.801414,74.522811
SLD_11186,Background,14.670269,75.106419
SLD_11187,Background,14.614255,75.228526
SLD_11188,Background,12.741175,75.640426
SLD_11189,Background,9.160887,76.739601
SLD_11190,Background,8.96245,77.669293
SLD_11191,Background,10.521505,77.622613
SLD_11192,Background,9.583653,76.59044
SLD_11193,Background,9.765434,76.579114
SLD_11194,Background,10.458321,77.143482
SLD_11195,Background,14.306001,75.615633
SLD_11196,Background,13.259884,76.013327
SLD_11197,Background,14.161798,75.548822
SLD_11198,Background,12.007058,76.09438
SLD_11199,Background,9.690907,77.88054
SLD_11200,Background,8.954159,77.120904
SLD_11201,Background,12.467059,76.438945
SLD_11202,Background,15.946364,74.169414
SLD_11203,Background,10.546131,77.339565
SLD_11204,Background,17.107145,73.623987
SLD_11205,Background,14.508318,74.684026
SLD_11206,Background,13.196948,76.098905
SLD_11207,Background,8.634519,77.17233
SLD_11208,Background,14.736267,74.406022
SLD_11209,Background,18.733976,74.002101
SLD_11210,Background,9.674681,77.34225
SLD_11211,Background,12.918812,76.127297
SLD_11212,Background,13.550526,74.886632
SLD_11213,Background,12.587706,75.27949
SLD_11214,Background,10.810924,76.665353
SLD_11215,Background,15.929204,74.364584
SLD_11216,Background,11.571552,76.723505
SLD_11217,Background,9.964184,77.855201
SLD_11218,Background,15.09065,74.506354
SLD_11219,Background,19.49934,74.008951
SLD_11220,Background,8.726393,76.744869
SLD_11221,Background,11.964143,76.310873
SLD_11222,Background,9.099691,76.481885
SLD_11223,Background,11.603606,76.446407
SLD_11224,Background,8.764091,76.817459
SLD_11225,Background,16.70668,73.414968
SLD_11226,Background,9.005147,77.599681
SLD_11227,Background,8.832332,77.721007
SLD_11228,Background,14.016144,75.602875
SLD_11229,Background,9.753386,76.692473
SLD_11230,Background,9.014681,77.203734
SLD_11231,Background,14.314978,75.637464
SLD_11232,Background,10.943202,76.518667
SLD_11233,Background,9.879114,77.504478
SLD_11234,Background,10.902666,76.048116
SLD_11235,Background,13.440554,75.056358
SLD_11236,Background,12.964562,75.929041
SLD_11237,Background,13.628039,75.804007
SLD_11238,Background,8.367607,77.515446
SLD_11239,Background,11.70201,76.852552
SLD_11240,Background,10.355516,77.231153
SLD_11241,Background,11.494364,76.623009
SLD_11242,Background,13.962798,74.848247
SLD_11243,Background,9.165386,76.989058
SLD_11244,Background,18.133716,73.989334
SLD_11245,Background,12.381605,76.489282
SLD_11246,Background,11.817177,76.844545
SLD_11247,Background,16.080912,74.005947
SLD_11248,Background,10.76802,77.275333
SLD_11249,Background,16.787415,74.074785
SLD_11250,Background,12.750733,75.923976
SLD_11251,Background,14.914398,75.057019
SLD_11252,Background,15.707132,74.815774
SLD_11253,Background,11.152845,76.832735
SLD_11254,Background,15.177799,74.963744
SLD_11255,Background,14.376511,75.16914
SLD_11256,Background,15.709459,74.4144
SLD_11257,Background,12.936032,75.201647
SLD_11258,Background,12.036564,76.188254
SLD_11259,Background,11.985191,76.039937
SLD_11260,Background,10.925951,76.950956
SLD_11261,Background,17.493626,74.140204
SLD_11262,Background,14.367833,75.265627
SLD_11263,Background,16.234433,74.547546
SLD_11264,Background,10.331972,77.225905
SLD_11265,Background,11.301628,76.997681
SLD_11266,Background,9.001753,77.718694
SLD_11267,Background,15.757196,74.772472
SLD_11268,Background,15.073368,74.556927
SLD_11269,Background,11.413975,77.244799
SLD_11270,Background,10.372243,76.739206
SLD_11271,Background,12.946248,76.12231
SLD_11272,Background,13.539462,75.684772
SLD_11273,Background,16.530937,74.120375
SLD_11274,Background,10.025148,76.461789
SLD_11275,Background,18.681041,73.300879
SLD_11276,Background,10.801912,77.013013
SLD_11277,Background,18.405392,73.186369
SLD_11278,Background,18.330608,73.196969
SLD_11279,Background,12.819824,75.257198
SLD_11280,Background,10.672937,76.876457
SLD_11281,Background,14.725657,74.450167
SLD_11282,Background,17.613322,73.531679
SLD_11283,Background,9.227601,77.47955
SLD_11284,Background,11.567858,76.950545
SLD_11285,Background,15.936398,74.398836
SLD_11286,Background,13.062032,75.370913
SLD_11287,Background,16.778544,73.982639
SLD_11288,Background,8.611307,77.608495
SLD_11289,Background,13.837666,75.518193
SLD_11290,Background,10.897331,76.318139
SLD_11291,Background,13.682444,75.925348
SLD_11292,Background,17.648207,73.859096
SLD_11293,Background,12.530274,76.176464
SLD_11294,Background,14.005806,74.975852
SLD_11295,Background,11.444391,77.202762
SLD_11296,Background,15.206212,74.039915
SLD_11297,Background,10.374612,76.957627
SLD_11298,Background,15.052803,74.182947
SLD_11299,Background,11.146602,76.547868
SLD_11300,Background,15.898499,73.678231
SLD_11301,Background,15.749336,74.01368
SLD_11302,Background,10.218908,77.407126
SLD_11303,Background,18.893348,73.69817
SLD_11304,Background,9.71826,77.891557
SLD_11305,Background,11.029082,77.227585
SLD_11306,Background,11.021704,77.280604
SLD_11307,Background,17.321349,73.386388
SLD_11308,Background,16.71077,73.833848
SLD_11309,Background,17.150876,74.227903
SLD_11310,Background,14.954489,74.292389
SLD_11311,Background,16.203396,74.093983
SLD_11312,Background,15.412706,74.991756
SLD_11313,Background,15.975438,74.23091
SLD_11314,Background,9.562843,77.359623
SLD_11315,Background,12.915472,74.922737
SLD_11316,Background,18.964486,74.06914
SLD_11317,Background,12.5163,76.472263
SLD_11318,Background,10.948613,76.453654
SLD_11319,Background,11.154536,76.456265
SLD_11320,Background,17.559064,74.171322
SLD_11321,Background,16.693383,73.608061
SLD_11322,Background,15.404238,74.431894
SLD_11323,Background,16.164915,74.261356
SLD_11324,Background,17.425535,73.394803
SLD_11325,Background,13.778199,75.289885
SLD_11326,Background,15.053107,74.410242
SLD_11327,Background,14.843882,74.416738
SLD_11328,Background,10.241873,77.456499
SLD_11329,Background,17.32444,73.941736
SLD_11330,Background,17.688142,73.904387
SLD_11331,Background,14.090567,75.261245
SLD_11332,Background,13.669738,74.99596
SLD_11333,Background,10.672372,77.595978
SLD_11334,Background,16.113114,74.25421
SLD_11335,Background,11.214899,76.257793
SLD_11336,Background,15.519673,74.514457
SLD_11337,Background,19.336939,74.057036
SLD_11338,Background,18.010275,73.452697
SLD_11339,Background,9.712752,77.077745
SLD_11340,Background,15.769381,74.37218
SLD_11341,Background,14.55158,74.449842
SLD_11342,Background,14.810188,74.796308
SLD_11343,Background,15.870429,74.259263
SLD_11344,Background,18.668467,73.435063
SLD_11345,Background,12.027651,76.121327
SLD_11346,Background,17.552054,74.119979
SLD_11347,Background,12.352143,76.421786
SLD_11348,Background,11.694941,75.714812
SLD_11349,Background,8.777864,77.234101
SLD_11350,Background,17.997719,73.702426
SLD_11351,Background,9.535607,77.176354
SLD_11352,Background,9.722814,76.64081
SLD_11353,Background,10.671313,76.192767
SLD_11354,Background,8.582609,77.634736
SLD_11355,Background,18.095019,73.73987
SLD_11356,Background,17.128344,74.036199
SLD_11357,Background,11.062725,75.9042
SLD_11358,Background,16.798841,73.608391
SLD_11359,Background,12.886869,75.282055
SLD_11360,Background,15.951145,74.761785
SLD_11361,Background,14.774263,74.743301
SLD_11362,Background,13.011631,76.160918
SLD_11363,Background,9.961086,76.960237
SLD_11364,Background,14.168893,74.831707
SLD_11365,Background,10.621159,77.817415
SLD_11366,Background,18.256202,74.049064
SLD_11367,Background,10.952098,76.589306
SLD_11368,Background,18.821567,73.546486
SLD_11369,Background,16.296978,74.301338
SLD_11370,Background,12.190787,76.692911
SLD_11371,Background,11.263787,76.475703
SLD_11372,Background,10.383418,76.278958
SLD_11373,Background,15.550751,74.459697
SLD_11374,Background,15.340068,74.847155
SLD_11375,Background,15.390062,74.544599
SLD_11376,Background,9.572128,77.647759
SLD_11377,Background,9.726137,77.80011
SLD_11378,Background,12.12848,76.523511
SLD_11379,Background,15.233291,74.630916
SLD_11380,Background,16.048187,74.548639
SLD_11381,Background,18.097505,73.062011
SLD_11382,Background,11.437677,77.072087
SLD_11383,Background,10.874529,76.533016
SLD_11384,Background,16.265936,73.72718
SLD_11385,Background,12.646942,76.145611
SLD_11386,Background,12.926695,76.254296
SLD_11387,Background,11.515627,76.360837
SLD_11388,Background,18.061786,73.952291
SLD_11389,Background,9.33618,77.455972
SLD_11390,Background,9.199777,77.132327
SLD_11391,Background,9.234947,76.464671
SLD_11392,Background,10.539174,76.470346
SLD_11393,Background,18.136019,73.727581
SLD_11394,Background,11.251243,76.160846
SLD_11395,Background,13.64295,75.532164
SLD_11396,Background,13.183711,74.951151
SLD_11397,Background,13.295299,75.407646
SLD_11398,Background,13.071652,74.867543
SLD_11399,Background,17.271385,74.054724
SLD_11400,Background,16.721768,73.722498
SLD_11401,Background,13.313365,75.405595
SLD_11402,Background,9.536415,76.678425
SLD_11403,Background,14.447426,74.677223
SLD_11404,Background,13.635829,75.93588
SLD_11405,Background,11.644176,76.13269
SLD_11406,Background,17.901108,73.207891
SLD_11407,Background,9.470434,77.04723
SLD_11408,Background,14.022087,75.140317
SLD_11409,Background,15.053141,74.593916
SLD_11410,Background,10.200561,76.316434
SLD_11411,Background,12.009111,76.663769
SLD_11412,Background,15.827247,73.714577
SLD_11413,Background,14.971166,74.304893
SLD_11414,Background,9.495986,76.329658
SLD_11415,Background,14.129193,75.728749
SLD_11416,Background,11.013494,76.353625
SLD_11417,Background,10.958868,77.489284
SLD_11418,Background,11.249523,76.342818
SLD_11419,Background,10.91117,76.707979
SLD_11420,Background,18.88046,74.042949
SLD_11421,Background,16.158219,74.132963
SLD_11422,Background,14.053553,74.870835
SLD_11423,Background,10.229376,77.28169
SLD_11424,Background,13.607648,74.946956
SLD_11425,Background,9.825814,76.279474
SLD_11426,Background,9.918625,76.647021
SLD_11427,Background,9.572983,76.675126
SLD_11428,Background,9.437499,77.354156
SLD_11429,Background,10.127368,77.450375
SLD_11430,Background,10.189486,77.087885
SLD_11431,Background,12.654208,75.276811
SLD_11432,Background,11.228584,76.32859
SLD_11433,Background,13.104412,75.306965
SLD_11434,Background,12.355924,76.335287
SLD_11435,Background,11.603082,76.217073
SLD_11436,Background,9.712487,76.448226
SLD_11437,Background,15.425363,74.888509
SLD_11438,Background,14.28704,75.581113
SLD_11439,Background,14.811338,74.353268
SLD_11440,Background,17.606945,73.537045
SLD_11441,Background,10.248988,77.262393
SLD_11442,Background,12.846786,75.998372
SLD_11443,Background,15.033884,74.882294
SLD_11444,Background,10.833028,77.340435
SLD_11445,Background,15.379157,74.339833
SLD_11446,Background,10.767335,77.091541
SLD_11447,Background,11.640309,75.980862
SLD_11448,Background,18.787055,73.65944
SLD_11449,Background,18.351532,73.334286
SLD_11450,Background,17.938246,73.085186
SLD_11451,Background,16.493878,73.438408
SLD_11452,Background,10.716997,76.680744
SLD_11453,Background,15.397944,75.104326
SLD_11454,Background,18.049452,73.835763
SLD_11455,Background,11.692748,76.869703
SLD_11456,Background,11.95527,76.379654
SLD_11457,Background,12.133923,76.679728
SLD_11458,Background,16.591762,73.852344
SLD_11459,Background,10.222236,76.921855
SLD_11460,Background,10.983873,76.902509
SLD_11461,Background,10.502505,77.050097
SLD_11462,Background,12.004105,76.057873
SLD_11463,Background,18.194762,74.107187
SLD_11464,Background,9.365435,77.669547
SLD_11465,Background,12.763007,75.380952
SLD_11466,Background,12.523451,76.489206
SLD_11467,Background,13.185688,75.870691
SLD_11468,Background,18.301264,73.919822
SLD_11469,Background,13.03723,75.287934
SLD_11470,Background,8.89733,77.495665
SLD_11471,Background,11.777041,76.927953
SLD_11472,Background,10.289165,76.976908
SLD_11473,Background,17.349066,73.969145
SLD_11474,Background,18.119346,73.610411
SLD_11475,Background,15.802869,73.758049
SLD_11476,Background,15.439532,74.261779
SLD_11477,Background,14.328574,74.470001
SLD_11478,Background,9.942477,77.481085
SLD_11479,Background,15.377275,74.275275
SLD_11480,Background,13.841742,74.89755
SLD_11481,Background,12.15469,76.201576
SLD_11482,Background,11.375869,76.290624
SLD_11483,Background,11.793412,76.004082
SLD_11484,Background,10.184788,76.581799
SLD_11485,Background,17.701889,73.507155
SLD_11486,Background,16.016711,74.792896
SLD_11487,Background,16.440594,73.441509
SLD_11488,Background,18.170539,74.081259
SLD_11489,Background,13.204666,75.936318
SLD_11490,Background,16.182988,74.039847
SLD_11491,Background,10.917523,77.529596
SLD_11492,Background,13.200716,75.175878
SLD_11493,Background,8.714084,77.48414
SLD_11494,Background,16.02121,74.324034
SLD_11495,Background,8.428332,77.610368
SLD_11496,Background,8.949121,76.930648
SLD_11497,Background,11.325549,76.042284
SLD_11498,Background,10.495508,77.397942
SLD_11499,Background,13.01257,75.126168
SLD_11500,Background,12.887916,74.935212
SLD_11501,Background,9.94056,77.172839
SLD_11502,Background,16.244313,74.679494
SLD_11503,Background,18.74652,73.176498
SLD_11504,Background,13.612977,74.674623
SLD_11505,Background,10.795914,76.385552
SLD_11506,Background,11.456788,76.743656
SLD_11507,Background,9.808384,76.492211
SLD_11508,Background,18.415286,73.17655
SLD_11509,Background,15.71728,74.404742
SLD_11510,Background,9.399125,77.07013
SLD_11511,Background,11.512121,76.64593
SLD_11512,Background,13.724015,74.933784
SLD_11513,Background,9.711298,77.683291
SLD_11514,Background,17.845356,73.875958
SLD_11515,Background,18.527146,73.718915
SLD_11516,Background,10.219352,77.667682
SLD_11517,Background,16.424106,74.153393
SLD_11518,Background,9.5358,77.815622
SLD_11519,Background,17.434751,73.415107
SLD_11520,Background,9.410191,76.657649
SLD_11521,Background,17.107009,73.637298
SLD_11522,Background,9.195511,76.888457
SLD_11523,Background,13.641605,74.816151
SLD_11524,Background,13.033193,75.205236
SLD_11525,Background,13.730001,74.724175
SLD_11526,Background,14.893155,75.361489
SLD_11527,Background,13.793871,75.451869
SLD_11528,Background,11.925563,76.101031
SLD_11529,Background,12.658699,76.228825
SLD_11530,Background,10.694257,77.08896
SLD_11531,Background,16.833121,73.522752
SLD_11532,Background,11.714863,75.857325
SLD_11533,Background,10.699717,76.871023
SLD_11534,Background,17.219248,73.254981
SLD_11535,Background,17.059484,73.609412
SLD_11536,Background,13.916487,75.05169
SLD_11537,Background,9.848096,77.548333
SLD_11538,Background,9.402569,77.616651
SLD_11539,Background,10.642431,77.312482
SLD_11540,Background,16.607067,74.310235
SLD_11541,Background,8.722776,77.635917
SLD_11542,Background,9.405525,77.325837
SLD_11543,Background,9.463155,77.829313
SLD_11544,Background,10.63723,77.697776
SLD_11545,Background,13.777592,75.440127
SLD_11546,Background,10.300652,76.300363
SLD_11547,Background,16.219304,74.489467
SLD_11548,Background,15.751949,74.359448
SLD_11549,Background,10.400242,77.255321
SLD_11550,Background,9.435128,77.629121
SLD_11551,Background,10.10342,77.821126
SLD_11552,Background,11.186884,76.207762
SLD_11553,Background,18.849544,73.402542
SLD_11554,Background,15.234566,75.000324
SLD_11555,Background,15.058186,75.257846
SLD_11556,Background,12.462397,76.361231
SLD_11557,Background,15.455972,74.910695
SLD_11558,Background,16.613385,73.960543
SLD_11559,Background,14.47564,75.591874
SLD_11560,Background,11.113922,77.435416
SLD_11561,Background,16.505032,73.430729
SLD_11562,Background,18.244274,73.41069
SLD_11563,Background,17.61364,74.162729
SLD_11564,Background,15.304907,74.585272
SLD_11565,Background,12.699301,76.314263
SLD_11566,Background,12.729245,75.232408
SLD_11567,Background,12.637475,76.312538
SLD_11568,Background,11.649227,76.480037
SLD_11569,Background,18.208016,73.145461
SLD_11570,Background,11.922473,76.663535
SLD_11571,Background,10.911377,76.301412
SLD_11572,Background,16.150396,73.45155
SLD_11573,Background,9.486721,77.592248
SLD_11574,Background,18.246568,73.271046
SLD_11575,Background,14.440484,74.902665
SLD_11576,Background,12.796837,76.341409
SLD_11577,Background,11.702195,76.247249
SLD_11578,Background,18.829149,73.625059
SLD_11579,Background,10.223273,77.059731
SLD_11580,Background,10.295814,76.134917
SLD_11581,Background,14.735218,75.404623
SLD_11582,Background,18.590903,73.016013
SLD_11583,Background,16.170869,73.848107
SLD_11584,Background,17.528733,73.534732
SLD_11585,Background,16.067495,74.236521
SLD_11586,Background,17.514566,73.900346
SLD_11587,Background,17.909456,73.993658
SLD_11588,Background,10.852286,77.432902
SLD_11589,Background,11.119152,75.880171
SLD_11590,Background,13.051081,76.000979
SLD_11591,Background,13.847562,75.559495
SLD_11592,Background,10.227476,76.655063
SLD_11593,Background,10.333735,77.269514
SLD_11594,Background,15.190424,74.052018
SLD_11595,Background,13.807098,75.206856
SLD_11596,Background,9.477795,76.895182
SLD_11597,Background,11.193368,77.144064
SLD_11598,Background,17.219962,73.776199
SLD_11599,Background,14.750695,74.76204
SLD_11600,Background,10.024378,77.485111
SLD_11601,Background,15.071994,75.196393
SLD_11602,Background,11.848408,76.898428
SLD_11603,Background,10.978426,77.372896
SLD_11604,Background,9.503009,77.694425
SLD_11605,Background,10.810093,77.705135
SLD_11606,Background,9.600292,77.332031
SLD_11607,Background,9.537559,77.735978
SLD_11608,Background,17.762295,73.272861
SLD_11609,Background,17.259542,73.3912
SLD_11610,Background,10.342777,76.579427
SLD_11611,Background,13.416562,75.997874
SLD_11612,Background,13.210073,75.367109
SLD_11613,Background,13.645841,75.94551
SLD_11614,Background,9.581018,76.646947
SLD_11615,Background,10.669549,77.355703
SLD_11616,Background,15.726849,74.731656
SLD_11617,Background,11.524233,77.067579
SLD_11618,Background,15.830774,74.301364
SLD_11619,Background,9.054792,76.699213
SLD_11620,Background,15.658809,74.158575
SLD_11621,Background,9.997006,77.370391
SLD_11622,Background,11.015603,76.675554
SLD_11623,Background,8.837431,76.644614
SLD_11624,Background,14.605925,75.052747
SLD_11625,Background,18.159726,73.969504
SLD_11626,Background,10.968671,75.986953
SLD_11627,Background,15.46846,74.655814
SLD_11628,Background,8.811715,77.234961
SLD_11629,Background,15.286374,74.241374
SLD_11630,Background,11.580446,75.747933
SLD_11631,Background,10.714873,76.548936
SLD_11632,Background,10.079871,77.400747
SLD_11633,Background,16.31447,74.615462
SLD_11634,Background,17.625839,73.402656
SLD_11635,Background,10.107972,76.547196
SLD_11636,Background,8.69874,77.302489
SLD_11637,Background,15.377923,74.597221
SLD_11638,Background,12.73437,75.056316
SLD_11639,Background,10.397262,76.573207
SLD_11640,Background,17.570548,73.687032
SLD_11641,Background,9.544933,76.496397
SLD_11642,Background,18.751523,72.873156
SLD_11643,Background,9.92726,76.697603
SLD_11644,Background,14.394407,75.091729
SLD_11645,Background,13.438422,75.532751
SLD_11646,Background,18.063584,74.061634
SLD_11647,Background,18.621673,73.904514
SLD_11648,Background,17.231947,73.271672
SLD_11649,Background,18.056575,73.572895
SLD_11650,Background,9.978299,76.684251
SLD_11651,Background,15.152836,75.040987
SLD_11652,Background,8.676313,77.384192
SLD_11653,Background,9.943155,77.569721
SLD_11654,Background,11.672774,76.996256
SLD_11655,Background,18.885824,73.335093
SLD_11656,Background,11.470008,76.723523
SLD_11657,Background,9.240466,76.717195
SLD_11658,Background,8.975501,77.53484
SLD_11659,Background,15.260421,75.199084
SLD_11660,Background,13.15166,75.173817
SLD_11661,Background,12.162632,76.074691
SLD_11662,Background,13.158846,75.606113
SLD_11663,Background,10.505927,77.61176
SLD_11664,Background,15.880161,73.917966
SLD_11665,Background,9.790683,76.410801
SLD_11666,Background,13.154252,74.923182
SLD_11667,Background,10.21451,77.752246
SLD_11668,Background,9.765145,77.025344
SLD_11669,Background,14.606843,74.964878
SLD_11670,Background,17.714548,74.135925
SLD_11671,Background,18.429013,73.100187
SLD_11672,Background,18.810951,73.73359
SLD_11673,Background,18.830148,73.255393
SLD_11674,Background,14.347479,75.55072
SLD_11675,Background,14.373411,75.335457
SLD_11676,Background,18.814977,73.46637
SLD_11677,Background,9.481357,76.587798
SLD_11678,Background,13.649407,75.244796
SLD_11679,Background,13.497332,74.882005
SLD_11680,Background,18.366268,74.062765
SLD_11681,Background,18.274538,73.885203
SLD_11682,Background,16.707302,74.313706
SLD_11683,Background,10.96922,77.340735
SLD_11684,Background,9.019724,77.263645
SLD_11685,Background,12.981433,76.137423
SLD_11686,Background,13.913637,74.770546
SLD_11687,Background,9.876403,77.03739
SLD_11688,Background,11.266839,77.191101
SLD_11689,Background,13.01965,75.59982
SLD_11690,Background,12.050499,76.010073
SLD_11691,Background,16.836843,73.645796
SLD_11692,Background,11.653716,76.113567
SLD_11693,Background,13.753692,75.629788
SLD_11694,Background,9.837202,77.902696
SLD_11695,Background,17.660421,73.607731
SLD_11696,Background,14.536126,75.140935
SLD_11697,Background,9.832932,76.550203
SLD_11698,Background,14.366004,74.739985
SLD_11699,Background,16.147266,74.126284
SLD_11700,Background,8.962633,76.977587
SLD_11701,Background,16.179698,73.562055
SLD_11702,Background,14.680224,74.423419
SLD_11703,Background,10.615682,77.323451
SLD_11704,Background,11.454579,75.712759
SLD_11705,Background,14.461434,75.416508
SLD_11706,Background,13.849595,74.913956
SLD_11707,Background,11.247643,76.826293
SLD_11708,Background,9.871689,76.779901
SLD_11709,Background,10.745801,77.438422
SLD_11710,Background,9.356119,76.869792
SLD_11711,Background,12.875326,75.837113
SLD_11712,Background,16.391103,74.471668
SLD_11713,Background,16.504272,73.517528
SLD_11714,Background,15.819213,74.132792
SLD_11715,Background,8.528964,77.271102
SLD_11716,Background,9.006594,76.541021
SLD_11717,Background,10.222806,76.390881
SLD_11718,Background,15.51472,74.779094
SLD_11719,Background,10.481995,77.546024
SLD_11720,Background,9.924649,76.66226
SLD_11721,Background,8.753713,76.815603
SLD_11722,Background,15.96675,74.141133
SLD_11723,Background,15.142291,74.124845
SLD_11724,Background,9.733885,76.524413
SLD_11725,Background,9.642383,77.57358
SLD_11726,Background,17.089683,73.670294
SLD_11727,Background,9.442325,77.516005
SLD_11728,Background,18.418499,74.041238
SLD_11729,Background,10.776404,76.57778
SLD_11730,Background,13.7562,75.503565
SLD_11731,Background,15.57834,74.182871
SLD_11732,Background,15.003871,74.929734
SLD_11733,Background,11.582164,76.372849
SLD_11734,Background,11.689748,76.060391
SLD_11735,Background,11.755948,76.726944
SLD_11736,Background,10.153876,77.768341
SLD_11737,Background,11.051687,76.772606
SLD_11738,Background,10.708864,76.11853
SLD_11739,Background,11.530334,76.547066
SLD_11740,Background,18.569698,73.231648
SLD_11741,Background,10.238549,77.686957
SLD_11742,Background,13.28397,74.84207
SLD_11743,Background,12.339676,76.051079
SLD_11744,Background,15.632073,74.525443
SLD_11745,Background,10.765391,76.347926
SLD_11746,Background,13.055281,76.142792
SLD_11747,Background,13.423831,74.879478
SLD_11748,Background,9.687329,76.759185
SLD_11749,Background,9.263216,76.620599
SLD_11750,Background,18.096943,73.190156
SLD_11751,Background,9.0728,77.265017
SLD_11752,Background,15.782814,74.858353
SLD_11753,Background,15.072314,75.262276
SLD_11754,Background,16.143284,74.594026
SLD_11755,Background,15.316199,74.686781
SLD_11756,Background,15.792752,74.862162
SLD_11757,Background,10.545235,77.273493
SLD_11758,Background,11.713165,75.86148
SLD_11759,Background,14.353087,75.280054
SLD_11760,Background,18.320252,73.033
SLD_11761,Background,10.396432,76.141799
SLD_11762,Background,18.381026,73.282199
SLD_11763,Background,15.727192,74.975562
SLD_11764,Background,14.21183,75.545388
SLD_11765,Background,17.176229,73.263662
SLD_11766,Background,14.845807,75.270159
SLD_11767,Background,14.422291,75.176912
SLD_11768,Background,10.172106,77.813573
SLD_11769,Background,9.778702,76.526234
SLD_11770,Background,18.095861,73.866585
SLD_11771,Background,14.972788,74.463231
SLD_11772,Background,18.274606,73.264251
SLD_11773,Background,8.734822,77.054618
SLD_11774,Background,9.751897,77.012357
SLD_11775,Background,9.038269,77.240717
SLD_11776,Background,17.780743,74.084263
SLD_11777,Background,13.201832,75.553767
SLD_11778,Background,11.361878,76.997527
SLD_11779,Background,15.671186,74.930389
SLD_11780,Background,10.708774,77.190623
SLD_11781,Background,9.573838,77.729717
SLD_11782,Background,9.510322,77.098806
SLD_11783,Background,8.615446,76.898732
SLD_11784,Background,8.957193,76.876205
SLD_11785,Background,9.382468,77.697762
SLD_11786,Background,13.065511,75.365448
SLD_11787,Background,8.860702,77.445443
SLD_11788,Background,14.238168,75.31111
SLD_11789,Background,8.474888,76.988086
SLD_11790,Background,10.328475,77.863667
SLD_11791,Background,14.089058,74.944838
SLD_11792,Background,17.032971,73.902942
SLD_11793,Background,17.887405,73.131297
SLD_11794,Background,13.752054,75.107902
SLD_11795,Background,13.58179,75.526236
SLD_11796,Background,16.189071,73.559328
SLD_11797,Background,16.422557,74.478731
SLD_11798,Background,11.211954,76.580781
SLD_11799,Background,18.980078,73.097343
SLD_11800,Background,16.550276,73.779339
SLD_11801,Background,17.425289,73.574121
SLD_11802,Background,12.315061,76.518127
SLD_11803,Background,13.830996,75.148322
SLD_11804,Background,17.959583,73.046726
SLD_11805,Background,14.184328,75.332818
SLD_11806,Background,10.314485,76.613928
SLD_11807,Background,8.988926,77.08779
SLD_11808,Background,16.235032,73.892326
SLD_11809,Background,18.258879,73.519914
SLD_11810,Background,15.884761,74.382878
SLD_11811,Background,16.883177,73.813824
SLD_11812,Background,9.255066,76.623874
SLD_11813,Background,9.487774,76.636594
SLD_11814,Background,14.178487,74.588833
SLD_11815,Background,9.309892,76.623727
SLD_11816,Background,12.583208,76.010016
SLD_11817,Background,15.09244,75.184013
SLD_11818,Background,18.728457,73.467069
SLD_11819,Background,11.75826,76.697062
SLD_11820,Background,10.014358,77.520314
SLD_11821,Background,14.322769,75.274806
SLD_11822,Background,17.793466,73.506479
SLD_11823,Background,15.263486,73.965686
SLD_11824,Background,13.968045,75.444895
SLD_11825,Background,16.944676,73.587775
SLD_11826,Background,17.063994,73.811096
SLD_11827,Background,17.150549,73.806635
SLD_11828,Background,16.708402,74.060192
SLD_11829,Background,10.051398,77.697032
SLD_11830,Background,13.770059,75.737705
SLD_11831,Background,14.01036,75.021314
SLD_11832,Background,15.346464,74.553258
SLD_11833,Background,15.401363,73.836828
SLD_11834,Background,18.440179,73.979763
SLD_11835,Background,13.148828,75.285985
SLD_11836,Background,16.195993,73.630726
SLD_11837,Background,13.153371,75.539699
SLD_11838,Background,17.468211,73.420649
SLD_11839,Background,14.167116,74.546118
SLD_11840,Background,14.655752,74.975982
SLD_11841,Background,12.846502,76.257993
SLD_11842,Background,10.199784,77.355247
SLD_11843,Background,14.495298,75.272777
SLD_11844,Background,17.45829,73.924267
SLD_11845,Background,17.323112,73.931763
SLD_11846,Background,14.900035,75.201255
SLD_11847,Background,18.930963,73.124784
SLD_11848,Background,16.72088,73.76476
SLD_11849,Background,8.765808,76.85743
SLD_11850,Background,15.200313,75.023123
SLD_11851,Background,14.343987,74.962382
SLD_11852,Background,10.287697,77.418838
SLD_11853,Background,10.224949,77.604458
SLD_11854,Background,15.737895,74.332068
SLD_11855,Background,10.817345,77.187135
SLD_11856,Background,10.628788,77.572739
SLD_11857,Background,10.214301,77.004283
SLD_11858,Background,11.063154,77.376061
SLD_11859,Background,14.339203,75.196241
SLD_11860,Background,14.163535,74.518928
SLD_11861,Background,10.842717,76.951775
SLD_11862,Background,18.950429,73.389923
SLD_11863,Background,9.173989,76.925811
SLD_11864,Background,10.127754,76.578947
SLD_11865,Background,10.017277,76.280675
SLD_11866,Background,9.428804,76.904906
SLD_11867,Background,15.682948,74.991144
SLD_11868,Background,17.104896,73.815752
SLD_11869,Background,9.850541,77.840265
SLD_11870,Background,9.626565,76.958632
SLD_11871,Background,12.397616,76.111478
SLD_11872,Background,15.829344,74.652655
SLD_11873,Background,11.310767,75.966875
SLD_11874,Background,9.040232,77.482508
SLD_11875,Background,18.565782,72.982733
SLD_11876,Background,17.172735,73.721684
SLD_11877,Background,9.856444,76.586605
SLD_11878,Background,17.468167,73.779132
SLD_11879,Background,16.632093,73.977188
SLD_11880,Background,12.22485,76.231923
SLD_11881,Background,16.729596,73.903433
SLD_11882,Background,11.569598,77.024574
SLD_11883,Background,18.370172,72.968001
SLD_11884,Background,18.953655,73.994265
SLD_11885,Background,16.596344,73.502804
SLD_11886,Background,12.583937,76.230153
SLD_11887,Background,10.845149,76.073767
SLD_11888,Background,9.63914,77.57405
SLD_11889,Background,11.210095,76.714859
SLD_11890,Background,14.213165,75.105486
SLD_11891,Background,16.4085,73.613058
SLD_11892,Background,16.973993,73.956307
SLD_11893,Background,8.997399,77.002226
SLD_11894,Background,10.984106,76.991342
SLD_11895,Background,13.0229,76.027092
SLD_11896,Background,10.849914,77.467151
SLD_11897,Background,16.685146,74.143058
SLD_11898,Background,15.428349,73.957634
SLD_11899,Background,17.705553,73.143584
SLD_11900,Background,15.257091,74.670975
SLD_11901,Background,9.356991,76.68011
SLD_11902,Background,15.593434,73.839977
SLD_11903,Background,8.705015,77.071291
SLD_11904,Background,8.628228,76.883131
SLD_11905,Background,8.992147,76.874207
SLD_11906,Background,9.593917,77.10154
SLD_11907,Background,11.740553,76.338176
SLD_11908,Background,11.196926,76.023317
SLD_11909,Background,8.681296,77.01885
SLD_11910,Background,13.001097,76.031939
SLD_11911,Background,11.6101,76.30125
SLD_11912,Background,14.087727,75.592579
SLD_11913,Background,14.793468,74.934628
SLD_11914,Background,16.271412,73.969762
SLD_11915,Background,14.22161,75.07148
SLD_11916,Background,16.176484,74.054871
SLD_11917,Background,18.660253,73.593351
SLD_11918,Background,10.687732,77.306081
SLD_11919,Background,15.328683,74.554864
SLD_11920,Background,11.823038,75.974859
SLD_11921,Background,16.312547,74.079613
SLD_11922,Background,10.94919,75.8909
SLD_11923,Background,18.116992,73.418881
SLD_11924,Background,13.134997,75.021803
SLD_11925,Background,18.007869,74.131001
SLD_11926,Background,13.024876,75.240408
SLD_11927,Background,13.553845,75.552116
SLD_11928,Background,17.916604,73.253492
SLD_11929,Background,16.75563,73.595413
SLD_11930,Background,11.670362,76.620741
SLD_11931,Background,13.755094,75.777297
SLD_11932,Background,10.324357,76.786633
SLD_11933,Background,13.14585,75.230434
SLD_11934,Background,15.315391,75.041645
SLD_11935,Background,9.346872,77.274405
SLD_11936,Background,10.898135,76.668319
SLD_11937,Background,18.067132,73.669672
SLD_11938,Background,16.77892,73.355453
SLD_11939,Background,13.666855,75.533961
SLD_11940,Background,15.517036,74.961419
SLD_11941,Background,10.476341,76.348616
SLD_11942,Background,13.107514,75.101723
SLD_11943,Background,16.8324,73.439877
SLD_11944,Background,16.482675,73.974705
SLD_11945,Background,12.292078,76.1169
SLD_11946,Background,18.755601,73.554754
SLD_11947,Background,10.962781,76.121151
SLD_11948,Background,9.682947,77.10891
SLD_11949,Background,13.683732,75.85638
SLD_11950,Background,9.27955,76.559808
SLD_11951,Background,11.148545,76.772828
SLD_11952,Background,12.300732,76.386715
SLD_11953,Background,11.724519,76.799122
SLD_11954,Background,13.22118,75.028506
SLD_11955,Background,11.382239,75.985498
SLD_11956,Background,14.019167,75.560887
SLD_11957,Background,18.025791,73.264363
SLD_11958,Background,14.083898,75.328028
SLD_11959,Background,14.835297,75.023994
SLD_11960,Background,9.866523,77.764412
SLD_11961,Background,15.693372,74.782852
SLD_11962,Background,13.942831,75.823451
SLD_11963,Background,9.78426,76.772865
SLD_11964,Background,9.361577,76.698698
SLD_11965,Background,13.04311,75.074473
SLD_11966,Background,16.416186,74.213733
SLD_11967,Background,11.985916,75.846446
SLD_11968,Background,10.224453,76.719944
SLD_11969,Background,11.502086,76.044923
SLD_11970,Background,11.793648,76.703498
SLD_11971,Background,15.292233,75.023102
SLD_11972,Background,18.695826,74.036632
SLD_11973,Background,12.857776,75.332752
SLD_11974,Background,15.901335,74.628532
SLD_11975,Background,14.254771,75.065646
SLD_11976,Background,10.55313,77.694299
SLD_11977,Background,14.29194,75.523163
SLD_11978,Background,10.772275,77.082291
SLD_11979,Background,13.446046,75.369129
SLD_11980,Background,12.936475,74.823664
SLD_11981,Background,15.25854,74.94038
SLD_11982,Background,12.39359,76.436373
SLD_11983,Background,13.735373,75.784919
SLD_11984,Background,18.260491,74.116344
SLD_11985,Background,16.642416,74.422393
SLD_11986,Background,15.871991,74.552295
SLD_11987,Background,14.574334,75.14305
SLD_11988,Background,10.755524,77.18636
SLD_11989,Background,16.908617,74.173298
SLD_11990,Background,15.94029,74.5556
SLD_11991,Background,14.035939,74.83206
SLD_11992,Background,16.65738,74.256009
SLD_11993,Background,16.157851,74.366516
SLD_11994,Background,14.109416,75.294813
SLD_11995,Background,12.859034,75.498936
SLD_11996,Background,8.784353,77.645048
SLD_11997,Background,15.928836,73.782465
SLD_11998,Background,9.112262,77.505892
SLD_11999,Background,17.442363,73.786702
SLD_12000,Background,9.78944,76.628367
SLD_12001,Background,10.38521,77.831006
SLD_12002,Background,12.386479,76.249828
SLD_12003,Background,13.489527,75.19855
SLD_12004,Background,13.624887,75.299252
SLD_12005,Background,10.890475,76.466557
SLD_12006,Background,10.091756,76.682363
SLD_12007,Background,8.616527,77.561926
SLD_12008,Background,9.983779,77.576631
SLD_12009,Background,13.3166,75.11133
SLD_12010,Background,16.053746,74.658295
SLD_12011,Background,14.101328,74.933304
SLD_12012,Background,10.827137,77.475463
SLD_12013,Background,15.54314,74.648428
SLD_12014,Background,12.988008,75.4367
SLD_12015,Background,13.474024,74.734543
SLD_12016,Background,15.865587,73.67676
SLD_12017,Background,9.814585,77.810855
SLD_12018,Background,12.918796,76.096669
SLD_12019,Background,14.989913,74.776037
SLD_12020,Background,18.500845,73.976426
SLD_12021,Background,10.595823,76.340615
SLD_12022,Background,14.717452,74.617532
SLD_12023,Background,12.07558,76.267341
SLD_12024,Background,12.996974,76.095475
SLD_12025,Background,10.607287,77.557286
SLD_12026,Background,18.765638,73.748451
SLD_12027,Background,18.511196,73.211469
SLD_12028,Background,18.58328,73.072075
SLD_12029,Background,15.295782,74.278446
SLD_12030,Background,10.212094,77.471351
SLD_12031,Background,10.539361,76.310227
SLD_12032,Background,8.358995,77.22617
SLD_12033,Background,11.135927,76.082762
SLD_12034,Background,15.358038,74.676234
SLD_12035,Background,16.8521,74.032808
SLD_12036,Background,15.783326,73.840731
SLD_12037,Background,12.981603,75.416889
SLD_12038,Background,17.253692,73.40792
SLD_12039,Background,10.15601,76.946715
SLD_12040,Background,13.013307,75.129034
SLD_12041,Background,17.487884,73.515738
SLD_12042,Background,11.277456,76.585628
SLD_12043,Background,8.71069,77.478547
SLD_12044,Background,17.759851,73.690151
SLD_12045,Background,10.899411,77.619389
SLD_12046,Background,17.859908,73.952054
SLD_12047,Background,11.799009,76.473551
SLD_12048,Background,11.906936,75.568394
SLD_12049,Background,11.889462,75.539097
SLD_12050,Background,13.382675,75.369097
SLD_12051,Background,18.725005,73.164586
SLD_12052,Background,18.3464,73.043535
SLD_12053,Background,9.762751,77.16152
SLD_12054,Background,18.660836,73.837219
SLD_12055,Background,10.177631,77.514374
SLD_12056,Background,14.59464,75.414589
SLD_12057,Background,15.964621,74.842396
SLD_12058,Background,11.826974,76.017635
SLD_12059,Background,9.128899,77.484038
SLD_12060,Background,16.12455,74.185147
SLD_12061,Background,9.778776,77.338132
SLD_12062,Background,16.614284,73.424411
SLD_12063,Background,16.03932,74.691101
SLD_12064,Background,10.427301,76.353176
SLD_12065,Background,18.419094,73.949577
SLD_12066,Background,17.58489,73.637553
SLD_12067,Background,11.782407,76.835175
SLD_12068,Background,10.872198,76.108519
SLD_12069,Background,12.924486,75.134402
SLD_12070,Background,17.738734,73.864512
SLD_12071,Background,13.174909,75.338919
SLD_12072,Background,17.795038,74.084638
SLD_12073,Background,10.402584,76.527367
SLD_12074,Background,9.04531,77.483072
SLD_12075,Background,15.818304,73.831809
SLD_12076,Background,13.414767,74.797591
SLD_12077,Background,10.364225,77.892502
SLD_12078,Background,8.704897,76.783783
SLD_12079,Background,15.881504,74.152275
SLD_12080,Background,13.94647,74.640908
SLD_12081,Background,14.654312,74.868826
SLD_12082,Background,9.554327,77.885173
SLD_12083,Background,9.670985,77.745988
SLD_12084,Background,11.510825,75.765217
SLD_12085,Background,13.901654,74.604224
SLD_12086,Background,18.966617,73.236199
SLD_12087,Background,12.805196,74.846136
SLD_12088,Background,11.462163,75.964818
SLD_12089,Background,16.28357,74.531597
SLD_12090,Background,14.186765,74.654798
SLD_12091,Background,18.004046,73.317369
SLD_12092,Background,13.704361,74.950247
SLD_12093,Background,10.558254,76.685818
SLD_12094,Background,16.592272,73.538691
SLD_12095,Background,11.441567,77.075917
SLD_12096,Background,14.901796,74.786524
SLD_12097,Background,14.615805,75.053958
SLD_12098,Background,15.153652,74.913665
SLD_12099,Background,9.975288,77.334969
SLD_12100,Background,17.066696,74.223738
SLD_12101,Background,17.322717,74.202194
SLD_12102,Background,14.554287,74.817797
SLD_12103,Background,10.09401,76.735652
SLD_12104,Background,12.926591,75.443953
SLD_12105,Background,11.356027,77.126776
SLD_12106,Background,13.406528,74.906306
SLD_12107,Background,15.878749,74.610214
SLD_12108,Background,15.486427,74.474714
SLD_12109,Background,13.775563,74.916191
SLD_12110,Background,15.444557,74.374644
SLD_12111,Background,16.766177,73.44423
SLD_12112,Background,10.236576,77.057905
SLD_12113,Background,11.626649,76.586273
SLD_12114,Background,15.800895,74.195844
SLD_12115,Background,10.101727,77.555216
SLD_12116,Background,15.675599,74.434765
SLD_12117,Background,11.816076,76.515176
SLD_12118,Background,10.474966,77.308523
SLD_12119,Background,15.230697,74.708439
SLD_12120,Background,12.613864,75.00975
SLD_12121,Background,11.421359,77.193117
SLD_12122,Background,16.225929,73.792638
SLD_12123,Background,11.491221,76.64843
SLD_12124,Background,17.247407,74.026733
SLD_12125,Background,15.541709,74.10732
SLD_12126,Background,13.488568,74.731883
SLD_12127,Background,18.416554,73.355639
SLD_12128,Background,18.874387,73.621691
SLD_12129,Background,12.091454,76.514053
SLD_12130,Background,10.690674,77.214108
SLD_12131,Background,15.611203,74.121354
SLD_12132,Background,15.475541,74.879287
SLD_12133,Background,10.231884,77.067648
SLD_12134,Background,17.865709,73.108106
SLD_12135,Background,16.354467,74.038388
SLD_12136,Background,9.47841,76.368372
SLD_12137,Background,11.925187,75.812223
SLD_12138,Background,16.324749,74.355342
SLD_12139,Background,13.17897,75.149271
SLD_12140,Background,15.258983,75.069758
SLD_12141,Background,12.745893,75.579758
SLD_12142,Background,11.830792,75.585844
SLD_12143,Background,9.163164,77.676222
SLD_12144,Background,14.588174,74.973746
SLD_12145,Background,13.726595,75.067442
SLD_12146,Background,15.005009,74.824346
SLD_12147,Background,14.776948,74.608309
SLD_12148,Background,9.748507,77.467885
SLD_12149,Background,10.630657,77.171956
SLD_12150,Background,15.234959,74.833879
SLD_12151,Background,12.976496,75.598004
SLD_12152,Background,18.070124,73.921367
SLD_12153,Background,17.519606,73.333889
SLD_12154,Background,16.538027,73.4469
SLD_12155,Background,16.697115,73.331278
SLD_12156,Background,18.674266,73.182722
SLD_12157,Background,10.543231,77.556119
SLD_12158,Background,15.468353,74.216735
SLD_12159,Background,16.675465,73.522482
SLD_12160,Background,16.082727,74.66397
SLD_12161,Background,13.362183,74.984853
SLD_12162,Background,11.188421,76.88656
SLD_12163,Background,16.90497,73.930714
SLD_12164,Background,10.677982,76.502671
SLD_12165,Background,13.590469,74.752644
SLD_12166,Background,15.355691,74.150809
SLD_12167,Background,16.201689,73.849226
SLD_12168,Background,11.459318,77.127792
SLD_12169,Background,8.913189,77.357051
SLD_12170,Background,9.222822,77.428476
SLD_12171,Background,18.716457,73.342058
SLD_12172,Background,14.573241,74.456861
SLD_12173,Background,10.707794,77.680885
SLD_12174,Background,11.869499,76.628881
SLD_12175,Background,14.79626,74.380865
SLD_12176,Background,8.408049,77.163327
SLD_12177,Background,13.000239,75.053314
SLD_12178,Background,10.895974,75.89072
SLD_12179,Background,16.806807,73.977182
SLD_12180,Background,15.360419,75.102759
SLD_12181,Background,16.071004,74.777049
SLD_12182,Background,11.423709,76.022126
SLD_12183,Background,10.894443,76.569692
SLD_12184,Background,11.5165,76.871919
SLD_12185,Background,9.125567,77.229296
SLD_12186,Background,10.913712,76.320455
SLD_12187,Background,10.813905,75.92649
SLD_12188,Background,15.997935,74.531096
SLD_12189,Background,17.946774,73.124375
SLD_12190,Background,15.485536,74.320428
SLD_12191,Background,10.289065,77.032224
SLD_12192,Background,9.578143,77.294482
SLD_12193,Background,16.002125,73.724347
SLD_12194,Background,10.657107,76.268158
SLD_12195,Background,18.389427,74.112431
SLD_12196,Background,18.828614,73.83014
SLD_12197,Background,16.9125,74.04406
SLD_12198,Background,18.497684,73.95621
SLD_12199,Background,16.423975,74.191277
SLD_12200,Background,11.858225,76.627908
SLD_12201,Background,10.689008,77.385326
SLD_12202,Background,15.787133,74.907643
SLD_12203,Background,15.447921,74.213579
SLD_12204,Background,10.887628,77.216763
SLD_12205,Background,14.230077,75.385596
SLD_12206,Background,15.955044,74.169806
SLD_12207,Background,18.18041,73.15353
SLD_12208,Background,14.796106,74.919256
SLD_12209,Background,10.733689,76.335833
SLD_12210,Background,18.122197,73.9507
SLD_12211,Background,10.326904,76.433239
SLD_12212,Background,14.034828,75.517055
SLD_12213,Background,16.407992,73.800088
SLD_12214,Background,16.934984,73.884467
SLD_12215,Background,15.317193,74.755264
SLD_12216,Background,15.665134,74.947373
SLD_12217,Background,11.410768,76.59325
SLD_12218,Background,12.414802,76.178951
SLD_12219,Background,18.164099,73.432277
SLD_12220,Background,9.270963,76.84476
SLD_12221,Background,16.896731,73.889388
SLD_12222,Background,10.249652,77.615063
SLD_12223,Background,13.343721,75.343053
SLD_12224,Background,17.729783,73.875484
SLD_12225,Background,17.221153,73.572556
SLD_12226,Background,13.721474,75.524613
SLD_12227,Background,9.69283,77.524178
SLD_12228,Background,17.293816,74.181266
SLD_12229,Background,9.979323,76.948886
SLD_12230,Background,13.030233,75.660656
SLD_12231,Background,15.488134,74.507405
SLD_12232,Background,16.982662,74.053644
SLD_12233,Background,12.55163,76.111488
SLD_12234,Background,17.372799,73.823918
SLD_12235,Background,13.333948,74.75842
SLD_12236,Background,17.332899,73.88901
SLD_12237,Background,10.401886,76.21244
SLD_12238,Background,9.62556,77.788697
SLD_12239,Background,17.518601,73.622553
SLD_12240,Background,11.894539,75.476056
SLD_12241,Background,9.419551,77.768844
SLD_12242,Background,12.353104,76.594286
SLD_12243,Background,14.764596,74.154487
SLD_12244,Background,10.521999,76.894381
SLD_12245,Background,13.001797,75.159415
SLD_12246,Background,15.770959,74.732256
SLD_12247,Background,10.202948,76.73765
SLD_12248,Background,18.694431,73.000966
SLD_12249,Background,14.146553,75.213043
SLD_12250,Background,15.233385,74.230093
SLD_12251,Background,9.412795,76.741161
SLD_12252,Background,9.178635,77.022505
SLD_12253,Background,12.758915,76.008468
SLD_12254,Background,14.967668,75.056767
SLD_12255,Background,13.623609,75.22629
SLD_12256,Background,16.472576,74.327082
SLD_12257,Background,17.55179,73.831996
SLD_12258,Background,9.225533,77.577173
SLD_12259,Background,11.470692,77.118193
SLD_12260,Background,9.004427,77.302812
SLD_12261,Background,16.761494,74.234832
SLD_12262,Background,12.749195,74.973348
SLD_12263,Background,10.4639,76.830284
SLD_12264,Background,8.364954,77.109063
SLD_12265,Background,11.800071,75.535568
SLD_12266,Background,15.068938,74.87122
SLD_12267,Background,9.125812,76.660377
SLD_12268,Background,15.365084,74.63637
SLD_12269,Background,17.449295,74.05019
SLD_12270,Background,17.230321,73.409118
SLD_12271,Background,14.326675,74.823089
SLD_12272,Background,14.858953,74.420583
SLD_12273,Background,17.035505,73.517794
SLD_12274,Background,16.692382,74.136558
SLD_12275,Background,8.460957,77.625739
SLD_12276,Background,15.297759,74.399104
SLD_12277,Background,10.748979,76.794172
SLD_12278,Background,13.601683,75.58686
SLD_12279,Background,15.85357,74.373119
SLD_12280,Background,8.778823,76.945489
SLD_12281,Background,9.423749,77.827639
SLD_12282,Background,16.54425,74.522282
SLD_12283,Background,11.587558,76.977051
SLD_12284,Background,16.379228,74.614658
SLD_12285,Background,15.076536,74.589696
SLD_12286,Background,13.347168,75.084177
SLD_12287,Background,13.239834,75.406067
SLD_12288,Background,11.389348,76.981705
SLD_12289,Background,18.789797,74.054862
SLD_12290,Background,15.567193,74.666921
SLD_12291,Background,14.095213,74.656541
SLD_12292,Background,9.792988,76.337302
SLD_12293,Background,17.82487,74.103537
SLD_12294,Background,17.791055,73.4276
SLD_12295,Background,16.26078,74.062173
SLD_12296,Background,10.389845,77.543637
SLD_12297,Background,11.061962,76.438178
SLD_12298,Background,13.084328,75.9014
SLD_12299,Background,18.830226,73.177103
SLD_12300,Background,12.371019,76.358872
SLD_12301,Background,16.185259,73.790319
SLD_12302,Background,9.898769,77.544969
SLD_12303,Background,8.65531,77.519067
SLD_12304,Background,14.613734,74.91597
SLD_12305,Background,18.748455,73.90342
SLD_12306,Background,9.888252,76.337561
SLD_12307,Background,13.227723,74.769104
SLD_12308,Background,15.788189,73.753972
SLD_12309,Background,16.717213,73.873837
SLD_12310,Background,10.449015,77.346756
SLD_12311,Background,14.556686,75.005526
SLD_12312,Background,17.930485,73.209618
SLD_12313,Background,8.433151,77.335964
SLD_12314,Background,9.756143,77.098143
SLD_12315,Background,10.246524,77.160133
SLD_12316,Background,18.3567,73.948852
SLD_12317,Background,8.740451,76.826116
SLD_12318,Background,18.071408,73.583054
SLD_12319,Background,12.871944,76.187902
SLD_12320,Background,11.260635,76.166718
SLD_12321,Background,9.484202,77.694569
SLD_12322,Background,15.954074,74.021698
SLD_12323,Background,10.036442,77.44398
SLD_12324,Background,10.075863,76.266836
SLD_12325,Background,11.002208,77.545128
SLD_12326,Background,16.544297,74.033351
SLD_12327,Background,13.691848,74.763429
SLD_12328,Background,10.42846,76.099205
SLD_12329,Background,11.269568,76.942562
SLD_12330,Background,9.381698,76.455242
SLD_12331,Background,10.243331,77.177446
SLD_12332,Background,10.540218,76.991944
SLD_12333,Background,13.097998,75.735865
SLD_12334,Background,15.730936,74.010654
SLD_12335,Background,16.037241,74.411993
SLD_12336,Background,11.319607,77.213323
SLD_12337,Background,15.197308,74.722198
SLD_12338,Background,16.41726,74.081099
SLD_12339,Background,11.588337,76.867568
SLD_12340,Background,17.792406,73.526273
SLD_12341,Background,17.618297,73.267302
SLD_12342,Background,15.673087,73.95308
SLD_12343,Background,8.938378,76.642184
SLD_12344,Background,17.357017,73.222528
SLD_12345,Background,14.888492,74.587895
SLD_12346,Background,17.185495,73.276493
SLD_12347,Background,15.025491,74.064495
SLD_12348,Background,11.477186,75.789346
SLD_12349,Background,14.597144,74.925379
SLD_12350,Background,9.772698,77.555106
SLD_12351,Background,16.423334,74.109938
SLD_12352,Background,15.498689,74.125221
SLD_12353,Background,18.961422,73.632249
SLD_12354,Background,9.711532,76.501716
SLD_12355,Background,15.979121,73.595017
SLD_12356,Background,17.536009,73.226069
SLD_12357,Background,14.517119,75.422719
SLD_12358,Background,18.84342,73.058111
SLD_12359,Background,14.891423,74.53293
SLD_12360,Background,9.945587,77.698774
SLD_12361,Background,11.076043,77.470573
SLD_12362,Background,9.383078,76.866319
SLD_12363,Background,15.122336,75.141856
SLD_12364,Background,9.745303,77.740711
SLD_12365,Background,18.695415,74.069031
SLD_12366,Background,11.104213,76.550994
SLD_12367,Background,12.770357,74.926032
SLD_12368,Background,14.461799,75.468032
SLD_12369,Background,10.161098,76.255911
SLD_12370,Background,14.395787,74.649386
SLD_12371,Background,16.772382,73.408455
SLD_12372,Background,15.10592,74.125238
SLD_12373,Background,16.838408,73.517824
SLD_12374,Background,18.870369,73.140405
SLD_12375,Background,11.177586,77.127683
SLD_12376,Background,11.293824,76.773096
SLD_12377,Background,10.514356,76.06616
SLD_12378,Background,10.073132,76.8926
SLD_12379,Background,10.7818,75.92495
SLD_12380,Background,9.210188,77.417606
SLD_12381,Background,16.768305,73.761057
SLD_12382,Background,12.553214,74.98339
SLD_12383,Background,10.059476,76.99011
SLD_12384,Background,18.623137,73.526368
SLD_12385,Background,17.601243,73.194036
SLD_12386,Background,9.321254,76.520104
SLD_12387,Background,10.608425,77.041101
SLD_12388,Background,8.56408,76.970916
SLD_12389,Background,9.798821,77.740258
SLD_12390,Background,12.291354,76.55783
SLD_12391,Background,14.064692,75.599405
SLD_12392,Background,14.591545,75.132248
SLD_12393,Background,18.236536,73.57334
SLD_12394,Background,13.458077,75.690974
SLD_12395,Background,11.248678,76.153208
SLD_12396,Background,9.01248,76.967259
SLD_12397,Background,15.457716,74.389368
SLD_12398,Background,10.494727,77.562789
SLD_12399,Background,16.323645,74.215
SLD_12400,Background,8.443383,77.159343
SLD_12401,Background,10.099826,77.797729
SLD_12402,Background,17.711747,73.244398
SLD_12403,Background,17.315525,73.306584
SLD_12404,Background,12.542594,75.176093
SLD_12405,Background,12.248687,76.319591
SLD_12406,Background,9.305235,76.652811
SLD_12407,Background,18.697067,74.038615
SLD_12408,Background,16.539157,74.058678
SLD_12409,Background,11.845337,76.432107
SLD_12410,Background,18.033894,73.449616
SLD_12411,Background,13.144477,74.831981
SLD_12412,Background,14.290256,75.211173
SLD_12413,Background,16.567653,74.411206
SLD_12414,Background,16.393096,74.194191
SLD_12415,Background,14.04768,75.349731
SLD_12416,Background,9.734448,76.793952
SLD_12417,Background,9.709622,77.623489
SLD_12418,Background,9.607028,77.857725
SLD_12419,Background,16.710003,74.124815
SLD_12420,Background,15.68934,74.029042
SLD_12421,Background,12.744492,75.906862
SLD_12422,Background,10.082824,77.140166
SLD_12423,Background,11.064179,75.878599
SLD_12424,Background,17.097741,73.84696
SLD_12425,Background,13.12163,76.041959
SLD_12426,Background,10.001545,77.709669
SLD_12427,Background,15.06345,74.741101
SLD_12428,Background,15.918605,74.397628
SLD_12429,Background,9.243838,76.898882
SLD_12430,Background,13.123843,75.461644
SLD_12431,Background,18.589192,72.960234
SLD_12432,Background,13.648417,75.377395
SLD_12433,Background,8.692807,77.453663
SLD_12434,Background,10.324362,76.917749
SLD_12435,Background,10.581472,76.867975
SLD_12436,Background,17.848253,74.12884
SLD_12437,Background,15.158582,74.876501
SLD_12438,Background,17.584633,74.000432
SLD_12439,Background,19.153269,74.017439
SLD_12440,Background,13.126784,75.943935
SLD_12441,Background,10.877035,76.443979
SLD_12442,Background,13.175722,75.512509
SLD_12443,Background,15.550919,74.871122
SLD_12444,Background,15.404176,75.111779
SLD_12445,Background,15.758931,74.536478
SLD_12446,Background,16.304968,74.435405
SLD_12447,Background,9.743347,76.901443
SLD_12448,Background,15.914305,74.47386
SLD_12449,Background,13.3412,75.290558
SLD_12450,Background,9.646807,76.664896
SLD_12451,Background,11.194432,76.407833
SLD_12452,Background,16.876765,73.639989
SLD_12453,Background,10.543125,76.529534
SLD_12454,Background,18.612849,73.647085
SLD_12455,Background,10.529334,76.955223
SLD_12456,Background,9.037731,77.369361
SLD_12457,Background,10.960874,76.502632
SLD_12458,Background,17.4038,74.038973
SLD_12459,Background,18.445355,73.584713
SLD_12460,Background,10.330637,77.763734
SLD_12461,Background,12.217675,76.547763
SLD_12462,Background,11.329445,77.091304
SLD_12463,Background,15.518927,74.887623
SLD_12464,Background,13.340409,75.860845
SLD_12465,Background,14.225184,75.249155
SLD_12466,Background,11.830632,76.481434
SLD_12467,Background,17.221041,74.064729
SLD_12468,Background,18.435608,73.800537
SLD_12469,Background,14.469917,74.386518
SLD_12470,Background,9.083834,76.511392
SLD_12471,Background,11.182764,76.77771
SLD_12472,Background,11.803381,75.866408
SLD_12473,Background,11.846303,75.3972
SLD_12474,Background,15.314365,74.75688
SLD_12475,Background,18.372417,73.093591
SLD_12476,Background,9.121288,77.676488
SLD_12477,Background,15.109026,74.064373
SLD_12478,Background,18.377009,73.251461
SLD_12479,Background,16.288822,74.364421
SLD_12480,Background,13.894674,74.682608
SLD_12481,Background,13.781888,75.848791
SLD_12482,Background,17.277905,74.111752
SLD_12483,Background,17.187213,74.173706
SLD_12484,Background,12.265526,76.526169
SLD_12485,Background,15.07038,74.21755
SLD_12486,Background,10.73151,77.606632
SLD_12487,Background,9.048079,77.000387
SLD_12488,Background,15.595887,73.910652
SLD_12489,Background,11.965813,76.255801
SLD_12490,Background,14.330979,75.252062
SLD_12491,Background,16.257895,74.163934
SLD_12492,Background,11.016105,77.543628
SLD_12493,Background,10.308742,77.112782
SLD_12494,Background,13.517925,74.801185
SLD_12495,Background,16.465372,74.487114
SLD_12496,Background,15.541241,74.023623
SLD_12497,Background,10.068765,77.901547
SLD_12498,Background,9.056607,77.343465
SLD_12499,Background,10.2473,76.948348
SLD_12500,Background,16.000254,73.978772
SLD_12501,Background,11.614506,76.667962
SLD_12502,Background,16.745762,74.274206
SLD_12503,Background,18.34493,73.135505
SLD_12504,Background,8.923621,77.057587
SLD_12505,Background,15.282106,74.178623
SLD_12506,Background,16.132832,74.161366
SLD_12507,Background,12.939821,75.605971
SLD_12508,Background,15.425737,74.703443
SLD_12509,Background,11.062507,75.911419
SLD_12510,Background,17.522985,73.2462
SLD_12511,Background,9.885263,77.193166
SLD_12512,Background,9.095047,76.831485
SLD_12513,Background,14.728924,74.659489
SLD_12514,Background,12.774462,75.606257
SLD_12515,Background,14.683359,75.437531
SLD_12516,Background,12.974318,75.308386
SLD_12517,Background,14.728588,74.852523
SLD_12518,Background,10.861459,75.906962
SLD_12519,Background,11.112346,76.041692
SLD_12520,Background,13.340618,75.441797
SLD_12521,Background,14.56843,75.423124
SLD_12522,Background,18.508842,73.515569
SLD_12523,Background,18.106616,73.03806
SLD_12524,Background,9.095755,76.58487
SLD_12525,Background,14.907147,74.838244
SLD_12526,Background,15.641207,74.854605
SLD_12527,Background,18.161963,73.639232
SLD_12528,Background,9.517576,77.728663
SLD_12529,Background,9.875816,77.915236
SLD_12530,Background,14.272127,75.405163
SLD_12531,Background,12.313041,76.29391
SLD_12532,Background,10.771937,76.098855
SLD_12533,Background,18.871369,73.60098
SLD_12534,Background,8.391463,77.310193
SLD_12535,Background,10.957111,76.876018
SLD_12536,Background,14.364596,75.264018
SLD_12537,Background,18.176274,73.199796
SLD_12538,Background,12.398541,76.359711
SLD_12539,Background,16.239081,73.421089
SLD_12540,Background,15.973528,74.641611
SLD_12541,Background,9.228968,77.811649
SLD_12542,Background,16.70201,73.568816
SLD_12543,Background,10.456475,77.226478
SLD_12544,Background,9.826533,76.536707
SLD_12545,Background,12.730429,75.540141
SLD_12546,Background,15.858703,74.903601
SLD_12547,Background,18.260018,73.699443
SLD_12548,Background,14.145052,74.482796
SLD_12549,Background,13.969876,74.707244
SLD_12550,Background,8.559086,77.307982
SLD_12551,Background,12.435542,76.161334
SLD_12552,Background,10.459165,76.870636
SLD_12553,Background,14.693984,75.451653
SLD_12554,Background,9.721867,77.075415
SLD_12555,Background,9.252653,77.167179
SLD_12556,Background,10.291799,77.927653
SLD_12557,Background,12.999714,75.596898
SLD_12558,Background,16.78233,74.205158
SLD_12559,Background,16.655476,73.884418
SLD_12560,Background,9.763227,76.587776
SLD_12561,Background,16.155307,73.960229
SLD_12562,Background,9.684434,77.60865
SLD_12563,Background,10.635704,76.694612
SLD_12564,Background,10.243234,76.671265
SLD_12565,Background,12.7801,75.798842
SLD_12566,Background,17.639791,73.485689
SLD_12567,Background,11.430812,77.00679
SLD_12568,Background,10.529676,77.479465
SLD_12569,Background,8.720261,77.269678
SLD_12570,Background,14.916056,74.176219
SLD_12571,Background,13.098931,75.357737
SLD_12572,Background,13.524385,75.516913
SLD_12573,Background,14.812355,74.990996
SLD_12574,Background,19.550658,74.01472
SLD_12575,Background,17.099302,73.743149
SLD_12576,Background,10.983213,76.141955
SLD_12577,Background,16.478012,73.700179
SLD_12578,Background,10.362399,77.005806
SLD_12579,Background,9.483402,76.968851
SLD_12580,Background,9.812824,77.198378
SLD_12581,Background,11.375178,76.495131
SLD_12582,Background,12.13325,76.56018
SLD_12583,Background,18.869135,73.551099
SLD_12584,Background,15.727427,74.455469
SLD_12585,Background,11.517738,75.922314
SLD_12586,Background,13.998309,75.532442
SLD_12587,Background,15.742687,74.376424
SLD_12588,Background,10.672245,77.271655
SLD_12589,Background,9.125138,77.490733
SLD_12590,Background,10.807888,77.300562
SLD_12591,Background,14.007069,75.070916
SLD_12592,Background,11.046041,76.375197
SLD_12593,Background,15.112464,74.546052
SLD_12594,Background,18.643633,73.090366
SLD_12595,Background,15.244297,74.913969
SLD_12596,Background,12.283067,76.537194
SLD_12597,Background,9.760375,77.849416
SLD_12598,Background,16.57036,74.356597
SLD_12599,Background,17.960967,73.612626
SLD_12600,Background,9.732165,77.261617
SLD_12601,Background,10.093613,77.561909
SLD_12602,Background,13.676251,75.530432
SLD_12603,Background,13.912297,74.604394
SLD_12604,Background,13.181377,75.990871
SLD_12605,Background,10.559723,76.107476
SLD_12606,Background,11.88884,76.43047
SLD_12607,Background,9.039356,77.67702
SLD_12608,Background,16.600564,73.569385
SLD_12609,Background,12.626422,76.358609
SLD_12610,Background,12.484742,76.05619
SLD_12611,Background,8.965176,77.71766
SLD_12612,Background,16.58398,73.636259
SLD_12613,Background,12.465384,75.18101
SLD_12614,Background,12.508862,76.082757
SLD_12615,Background,17.402851,73.270745
SLD_12616,Background,11.471014,76.503319
SLD_12617,Background,12.652441,75.185459
SLD_12618,Background,10.164173,76.88667
SLD_12619,Background,13.710502,75.313035
SLD_12620,Background,15.57761,74.567402
SLD_12621,Background,16.448554,73.904962
SLD_12622,Background,13.72685,75.459651
SLD_12623,Background,8.476371,77.189794
SLD_12624,Background,11.866879,76.322727
SLD_12625,Background,12.042418,76.286742
SLD_12626,Background,12.792862,75.597812
SLD_12627,Background,15.242462,74.798268
SLD_12628,Background,10.522202,77.591221
SLD_12629,Background,9.282563,77.699534
SLD_12630,Background,9.438187,77.326663
SLD_12631,Background,9.015822,76.740109
SLD_12632,Background,13.418406,75.451544
SLD_12633,Background,13.63266,74.963993
SLD_12634,Background,16.099377,74.510826
SLD_12635,Background,15.546905,74.699513
SLD_12636,Background,16.064697,74.287083
SLD_12637,Background,9.807859,76.657045
SLD_12638,Background,18.722958,72.896249
SLD_12639,Background,16.012247,73.869932
SLD_12640,Background,11.093353,77.134558
SLD_12641,Background,15.573443,74.836148
SLD_12642,Background,10.070549,77.614541
SLD_12643,Background,10.992758,76.889424
SLD_12644,Background,16.288912,73.615739
SLD_12645,Background,14.444416,75.50161
SLD_12646,Background,15.753445,74.855904
SLD_12647,Background,11.682981,76.643839
SLD_12648,Background,9.936056,77.904796
SLD_12649,Background,14.719471,74.912102
SLD_12650,Background,9.595791,76.854245
SLD_12651,Background,15.089034,74.88279
SLD_12652,Background,9.084399,77.21662
SLD_12653,Background,13.317843,75.203569
SLD_12654,Background,11.114769,77.321205
SLD_12655,Background,12.730516,75.532398
SLD_12656,Background,15.690248,74.792814
SLD_12657,Background,11.296739,77.26889
SLD_12658,Background,17.846334,73.18619
SLD_12659,Background,10.436203,76.337247
SLD_12660,Background,16.498692,73.495412
SLD_12661,Background,17.791454,74.016646
SLD_12662,Background,18.185265,73.100553
SLD_12663,Background,18.860298,73.575326
SLD_12664,Background,15.473874,74.576504
SLD_12665,Background,15.617639,74.173993
SLD_12666,Background,17.971219,74.028977
SLD_12667,Background,15.91328,74.106653
SLD_12668,Background,17.4147,73.760066
SLD_12669,Background,11.366122,76.38936
SLD_12670,Background,12.92364,75.12104
SLD_12671,Background,10.836572,76.220565
SLD_12672,Background,10.03703,76.390098
SLD_12673,Background,9.681962,77.144065
SLD_12674,Background,11.34374,77.164606
SLD_12675,Background,12.070158,76.790117
SLD_12676,Background,14.449629,74.615109
SLD_12677,Background,15.622102,74.923608
SLD_12678,Background,12.239095,76.335376
SLD_12679,Background,8.858646,77.257702
SLD_12680,Background,10.596582,76.541388
SLD_12681,Background,14.110396,75.316569
SLD_12682,Background,16.361395,73.486912
SLD_12683,Background,13.017064,74.847601
SLD_12684,Background,10.736026,76.219793
SLD_12685,Background,11.475718,77.155114
SLD_12686,Background,10.534248,77.163584
SLD_12687,Background,9.518073,77.770571
SLD_12688,Background,14.702294,74.318467
SLD_12689,Background,13.219656,74.791521
SLD_12690,Background,14.185082,75.029538
SLD_12691,Background,10.142265,77.761156
SLD_12692,Background,18.556885,73.281973
SLD_12693,Background,16.582548,74.094409
SLD_12694,Background,11.148476,76.137977
SLD_12695,Background,16.7993,74.230867
SLD_12696,Background,15.522256,74.15134
SLD_12697,Background,14.231416,74.780646
SLD_12698,Background,9.263296,76.901183
SLD_12699,Background,18.303059,73.236564
SLD_12700,Background,18.661045,73.438712
SLD_12701,Background,15.874249,74.047965
SLD_12702,Background,11.997702,75.981075
SLD_12703,Background,11.817039,76.097289
SLD_12704,Background,14.323988,74.840031
SLD_12705,Background,15.153196,74.14226
SLD_12706,Background,14.564732,74.421187
SLD_12707,Background,16.073088,74.205125
SLD_12708,Background,11.262478,76.300547
SLD_12709,Background,9.668896,77.022932
SLD_12710,Background,17.948403,73.2612
SLD_12711,Background,12.066174,76.593576
SLD_12712,Background,14.418561,75.310478
SLD_12713,Background,18.111452,73.17748
SLD_12714,Background,15.578087,74.721169
SLD_12715,Background,9.710111,76.905252
SLD_12716,Background,15.170334,74.90705
SLD_12717,Background,10.14558,76.430052
SLD_12718,Background,12.655264,76.24691
SLD_12719,Background,10.04448,76.294017
SLD_12720,Background,13.37461,75.51082
SLD_12721,Background,15.101988,74.614821
SLD_12722,Background,8.998574,76.727275
SLD_12723,Background,16.506272,73.505363
SLD_12724,Background,11.549954,76.483004
SLD_12725,Background,13.752316,74.986241
SLD_12726,Background,14.356409,74.566419
SLD_12727,Background,11.834844,75.453007
SLD_12728,Background,10.376805,77.039875
SLD_12729,Background,11.583815,76.562025
SLD_12730,Background,13.725795,75.26023
SLD_12731,Background,10.828427,76.795771
SLD_12732,Background,15.972696,74.163574
SLD_12733,Background,16.382,74.167168
SLD_12734,Background,9.958087,77.519842
SLD_12735,Background,15.713373,74.234625
SLD_12736,Background,16.150176,74.610696
SLD_12737,Background,10.033035,76.79096
SLD_12738,Background,12.933687,76.178457
SLD_12739,Background,18.994996,73.352691
SLD_12740,Background,16.468352,73.79611
SLD_12741,Background,10.148128,77.315918
SLD_12742,Background,9.384776,77.674292
SLD_12743,Background,10.619027,77.478565
SLD_12744,Background,14.2893,75.29075
SLD_12745,Background,15.705051,73.801521
SLD_12746,Background,11.210833,76.096328
SLD_12747,Background,17.718755,73.849631
SLD_12748,Background,14.598303,75.468426
SLD_12749,Background,11.340334,76.885077
SLD_12750,Background,10.881393,77.13627
SLD_12751,Background,11.62224,75.709848
SLD_12752,Background,13.698793,75.493078
SLD_12753,Background,18.029841,73.519079
SLD_12754,Background,15.633444,74.320838
SLD_12755,Background,17.67364,73.659721
SLD_12756,Background,13.148023,75.59448
SLD_12757,Background,16.445753,74.370867
SLD_12758,Background,11.242817,76.6006
SLD_12759,Background,18.344114,72.969909
SLD_12760,Background,8.784405,77.104718
SLD_12761,Background,14.622379,74.334628
SLD_12762,Background,17.223362,73.838975
SLD_12763,Background,9.584593,77.21701
SLD_12764,Background,11.997653,76.806708
SLD_12765,Background,9.029812,77.318805
SLD_12766,Background,13.604206,75.106845
SLD_12767,Background,17.987311,74.00608
SLD_12768,Background,16.712716,73.870483
SLD_12769,Background,12.026859,76.701066
SLD_12770,Background,9.111715,76.915184
SLD_12771,Background,15.713571,73.817572
SLD_12772,Background,12.89942,75.064918
SLD_12773,Background,18.325049,73.700617
SLD_12774,Background,11.152839,76.978169
SLD_12775,Background,17.96982,73.86482
SLD_12776,Background,15.759906,73.813899
SLD_12777,Background,11.746239,75.752296
SLD_12778,Background,18.257519,73.625487
SLD_12779,Background,10.562538,77.720966
SLD_12780,Background,10.071004,76.467148
SLD_12781,Background,10.813149,76.405543
SLD_12782,Background,8.883411,77.420862
SLD_12783,Background,8.859842,76.722221
SLD_12784,Background,16.231076,74.162462
SLD_12785,Background,13.46979,75.356488
SLD_12786,Background,11.494815,77.151006
SLD_12787,Background,13.48208,75.014946
SLD_12788,Background,11.706716,76.797177
SLD_12789,Background,10.466469,77.584493
SLD_12790,Background,8.829636,77.648563
SLD_12791,Background,12.230301,76.419108
SLD_12792,Background,13.402525,75.092534
SLD_12793,Background,17.609601,73.814177
SLD_12794,Background,17.001723,73.854036
SLD_12795,Background,18.728452,74.03384
SLD_12796,Background,11.101248,76.264161
SLD_12797,Background,14.306317,74.429544
SLD_12798,Background,10.062015,76.882876
SLD_12799,Background,11.661908,76.890964
SLD_12800,Background,12.496396,75.26388
SLD_12801,Background,13.323111,75.260214
SLD_12802,Background,14.893573,74.914196
SLD_12803,Background,13.879748,75.539843
SLD_12804,Background,14.269935,74.485805
SLD_12805,Background,11.006896,77.485689
SLD_12806,Background,10.855639,76.084847
SLD_12807,Background,9.60723,77.027756
SLD_12808,Background,10.883787,76.438954
SLD_12809,Background,16.596841,74.153918
SLD_12810,Background,15.578303,74.900062
SLD_12811,Background,16.448131,73.661094
SLD_12812,Background,9.500461,76.541485
SLD_12813,Background,9.844955,76.445215
SLD_12814,Background,18.644084,73.315667
SLD_12815,Background,14.882976,75.1947
SLD_12816,Background,17.207103,74.007715
SLD_12817,Background,15.081266,75.248703
SLD_12818,Background,10.860491,77.303171
SLD_12819,Background,13.442283,75.464418
SLD_12820,Background,15.079697,74.709367
SLD_12821,Background,10.643234,76.952868
SLD_12822,Background,10.522295,76.119391
SLD_12823,Background,15.949093,74.36388
SLD_12824,Background,9.287204,77.300222
SLD_12825,Background,15.036212,74.364489
SLD_12826,Background,13.822966,75.273796
SLD_12827,Background,13.741916,75.804184
SLD_12828,Background,14.956083,75.203314
SLD_12829,Background,12.937478,75.368665
SLD_12830,Background,16.84328,73.655029
SLD_12831,Background,13.287542,75.60131
SLD_12832,Background,9.518474,76.699825
SLD_12833,Background,14.60834,74.430512
SLD_12834,Background,11.57499,76.164712
SLD_12835,Background,16.855186,74.097568
SLD_12836,Background,9.46967,77.155964
SLD_12837,Background,10.744528,76.914787
SLD_12838,Background,8.321972,77.328036
SLD_12839,Background,16.338626,74.414467
SLD_12840,Background,12.994458,75.237111
SLD_12841,Background,16.68971,73.398775
SLD_12842,Background,15.461255,74.833062
SLD_12843,Background,10.246826,77.31875
SLD_12844,Background,11.084553,75.92591
SLD_12845,Background,10.423385,77.467973
SLD_12846,Background,18.76163,74.041938
SLD_12847,Background,16.145206,73.74335
SLD_12848,Background,11.577581,75.65379
SLD_12849,Background,10.009585,76.715669
SLD_12850,Background,12.472157,75.233114
SLD_12851,Background,10.623372,76.383362
SLD_12852,Background,10.268134,77.000672
SLD_12853,Background,11.487994,76.749656
SLD_12854,Background,15.579275,74.675395
SLD_12855,Background,12.116708,76.570006
SLD_12856,Background,11.2571,76.792376
SLD_12857,Background,9.283705,76.879275
SLD_12858,Background,16.125867,73.995415
SLD_12859,Background,13.412554,75.396093
SLD_12860,Background,15.707291,74.772658
SLD_12861,Background,12.99493,74.956595
SLD_12862,Background,9.746621,76.481453
SLD_12863,Background,11.673621,76.052608
SLD_12864,Background,10.271112,77.696258
SLD_12865,Background,15.044263,75.110158
SLD_12866,Background,10.388829,76.844172
SLD_12867,Background,10.906833,77.2441
SLD_12868,Background,9.358266,76.483675
SLD_12869,Background,15.624126,74.3127
SLD_12870,Background,12.724448,76.268746
SLD_12871,Background,14.937794,74.660308
SLD_12872,Background,13.432497,75.491332
SLD_12873,Background,18.641497,73.697532
SLD_12874,Background,11.862314,76.66553
SLD_12875,Background,11.160013,75.920055
SLD_12876,Background,9.51087,77.389522
SLD_12877,Background,15.773904,73.766079
SLD_12878,Background,9.145113,77.388162
SLD_12879,Background,15.543468,74.327629
SLD_12880,Background,11.599509,76.15935
SLD_12881,Background,9.330112,77.229171
SLD_12882,Background,15.932367,73.604149
SLD_12883,Background,11.108051,76.703144
SLD_12884,Background,10.700068,76.250886
SLD_12885,Background,14.050861,75.545976
SLD_12886,Background,10.309997,77.348813
SLD_12887,Background,9.838168,77.21346
SLD_12888,Background,15.067132,74.942792
SLD_12889,Background,14.285881,74.573288
SLD_12890,Background,8.739608,77.413782
SLD_12891,Background,11.288559,76.205785
SLD_12892,Background,14.226983,75.065251
SLD_12893,Background,18.164578,74.107148
SLD_12894,Background,11.967965,76.067458
SLD_12895,Background,9.641787,76.508234
SLD_12896,Background,18.290638,73.36504
SLD_12897,Background,8.770821,77.021288
SLD_12898,Background,15.645325,73.717657
SLD_12899,Background,8.971388,76.789787
SLD_12900,Background,9.967754,77.387502
SLD_12901,Background,14.177099,75.066777
SLD_12902,Background,9.859104,76.481709
SLD_12903,Background,12.939942,75.620782
SLD_12904,Background,10.393374,76.87956
SLD_12905,Background,9.423135,76.981347
SLD_12906,Background,12.44154,76.08627
SLD_12907,Background,11.377015,76.316844
SLD_12908,Background,13.351083,75.401401
SLD_12909,Background,14.72262,74.342732
SLD_12910,Background,16.222018,74.207922
SLD_12911,Background,15.501071,74.892015
SLD_12912,Background,12.853525,75.30239
SLD_12913,Background,8.924961,76.917113
SLD_12914,Background,16.664418,73.833498
SLD_12915,Background,18.758632,73.460416
SLD_12916,Background,14.866538,74.461978
SLD_12917,Background,13.546909,74.997327
SLD_12918,Background,15.119013,74.675816
SLD_12919,Background,11.764535,76.552693
SLD_12920,Background,10.794769,76.207818
SLD_12921,Background,10.110123,76.977108
SLD_12922,Background,12.41174,76.262337
SLD_12923,Background,12.402538,76.262591
SLD_12924,Background,18.618952,72.956728
SLD_12925,Background,14.812709,74.638087
SLD_12926,Background,16.879686,74.190249
SLD_12927,Background,13.161635,74.984173
SLD_12928,Background,15.968569,73.816907
SLD_12929,Background,15.352162,74.577318
SLD_12930,Background,15.798136,74.50464
SLD_12931,Background,17.565708,74.050939
SLD_12932,Background,13.560115,75.696296
SLD_12933,Background,15.287748,75.125037
SLD_12934,Background,18.991498,73.619142
SLD_12935,Background,12.901549,75.653658
SLD_12936,Background,18.31754,73.395579
SLD_12937,Background,9.468373,76.923876
SLD_12938,Background,10.947633,76.483576
SLD_12939,Background,18.544731,73.175616
SLD_12940,Background,10.468252,76.58028
SLD_12941,Background,10.939962,77.560454
SLD_12942,Background,15.293663,75.094214
SLD_12943,Background,11.712653,76.337211
SLD_12944,Background,11.427305,77.16814
SLD_12945,Background,18.822704,73.405162
SLD_12946,Background,12.586367,76.363568
SLD_12947,Background,11.162781,76.312474
SLD_12948,Background,12.06553,76.725543
SLD_12949,Background,13.006713,74.879541
SLD_12950,Background,14.953492,75.263311
SLD_12951,Background,9.719883,77.659974
SLD_12952,Background,13.174333,75.86312
SLD_12953,Background,19.309922,74.017074
SLD_12954,Background,12.022821,76.11463
SLD_12955,Background,14.959061,74.177834
SLD_12956,Background,18.216331,73.624568
SLD_12957,Background,8.674697,77.413297
SLD_12958,Background,15.689351,74.752116
SLD_12959,Background,18.779651,73.787923
SLD_12960,Background,9.758593,77.460814
SLD_12961,Background,10.208632,76.24738
SLD_12962,Background,15.33281,75.035418
SLD_12963,Background,10.753485,76.250703
SLD_12964,Background,11.80644,76.910117
SLD_12965,Background,10.123393,77.200465
SLD_12966,Background,10.80135,76.657512
SLD_12967,Background,13.100228,75.586743
SLD_12968,Background,9.978187,76.796717
SLD_12969,Background,14.589006,75.141854
SLD_12970,Background,12.461176,76.468548
SLD_12971,Background,17.419709,74.092436
SLD_12972,Background,9.657549,76.423316
SLD_12973,Background,10.961434,76.905081
SLD_12974,Background,16.478874,73.383866
SLD_12975,Background,10.268047,76.289518
SLD_12976,Background,14.767126,74.774833
SLD_12977,Background,14.127802,74.606735
SLD_12978,Background,16.094643,74.533079
SLD_12979,Background,9.494898,77.510619
SLD_12980,Background,16.451835,74.451427
SLD_12981,Background,18.35551,73.133862
SLD_12982,Background,11.687776,75.864222
SLD_12983,Background,18.122494,73.621675
SLD_12984,Background,9.161322,77.046614
SLD_12985,Background,16.112241,74.016896
SLD_12986,Background,13.705223,75.825333
SLD_12987,Background,14.70408,74.970133
SLD_12988,Background,8.94412,76.728203
SLD_12989,Background,10.412327,76.504051
SLD_12990,Background,17.019318,74.119213
SLD_12991,Background,16.384513,74.12715
SLD_12992,Background,18.013005,73.219301
SLD_12993,Background,16.333284,74.596348
SLD_12994,Background,11.37986,77.132794
SLD_12995,Background,12.575711,75.034748
SLD_12996,Background,12.261435,76.298016
SLD_12997,Background,17.674168,73.308257
SLD_12998,Background,15.346883,74.678917
SLD_12999,Background,18.998481,73.112964
SLD_13000,Background,18.876177,73.672702
SLD_13001,Background,12.78642,74.897248
SLD_13002,Background,16.991738,73.608417
SLD_13003,Background,11.598406,75.715948
SLD_13004,Background,17.566228,73.798689
SLD_13005,Background,12.865105,75.651512
SLD_13006,Background,15.837076,74.929308
SLD_13007,Background,14.924821,75.107101
SLD_13008,Background,11.85834,76.763607
SLD_13009,Background,11.621698,75.966752
SLD_13010,Background,16.080089,73.787471
SLD_13011,Background,15.686801,74.586491
SLD_13012,Background,16.990427,73.704335
SLD_13013,Background,12.881539,75.298209
SLD_13014,Background,9.701112,77.004971
SLD_13015,Background,18.027786,74.05427
SLD_13016,Background,9.257712,76.63561
SLD_13017,Background,9.738567,76.58111
SLD_13018,Background,9.894127,77.735443
SLD_13019,Background,12.92282,76.00767
SLD_13020,Background,18.052726,73.929336
SLD_13021,Background,18.115322,73.826919
SLD_13022,Background,17.143984,74.048668
SLD_13023,Background,13.38446,75.458835
SLD_13024,Background,14.124306,74.952431
SLD_13025,Background,9.362288,76.715507
SLD_13026,Background,14.169879,75.156488
SLD_13027,Background,18.758325,73.218496
SLD_13028,Background,17.806275,73.979313
SLD_13029,Background,8.81364,77.403673
SLD_13030,Background,9.36983,77.457282
SLD_13031,Background,14.166583,75.323729
SLD_13032,Background,10.686787,77.522558
SLD_13033,Background,9.277466,76.601984
SLD_13034,Background,11.710553,76.778245
SLD_13035,Background,10.149139,77.81972
SLD_13036,Background,9.555807,76.815439
SLD_13037,Background,13.158578,75.834599
SLD_13038,Background,17.675267,74.003333
SLD_13039,Background,16.008825,73.775385
SLD_13040,Background,9.320678,76.899484
SLD_13041,Background,18.563019,73.15754
SLD_13042,Background,10.132695,77.658163
SLD_13043,Background,14.838928,74.795373
SLD_13044,Background,18.835995,73.444072
SLD_13045,Background,13.238397,74.884301
SLD_13046,Background,12.884275,74.845503
SLD_13047,Background,9.392966,76.532598
SLD_13048,Background,11.788374,75.838559
SLD_13049,Background,17.578367,73.959323
SLD_13050,Background,10.909311,76.2818
SLD_13051,Background,14.758399,74.975247
SLD_13052,Background,17.284637,73.701015
SLD_13053,Background,10.273133,76.880007
SLD_13054,Background,14.432787,74.830974
SLD_13055,Background,12.464994,76.086822
SLD_13056,Background,16.459247,73.367007
SLD_13057,Background,12.958437,75.428335
SLD_13058,Background,17.329763,73.457405
SLD_13059,Background,17.292091,73.386093
SLD_13060,Background,16.115426,74.602388
SLD_13061,Background,15.178488,74.325756
SLD_13062,Background,10.831813,77.426244
SLD_13063,Background,13.798175,75.019111
SLD_13064,Background,13.596103,75.091257
SLD_13065,Background,11.822858,76.935966
SLD_13066,Background,10.838839,77.511963
SLD_13067,Background,13.941568,75.15358
SLD_13068,Background,18.038201,73.506067
SLD_13069,Background,11.109758,76.630039
SLD_13070,Background,8.842587,77.254921
SLD_13071,Background,11.7577,76.447154
SLD_13072,Background,18.942095,73.90464
SLD_13073,Background,14.957666,75.04826
SLD_13074,Background,15.726051,73.869934
SLD_13075,Background,13.131671,75.57532
SLD_13076,Background,11.039384,76.390192
SLD_13077,Background,15.387226,74.426157
SLD_13078,Background,14.470357,74.893005
SLD_13079,Background,16.694246,74.321736
SLD_13080,Background,11.579117,76.353508
SLD_13081,Background,15.463691,74.90842
SLD_13082,Background,16.386423,74.558856
SLD_13083,Background,11.281165,77.083967
SLD_13084,Background,16.6351,74.446717
SLD_13085,Background,14.306524,74.810659
SLD_13086,Background,17.992143,73.497457
SLD_13087,Background,11.929076,76.586015
SLD_13088,Background,11.410789,76.162758
SLD_13089,Background,17.667591,73.936495
SLD_13090,Background,10.268562,77.069255
SLD_13091,Background,11.450099,76.54672
SLD_13092,Background,18.311202,73.663572
SLD_13093,Background,11.164498,75.857424
SLD_13094,Background,18.192689,73.868853
SLD_13095,Background,12.685232,75.246665
SLD_13096,Background,9.17236,76.999562
SLD_13097,Background,10.78187,75.982792
SLD_13098,Background,14.001148,75.687868
SLD_13099,Background,15.546267,74.980308
SLD_13100,Background,17.366356,73.819634
SLD_13101,Background,8.71869,77.217416
SLD_13102,Background,12.493514,76.022629
SLD_13103,Background,9.774491,77.237468
SLD_13104,Background,17.752383,73.669868
SLD_13105,Background,13.728414,74.871668
SLD_13106,Background,10.453455,77.137222
SLD_13107,Background,10.042052,77.660489
SLD_13108,Background,18.067587,73.468171
SLD_13109,Background,9.428698,76.900143
SLD_13110,Background,10.783394,75.971671
SLD_13111,Background,15.582304,74.464639
SLD_13112,Background,8.62884,77.262975
SLD_13113,Background,12.555644,76.445996
SLD_13114,Background,10.755779,77.647127
SLD_13115,Background,9.877929,76.624014
SLD_13116,Background,9.785734,76.822882
SLD_13117,Background,16.626593,73.430993
SLD_13118,Background,11.127843,76.942273
SLD_13119,Background,14.936147,75.326567
SLD_13120,Background,9.011794,77.747911
SLD_13121,Background,8.394735,77.045769
SLD_13122,Background,9.264017,77.145248
SLD_13123,Background,9.466906,77.500234
SLD_13124,Background,12.916538,75.892817
SLD_13125,Background,9.943735,77.695397
SLD_13126,Background,12.42832,76.469087
SLD_13127,Background,16.414097,74.604273
SLD_13128,Background,14.48238,74.514165
SLD_13129,Background,15.313772,74.008386
SLD_13130,Background,19.482527,74.002449
SLD_13131,Background,11.986217,76.674021
SLD_13132,Background,15.681321,73.733587
SLD_13133,Background,12.742504,74.884345
SLD_13134,Background,11.189103,77.343887
SLD_13135,Background,13.088627,75.843489
SLD_13136,Background,15.758871,74.108541
SLD_13137,Background,13.470615,75.652405
SLD_13138,Background,11.467973,75.749516
SLD_13139,Background,14.521864,75.143001
SLD_13140,Background,9.843247,76.535283
SLD_13141,Background,16.763358,74.167515
SLD_13142,Background,14.699676,74.368913
SLD_13143,Background,18.728788,73.132877
SLD_13144,Background,15.81932,74.721655
SLD_13145,Background,10.039779,77.836057
SLD_13146,Background,8.714418,77.402757
SLD_13147,Background,9.283534,76.492689
SLD_13148,Background,13.224367,75.081819
SLD_13149,Background,16.008482,74.636786
SLD_13150,Background,17.151171,73.474436
SLD_13151,Background,12.400878,76.059316
SLD_13152,Background,8.566241,77.094426
SLD_13153,Background,12.025489,76.283744
SLD_13154,Background,14.165179,75.386565
SLD_13155,Background,15.585932,74.932246
SLD_13156,Background,16.323179,73.740379
SLD_13157,Background,10.872191,76.70954
SLD_13158,Background,16.351769,73.952591
SLD_13159,Background,9.286268,77.347085
SLD_13160,Background,13.742118,75.348527
SLD_13161,Background,8.881501,77.41121
SLD_13162,Background,12.907114,75.709264
SLD_13163,Background,10.860044,76.591513
SLD_13164,Background,17.611411,73.847116
SLD_13165,Background,13.449341,75.80786
SLD_13166,Background,15.73176,74.73424
SLD_13167,Background,14.168901,74.906473
SLD_13168,Background,15.486682,74.337107
SLD_13169,Background,10.351648,76.522529
SLD_13170,Background,10.595925,77.180166
SLD_13171,Background,9.03538,76.740259
SLD_13172,Background,8.717525,76.88901
SLD_13173,Background,15.552586,73.785492
SLD_13174,Background,16.099097,74.368354
SLD_13175,Background,16.623875,74.087167
SLD_13176,Background,17.386439,73.712792
SLD_13177,Background,15.204108,74.00955
SLD_13178,Background,9.761271,76.739391
SLD_13179,Background,18.691638,73.855573
SLD_13180,Background,17.921599,74.039402
SLD_13181,Background,13.049796,75.432949
SLD_13182,Background,11.670905,76.414593
SLD_13183,Background,9.715984,76.79282
SLD_13184,Background,11.638888,76.343517
SLD_13185,Background,18.373725,73.611428
SLD_13186,Background,11.408626,76.000435
SLD_13187,Background,14.434005,74.61164
SLD_13188,Background,10.542285,77.005051
SLD_13189,Background,17.127065,73.900274
SLD_13190,Background,14.009915,75.316293
SLD_13191,Background,14.820644,75.396751
SLD_13192,Background,18.111108,73.583477
SLD_13193,Background,12.584032,76.121302
SLD_13194,Background,10.841465,77.632918
SLD_13195,Background,17.175255,73.404591
SLD_13196,Background,11.810787,75.717237
SLD_13197,Background,15.36435,75.163377
SLD_13198,Background,13.984966,75.707768
SLD_13199,Background,10.88772,75.990661
SLD_13200,Background,13.413526,75.222412
SLD_13201,Background,17.406339,73.890575
SLD_13202,Background,9.127881,76.943902
SLD_13203,Background,13.159933,75.325603
SLD_13204,Background,13.128266,75.119664
SLD_13205,Background,9.250237,77.595343
SLD_13206,Background,11.36807,76.477199
SLD_13207,Background,15.826104,74.518088
SLD_13208,Background,15.676152,73.791806
SLD_13209,Background,11.854893,76.4931
SLD_13210,Background,11.388142,76.206346
SLD_13211,Background,13.002433,75.38805
SLD_13212,Background,9.59911,77.417476
SLD_13213,Background,18.264809,73.485018
SLD_13214,Background,12.626642,74.943819
SLD_13215,Background,10.260234,77.781127
SLD_13216,Background,16.421099,73.618703
SLD_13217,Background,15.098212,74.843111
SLD_13218,Background,12.299347,76.216594
SLD_13219,Background,13.678984,75.512458
SLD_13220,Background,16.920083,73.870939
SLD_13221,Background,11.031742,76.387966
SLD_13222,Background,10.744572,77.340395
SLD_13223,Background,17.204662,74.123085
SLD_13224,Background,14.34337,74.96762
SLD_13225,Background,15.0242,74.306055
SLD_13226,Background,14.613363,74.34418
SLD_13227,Background,15.317796,74.739061
SLD_13228,Background,16.038204,74.127214
SLD_13229,Background,18.692346,73.347986
SLD_13230,Background,14.426739,75.57836
SLD_13231,Background,16.670897,74.408372
SLD_13232,Background,11.438072,77.131239
SLD_13233,Background,9.693603,77.727528
SLD_13234,Background,15.903762,73.593662
SLD_13235,Background,17.082521,74.186637
SLD_13236,Background,15.943085,74.801885
SLD_13237,Background,11.155284,77.010173
SLD_13238,Background,16.648443,73.758511
SLD_13239,Background,16.915984,73.946095
SLD_13240,Background,17.685215,74.12644
SLD_13241,Background,17.183315,74.023539
SLD_13242,Background,11.887832,76.103465
SLD_13243,Background,15.566591,74.345517
SLD_13244,Background,10.690813,76.159703
SLD_13245,Background,9.772084,77.81934
SLD_13246,Background,13.168094,75.767457
SLD_13247,Background,10.167327,77.613686
SLD_13248,Background,13.821665,75.109126
SLD_13249,Background,17.977758,73.172487
SLD_13250,Background,18.564617,73.025116
SLD_13251,Background,8.852676,77.105159
SLD_13252,Background,15.522336,74.510404
SLD_13253,Background,11.25664,76.295816
SLD_13254,Background,15.615749,74.319524
SLD_13255,Background,13.958294,75.451173
SLD_13256,Background,18.053215,73.707484
SLD_13257,Background,12.447366,76.436402
SLD_13258,Background,18.697273,72.860905
SLD_13259,Background,14.146925,75.339029
SLD_13260,Background,8.885453,77.325522
SLD_13261,Background,17.76792,73.893222
SLD_13262,Background,13.611283,75.843582
SLD_13263,Background,14.836954,74.499143
SLD_13264,Background,9.607774,77.202903
SLD_13265,Background,17.285508,73.346916
SLD_13266,Background,11.431487,76.269955
SLD_13267,Background,14.357231,75.233001
SLD_13268,Background,11.366959,76.584865
SLD_13269,Background,14.24767,75.244222
SLD_13270,Background,10.744645,76.773981
SLD_13271,Background,13.318847,75.490877
SLD_13272,Background,10.591479,76.370351
SLD_13273,Background,12.656162,75.247112
SLD_13274,Background,11.268396,76.626064
SLD_13275,Background,16.893569,74.040226
SLD_13276,Background,13.402907,75.19324
SLD_13277,Background,9.843085,76.508253
SLD_13278,Background,15.737874,74.238365
SLD_13279,Background,9.871852,77.043559
SLD_13280,Background,13.045703,75.346716
SLD_13281,Background,14.175042,74.871528
SLD_13282,Background,14.6496,75.313891
SLD_13283,Background,9.233579,76.536927
SLD_13284,Background,8.862659,76.798676
SLD_13285,Background,10.277158,77.03622
SLD_13286,Background,14.51346,74.617967
SLD_13287,Background,17.125323,73.518433
SLD_13288,Background,10.376538,76.713587
SLD_13289,Background,17.051303,74.052816
SLD_13290,Background,13.502749,75.872739
SLD_13291,Background,12.088796,76.107511
SLD_13292,Background,9.452502,77.831467
SLD_13293,Background,18.080935,74.080369
SLD_13294,Background,12.818739,75.635466
SLD_13295,Background,16.878226,73.877026
SLD_13296,Background,10.521172,77.207985
SLD_13297,Background,14.068904,75.428999
SLD_13298,Background,11.61123,76.378126
SLD_13299,Background,17.558441,73.526907
SLD_13300,Background,9.93766,76.691904
SLD_13301,Background,17.638206,73.286253
SLD_13302,Background,13.134813,75.004725
SLD_13303,Background,11.191005,77.166653
SLD_13304,Background,13.429579,74.778321
SLD_13305,Background,13.259737,74.94405
SLD_13306,Background,12.619921,74.974525
SLD_13307,Background,16.553357,74.047324
SLD_13308,Background,9.441968,77.26536
SLD_13309,Background,12.411915,76.041718
SLD_13310,Background,14.948285,74.95617
SLD_13311,Background,12.055244,76.635036
SLD_13312,Background,16.82505,73.520704
SLD_13313,Background,15.429866,74.15823
SLD_13314,Background,9.156319,77.549168
SLD_13315,Background,16.577918,74.113221
SLD_13316,Background,16.31131,73.852585
SLD_13317,Background,8.702448,77.349609
SLD_13318,Background,9.089337,77.544991
SLD_13319,Background,17.732482,74.055146
SLD_13320,Background,17.454281,73.774794
SLD_13321,Background,15.284623,74.271706
SLD_13322,Background,13.030806,75.51212
SLD_13323,Background,16.08336,73.604633
SLD_13324,Background,13.656267,75.86375
SLD_13325,Background,9.553521,77.799133
SLD_13326,Background,11.28079,75.888668
SLD_13327,Background,13.025067,75.357609
SLD_13328,Background,17.8875,73.919656
SLD_13329,Background,9.838666,76.399072
SLD_13330,Background,12.713815,76.292329
SLD_13331,Background,14.30597,74.464446
SLD_13332,Background,11.469009,77.106761
SLD_13333,Background,17.76474,73.829776
SLD_13334,Background,16.81703,74.009542
SLD_13335,Background,18.280371,73.89016
SLD_13336,Background,11.171118,76.112187
SLD_13337,Background,8.980738,76.733705
SLD_13338,Background,18.983707,73.229851
SLD_13339,Background,11.031192,76.773947
SLD_13340,Background,15.238418,75.147956
SLD_13341,Background,14.465702,75.389871
SLD_13342,Background,11.598547,75.647912
SLD_13343,Background,10.012331,76.520231
SLD_13344,Background,18.171398,73.023624
SLD_13345,Background,11.25678,77.160817
SLD_13346,Background,17.702194,73.350585
SLD_13347,Background,17.750157,73.628127
SLD_13348,Background,14.818991,75.174291
SLD_13349,Background,15.616692,74.205288
SLD_13350,Background,14.013986,74.929122
SLD_13351,Background,15.505255,74.428342
SLD_13352,Background,15.51076,74.001089
SLD_13353,Background,15.30318,74.746333
SLD_13354,Background,18.076591,73.019607
SLD_13355,Background,8.602893,76.997841
SLD_13356,Background,9.157993,76.9766
SLD_13357,Background,14.679709,75.336729
SLD_13358,Background,10.123129,77.366363
SLD_13359,Background,10.596719,77.487584
SLD_13360,Background,17.851077,73.610694
SLD_13361,Background,15.0644,74.260081
SLD_13362,Background,14.961438,75.077777
SLD_13363,Background,13.388907,75.994752
SLD_13364,Background,17.762269,73.391297
SLD_13365,Background,9.239684,77.357035
SLD_13366,Background,18.452614,73.418899
SLD_13367,Background,15.864728,74.019156
SLD_13368,Background,18.185168,73.907776
SLD_13369,Background,9.519004,77.694818
SLD_13370,Background,15.559213,74.941039
SLD_13371,Background,14.527363,74.898366
SLD_13372,Background,14.409263,74.744699
SLD_13373,Background,12.931627,75.875285
SLD_13374,Background,11.828885,76.130145
SLD_13375,Background,15.513851,74.691174
SLD_13376,Background,14.810354,74.255078
SLD_13377,Background,12.708859,76.246609
SLD_13378,Background,15.784142,74.950624
SLD_13379,Background,18.32851,73.333166
SLD_13380,Background,12.938803,76.079934
SLD_13381,Background,15.166634,75.221466
SLD_13382,Background,11.289152,76.307771
SLD_13383,Background,16.201626,73.467083
SLD_13384,Background,14.606051,74.7338
SLD_13385,Background,17.904147,73.647936
SLD_13386,Background,18.369205,73.097929
SLD_13387,Background,13.811763,74.834905
SLD_13388,Background,16.956613,73.361849
SLD_13389,Background,9.533867,76.8515
SLD_13390,Background,17.770833,73.976012
SLD_13391,Background,16.832068,74.142855
SLD_13392,Background,10.234809,76.421133
SLD_13393,Background,11.890747,76.315496
SLD_13394,Background,18.779599,74.015306
SLD_13395,Background,14.276259,75.482369
SLD_13396,Background,11.34281,75.949894
SLD_13397,Background,13.305361,75.468884
SLD_13398,Background,12.381033,76.358165
SLD_13399,Background,10.559474,77.071953
SLD_13400,Background,14.91306,74.349732
SLD_13401,Background,11.251729,77.240853
SLD_13402,Background,11.479135,76.98987
SLD_13403,Background,13.593834,75.883639
SLD_13404,Background,8.778304,76.920161
SLD_13405,Background,16.014769,74.810615
SLD_13406,Background,17.734527,73.625738
SLD_13407,Background,13.93352,75.046589
SLD_13408,Background,16.364702,73.445077
SLD_13409,Background,15.406233,74.912669
SLD_13410,Background,14.457756,74.89353
SLD_13411,Background,17.187126,73.603665
SLD_13412,Background,15.550616,74.950472
SLD_13413,Background,13.055744,75.369735
SLD_13414,Background,16.908906,74.027401
SLD_13415,Background,8.813593,76.96337
SLD_13416,Background,9.909986,77.377145
SLD_13417,Background,18.086906,73.008938
SLD_13418,Background,12.316908,76.037299
SLD_13419,Background,11.125625,76.357656
SLD_13420,Background,18.218533,73.170289
SLD_13421,Background,18.920445,73.704157
SLD_13422,Background,14.958828,74.400156
SLD_13423,Background,11.116231,76.54353
SLD_13424,Background,11.791068,76.012344
SLD_13425,Background,16.887763,73.434166
SLD_13426,Background,16.97597,74.053575
SLD_13427,Background,14.836344,75.160075
SLD_13428,Background,16.05425,73.847726
SLD_13429,Background,11.649198,75.651592
SLD_13430,Background,11.353232,76.494445
SLD_13431,Background,13.084627,76.140252
SLD_13432,Background,11.181814,77.389243
SLD_13433,Background,13.076828,74.932435
SLD_13434,Background,14.538177,74.700393
SLD_13435,Background,14.246756,75.136238
SLD_13436,Background,9.287096,77.630035
SLD_13437,Background,10.21616,77.571525
SLD_13438,Background,10.966963,77.428107
SLD_13439,Background,18.407436,73.38779
SLD_13440,Background,14.789126,75.441443
SLD_13441,Background,10.715404,75.990639
SLD_13442,Background,13.865751,75.830555
SLD_13443,Background,9.008422,77.633576
SLD_13444,Background,15.72844,74.565515
SLD_13445,Background,9.812717,76.530049
SLD_13446,Background,10.470043,77.152415
SLD_13447,Background,18.636507,73.722724
SLD_13448,Background,15.231351,74.844571
SLD_13449,Background,10.584465,77.297654
SLD_13450,Background,17.422797,73.484725
SLD_13451,Background,10.815499,76.206818
SLD_13452,Background,11.189644,76.909016
SLD_13453,Background,17.298454,73.223285
SLD_13454,Background,11.459383,76.869716
SLD_13455,Background,8.674465,77.382879
SLD_13456,Background,16.164229,74.662493
SLD_13457,Background,12.847243,76.288136
SLD_13458,Background,15.359812,74.05485
SLD_13459,Background,14.29491,75.399045
SLD_13460,Background,13.053322,75.215896
SLD_13461,Background,10.32056,77.420743
SLD_13462,Background,17.697362,73.214286
SLD_13463,Background,14.132726,75.048706
SLD_13464,Background,14.087833,75.373107
SLD_13465,Background,9.661095,76.608251
SLD_13466,Background,16.514574,73.34736
SLD_13467,Background,15.53108,74.298438
SLD_13468,Background,17.794699,73.678755
SLD_13469,Background,10.758484,76.238168
SLD_13470,Background,11.746068,75.502095
SLD_13471,Background,13.000971,76.04375
SLD_13472,Background,12.721064,75.661621
SLD_13473,Background,14.962676,74.458181
SLD_13474,Background,10.554993,77.571018
SLD_13475,Background,15.532302,74.503631
SLD_13476,Background,12.987223,74.948635
SLD_13477,Background,9.785048,77.920652
SLD_13478,Background,9.607887,77.806151
SLD_13479,Background,9.05294,77.310552
SLD_13480,Background,18.650241,73.626019
SLD_13481,Background,12.910289,75.140581
SLD_13482,Background,16.648968,73.688006
SLD_13483,Background,9.525611,76.872082
SLD_13484,Background,9.187915,77.008512
SLD_13485,Background,16.299836,73.750079
SLD_13486,Background,16.811778,73.703008
SLD_13487,Background,14.493188,75.538945
SLD_13488,Background,11.792174,76.123861
SLD_13489,Background,14.175081,75.452133
SLD_13490,Background,16.774065,73.524889
SLD_13491,Background,10.984918,76.075654
SLD_13492,Background,9.116913,77.782442
SLD_13493,Background,15.152039,73.96809
SLD_13494,Background,14.16608,75.213876
SLD_13495,Background,11.036941,77.536836
SLD_13496,Background,16.325725,73.522146
SLD_13497,Background,15.455696,74.385737
SLD_13498,Background,17.928451,73.679151
SLD_13499,Background,15.784294,74.301859
SLD_13500,Background,10.693873,77.683316
SLD_13501,Background,9.993274,77.148187
SLD_13502,Background,10.655418,77.314551
SLD_13503,Background,15.923543,73.846685
SLD_13504,Background,8.963839,76.840514
SLD_13505,Background,16.929878,74.105977
SLD_13506,Background,9.234045,76.875229
SLD_13507,Background,13.623951,75.911301
SLD_13508,Background,9.672116,77.199186
SLD_13509,Background,17.759733,73.464413
SLD_13510,Background,8.915321,77.302215
SLD_13511,Background,13.16482,74.963505
SLD_13512,Background,18.353901,73.285518
SLD_13513,Background,9.554224,77.78843
SLD_13514,Background,13.743931,75.875699
SLD_13515,Background,13.511663,75.240452
SLD_13516,Background,16.498428,73.667228
SLD_13517,Background,10.751153,77.769561
SLD_13518,Background,10.73167,76.420705
SLD_13519,Background,12.290712,76.017216
SLD_13520,Background,16.300389,73.652029
SLD_13521,Background,11.158229,76.322916
SLD_13522,Background,11.605988,76.765051
SLD_13523,Background,17.1223,73.643066
SLD_13524,Background,18.428228,74.112863
SLD_13525,Background,13.741184,75.312596
SLD_13526,Background,12.445121,76.162152
SLD_13527,Background,17.153574,73.564082
SLD_13528,Background,10.725592,76.800336
SLD_13529,Background,9.143954,76.859589
SLD_13530,Background,14.160389,74.7681
SLD_13531,Background,12.338609,76.280368
SLD_13532,Background,16.123195,74.440303
SLD_13533,Background,13.82469,74.780838
SLD_13534,Background,10.37285,77.814544
SLD_13535,Background,10.287473,76.272526
SLD_13536,Background,11.35326,76.620189
SLD_13537,Background,16.091966,74.639928
SLD_13538,Background,14.254108,75.597298
SLD_13539,Background,18.05882,73.192224
SLD_13540,Background,17.358663,74.123846
SLD_13541,Background,9.093817,76.700698
SLD_13542,Background,13.490484,75.577513
SLD_13543,Background,18.743617,73.863278
SLD_13544,Background,11.772196,75.605822
SLD_13545,Background,15.177319,74.283558
SLD_13546,Background,10.893043,76.925536
SLD_13547,Background,13.161512,76.096547
SLD_13548,Background,11.754853,76.082278
SLD_13549,Background,17.936593,73.469517
SLD_13550,Background,12.908218,74.909498
SLD_13551,Background,14.75529,74.262199
SLD_13552,Background,17.206618,73.569464
SLD_13553,Background,15.193013,74.859503
SLD_13554,Background,13.600084,75.96405
SLD_13555,Background,9.545649,77.657399
SLD_13556,Background,15.263398,74.835683
SLD_13557,Background,9.297875,77.697595
SLD_13558,Background,12.856105,74.94824
SLD_13559,Background,10.136301,76.708451
SLD_13560,Background,14.433485,75.289585
SLD_13561,Background,15.044176,74.201298
SLD_13562,Background,15.594369,75.057586
SLD_13563,Background,17.305406,73.268131
SLD_13564,Background,13.606342,74.959076
SLD_13565,Background,15.06235,74.658742
SLD_13566,Background,18.937515,73.931951
SLD_13567,Background,16.969578,73.545917
SLD_13568,Background,8.632856,77.023171
SLD_13569,Background,9.587292,77.208023
SLD_13570,Background,17.282059,73.992016
SLD_13571,Background,15.671261,74.52399
SLD_13572,Background,13.552478,75.657934
SLD_13573,Background,18.907418,73.315688
SLD_13574,Background,14.149635,74.825386
SLD_13575,Background,16.220313,74.454854
SLD_13576,Background,18.357309,74.100534
SLD_13577,Background,16.050848,73.859729
SLD_13578,Background,11.109468,77.325956
SLD_13579,Background,10.68087,76.358625
SLD_13580,Background,15.59097,73.947167
SLD_13581,Background,12.15428,76.725551
SLD_13582,Background,11.30406,77.259002
SLD_13583,Background,9.903506,76.397614
SLD_13584,Background,11.72928,76.649493
SLD_13585,Background,10.02232,76.78912
SLD_13586,Background,13.64341,75.703422
SLD_13587,Background,8.478163,77.512541
SLD_13588,Background,16.812284,74.045809
SLD_13589,Background,17.248565,73.810072
SLD_13590,Background,11.818677,75.771676
SLD_13591,Background,9.279069,77.474709
SLD_13592,Background,9.786463,76.430793
SLD_13593,Background,18.938848,73.795489
SLD_13594,Background,18.78815,73.140171
SLD_13595,Background,17.618976,73.913295
SLD_13596,Background,13.717295,74.86199
SLD_13597,Background,13.727251,75.488504
SLD_13598,Background,11.423417,76.183041
SLD_13599,Background,14.714645,74.598003
SLD_13600,Background,9.049753,76.605049
SLD_13601,Background,9.448527,76.591813
SLD_13602,Background,14.798476,75.337291
SLD_13603,Background,13.262557,75.577343
SLD_13604,Background,14.662748,74.719718
SLD_13605,Background,15.29224,74.532256
SLD_13606,Background,11.263359,77.103928
SLD_13607,Background,10.417098,77.577968
SLD_13608,Background,17.76827,74.079398
SLD_13609,Background,10.379867,76.810808
SLD_13610,Background,10.625415,77.677872
SLD_13611,Background,12.010834,76.803055
SLD_13612,Background,15.890451,74.260929
SLD_13613,Background,16.753463,73.627066
SLD_13614,Background,10.446791,77.906269
SLD_13615,Background,11.323989,77.234303
SLD_13616,Background,14.000844,74.648763
SLD_13617,Background,9.971298,77.435728
SLD_13618,Background,8.525212,77.243762
SLD_13619,Background,14.388656,75.276853
SLD_13620,Background,13.772538,75.079846
SLD_13621,Background,10.996827,76.548651
SLD_13622,Background,13.340467,75.783751
SLD_13623,Background,14.542696,74.68066
SLD_13624,Background,18.797287,73.318553
SLD_13625,Background,9.139596,77.401293
SLD_13626,Background,9.267815,77.597644
SLD_13627,Background,18.480006,73.844285
SLD_13628,Background,14.684413,74.393449
SLD_13629,Background,9.306869,76.728064
SLD_13630,Background,9.050369,76.868177
SLD_13631,Background,10.087433,76.291105
SLD_13632,Background,17.251024,73.461135
SLD_13633,Background,18.939125,72.959932
SLD_13634,Background,18.711103,74.000311
SLD_13635,Background,10.38056,76.608398
SLD_13636,Background,15.537186,74.546403
SLD_13637,Background,14.445794,75.09771
SLD_13638,Background,8.428245,77.03344
SLD_13639,Background,18.909763,73.993434
SLD_13640,Background,13.169672,75.048091
SLD_13641,Background,8.584169,77.033382
SLD_13642,Background,10.864584,76.354434
SLD_13643,Background,16.493566,74.11834
SLD_13644,Background,9.722711,76.478497
SLD_13645,Background,14.751495,74.920454
SLD_13646,Background,8.678015,76.886446
SLD_13647,Background,12.41673,76.318799
SLD_13648,Background,9.939443,76.839192
SLD_13649,Background,11.611509,76.395352
SLD_13650,Background,11.409001,77.185067
SLD_13651,Background,10.679841,77.244715
SLD_13652,Background,11.686442,75.568066
SLD_13653,Background,13.446492,75.824275
SLD_13654,Background,13.885793,75.23453
SLD_13655,Background,10.418465,77.753484
SLD_13656,Background,15.033391,74.880497
SLD_13657,Background,12.101372,76.71064
SLD_13658,Background,13.059891,75.613249
SLD_13659,Background,9.37971,77.191679
SLD_13660,Background,10.883387,76.709978
SLD_13661,Background,18.982594,73.400776
SLD_13662,Background,8.336839,77.444991
SLD_13663,Background,18.853764,73.876666
SLD_13664,Background,16.105574,73.922831
SLD_13665,Background,13.764516,75.320654
SLD_13666,Background,15.650028,73.819142
SLD_13667,Background,13.772389,75.539991
SLD_13668,Background,11.595958,76.781866
SLD_13669,Background,16.526163,73.841265
SLD_13670,Background,17.073003,73.871249
SLD_13671,Background,16.354687,73.483572
SLD_13672,Background,13.494561,75.996054
SLD_13673,Background,13.652529,75.253072
SLD_13674,Background,13.715073,74.906787
SLD_13675,Background,10.132899,76.722589
SLD_13676,Background,15.598073,74.602177
SLD_13677,Background,12.816232,75.987073
SLD_13678,Background,18.56807,73.875315
SLD_13679,Background,15.125108,74.377542
SLD_13680,Background,9.530289,77.587039
SLD_13681,Background,14.481921,74.548621
SLD_13682,Background,17.60256,74.11373
SLD_13683,Background,10.669237,77.655231
SLD_13684,Background,9.833014,76.564557
SLD_13685,Background,11.760037,76.187863
SLD_13686,Background,16.409845,73.583017
SLD_13687,Background,9.421517,77.429266
SLD_13688,Background,10.896676,77.659591
SLD_13689,Background,15.154522,74.517473
SLD_13690,Background,16.482139,73.394303
SLD_13691,Background,8.825847,77.169449
SLD_13692,Background,17.07517,73.496407
SLD_13693,Background,9.750436,76.705752
SLD_13694,Background,18.356522,73.704602
SLD_13695,Background,10.431689,76.190738
SLD_13696,Background,9.856917,77.897125
SLD_13697,Background,16.173077,74.268884
SLD_13698,Background,9.29404,77.050956
SLD_13699,Background,9.108664,77.118769
SLD_13700,Background,12.074097,76.4982
SLD_13701,Background,16.642829,74.303453
SLD_13702,Background,14.257833,75.015832
SLD_13703,Background,13.1152,75.050287
SLD_13704,Background,12.52339,76.4222
SLD_13705,Background,16.363925,74.513402
SLD_13706,Background,9.443746,76.605869
SLD_13707,Background,9.261146,77.150112
SLD_13708,Background,18.610898,72.962594
SLD_13709,Background,12.200603,76.087446
SLD_13710,Background,11.236928,75.994433
SLD_13711,Background,18.785582,73.310584
SLD_13712,Background,12.150901,76.511096
SLD_13713,Background,15.761951,74.57898
SLD_13714,Background,10.078771,77.295571
SLD_13715,Background,13.929212,75.276577
SLD_13716,Background,17.049207,74.159357
SLD_13717,Background,13.484764,74.691177
SLD_13718,Background,9.433073,76.927434
SLD_13719,Background,10.41215,76.776681
SLD_13720,Background,12.724063,76.182149
SLD_13721,Background,10.727348,76.471792
SLD_13722,Background,10.790322,77.404649
SLD_13723,Background,9.963291,76.426073
SLD_13724,Background,12.833772,75.06801
SLD_13725,Background,10.233326,77.39283
SLD_13726,Background,12.622719,76.071574
SLD_13727,Background,11.101488,77.146285
SLD_13728,Background,9.762519,77.683094
SLD_13729,Background,14.040089,75.215126
SLD_13730,Background,18.998347,73.549775
SLD_13731,Background,17.946108,73.08068
SLD_13732,Background,11.049057,76.790277
SLD_13733,Background,11.254576,77.144908
SLD_13734,Background,17.232255,73.5466
SLD_13735,Background,16.978233,74.211614
SLD_13736,Background,18.562612,73.225348
SLD_13737,Background,8.466092,77.114353
SLD_13738,Background,13.350214,75.555166
SLD_13739,Background,15.967087,73.82583
SLD_13740,Background,13.093584,75.139923
SLD_13741,Background,9.160637,77.4553
SLD_13742,Background,11.919999,76.269314
SLD_13743,Background,8.672955,77.175844
SLD_13744,Background,15.394261,74.306724
SLD_13745,Background,9.622024,76.811655
SLD_13746,Background,9.493482,76.637186
SLD_13747,Background,10.656746,77.795615
SLD_13748,Background,16.555576,73.786841
SLD_13749,Background,9.407504,77.497639
SLD_13750,Background,9.245305,77.113147
SLD_13751,Background,13.31688,75.01424
SLD_13752,Background,12.771959,75.532564
SLD_13753,Background,17.289457,73.724976
SLD_13754,Background,10.092664,77.482019
SLD_13755,Background,9.178038,77.258616
SLD_13756,Background,16.428447,74.588735
SLD_13757,Background,14.135189,74.507646
SLD_13758,Background,17.248584,73.258214
SLD_13759,Background,9.907764,76.681878
SLD_13760,Background,9.629413,77.575982
SLD_13761,Background,11.594345,76.55868
SLD_13762,Background,10.82275,77.433345
SLD_13763,Background,12.520577,76.364185
SLD_13764,Background,9.361222,77.05437
SLD_13765,Background,9.238646,76.742508
SLD_13766,Background,11.437965,75.906238
SLD_13767,Background,10.091727,76.753737
SLD_13768,Background,9.16981,76.662891
SLD_13769,Background,14.318781,75.077259
SLD_13770,Background,18.709988,73.586955
SLD_13771,Background,11.859043,75.951852
SLD_13772,Background,16.859258,73.924147
SLD_13773,Background,12.490283,76.392988
SLD_13774,Background,14.991209,74.484179
SLD_13775,Background,16.574782,73.509632
SLD_13776,Background,18.089992,73.596508
SLD_13777,Background,15.481117,74.860343
SLD_13778,Background,14.323475,75.637234
SLD_13779,Background,12.868865,75.283119
SLD_13780,Background,10.356245,76.341489
SLD_13781,Background,12.550317,75.085613
SLD_13782,Background,15.636318,73.904342
SLD_13783,Background,18.514237,73.054547
SLD_13784,Background,14.270665,74.619659
SLD_13785,Background,17.711916,73.187853
SLD_13786,Background,16.049415,74.537788
SLD_13787,Background,11.32704,76.354971
SLD_13788,Background,14.1572,74.638914
SLD_13789,Background,11.220571,76.439527
SLD_13790,Background,13.185612,74.930478
SLD_13791,Background,15.900897,74.267327
SLD_13792,Background,10.621385,76.663567
SLD_13793,Background,10.527504,76.082622
SLD_13794,Background,13.584568,74.928392
SLD_13795,Background,16.070324,74.509707
SLD_13796,Background,13.396929,75.040079
SLD_13797,Background,13.098452,75.066428
SLD_13798,Background,15.890391,74.149812
SLD_13799,Background,8.810257,77.097817
SLD_13800,Background,9.639064,76.759298
SLD_13801,Background,9.563792,77.239662
SLD_13802,Background,14.371381,74.795569
SLD_13803,Background,13.089664,75.024463
SLD_13804,Background,13.101666,75.070107
SLD_13805,Background,10.625238,76.772477
SLD_13806,Background,17.545066,73.571963
SLD_13807,Background,9.324424,77.403803
SLD_13808,Background,17.053814,73.830854
SLD_13809,Background,13.046228,75.496067
SLD_13810,Background,9.6674,76.767236
SLD_13811,Background,12.439846,76.227083
SLD_13812,Background,10.883212,77.504237
SLD_13813,Background,10.878487,77.197006
SLD_13814,Background,14.978587,74.316255
SLD_13815,Background,8.767191,77.475672
SLD_13816,Background,14.734776,74.915726
SLD_13817,Background,14.677779,74.786526
SLD_13818,Background,18.375739,74.072582
SLD_13819,Background,13.093488,75.685349
SLD_13820,Background,16.546745,74.199742
SLD_13821,Background,12.879601,75.498011
SLD_13822,Background,16.335162,73.833189
SLD_13823,Background,8.699169,77.404227
SLD_13824,Background,12.504489,76.501962
SLD_13825,Background,13.725661,74.870929
SLD_13826,Background,16.341788,74.077644
SLD_13827,Background,13.707518,75.890002
SLD_13828,Background,17.222305,73.840239
SLD_13829,Background,10.847838,76.102203
SLD_13830,Background,17.623793,73.595515
SLD_13831,Background,16.609318,74.042642
SLD_13832,Background,15.645409,74.345591
SLD_13833,Background,18.732153,73.043826
SLD_13834,Background,15.370087,74.543969
SLD_13835,Background,17.089095,73.715101
SLD_13836,Background,10.089359,76.595121
SLD_13837,Background,15.707793,74.579383
SLD_13838,Background,18.412973,73.112043
SLD_13839,Background,8.902937,77.586849
SLD_13840,Background,10.534988,76.91271
SLD_13841,Background,9.065232,77.496713
SLD_13842,Background,14.464599,75.149936
SLD_13843,Background,13.45872,75.042134
SLD_13844,Background,9.989453,76.538098
SLD_13845,Background,10.026168,77.60342
SLD_13846,Background,16.242869,74.303466
SLD_13847,Background,11.877153,75.455706
SLD_13848,Background,14.952428,74.864434
SLD_13849,Background,18.919336,73.284797
SLD_13850,Background,12.546023,75.021356
SLD_13851,Background,13.03908,75.787374
SLD_13852,Background,10.219103,77.213739
SLD_13853,Background,15.838807,74.206093
SLD_13854,Background,16.388757,73.649706
SLD_13855,Background,13.672689,75.182188
SLD_13856,Background,11.78834,75.474451
SLD_13857,Background,14.365348,74.674557
SLD_13858,Background,9.092252,76.916857
SLD_13859,Background,12.835973,75.188766
SLD_13860,Background,18.803724,73.657068
SLD_13861,Background,11.124277,75.85038
SLD_13862,Background,12.440848,75.171876
SLD_13863,Background,10.632139,76.794406
SLD_13864,Background,17.608478,73.794555
SLD_13865,Background,19.581354,74.010863
SLD_13866,Background,17.570014,73.282079
SLD_13867,Background,17.995266,73.723462
SLD_13868,Background,10.808377,77.064249
SLD_13869,Background,11.437938,75.78347
SLD_13870,Background,10.216131,77.396166
SLD_13871,Background,10.562005,77.102441
SLD_13872,Background,9.724057,77.346039
SLD_13873,Background,14.914942,74.50865
SLD_13874,Background,9.20838,77.158952
SLD_13875,Background,13.827201,75.102622
SLD_13876,Background,9.943224,76.461264
SLD_13877,Background,9.849087,76.484087
SLD_13878,Background,12.756611,75.964486
SLD_13879,Background,12.487369,76.078889
SLD_13880,Background,8.603549,77.572672
SLD_13881,Background,12.428276,76.527124
SLD_13882,Background,15.472858,75.040453
SLD_13883,Background,15.087795,74.742188
SLD_13884,Background,15.563545,74.61468
SLD_13885,Background,14.067217,75.148926
SLD_13886,Background,15.75457,73.754118
SLD_13887,Background,8.505088,77.323689
SLD_13888,Background,17.461552,74.068327
SLD_13889,Background,14.441029,75.277186
SLD_13890,Background,19.550892,74.029839
SLD_13891,Background,10.617901,76.410305
SLD_13892,Background,14.375212,75.233648
SLD_13893,Background,18.872906,73.327191
SLD_13894,Background,13.804292,74.750652
SLD_13895,Background,15.450057,75.003319
SLD_13896,Background,14.18606,74.544057
SLD_13897,Background,13.829529,75.427861
SLD_13898,Background,10.438847,77.256667
SLD_13899,Background,10.366633,76.201456
SLD_13900,Background,17.877677,73.278267
SLD_13901,Background,14.325187,75.433127
SLD_13902,Background,8.68075,77.158612
SLD_13903,Background,18.97809,73.446903
SLD_13904,Background,17.863341,73.866466
SLD_13905,Background,12.718131,75.341219
SLD_13906,Background,11.052111,77.243396
SLD_13907,Background,9.614753,77.396177
SLD_13908,Background,10.880807,76.127277
SLD_13909,Background,17.097434,73.997303
SLD_13910,Background,10.683299,76.919285
SLD_13911,Background,17.118132,74.212901
SLD_13912,Background,9.54476,76.541324
SLD_13913,Background,15.498344,74.112669
SLD_13914,Background,10.594951,76.202741
SLD_13915,Background,13.048359,75.988763
SLD_13916,Background,13.515047,75.077289
SLD_13917,Background,18.734289,73.091215
SLD_13918,Background,16.250801,74.341891
SLD_13919,Background,10.367331,77.359592
SLD_13920,Background,10.012436,76.571701
SLD_13921,Background,13.927647,75.830575
SLD_13922,Background,10.8737,77.262066
SLD_13923,Background,11.280794,76.219383
SLD_13924,Background,13.873429,75.442374
SLD_13925,Background,13.652583,75.077264
SLD_13926,Background,13.862353,75.717896
SLD_13927,Background,15.456118,75.124598
SLD_13928,Background,18.275851,73.378591
SLD_13929,Background,17.731864,74.145434
SLD_13930,Background,16.27585,74.545656
SLD_13931,Background,17.462619,74.100568
SLD_13932,Background,12.435107,76.149104
SLD_13933,Background,15.846139,74.238463
SLD_13934,Background,16.816029,73.891628
SLD_13935,Background,14.658393,75.380297
SLD_13936,Background,16.918338,74.280334
SLD_13937,Background,13.870335,75.248045
SLD_13938,Background,10.839316,77.7051
SLD_13939,Background,16.407428,74.07354
SLD_13940,Background,9.590899,77.458185
SLD_13941,Background,11.721624,76.225634
SLD_13942,Background,10.753713,77.3765
SLD_13943,Background,18.477581,73.082014
SLD_13944,Background,10.268874,76.573618
SLD_13945,Background,18.113413,73.920213
SLD_13946,Background,18.600842,73.214271
SLD_13947,Background,14.678563,75.24847
SLD_13948,Background,16.366876,74.265049
SLD_13949,Background,18.007434,74.123685
SLD_13950,Background,14.327767,75.586704
SLD_13951,Background,16.948017,73.960724
SLD_13952,Background,10.315606,76.294418
SLD_13953,Background,14.704905,75.195635
SLD_13954,Background,8.890449,77.265648
SLD_13955,Background,10.832475,76.434611
SLD_13956,Background,11.906429,76.116122
SLD_13957,Background,12.735138,75.784545
SLD_13958,Background,11.606384,76.558528
SLD_13959,Background,11.064553,77.191966
SLD_13960,Background,15.697718,73.7361
SLD_13961,Background,17.622602,74.139036
SLD_13962,Background,9.924889,77.610989
SLD_13963,Background,15.713051,74.089212
SLD_13964,Background,13.27183,74.871826
SLD_13965,Background,18.62291,73.092738
SLD_13966,Background,9.547404,76.589256
SLD_13967,Background,8.46921,77.62079
SLD_13968,Background,13.09139,75.721986
SLD_13969,Background,11.907015,76.317888
SLD_13970,Background,16.217076,74.682073
SLD_13971,Background,18.199177,73.283503
SLD_13972,Background,12.754405,75.536353
SLD_13973,Background,11.741537,76.632535
SLD_13974,Background,18.716624,73.610157
SLD_13975,Background,16.294045,73.571862
SLD_13976,Background,16.781799,73.499953
SLD_13977,Background,15.858509,73.657739
SLD_13978,Background,10.81778,76.912016
SLD_13979,Background,14.590191,75.440031
SLD_13980,Background,14.478226,74.513186
SLD_13981,Background,12.89745,76.210072
SLD_13982,Background,16.449476,73.901118
SLD_13983,Background,13.27048,75.565996
SLD_13984,Background,11.443065,77.150283
SLD_13985,Background,13.011377,74.887142
SLD_13986,Background,17.629298,73.361819
SLD_13987,Background,16.52761,73.707667
SLD_13988,Background,16.517429,73.874375
SLD_13989,Background,9.786386,76.93587
SLD_13990,Background,14.85292,75.15952
SLD_13991,Background,12.244705,76.133875
SLD_13992,Background,16.66788,73.421806
SLD_13993,Background,9.474255,77.179567
SLD_13994,Background,11.591649,76.924125
SLD_13995,Background,10.698048,77.537618
SLD_13996,Background,18.281291,73.637391
SLD_13997,Background,17.70273,73.646844
SLD_13998,Background,11.67531,75.622057
SLD_13999,Background,11.943638,76.43456
SLD_14000,Background,12.280898,76.663651
SLD_14001,Background,14.496979,75.268194
SLD_14002,Background,18.047464,73.970499
SLD_14003,Background,16.397334,73.648451
SLD_14004,Background,13.174291,74.864829
SLD_14005,Background,12.841826,75.069128
SLD_14006,Background,15.76004,74.704248
SLD_14007,Background,13.060966,75.621671
SLD_14008,Background,10.148129,77.495451
SLD_14009,Background,8.636227,77.669281
SLD_14010,Background,14.524115,75.146179
SLD_14011,Background,16.567767,74.474193
SLD_14012,Background,11.139935,77.258628
SLD_14013,Background,13.285192,75.23316
SLD_14014,Background,12.819639,75.246252
SLD_14015,Background,8.836624,77.337823
SLD_14016,Background,14.161473,75.318989
SLD_14017,Background,15.785071,74.013977
SLD_14018,Background,9.085159,76.53839
SLD_14019,Background,9.966929,76.788635
SLD_14020,Background,10.83096,76.520563
SLD_14021,Background,14.779404,74.384751
SLD_14022,Background,17.715489,73.556106
SLD_14023,Background,8.85165,77.459743
SLD_14024,Background,12.522045,75.196674
SLD_14025,Background,18.872543,73.765261
SLD_14026,Background,17.656885,73.212197
SLD_14027,Background,11.691062,75.970005
SLD_14028,Background,16.49387,73.701829
SLD_14029,Background,10.05177,77.881916
SLD_14030,Background,18.995629,73.842093
SLD_14031,Background,10.529133,76.435593
SLD_14032,Background,14.372167,74.981294
SLD_14033,Background,15.198276,74.020389
SLD_14034,Background,13.012575,75.622917
SLD_14035,Background,17.675957,74.038616
SLD_14036,Background,13.485702,75.670879
SLD_14037,Background,13.801096,75.876048
SLD_14038,Background,13.539093,74.866187
SLD_14039,Background,14.84529,74.654135
SLD_14040,Background,14.003522,75.446222
SLD_14041,Background,13.841592,75.412209
SLD_14042,Background,15.271296,74.289898
SLD_14043,Background,14.564216,75.397296
SLD_14044,Background,14.714602,75.316611
SLD_14045,Background,15.417064,74.429316
SLD_14046,Background,15.093322,74.874966
SLD_14047,Background,12.379416,76.582502
SLD_14048,Background,11.516719,76.771582
SLD_14049,Background,11.798913,76.805193
SLD_14050,Background,9.207225,77.731941
SLD_14051,Background,17.173908,74.143192
SLD_14052,Background,11.168583,76.216838
SLD_14053,Background,10.400837,77.634993
SLD_14054,Background,10.225261,77.408726
SLD_14055,Background,11.141931,77.429489
SLD_14056,Background,14.624401,75.165581
SLD_14057,Background,13.217253,75.471696
SLD_14058,Background,9.101812,77.697011
SLD_14059,Background,11.090834,76.920635
SLD_14060,Background,12.113354,76.033086
SLD_14061,Background,18.916346,73.111185
SLD_14062,Background,17.657102,73.37868
SLD_14063,Background,15.357492,74.830194
SLD_14064,Background,10.005893,76.593495
SLD_14065,Background,15.417558,74.194137
SLD_14066,Background,16.900949,73.308685
SLD_14067,Background,15.154551,74.968983
SLD_14068,Background,16.983354,74.164878
SLD_14069,Background,9.464358,77.776297
SLD_14070,Background,17.411999,74.005609
SLD_14071,Background,8.917531,77.283112
SLD_14072,Background,15.75863,74.8099
SLD_14073,Background,17.269704,74.101464
SLD_14074,Background,16.414353,74.548838
SLD_14075,Background,15.605598,74.700629
SLD_14076,Background,15.531947,73.858496
SLD_14077,Background,11.503834,76.466009
SLD_14078,Background,16.868298,73.929867
SLD_14079,Background,13.384037,75.521511
SLD_14080,Background,16.26636,73.562337
SLD_14081,Background,16.555271,74.143538
SLD_14082,Background,9.67276,77.712881
SLD_14083,Background,12.252095,76.38519
SLD_14084,Background,15.436167,74.38437
SLD_14085,Background,15.253976,74.105763
SLD_14086,Background,15.124904,74.936975
SLD_14087,Background,11.739379,76.693724
SLD_14088,Background,15.756932,73.897375
SLD_14089,Background,18.394911,73.725372
SLD_14090,Background,15.919914,74.065079
SLD_14091,Background,18.942714,72.949538
SLD_14092,Background,11.032167,76.469182
SLD_14093,Background,13.650666,75.465061
SLD_14094,Background,10.552908,76.242944
SLD_14095,Background,16.633745,74.026014
SLD_14096,Background,10.818014,76.350521
SLD_14097,Background,14.129956,75.529455
SLD_14098,Background,8.572175,77.559149
SLD_14099,Background,11.986594,76.576044
SLD_14100,Background,9.99953,77.428864
SLD_14101,Background,10.722726,77.249214
SLD_14102,Background,14.130616,74.765288
SLD_14103,Background,14.710317,74.465204
SLD_14104,Background,9.934977,77.436446
SLD_14105,Background,10.849039,77.368756
SLD_14106,Background,13.086942,76.032865
SLD_14107,Background,13.03221,75.949929
SLD_14108,Background,14.16219,75.592457
SLD_14109,Background,15.32539,74.180715
SLD_14110,Background,10.945114,76.421341
SLD_14111,Background,12.528056,76.365318
SLD_14112,Background,9.419205,77.590466
SLD_14113,Background,9.930394,77.365855
SLD_14114,Background,9.27437,77.605058
SLD_14115,Background,11.629615,76.210972
SLD_14116,Background,17.287791,73.443255
SLD_14117,Background,14.663691,74.972151
SLD_14118,Background,9.749345,76.704619
SLD_14119,Background,13.020219,75.101871
SLD_14120,Background,8.589766,76.915326
SLD_14121,Background,17.642692,73.47683
SLD_14122,Background,17.885134,73.695438
SLD_14123,Background,18.06431,73.540323
SLD_14124,Background,18.408758,74.055974
SLD_14125,Background,11.189458,76.038794
SLD_14126,Background,13.097085,75.695133
SLD_14127,Background,8.641104,77.662848
SLD_14128,Background,9.708929,76.943847
SLD_14129,Background,9.614756,76.575648
SLD_14130,Background,18.454305,73.949934
SLD_14131,Background,11.705342,76.492576
SLD_14132,Background,12.185776,76.163909
SLD_14133,Background,10.017334,77.590203
SLD_14134,Background,18.855846,73.215477
SLD_14135,Background,18.831422,73.421898
SLD_14136,Background,10.535232,76.228218
SLD_14137,Background,9.220481,77.194032
SLD_14138,Background,14.779633,75.317425
SLD_14139,Background,12.42937,76.198495
SLD_14140,Background,10.557427,77.906107
SLD_14141,Background,10.689918,77.767875
SLD_14142,Background,17.396918,73.732794
SLD_14143,Background,8.736452,77.057671
SLD_14144,Background,12.868805,75.371668
SLD_14145,Background,10.762279,77.400298
SLD_14146,Background,13.453777,75.016109
SLD_14147,Background,18.581399,73.550142
SLD_14148,Background,16.432297,74.229734
SLD_14149,Background,16.49523,73.421426
SLD_14150,Background,10.53816,76.901764
SLD_14151,Background,9.338543,76.572916
SLD_14152,Background,9.960307,77.480451
SLD_14153,Background,11.61258,75.718252
SLD_14154,Background,15.065855,74.451304
SLD_14155,Background,11.863895,75.916032
SLD_14156,Background,10.142904,76.264315
SLD_14157,Background,10.746818,77.65255
SLD_14158,Background,14.106009,75.721477
SLD_14159,Background,9.373289,77.186973
SLD_14160,Background,9.552998,77.122713
SLD_14161,Background,14.222946,75.391097
SLD_14162,Background,16.321792,73.988888
SLD_14163,Background,15.505296,74.132886
SLD_14164,Background,15.57599,73.802647
SLD_14165,Background,12.760441,75.804432
SLD_14166,Background,11.657773,75.891713
SLD_14167,Background,16.135269,73.891588
SLD_14168,Background,15.216376,75.240765
SLD_14169,Background,11.851264,75.841134
SLD_14170,Background,14.829858,75.189196
SLD_14171,Background,18.828869,73.833976
SLD_14172,Background,16.788423,74.242184
SLD_14173,Background,15.094023,74.676714
SLD_14174,Background,17.597617,74.124069
SLD_14175,Background,10.188071,77.871595
SLD_14176,Background,11.02411,76.178456
SLD_14177,Background,11.014081,76.386451
SLD_14178,Background,11.981099,76.277042
SLD_14179,Background,11.776666,75.537236
SLD_14180,Background,11.677998,76.747862
SLD_14181,Background,16.162677,74.02364
SLD_14182,Background,12.875334,74.963199
SLD_14183,Background,15.985696,74.320008
SLD_14184,Background,18.648523,73.390197
SLD_14185,Background,10.175485,76.367137
SLD_14186,Background,13.608245,75.942675
SLD_14187,Background,14.302521,75.106234
SLD_14188,Background,9.991268,76.683644
SLD_14189,Background,14.226423,74.702687
SLD_14190,Background,11.299923,76.949161
SLD_14191,Background,14.945862,74.155437
SLD_14192,Background,10.697912,77.566576
SLD_14193,Background,9.089892,77.699833
SLD_14194,Background,9.265663,76.522742
SLD_14195,Background,12.858048,75.50828
SLD_14196,Background,10.756429,76.088903
SLD_14197,Background,11.155322,76.366738
SLD_14198,Background,12.085624,76.314747
SLD_14199,Background,8.70898,76.866319
SLD_14200,Background,10.149492,77.182162
SLD_14201,Background,14.439289,74.557134
SLD_14202,Background,18.312528,72.972494
SLD_14203,Background,11.999703,75.832297
SLD_14204,Background,13.211141,75.750846
SLD_14205,Background,11.631054,75.634867
SLD_14206,Background,16.253886,73.655574
SLD_14207,Background,17.042854,73.942526
SLD_14208,Background,11.789584,75.849772
SLD_14209,Background,14.857282,75.416951
SLD_14210,Background,9.691257,77.821431
SLD_14211,Background,13.974654,74.695705
SLD_14212,Background,14.825177,75.07602
SLD_14213,Background,16.047482,74.671749
SLD_14214,Background,13.542733,75.491945
SLD_14215,Background,17.086957,73.65135
SLD_14216,Background,17.441459,73.236172
SLD_14217,Background,17.246211,74.011335
SLD_14218,Background,11.406051,76.9085
SLD_14219,Background,16.741196,74.16481
SLD_14220,Background,17.766058,73.597189
SLD_14221,Background,10.197318,77.1451
SLD_14222,Background,10.357881,77.827073
SLD_14223,Background,16.87378,74.332372
SLD_14224,Background,10.681874,76.417705
SLD_14225,Background,18.301046,73.159778
SLD_14226,Background,12.928965,76.04241
SLD_14227,Background,10.606492,76.404519
SLD_14228,Background,9.888391,77.458113
SLD_14229,Background,10.225135,77.878989
SLD_14230,Background,9.176538,77.293364
SLD_14231,Background,12.907044,75.824583
SLD_14232,Background,10.841087,77.044774
SLD_14233,Background,17.156344,73.961216
SLD_14234,Background,8.821316,77.402705
SLD_14235,Background,15.407613,74.896883
SLD_14236,Background,10.89257,76.12826
SLD_14237,Background,11.764982,76.284036
SLD_14238,Background,15.934405,73.545531
SLD_14239,Background,12.472203,76.175582
SLD_14240,Background,12.606788,75.132066
SLD_14241,Background,13.561173,75.690165
SLD_14242,Background,13.838813,75.60489
SLD_14243,Background,17.980161,73.902743
SLD_14244,Background,8.809192,76.776419
SLD_14245,Background,18.330906,72.970153
SLD_14246,Background,13.766637,74.746321
SLD_14247,Background,12.459974,76.265871
SLD_14248,Background,15.847841,73.773723
SLD_14249,Background,8.854311,77.242588
SLD_14250,Background,11.161193,75.854351
SLD_14251,Background,12.877668,76.169721
SLD_14252,Background,16.40617,73.403529
SLD_14253,Background,14.027357,74.985008
SLD_14254,Background,10.792905,77.562569
SLD_14255,Background,9.864226,76.681863
SLD_14256,Background,16.430802,74.409044
SLD_14257,Background,15.486899,74.150126
SLD_14258,Background,10.527675,77.647563
SLD_14259,Background,15.574009,74.179727
SLD_14260,Background,11.277423,76.720628
SLD_14261,Background,13.197687,75.637317
SLD_14262,Background,11.253083,76.465153
SLD_14263,Background,10.704005,77.252924
SLD_14264,Background,18.453029,73.217687
SLD_14265,Background,8.705339,77.049383
SLD_14266,Background,17.065306,73.896106
SLD_14267,Background,15.813861,74.321626
SLD_14268,Background,11.495751,76.513156
SLD_14269,Background,17.974502,73.446176
SLD_14270,Background,13.83776,74.818891
