ID,Land_Cover_Type,Land_Cover_QC
SLD00001,2.0,0.0
SLD00002,8.0,0.0
SLD00003,8.0,0.0
SLD00004,8.0,0.0
SLD00005,8.0,0.0
SLD00006,8.0,0.0
SLD00007,8.0,0.0
SLD00008,8.0,0.0
SLD00009,8.0,0.0
SLD00010,8.0,0.0
SLD00011,2.0,0.0
SLD00012,8.0,0.0
SLD00013,8.0,0.0
SLD00014,2.0,0.0
SLD00015,2.0,0.0
SLD00016,8.0,0.0
SLD00017,8.0,0.0
SLD00018,2.0,0.0
SLD00019,8.0,0.0
SLD00020,8.0,0.0
SLD00021,2.0,0.0
SLD00022,8.0,0.0
SLD00023,8.0,0.0
SLD00024,8.0,0.0
SLD00025,8.0,0.0
SLD00026,8.0,0.0
SLD00027,8.0,0.0
SLD00028,2.0,0.0
SLD00029,8.0,0.0
SLD00030,2.0,0.0
SLD00031,2.0,0.0
SLD00032,2.0,0.0
SLD00033,2.0,0.0
SLD00034,2.0,0.0
SLD00035,2.0,0.0
SLD00036,2.0,0.0
SLD00037,2.0,0.0
SLD00038,2.0,0.0
SLD00039,8.0,0.0
SLD00040,2.0,0.0
SLD00041,14.0,0.0
SLD00042,2.0,0.0
SLD00043,2.0,0.0
SLD00044,8.0,0.0
SLD00045,8.0,0.0
SLD00046,8.0,0.0
SLD00047,8.0,0.0
SLD00048,2.0,0.0
SLD00049,2.0,0.0
SLD00050,8.0,0.0
SLD00051,8.0,0.0
SLD00052,2.0,0.0
SLD00053,8.0,0.0
SLD00054,8.0,0.0
SLD00055,2.0,0.0
SLD00056,2.0,0.0
SLD00057,8.0,0.0
SLD00058,2.0,0.0
SLD00059,2.0,0.0
SLD00060,2.0,0.0
SLD00061,2.0,0.0
SLD00062,8.0,0.0
SLD00063,9.0,0.0
SLD00064,2.0,0.0
SLD00065,2.0,0.0
SLD00066,2.0,0.0
SLD00067,2.0,0.0
SLD00068,2.0,0.0
SLD00069,2.0,0.0
SLD00070,2.0,0.0
SLD00071,2.0,0.0
SLD00072,2.0,0.0
SLD00073,8.0,0.0
SLD00074,8.0,0.0
SLD00075,8.0,0.0
SLD00076,8.0,0.0
SLD00077,8.0,0.0
SLD00078,8.0,0.0
SLD00079,8.0,0.0
SLD00080,8.0,0.0
SLD00081,8.0,0.0
SLD00082,8.0,0.0
SLD00083,8.0,0.0
SLD00084,8.0,0.0
SLD00085,8.0,0.0
SLD00086,2.0,0.0
SLD00087,8.0,0.0
SLD00088,8.0,0.0
SLD00089,8.0,0.0
SLD00090,8.0,0.0
SLD00091,2.0,0.0
SLD00092,8.0,0.0
SLD00093,2.0,0.0
SLD00094,2.0,0.0
SLD00095,2.0,0.0
SLD00096,2.0,0.0
SLD00097,2.0,0.0
SLD00098,2.0,0.0
SLD00099,2.0,0.0
SLD00100,2.0,0.0
SLD00101,2.0,0.0
SLD00102,8.0,0.0
SLD00103,2.0,0.0
SLD00104,2.0,0.0
SLD00105,8.0,0.0
SLD00106,2.0,0.0
SLD00107,8.0,0.0
SLD00108,2.0,0.0
SLD00109,8.0,0.0
SLD00110,8.0,0.0
SLD00111,8.0,0.0
SLD00112,2.0,0.0
SLD00113,2.0,0.0
SLD00114,2.0,0.0
SLD00115,8.0,0.0
SLD00116,2.0,0.0
SLD00117,2.0,0.0
SLD00118,8.0,0.0
SLD00119,2.0,0.0
SLD00120,2.0,0.0
SLD00121,8.0,0.0
SLD00122,8.0,0.0
SLD00123,2.0,0.0
SLD00124,8.0,0.0
SLD00125,8.0,0.0
SLD00126,8.0,0.0
SLD00127,2.0,0.0
SLD00128,8.0,0.0
SLD00129,8.0,0.0
SLD00130,8.0,0.0
SLD00131,8.0,0.0
SLD00132,2.0,0.0
SLD00133,8.0,0.0
SLD00134,8.0,0.0
SLD00135,8.0,0.0
SLD00136,8.0,0.0
SLD00137,8.0,0.0
SLD00138,2.0,0.0
SLD00139,8.0,0.0
SLD00140,8.0,0.0
SLD00141,8.0,0.0
SLD00142,2.0,0.0
SLD00143,8.0,0.0
SLD00144,2.0,0.0
SLD00145,2.0,0.0
SLD00146,8.0,0.0
SLD00147,8.0,0.0
SLD00148,2.0,0.0
SLD00149,8.0,0.0
SLD00150,8.0,0.0
SLD00151,8.0,0.0
SLD00152,9.0,0.0
SLD00153,2.0,0.0
SLD00154,8.0,0.0
SLD00155,8.0,0.0
SLD00156,2.0,0.0
SLD00157,2.0,0.0
SLD00158,2.0,0.0
SLD00159,2.0,0.0
SLD00160,2.0,0.0
SLD00161,2.0,0.0
SLD00162,8.0,0.0
SLD00163,8.0,0.0
SLD00164,8.0,0.0
SLD00165,8.0,0.0
SLD00166,2.0,0.0
SLD00167,2.0,0.0
SLD00168,2.0,0.0
SLD00169,8.0,0.0
SLD00170,8.0,0.0
SLD00171,8.0,0.0
SLD00172,8.0,0.0
SLD00173,2.0,0.0
SLD00174,8.0,0.0
SLD00175,2.0,0.0
SLD00176,2.0,0.0
SLD00177,8.0,0.0
SLD00178,8.0,0.0
SLD00179,8.0,0.0
SLD00180,8.0,0.0
SLD00181,8.0,0.0
SLD00182,8.0,0.0
SLD00183,8.0,0.0
SLD00184,8.0,0.0
SLD00185,8.0,0.0
SLD00186,8.0,0.0
SLD00187,8.0,0.0
SLD00188,8.0,0.0
SLD00189,8.0,0.0
SLD00190,8.0,0.0
SLD00191,8.0,0.0
SLD00192,8.0,0.0
SLD00193,8.0,0.0
SLD00194,8.0,0.0
SLD00195,8.0,0.0
SLD00196,8.0,0.0
SLD00197,8.0,0.0
SLD00198,8.0,0.0
SLD00199,8.0,0.0
SLD00200,8.0,0.0
SLD00201,8.0,0.0
SLD00202,2.0,0.0
SLD00203,8.0,0.0
SLD00204,8.0,0.0
SLD00205,8.0,0.0
SLD00206,8.0,0.0
SLD00207,8.0,0.0
SLD00208,8.0,0.0
SLD00209,8.0,0.0
SLD00210,8.0,0.0
SLD00211,8.0,0.0
SLD00212,8.0,0.0
SLD00213,8.0,0.0
SLD00214,8.0,0.0
SLD00215,8.0,0.0
SLD00216,8.0,0.0
SLD00217,8.0,0.0
SLD00218,8.0,0.0
SLD00219,2.0,0.0
SLD00220,2.0,0.0
SLD00221,2.0,0.0
SLD00222,8.0,0.0
SLD00223,8.0,0.0
SLD00224,2.0,0.0
SLD00225,8.0,0.0
SLD00226,2.0,0.0
SLD00227,8.0,0.0
SLD00228,2.0,0.0
SLD00229,8.0,0.0
SLD00230,2.0,0.0
SLD00231,8.0,0.0
SLD00232,2.0,0.0
SLD00233,2.0,0.0
SLD00234,8.0,0.0
SLD00235,2.0,0.0
SLD00236,12.0,0.0
SLD00237,2.0,0.0
SLD00238,8.0,0.0
SLD00239,2.0,0.0
SLD00240,8.0,0.0
SLD00241,8.0,0.0
SLD00242,8.0,0.0
SLD00243,2.0,0.0
SLD00244,2.0,0.0
SLD00245,2.0,0.0
SLD00246,2.0,0.0
SLD00247,2.0,0.0
SLD00248,2.0,0.0
SLD00249,8.0,0.0
SLD00250,8.0,0.0
SLD00251,2.0,0.0
SLD00252,2.0,0.0
SLD00253,8.0,0.0
SLD00254,8.0,0.0
SLD00255,8.0,0.0
SLD00256,8.0,0.0
SLD00257,2.0,0.0
SLD00258,8.0,0.0
SLD00259,2.0,0.0
SLD00260,8.0,0.0
SLD00261,8.0,0.0
SLD00262,2.0,0.0
SLD00263,9.0,0.0
SLD00264,9.0,0.0
SLD00265,2.0,0.0
SLD00266,8.0,0.0
SLD00267,8.0,0.0
SLD00268,8.0,0.0
SLD00269,8.0,0.0
SLD00270,8.0,0.0
SLD00271,8.0,0.0
SLD00272,8.0,0.0
SLD00273,8.0,0.0
SLD00274,8.0,0.0
SLD00275,2.0,0.0
SLD00276,8.0,0.0
SLD00277,8.0,0.0
SLD00278,8.0,0.0
SLD00279,2.0,0.0
SLD00280,8.0,0.0
SLD00281,8.0,0.0
SLD00282,8.0,0.0
SLD00283,8.0,0.0
SLD00284,8.0,0.0
SLD00285,8.0,0.0
SLD00286,8.0,0.0
SLD00287,8.0,0.0
SLD00288,8.0,0.0
SLD00289,8.0,0.0
SLD00290,8.0,0.0
SLD00291,8.0,0.0
SLD00292,8.0,0.0
SLD00293,8.0,0.0
SLD00294,8.0,0.0
SLD00295,8.0,0.0
SLD00296,8.0,0.0
SLD00297,8.0,0.0
SLD00298,8.0,0.0
SLD00299,8.0,0.0
SLD00300,8.0,0.0
SLD00301,8.0,0.0
SLD00302,2.0,0.0
SLD00303,8.0,0.0
SLD00304,8.0,0.0
SLD00305,8.0,0.0
SLD00306,8.0,0.0
SLD00307,8.0,0.0
SLD00308,8.0,0.0
SLD00309,8.0,0.0
SLD00310,8.0,0.0
SLD00311,8.0,0.0
SLD00312,2.0,0.0
SLD00313,8.0,0.0
SLD00314,8.0,0.0
SLD00315,2.0,0.0
SLD00316,2.0,0.0
SLD00317,8.0,0.0
SLD00318,8.0,0.0
SLD00319,8.0,0.0
SLD00320,2.0,0.0
SLD00321,8.0,0.0
SLD00322,2.0,0.0
SLD00323,8.0,0.0
SLD00324,8.0,0.0
SLD00325,8.0,0.0
SLD00326,8.0,0.0
SLD00327,8.0,0.0
SLD00328,2.0,0.0
SLD00329,8.0,0.0
SLD00330,8.0,0.0
SLD00331,8.0,0.0
SLD00332,8.0,0.0
SLD00333,8.0,0.0
SLD00334,2.0,0.0
SLD00335,8.0,0.0
SLD00336,8.0,0.0
SLD00337,8.0,0.0
SLD00338,2.0,0.0
SLD00339,8.0,0.0
SLD00340,8.0,0.0
SLD00341,2.0,0.0
SLD00342,8.0,0.0
SLD00343,8.0,0.0
SLD00344,8.0,0.0
SLD00345,8.0,0.0
SLD00346,8.0,0.0
SLD00347,8.0,0.0
SLD00348,8.0,0.0
SLD00349,8.0,0.0
SLD00350,8.0,0.0
SLD00351,8.0,0.0
SLD00352,8.0,0.0
SLD00353,2.0,0.0
SLD00354,2.0,0.0
SLD00355,2.0,0.0
SLD00356,2.0,0.0
SLD00357,2.0,0.0
SLD00358,2.0,0.0
SLD00359,2.0,0.0
SLD00360,2.0,0.0
SLD00361,8.0,0.0
SLD00362,8.0,0.0
SLD00363,8.0,0.0
SLD00364,2.0,0.0
SLD00365,8.0,0.0
SLD00366,8.0,0.0
SLD00367,9.0,0.0
SLD00368,8.0,0.0
SLD00369,8.0,0.0
SLD00370,8.0,0.0
SLD00371,8.0,0.0
SLD00372,8.0,0.0
SLD00373,8.0,0.0
SLD00374,8.0,0.0
SLD00375,8.0,0.0
SLD00376,8.0,0.0
SLD00377,8.0,0.0
SLD00378,8.0,0.0
SLD00379,2.0,0.0
SLD00380,2.0,0.0
SLD00381,8.0,0.0
SLD00382,2.0,0.0
SLD00383,8.0,0.0
SLD00384,2.0,0.0
SLD00385,2.0,0.0
SLD00386,8.0,0.0
SLD00387,8.0,0.0
SLD00388,8.0,0.0
SLD00389,8.0,0.0
SLD00390,8.0,0.0
SLD00391,8.0,0.0
SLD00392,8.0,0.0
SLD00393,8.0,0.0
SLD00394,2.0,0.0
SLD00395,2.0,0.0
SLD00396,8.0,0.0
SLD00397,8.0,0.0
SLD00398,2.0,0.0
SLD00399,2.0,0.0
SLD00400,8.0,0.0
SLD00401,8.0,0.0
SLD00402,8.0,0.0
SLD00403,8.0,0.0
SLD00404,8.0,0.0
SLD00405,8.0,0.0
SLD00406,8.0,0.0
SLD00407,8.0,0.0
SLD00408,8.0,0.0
SLD00409,2.0,0.0
SLD00410,8.0,0.0
SLD00411,8.0,0.0
SLD00412,8.0,0.0
SLD00413,8.0,0.0
SLD00414,8.0,0.0
SLD00415,8.0,0.0
SLD00416,8.0,0.0
SLD00417,8.0,0.0
SLD00418,8.0,0.0
SLD00419,8.0,0.0
SLD00420,8.0,0.0
SLD00421,8.0,0.0
SLD00422,8.0,0.0
SLD00423,8.0,0.0
SLD00424,8.0,0.0
SLD00425,8.0,0.0
SLD00426,8.0,0.0
SLD00427,8.0,0.0
SLD00428,8.0,0.0
SLD00429,8.0,0.0
SLD00430,8.0,0.0
SLD00431,8.0,0.0
SLD00432,8.0,0.0
SLD00433,8.0,0.0
SLD00434,8.0,0.0
SLD00435,8.0,0.0
SLD00436,8.0,0.0
SLD00437,8.0,0.0
SLD00438,8.0,0.0
SLD00439,8.0,0.0
SLD00440,8.0,0.0
SLD00441,8.0,0.0
SLD00442,8.0,0.0
SLD00443,8.0,0.0
SLD00444,8.0,0.0
SLD00445,8.0,0.0
SLD00446,8.0,0.0
SLD00447,8.0,0.0
SLD00448,8.0,0.0
SLD00449,8.0,0.0
SLD00450,8.0,0.0
SLD00451,8.0,0.0
SLD00452,8.0,0.0
SLD00453,8.0,0.0
SLD00454,8.0,0.0
SLD00455,8.0,0.0
SLD00456,8.0,0.0
SLD00457,2.0,0.0
SLD00458,8.0,0.0
SLD00459,8.0,0.0
SLD00460,8.0,0.0
SLD00461,8.0,0.0
SLD00462,8.0,0.0
SLD00463,8.0,0.0
SLD00464,8.0,0.0
SLD00465,8.0,0.0
SLD00466,8.0,0.0
SLD00467,8.0,0.0
SLD00468,8.0,0.0
SLD00469,8.0,0.0
SLD00470,2.0,0.0
SLD00471,8.0,0.0
SLD00472,8.0,0.0
SLD00473,8.0,0.0
SLD00474,8.0,0.0
SLD00475,8.0,0.0
SLD00476,8.0,0.0
SLD00477,8.0,0.0
SLD00478,8.0,0.0
SLD00479,2.0,0.0
SLD00480,2.0,0.0
SLD00481,8.0,0.0
SLD00482,8.0,0.0
SLD00483,8.0,0.0
SLD00484,8.0,0.0
SLD00485,8.0,0.0
SLD00486,8.0,0.0
SLD00487,2.0,0.0
SLD00488,8.0,0.0
SLD00489,8.0,0.0
SLD00490,8.0,0.0
SLD00491,8.0,0.0
SLD00492,8.0,0.0
SLD00493,8.0,0.0
SLD00494,8.0,0.0
SLD00495,2.0,0.0
SLD00496,8.0,0.0
SLD00497,8.0,0.0
SLD00498,8.0,0.0
SLD00499,8.0,0.0
SLD00500,8.0,0.0
SLD00501,8.0,0.0
SLD00502,8.0,0.0
SLD00503,8.0,0.0
SLD00504,2.0,0.0
SLD00505,8.0,0.0
SLD00506,2.0,0.0
SLD00507,8.0,0.0
SLD00508,8.0,0.0
SLD00509,8.0,0.0
SLD00510,2.0,0.0
SLD00511,8.0,0.0
SLD00512,8.0,0.0
SLD00513,8.0,0.0
SLD00514,8.0,0.0
SLD00515,8.0,0.0
SLD00516,8.0,0.0
SLD00517,8.0,0.0
SLD00518,8.0,0.0
SLD00519,8.0,0.0
SLD00520,8.0,0.0
SLD00521,8.0,0.0
SLD00522,8.0,0.0
SLD00523,8.0,0.0
SLD00524,8.0,0.0
SLD00525,8.0,0.0
SLD00526,8.0,0.0
SLD00527,8.0,0.0
SLD00528,8.0,0.0
SLD00529,8.0,0.0
SLD00530,8.0,0.0
SLD00531,8.0,0.0
SLD00532,8.0,0.0
SLD00533,2.0,0.0
SLD00534,8.0,0.0
SLD00535,8.0,0.0
SLD00536,8.0,0.0
SLD00537,8.0,0.0
SLD00538,8.0,0.0
SLD00539,8.0,0.0
SLD00540,8.0,0.0
SLD00541,8.0,0.0
SLD00542,2.0,0.0
SLD00543,2.0,0.0
SLD00544,8.0,0.0
SLD00545,8.0,0.0
SLD00546,8.0,0.0
SLD00547,8.0,0.0
SLD00548,2.0,0.0
SLD00549,8.0,0.0
SLD00550,8.0,0.0
SLD00551,2.0,0.0
SLD00552,2.0,0.0
SLD00553,8.0,0.0
SLD00554,8.0,0.0
SLD00555,8.0,0.0
SLD00556,8.0,0.0
SLD00557,2.0,0.0
SLD00558,8.0,0.0
SLD00559,8.0,0.0
SLD00560,8.0,0.0
SLD00561,8.0,0.0
SLD00562,8.0,0.0
SLD00563,8.0,0.0
SLD00564,2.0,0.0
SLD00565,8.0,0.0
SLD00566,8.0,0.0
SLD00567,8.0,0.0
SLD00568,8.0,0.0
SLD00569,2.0,0.0
SLD00570,8.0,0.0
SLD00571,8.0,0.0
SLD00572,8.0,0.0
SLD00573,2.0,0.0
SLD00574,8.0,0.0
SLD00575,8.0,0.0
SLD00576,2.0,0.0
SLD00577,8.0,0.0
SLD00578,8.0,0.0
SLD00579,8.0,0.0
SLD00580,8.0,0.0
SLD00581,8.0,0.0
SLD00582,8.0,0.0
SLD00583,8.0,0.0
SLD00584,8.0,0.0
SLD00585,8.0,0.0
SLD00586,2.0,0.0
SLD00587,8.0,0.0
SLD00588,8.0,0.0
SLD00589,8.0,0.0
SLD00590,2.0,0.0
SLD00591,8.0,0.0
SLD00592,8.0,0.0
SLD00593,2.0,0.0
SLD00594,2.0,0.0
SLD00595,8.0,0.0
SLD00596,8.0,0.0
SLD00597,2.0,0.0
SLD00598,8.0,0.0
SLD00599,8.0,0.0
SLD00600,8.0,0.0
SLD00601,8.0,0.0
SLD00602,2.0,0.0
SLD00603,2.0,0.0
SLD00604,8.0,0.0
SLD00605,8.0,0.0
SLD00606,8.0,0.0
SLD00607,8.0,0.0
SLD00608,8.0,0.0
SLD00609,8.0,0.0
SLD00610,8.0,0.0
SLD00611,8.0,0.0
SLD00612,8.0,0.0
SLD00613,8.0,0.0
SLD00614,8.0,0.0
SLD00615,8.0,0.0
SLD00616,8.0,0.0
SLD00617,8.0,0.0
SLD00618,2.0,0.0
SLD00619,2.0,0.0
SLD00620,2.0,0.0
SLD00621,2.0,0.0
SLD00622,2.0,0.0
SLD00623,2.0,0.0
SLD00624,8.0,0.0
SLD00625,8.0,0.0
SLD00626,8.0,0.0
SLD00627,8.0,0.0
SLD00628,8.0,0.0
SLD00629,8.0,0.0
SLD00630,8.0,0.0
SLD00631,2.0,0.0
SLD00632,8.0,0.0
SLD00633,8.0,0.0
SLD00634,8.0,0.0
SLD00635,8.0,0.0
SLD00636,8.0,0.0
SLD00637,8.0,0.0
SLD00638,8.0,0.0
SLD00639,2.0,0.0
SLD00640,8.0,0.0
SLD00641,8.0,0.0
SLD00642,8.0,0.0
SLD00643,8.0,0.0
SLD00644,8.0,0.0
SLD00645,8.0,0.0
SLD00646,8.0,0.0
SLD00647,8.0,0.0
SLD00648,8.0,0.0
SLD00649,8.0,0.0
SLD00650,8.0,0.0
SLD00651,8.0,0.0
SLD00652,8.0,0.0
SLD00653,8.0,0.0
SLD00654,2.0,0.0
SLD00655,2.0,0.0
SLD00656,2.0,0.0
SLD00657,2.0,0.0
SLD00658,2.0,0.0
SLD00659,2.0,0.0
SLD00660,8.0,0.0
SLD00661,8.0,0.0
SLD00662,8.0,0.0
SLD00663,8.0,0.0
SLD00664,8.0,0.0
SLD00665,8.0,0.0
SLD00666,8.0,0.0
SLD00667,8.0,0.0
SLD00668,2.0,0.0
SLD00669,2.0,0.0
SLD00670,2.0,0.0
SLD00671,8.0,0.0
SLD00672,8.0,0.0
SLD00673,2.0,0.0
SLD00674,2.0,0.0
SLD00675,2.0,0.0
SLD00676,2.0,0.0
SLD00677,8.0,0.0
SLD00678,2.0,0.0
SLD00679,2.0,0.0
SLD00680,2.0,0.0
SLD00681,2.0,0.0
SLD00682,2.0,0.0
SLD00683,2.0,0.0
SLD00684,8.0,0.0
SLD00685,8.0,0.0
SLD00686,8.0,0.0
SLD00687,8.0,0.0
SLD00688,8.0,0.0
SLD00689,8.0,0.0
SLD00690,8.0,0.0
SLD00691,8.0,0.0
SLD00692,8.0,0.0
SLD00693,8.0,0.0
SLD00694,8.0,0.0
SLD00695,8.0,0.0
SLD00696,2.0,0.0
SLD00697,8.0,0.0
SLD00698,8.0,0.0
SLD00699,8.0,0.0
SLD00700,2.0,0.0
SLD00701,8.0,0.0
SLD00702,8.0,0.0
SLD00703,8.0,0.0
SLD00704,8.0,0.0
SLD00705,8.0,0.0
SLD00706,2.0,0.0
SLD00707,8.0,0.0
SLD00708,8.0,0.0
SLD00709,8.0,0.0
SLD00710,8.0,0.0
SLD00711,2.0,0.0
SLD00712,2.0,0.0
SLD00713,8.0,0.0
SLD00714,8.0,0.0
SLD00715,8.0,0.0
SLD00716,2.0,0.0
SLD00717,8.0,0.0
SLD00718,8.0,0.0
SLD00719,8.0,0.0
SLD00720,8.0,0.0
SLD00721,8.0,0.0
SLD00722,8.0,0.0
SLD00723,8.0,0.0
SLD00724,2.0,0.0
SLD00725,8.0,0.0
SLD00726,8.0,0.0
SLD00727,8.0,0.0
SLD00728,8.0,0.0
SLD00729,8.0,0.0
SLD00730,8.0,0.0
SLD00731,8.0,0.0
SLD00732,8.0,0.0
SLD00733,8.0,0.0
SLD00734,8.0,0.0
SLD00735,8.0,0.0
SLD00736,8.0,0.0
SLD00737,8.0,0.0
SLD00738,8.0,0.0
SLD00739,8.0,0.0
SLD00740,8.0,0.0
SLD00741,8.0,0.0
SLD00742,8.0,0.0
SLD00743,8.0,0.0
SLD00744,8.0,0.0
SLD00745,8.0,0.0
SLD00746,8.0,0.0
SLD00747,8.0,0.0
SLD00748,8.0,0.0
SLD00749,8.0,0.0
SLD00750,2.0,0.0
SLD00751,8.0,0.0
SLD00752,8.0,0.0
SLD00753,8.0,0.0
SLD00754,8.0,0.0
SLD00755,8.0,0.0
SLD00756,8.0,0.0
SLD00757,8.0,0.0
SLD00758,8.0,0.0
SLD00759,8.0,0.0
SLD00760,8.0,0.0
SLD00761,8.0,0.0
SLD00762,8.0,0.0
SLD00763,8.0,0.0
SLD00764,8.0,0.0
SLD00765,8.0,0.0
SLD00766,8.0,0.0
SLD00767,8.0,0.0
SLD00768,8.0,0.0
SLD00769,8.0,0.0
SLD00770,8.0,0.0
SLD00771,8.0,0.0
SLD00772,8.0,0.0
SLD00773,8.0,0.0
SLD00774,8.0,0.0
SLD00775,8.0,0.0
SLD00776,8.0,0.0
SLD00777,8.0,0.0
SLD00778,8.0,0.0
SLD00779,8.0,0.0
SLD00780,8.0,0.0
SLD00781,8.0,0.0
SLD00782,8.0,0.0
SLD00783,8.0,0.0
SLD00784,8.0,0.0
SLD00785,8.0,0.0
SLD00786,8.0,0.0
SLD00787,8.0,0.0
SLD00788,8.0,0.0
SLD00789,8.0,0.0
SLD00790,8.0,0.0
SLD00791,8.0,0.0
SLD00792,8.0,0.0
SLD00793,8.0,0.0
SLD00794,8.0,0.0
SLD00795,8.0,0.0
SLD00796,8.0,0.0
SLD00797,8.0,0.0
SLD00798,8.0,0.0
SLD00799,8.0,0.0
SLD00800,8.0,0.0
SLD00801,8.0,0.0
SLD00802,8.0,0.0
SLD00803,8.0,0.0
SLD00804,8.0,0.0
SLD00805,8.0,0.0
SLD00806,8.0,0.0
SLD00807,8.0,0.0
SLD00808,8.0,0.0
SLD00809,8.0,0.0
SLD00810,8.0,0.0
SLD00811,8.0,0.0
SLD00812,8.0,0.0
SLD00813,8.0,0.0
SLD00814,8.0,0.0
SLD00815,8.0,0.0
SLD00816,8.0,0.0
SLD00817,8.0,0.0
SLD00818,8.0,0.0
SLD00819,8.0,0.0
SLD00820,8.0,0.0
SLD00821,8.0,0.0
SLD00822,8.0,0.0
SLD00823,8.0,0.0
SLD00824,8.0,0.0
SLD00825,8.0,0.0
SLD00826,8.0,0.0
SLD00827,8.0,0.0
SLD00828,8.0,0.0
SLD00829,8.0,0.0
SLD00830,8.0,0.0
SLD00831,8.0,0.0
SLD00832,8.0,0.0
SLD00833,8.0,0.0
SLD00834,8.0,0.0
SLD00835,8.0,0.0
SLD00836,2.0,0.0
SLD00837,8.0,0.0
SLD00838,8.0,0.0
SLD00839,8.0,0.0
SLD00840,8.0,0.0
SLD00841,8.0,0.0
SLD00842,8.0,0.0
SLD00843,8.0,0.0
SLD00844,8.0,0.0
SLD00845,8.0,0.0
SLD00846,8.0,0.0
SLD00847,8.0,0.0
SLD00848,8.0,0.0
SLD00849,8.0,0.0
SLD00850,8.0,0.0
SLD00851,8.0,0.0
SLD00852,8.0,0.0
SLD00853,8.0,0.0
SLD00854,8.0,0.0
SLD00855,8.0,0.0
SLD00856,8.0,0.0
SLD00857,8.0,0.0
SLD00858,8.0,0.0
SLD00859,8.0,0.0
SLD00860,8.0,0.0
SLD00861,8.0,0.0
SLD00862,8.0,0.0
SLD00863,8.0,0.0
SLD00864,8.0,0.0
SLD00865,8.0,0.0
SLD00866,8.0,0.0
SLD00867,8.0,0.0
SLD00868,8.0,0.0
SLD00869,8.0,0.0
SLD00870,8.0,0.0
SLD00871,8.0,0.0
SLD00872,8.0,0.0
SLD00873,8.0,0.0
SLD00874,8.0,0.0
SLD00875,8.0,0.0
SLD00876,8.0,0.0
SLD00877,8.0,0.0
SLD00878,8.0,0.0
SLD00879,8.0,0.0
SLD00880,8.0,0.0
SLD00881,8.0,0.0
SLD00882,2.0,0.0
SLD00883,8.0,0.0
SLD00884,8.0,0.0
SLD00885,8.0,0.0
SLD00886,8.0,0.0
SLD00887,8.0,0.0
SLD00888,8.0,0.0
SLD00889,8.0,0.0
SLD00890,8.0,0.0
SLD00891,8.0,0.0
SLD00892,8.0,0.0
SLD00893,8.0,0.0
SLD00894,8.0,0.0
SLD00895,8.0,0.0
SLD00896,8.0,0.0
SLD00897,8.0,0.0
SLD00898,8.0,0.0
SLD00899,8.0,0.0
SLD00900,8.0,0.0
SLD00901,8.0,0.0
SLD00902,8.0,0.0
SLD00903,8.0,0.0
SLD00904,8.0,0.0
SLD00905,8.0,0.0
SLD00906,2.0,0.0
SLD00907,8.0,0.0
SLD00908,8.0,0.0
SLD00909,8.0,0.0
SLD00910,8.0,0.0
SLD00911,8.0,0.0
SLD00912,8.0,0.0
SLD00913,8.0,0.0
SLD00914,2.0,0.0
SLD00915,2.0,0.0
SLD00916,2.0,0.0
SLD00917,8.0,0.0
SLD00918,8.0,0.0
SLD00919,8.0,0.0
SLD00920,2.0,0.0
SLD00921,8.0,0.0
SLD00922,8.0,0.0
SLD00923,8.0,0.0
SLD00924,8.0,0.0
SLD00925,8.0,0.0
SLD00926,8.0,0.0
SLD00927,8.0,0.0
SLD00928,8.0,0.0
SLD00929,8.0,0.0
SLD00930,8.0,0.0
SLD00931,8.0,0.0
SLD00932,8.0,0.0
SLD00933,8.0,0.0
SLD00934,8.0,0.0
SLD00935,8.0,0.0
SLD00936,8.0,0.0
SLD00937,8.0,0.0
SLD00938,8.0,0.0
SLD00939,8.0,0.0
SLD00940,8.0,0.0
SLD00941,8.0,0.0
SLD00942,8.0,0.0
SLD00943,8.0,0.0
SLD00944,8.0,0.0
SLD00945,2.0,0.0
SLD00946,2.0,0.0
SLD00947,2.0,0.0
SLD00948,2.0,0.0
SLD00949,8.0,0.0
SLD00950,8.0,0.0
SLD00951,8.0,0.0
SLD00952,8.0,0.0
SLD00953,8.0,0.0
SLD00954,8.0,0.0
SLD00955,8.0,0.0
SLD00956,2.0,0.0
SLD00957,8.0,0.0
SLD00958,2.0,0.0
SLD00959,2.0,0.0
SLD00960,2.0,0.0
SLD00961,2.0,0.0
SLD00962,2.0,0.0
SLD00963,2.0,0.0
SLD00964,2.0,0.0
SLD00965,8.0,0.0
SLD00966,8.0,0.0
SLD00967,8.0,0.0
SLD00968,8.0,0.0
SLD00969,2.0,0.0
SLD00970,2.0,0.0
SLD00971,8.0,0.0
SLD00972,8.0,0.0
SLD00973,2.0,0.0
SLD00974,8.0,0.0
SLD00975,8.0,0.0
SLD00976,8.0,0.0
SLD00977,8.0,0.0
SLD00978,8.0,0.0
SLD00979,8.0,0.0
SLD00980,2.0,0.0
SLD00981,2.0,0.0
SLD00982,2.0,0.0
SLD00983,8.0,0.0
SLD00984,8.0,0.0
SLD00985,2.0,0.0
SLD00986,2.0,0.0
SLD00987,8.0,0.0
SLD00988,8.0,0.0
SLD00989,8.0,0.0
SLD00990,2.0,0.0
SLD00991,2.0,0.0
SLD00992,2.0,0.0
SLD00993,2.0,0.0
SLD00994,8.0,0.0
SLD00995,8.0,0.0
SLD00996,8.0,0.0
SLD00997,8.0,0.0
SLD00998,8.0,0.0
SLD00999,2.0,0.0
SLD01000,2.0,0.0
SLD01001,8.0,0.0
SLD01002,2.0,0.0
SLD01003,8.0,0.0
SLD01004,2.0,0.0
SLD01005,8.0,0.0
SLD01006,2.0,0.0
SLD01007,8.0,0.0
SLD01008,2.0,0.0
SLD01009,2.0,0.0
SLD01010,2.0,0.0
SLD01011,8.0,0.0
SLD01012,8.0,0.0
SLD01013,8.0,0.0
SLD01014,8.0,0.0
SLD01015,8.0,0.0
SLD01016,8.0,0.0
SLD01017,8.0,0.0
SLD01018,8.0,0.0
SLD01019,8.0,0.0
SLD01020,8.0,0.0
SLD01021,8.0,0.0
SLD01022,8.0,0.0
SLD01023,8.0,0.0
SLD01024,8.0,0.0
SLD01025,8.0,0.0
SLD01026,8.0,0.0
SLD01027,8.0,0.0
SLD01028,8.0,0.0
SLD01029,8.0,0.0
SLD01030,8.0,0.0
SLD01031,8.0,0.0
SLD01032,8.0,0.0
SLD01033,8.0,0.0
SLD01034,8.0,0.0
SLD01035,8.0,0.0
SLD01036,8.0,0.0
SLD01037,8.0,0.0
SLD01038,8.0,0.0
SLD01039,8.0,0.0
SLD01040,8.0,0.0
SLD01041,8.0,0.0
SLD01042,8.0,0.0
SLD01043,8.0,0.0
SLD01044,2.0,0.0
SLD01045,8.0,0.0
SLD01046,2.0,0.0
SLD01047,2.0,0.0
SLD01048,2.0,0.0
SLD01049,8.0,0.0
SLD01050,8.0,0.0
SLD01051,2.0,0.0
SLD01052,2.0,0.0
SLD01053,8.0,0.0
SLD01054,2.0,0.0
SLD01055,8.0,0.0
SLD01056,8.0,0.0
SLD01057,8.0,0.0
SLD01058,8.0,0.0
SLD01059,8.0,0.0
SLD01060,8.0,0.0
SLD01061,8.0,0.0
SLD01062,2.0,0.0
SLD01063,8.0,0.0
SLD01064,2.0,0.0
SLD01065,2.0,0.0
SLD01066,2.0,0.0
SLD01067,8.0,0.0
SLD01068,2.0,0.0
SLD01069,2.0,0.0
SLD01070,2.0,0.0
SLD01071,8.0,0.0
SLD01072,8.0,0.0
SLD01073,8.0,0.0
SLD01074,2.0,0.0
SLD01075,8.0,0.0
SLD01076,2.0,0.0
SLD01077,8.0,0.0
SLD01078,2.0,0.0
SLD01079,8.0,0.0
SLD01080,8.0,0.0
SLD01081,2.0,0.0
SLD01082,2.0,0.0
SLD01083,8.0,0.0
SLD01084,8.0,0.0
SLD01085,8.0,0.0
SLD01086,8.0,0.0
SLD01087,8.0,0.0
SLD01088,8.0,0.0
SLD01089,8.0,0.0
SLD01090,8.0,0.0
SLD01091,8.0,0.0
SLD01092,8.0,0.0
SLD01093,8.0,0.0
SLD01094,8.0,0.0
SLD01095,8.0,0.0
SLD01096,8.0,0.0
SLD01097,8.0,0.0
SLD01098,8.0,0.0
SLD01099,8.0,0.0
SLD01100,8.0,0.0
SLD01101,8.0,0.0
SLD01102,8.0,0.0
SLD01103,8.0,0.0
SLD01104,8.0,0.0
SLD01105,8.0,0.0
SLD01106,8.0,0.0
SLD01107,8.0,0.0
SLD01108,8.0,0.0
SLD01109,8.0,0.0
SLD01110,8.0,0.0
SLD01111,8.0,0.0
SLD01112,8.0,0.0
SLD01113,8.0,0.0
SLD01114,8.0,0.0
SLD01115,8.0,0.0
SLD01116,8.0,0.0
SLD01117,8.0,0.0
SLD01118,8.0,0.0
SLD01119,8.0,0.0
SLD01120,2.0,0.0
SLD01121,8.0,0.0
SLD01122,8.0,0.0
SLD01123,8.0,0.0
SLD01124,2.0,0.0
SLD01125,2.0,0.0
SLD01126,8.0,0.0
SLD01127,2.0,0.0
SLD01128,8.0,0.0
SLD01129,8.0,0.0
SLD01130,8.0,0.0
SLD01131,8.0,0.0
SLD01132,8.0,0.0
SLD01133,2.0,0.0
SLD01134,8.0,0.0
SLD01135,8.0,0.0
SLD01136,8.0,0.0
SLD01137,2.0,0.0
SLD01138,8.0,0.0
SLD01139,8.0,0.0
SLD01140,8.0,0.0
SLD01141,8.0,0.0
SLD01142,8.0,0.0
SLD01143,8.0,0.0
SLD01144,8.0,0.0
SLD01145,8.0,0.0
SLD01146,2.0,0.0
SLD01147,8.0,0.0
SLD01148,2.0,0.0
SLD01149,8.0,0.0
SLD01150,8.0,0.0
SLD01151,8.0,0.0
SLD01152,8.0,0.0
SLD01153,2.0,0.0
SLD01154,8.0,0.0
SLD01155,8.0,0.0
SLD01156,8.0,0.0
SLD01157,2.0,0.0
SLD01158,2.0,0.0
SLD01159,8.0,0.0
SLD01160,8.0,0.0
SLD01161,8.0,0.0
SLD01162,8.0,0.0
SLD01163,2.0,0.0
SLD01164,2.0,0.0
SLD01165,8.0,0.0
SLD01166,13.0,9.0
SLD01167,8.0,0.0
SLD01168,8.0,0.0
SLD01169,8.0,0.0
SLD01170,8.0,0.0
SLD01171,8.0,0.0
SLD01172,8.0,0.0
SLD01173,8.0,0.0
SLD01174,8.0,0.0
SLD01175,8.0,0.0
SLD01176,8.0,0.0
SLD01177,2.0,0.0
SLD01178,8.0,0.0
SLD01179,8.0,0.0
SLD01180,8.0,0.0
SLD01181,8.0,0.0
SLD01182,8.0,0.0
SLD01183,8.0,0.0
SLD01184,2.0,0.0
SLD01185,2.0,0.0
SLD01186,8.0,0.0
SLD01187,8.0,0.0
SLD01188,8.0,0.0
SLD01189,8.0,0.0
SLD01190,8.0,0.0
SLD01191,8.0,0.0
SLD01192,2.0,0.0
SLD01193,8.0,0.0
SLD01194,8.0,0.0
SLD01195,2.0,0.0
SLD01196,8.0,0.0
SLD01197,8.0,0.0
SLD01198,2.0,0.0
SLD01199,2.0,0.0
SLD01200,8.0,0.0
SLD01201,2.0,0.0
SLD01202,8.0,0.0
SLD01203,8.0,0.0
SLD01204,8.0,0.0
SLD01205,8.0,0.0
SLD01206,8.0,0.0
SLD01207,8.0,0.0
SLD01208,8.0,0.0
SLD01209,8.0,0.0
SLD01210,8.0,0.0
SLD01211,8.0,0.0
SLD01212,8.0,0.0
SLD01213,8.0,0.0
SLD01214,8.0,0.0
SLD01215,8.0,0.0
SLD01216,8.0,0.0
SLD01217,8.0,0.0
SLD01218,8.0,0.0
SLD01219,8.0,0.0
SLD01220,8.0,0.0
SLD01221,2.0,0.0
SLD01222,2.0,0.0
SLD01223,8.0,0.0
SLD01224,8.0,0.0
SLD01225,8.0,0.0
SLD01226,8.0,0.0
SLD01227,2.0,0.0
SLD01228,2.0,0.0
SLD01229,8.0,0.0
SLD01230,8.0,0.0
SLD01231,8.0,0.0
SLD01232,8.0,0.0
SLD01233,8.0,0.0
SLD01234,8.0,0.0
SLD01235,8.0,0.0
SLD01236,8.0,0.0
SLD01237,8.0,0.0
SLD01238,8.0,0.0
SLD01239,8.0,0.0
SLD01240,8.0,0.0
SLD01241,8.0,0.0
SLD01242,8.0,0.0
SLD01243,8.0,0.0
SLD01244,8.0,0.0
SLD01245,2.0,0.0
SLD01246,8.0,0.0
SLD01247,8.0,0.0
SLD01248,8.0,0.0
SLD01249,2.0,0.0
SLD01250,14.0,0.0
SLD01251,9.0,0.0
SLD01252,9.0,0.0
SLD01253,9.0,0.0
SLD01254,9.0,0.0
SLD01255,8.0,0.0
SLD01256,8.0,0.0
SLD01257,8.0,0.0
SLD01258,8.0,0.0
SLD01259,2.0,0.0
SLD01260,8.0,0.0
SLD01261,8.0,0.0
SLD01262,8.0,0.0
SLD01263,8.0,0.0
SLD01264,8.0,0.0
SLD01265,8.0,0.0
SLD01266,8.0,0.0
SLD01267,8.0,0.0
SLD01268,8.0,0.0
SLD01269,8.0,0.0
SLD01270,8.0,0.0
SLD01271,8.0,0.0
SLD01272,8.0,0.0
SLD01273,8.0,0.0
SLD01274,8.0,0.0
SLD01275,8.0,0.0
SLD01276,8.0,0.0
SLD01277,8.0,0.0
SLD01278,2.0,0.0
SLD01279,2.0,0.0
SLD01280,8.0,0.0
SLD01281,8.0,0.0
SLD01282,8.0,0.0
SLD01283,8.0,0.0
SLD01284,8.0,0.0
SLD01285,2.0,0.0
SLD01286,2.0,0.0
SLD01287,8.0,0.0
SLD01288,8.0,0.0
SLD01289,8.0,0.0
SLD01290,8.0,0.0
SLD01291,8.0,0.0
SLD01292,8.0,0.0
SLD01293,8.0,0.0
SLD01294,8.0,0.0
SLD01295,8.0,0.0
SLD01296,8.0,0.0
SLD01297,8.0,0.0
SLD01298,8.0,0.0
SLD01299,8.0,0.0
SLD01300,8.0,0.0
SLD01301,8.0,0.0
SLD01302,8.0,0.0
SLD01303,8.0,0.0
SLD01304,8.0,0.0
SLD01305,8.0,0.0
SLD01306,8.0,0.0
SLD01307,8.0,0.0
SLD01308,8.0,0.0
SLD01309,8.0,0.0
SLD01310,8.0,0.0
SLD01311,8.0,0.0
SLD01312,8.0,0.0
SLD01313,8.0,0.0
SLD01314,2.0,0.0
SLD01315,8.0,0.0
SLD01316,8.0,0.0
SLD01317,8.0,0.0
SLD01318,8.0,0.0
SLD01319,8.0,0.0
SLD01320,8.0,0.0
SLD01321,8.0,0.0
SLD01322,8.0,0.0
SLD01323,2.0,0.0
SLD01324,2.0,0.0
SLD01325,8.0,0.0
SLD01326,2.0,0.0
SLD01327,2.0,0.0
SLD01328,8.0,0.0
SLD01329,8.0,0.0
SLD01330,8.0,0.0
SLD01331,8.0,0.0
SLD01332,8.0,0.0
SLD01333,8.0,0.0
SLD01334,8.0,0.0
SLD01335,8.0,0.0
SLD01336,8.0,0.0
SLD01337,8.0,0.0
SLD01338,8.0,0.0
SLD01339,8.0,0.0
SLD01340,8.0,0.0
SLD01341,8.0,0.0
SLD01342,8.0,0.0
SLD01343,8.0,0.0
SLD01344,8.0,0.0
SLD01345,8.0,0.0
SLD01346,8.0,0.0
SLD01347,8.0,0.0
SLD01348,8.0,0.0
SLD01349,8.0,0.0
SLD01350,8.0,0.0
SLD01351,8.0,0.0
SLD01352,8.0,0.0
SLD01353,2.0,0.0
SLD01354,8.0,0.0
SLD01355,2.0,0.0
SLD01356,2.0,0.0
SLD01357,8.0,0.0
SLD01358,8.0,0.0
SLD01359,2.0,0.0
SLD01360,2.0,0.0
SLD01361,8.0,0.0
SLD01362,14.0,0.0
SLD01363,2.0,0.0
SLD01364,2.0,0.0
SLD01365,14.0,0.0
SLD01366,2.0,0.0
SLD01367,2.0,0.0
SLD01368,8.0,0.0
SLD01369,8.0,0.0
SLD01370,8.0,0.0
SLD01371,8.0,0.0
SLD01372,8.0,0.0
SLD01373,8.0,0.0
SLD01374,8.0,0.0
SLD01375,8.0,0.0
SLD01376,2.0,0.0
SLD01377,2.0,0.0
SLD01378,2.0,0.0
SLD01379,2.0,0.0
SLD01380,2.0,0.0
SLD01381,8.0,0.0
SLD01382,8.0,0.0
SLD01383,8.0,0.0
SLD01384,8.0,0.0
SLD01385,2.0,0.0
SLD01386,10.0,0.0
SLD01387,8.0,0.0
SLD01388,10.0,0.0
SLD01389,8.0,0.0
SLD01390,8.0,0.0
SLD01391,8.0,0.0
SLD01392,10.0,0.0
SLD01393,10.0,0.0
SLD01394,8.0,0.0
SLD01395,8.0,0.0
SLD01396,8.0,0.0
SLD01397,8.0,0.0
SLD01398,8.0,0.0
SLD01399,2.0,0.0
SLD01400,8.0,0.0
SLD01401,8.0,0.0
SLD01402,8.0,0.0
SLD01403,8.0,0.0
SLD01404,8.0,0.0
SLD01405,8.0,0.0
SLD01406,8.0,0.0
SLD01407,2.0,0.0
SLD01408,8.0,0.0
SLD01409,8.0,0.0
SLD01410,2.0,0.0
SLD01411,2.0,0.0
SLD01412,8.0,0.0
SLD01413,8.0,0.0
SLD01414,8.0,0.0
SLD01415,8.0,0.0
SLD01416,2.0,0.0
SLD01417,8.0,0.0
SLD01418,8.0,0.0
SLD01419,14.0,0.0
SLD01420,8.0,0.0
SLD01421,2.0,0.0
SLD01422,2.0,0.0
SLD01423,14.0,0.0
SLD01424,2.0,0.0
SLD01425,8.0,0.0
SLD01426,8.0,0.0
SLD01427,14.0,0.0
SLD01428,2.0,0.0
SLD01429,8.0,0.0
SLD01430,9.0,0.0
SLD01431,14.0,0.0
SLD01432,2.0,0.0
SLD01433,2.0,0.0
SLD01434,2.0,0.0
SLD01435,2.0,0.0
SLD01436,8.0,0.0
SLD01437,8.0,0.0
SLD01438,8.0,0.0
SLD01439,8.0,0.0
SLD01440,8.0,0.0
SLD01441,2.0,0.0
SLD01442,2.0,0.0
SLD01443,2.0,0.0
SLD01444,2.0,0.0
SLD01445,2.0,0.0
SLD01446,2.0,0.0
SLD01447,2.0,0.0
SLD01448,2.0,0.0
SLD01449,8.0,0.0
SLD01450,8.0,0.0
SLD01451,8.0,0.0
SLD01452,8.0,0.0
SLD01453,8.0,0.0
SLD01454,8.0,0.0
SLD01455,8.0,0.0
SLD01456,8.0,0.0
SLD01457,8.0,0.0
SLD01458,14.0,0.0
SLD01459,14.0,0.0
SLD01460,2.0,0.0
SLD01461,8.0,0.0
SLD01462,2.0,0.0
SLD01463,2.0,0.0
SLD01464,8.0,0.0
SLD01465,8.0,0.0
SLD01466,2.0,0.0
SLD01467,12.0,0.0
SLD01468,12.0,0.0
SLD01469,2.0,0.0
SLD01470,12.0,0.0
SLD01471,12.0,0.0
SLD01472,8.0,0.0
SLD01473,12.0,0.0
SLD01474,8.0,0.0
SLD01475,12.0,0.0
SLD01476,8.0,0.0
SLD01477,12.0,0.0
SLD01478,9.0,0.0
SLD01479,12.0,0.0
SLD01480,2.0,0.0
SLD01481,12.0,0.0
SLD01482,12.0,0.0
SLD01483,2.0,0.0
SLD01484,8.0,0.0
SLD01485,8.0,0.0
SLD01486,12.0,0.0
SLD01487,12.0,0.0
SLD01488,12.0,0.0
SLD01489,12.0,0.0
SLD01490,8.0,0.0
SLD01491,8.0,0.0
SLD01492,8.0,0.0
SLD01493,12.0,0.0
SLD01494,2.0,0.0
SLD01495,8.0,0.0
SLD01496,8.0,0.0
SLD01497,8.0,0.0
SLD01498,8.0,0.0
SLD01499,2.0,0.0
SLD01500,8.0,0.0
SLD01501,2.0,0.0
SLD01502,8.0,0.0
SLD01503,8.0,0.0
SLD01504,8.0,0.0
SLD01505,8.0,0.0
SLD01506,8.0,0.0
SLD01507,8.0,0.0
SLD01508,8.0,0.0
SLD01509,8.0,0.0
SLD01510,8.0,0.0
SLD01511,2.0,0.0
SLD01512,8.0,0.0
SLD01513,8.0,0.0
SLD01514,8.0,0.0
SLD01515,9.0,0.0
SLD01516,9.0,0.0
SLD01517,9.0,0.0
SLD01518,9.0,0.0
SLD01519,2.0,0.0
SLD01520,2.0,0.0
SLD01521,2.0,0.0
SLD01522,8.0,0.0
SLD01523,8.0,0.0
SLD01524,8.0,0.0
SLD01525,2.0,0.0
SLD01526,2.0,0.0
SLD01527,2.0,0.0
SLD01528,2.0,0.0
SLD01529,2.0,0.0
SLD01530,2.0,0.0
SLD01531,2.0,0.0
SLD01532,8.0,0.0
SLD01533,2.0,0.0
SLD01534,8.0,0.0
SLD01535,8.0,0.0
SLD01536,8.0,0.0
SLD01537,8.0,0.0
SLD01538,8.0,0.0
SLD01539,8.0,0.0
SLD01540,2.0,0.0
SLD01541,2.0,0.0
SLD01542,2.0,0.0
SLD01543,2.0,0.0
SLD01544,8.0,0.0
SLD01545,8.0,0.0
SLD01546,8.0,0.0
SLD01547,8.0,0.0
SLD01548,8.0,0.0
SLD01549,8.0,0.0
SLD01550,8.0,0.0
SLD01551,2.0,0.0
SLD01552,2.0,0.0
SLD01553,8.0,0.0
SLD01554,8.0,0.0
SLD01555,8.0,0.0
SLD01556,8.0,0.0
SLD01557,8.0,0.0
SLD01558,8.0,0.0
SLD01559,8.0,0.0
SLD01560,8.0,0.0
SLD01561,8.0,0.0
SLD01562,8.0,0.0
SLD01563,8.0,0.0
SLD01564,8.0,0.0
SLD01565,8.0,0.0
SLD01566,8.0,0.0
SLD01567,8.0,0.0
SLD01568,8.0,0.0
SLD01569,8.0,0.0
SLD01570,8.0,0.0
SLD01571,8.0,0.0
SLD01572,2.0,0.0
SLD01573,8.0,0.0
SLD01574,8.0,0.0
SLD01575,8.0,0.0
SLD01576,8.0,0.0
SLD01577,9.0,0.0
SLD01578,9.0,0.0
SLD01579,8.0,0.0
SLD01580,8.0,0.0
SLD01581,8.0,0.0
SLD01582,8.0,0.0
SLD01583,8.0,0.0
SLD01584,8.0,0.0
SLD01585,8.0,0.0
SLD01586,8.0,0.0
SLD01587,8.0,0.0
SLD01588,8.0,0.0
SLD01589,8.0,0.0
SLD01590,8.0,0.0
SLD01591,8.0,0.0
SLD01592,8.0,0.0
SLD01593,8.0,0.0
SLD01594,8.0,0.0
SLD01595,8.0,0.0
SLD01596,8.0,0.0
SLD01597,8.0,0.0
SLD01598,8.0,0.0
SLD01599,8.0,0.0
SLD01600,8.0,0.0
SLD01601,8.0,0.0
SLD01602,8.0,0.0
SLD01603,2.0,0.0
SLD01604,2.0,0.0
SLD01605,2.0,0.0
SLD01606,8.0,0.0
SLD01607,8.0,0.0
SLD01608,8.0,0.0
SLD01609,8.0,0.0
SLD01610,8.0,0.0
SLD01611,8.0,0.0
SLD01612,8.0,0.0
SLD01613,8.0,0.0
SLD01614,2.0,0.0
SLD01615,2.0,0.0
SLD01616,8.0,0.0
SLD01617,8.0,0.0
SLD01618,2.0,0.0
SLD01619,8.0,0.0
SLD01620,8.0,0.0
SLD01621,8.0,0.0
SLD01622,8.0,0.0
SLD01623,8.0,0.0
SLD01624,8.0,0.0
SLD01625,8.0,0.0
SLD01626,2.0,0.0
SLD01627,2.0,0.0
SLD01628,8.0,0.0
SLD01629,8.0,0.0
SLD01630,8.0,0.0
SLD01631,8.0,0.0
SLD01632,8.0,0.0
SLD01633,8.0,0.0
SLD01634,8.0,0.0
SLD01635,8.0,0.0
SLD01636,8.0,0.0
SLD01637,8.0,0.0
SLD01638,8.0,0.0
SLD01639,8.0,0.0
SLD01640,8.0,0.0
SLD01641,8.0,0.0
SLD01642,8.0,0.0
SLD01643,8.0,0.0
SLD01644,8.0,0.0
SLD01645,8.0,0.0
SLD01646,2.0,0.0
SLD01647,8.0,0.0
SLD01648,2.0,0.0
SLD01649,8.0,0.0
SLD01650,8.0,0.0
SLD01651,8.0,0.0
SLD01652,2.0,0.0
SLD01653,2.0,0.0
SLD01654,8.0,0.0
SLD01655,8.0,0.0
SLD01656,8.0,0.0
SLD01657,8.0,0.0
SLD01658,8.0,0.0
SLD01659,8.0,0.0
SLD01660,2.0,0.0
SLD01661,2.0,0.0
SLD01662,8.0,0.0
SLD01663,8.0,0.0
SLD01664,8.0,0.0
SLD01665,8.0,0.0
SLD01666,8.0,0.0
SLD01667,8.0,0.0
SLD01668,8.0,0.0
SLD01669,9.0,0.0
SLD01670,9.0,0.0
SLD01671,9.0,0.0
SLD01672,9.0,0.0
SLD01673,9.0,0.0
SLD01674,9.0,0.0
SLD01675,8.0,0.0
SLD01676,8.0,0.0
SLD01677,8.0,0.0
SLD01678,8.0,0.0
SLD01679,9.0,0.0
SLD01680,9.0,0.0
SLD01681,9.0,0.0
SLD01682,9.0,0.0
SLD01683,2.0,0.0
SLD01684,2.0,0.0
SLD01685,8.0,0.0
SLD01686,8.0,0.0
SLD01687,8.0,0.0
SLD01688,8.0,0.0
SLD01689,9.0,0.0
SLD01690,9.0,0.0
SLD01691,9.0,0.0
SLD01692,9.0,0.0
SLD01693,2.0,0.0
SLD01694,2.0,0.0
SLD01695,9.0,0.0
SLD01696,8.0,0.0
SLD01697,8.0,0.0
SLD01698,9.0,0.0
SLD01699,9.0,0.0
SLD01700,9.0,0.0
SLD01701,8.0,0.0
SLD01702,8.0,0.0
SLD01703,2.0,0.0
SLD01704,8.0,0.0
SLD01705,8.0,0.0
SLD01706,8.0,0.0
SLD01707,8.0,0.0
SLD01708,8.0,0.0
SLD01709,8.0,0.0
SLD01710,8.0,0.0
SLD01711,8.0,0.0
SLD01712,8.0,0.0
SLD01713,8.0,0.0
SLD01714,8.0,0.0
SLD01715,9.0,0.0
SLD01716,9.0,0.0
SLD01717,9.0,0.0
SLD01718,9.0,0.0
SLD01719,9.0,0.0
SLD01720,9.0,0.0
SLD01721,9.0,0.0
SLD01722,8.0,0.0
SLD01723,8.0,0.0
SLD01724,2.0,0.0
SLD01725,8.0,0.0
SLD01726,8.0,0.0
SLD01727,8.0,0.0
SLD01728,8.0,0.0
SLD01729,8.0,0.0
SLD01730,8.0,0.0
SLD01731,8.0,0.0
SLD01732,8.0,0.0
SLD01733,8.0,0.0
SLD01734,8.0,0.0
SLD01735,8.0,0.0
SLD01736,8.0,0.0
SLD01737,8.0,0.0
SLD01738,8.0,0.0
SLD01739,2.0,0.0
SLD01740,2.0,0.0
SLD01741,2.0,0.0
SLD01742,8.0,0.0
SLD01743,8.0,0.0
SLD01744,8.0,0.0
SLD01745,2.0,0.0
SLD01746,8.0,0.0
SLD01747,8.0,0.0
SLD01748,8.0,0.0
SLD01749,8.0,0.0
SLD01750,8.0,0.0
SLD01751,8.0,0.0
SLD01752,8.0,0.0
SLD01753,8.0,0.0
SLD01754,8.0,0.0
SLD01755,8.0,0.0
SLD01756,8.0,2.0
SLD01757,8.0,2.0
SLD01758,8.0,2.0
SLD01759,8.0,2.0
SLD01760,8.0,2.0
SLD01761,8.0,2.0
SLD01762,8.0,0.0
SLD01763,8.0,0.0
SLD01764,8.0,0.0
SLD01765,8.0,0.0
SLD01766,8.0,0.0
SLD01767,8.0,0.0
SLD01768,8.0,0.0
SLD01769,8.0,0.0
SLD01770,8.0,0.0
SLD01771,8.0,0.0
SLD01772,8.0,0.0
SLD01773,8.0,0.0
SLD01774,2.0,0.0
SLD01775,2.0,0.0
SLD01776,2.0,0.0
SLD01777,2.0,0.0
SLD01778,2.0,0.0
SLD01779,8.0,0.0
SLD01780,8.0,0.0
SLD01781,8.0,0.0
SLD01782,8.0,0.0
SLD01783,8.0,0.0
SLD01784,8.0,0.0
SLD01785,8.0,0.0
SLD01786,8.0,0.0
SLD01787,8.0,0.0
SLD01788,8.0,0.0
SLD01789,8.0,0.0
SLD01790,8.0,0.0
SLD01791,8.0,0.0
SLD01792,8.0,0.0
SLD01793,8.0,0.0
SLD01794,8.0,0.0
SLD01795,8.0,0.0
SLD01796,8.0,0.0
SLD01797,8.0,0.0
SLD01798,2.0,0.0
SLD01799,8.0,0.0
SLD01800,8.0,0.0
SLD01801,2.0,0.0
SLD01802,2.0,0.0
SLD01803,8.0,0.0
SLD01804,8.0,0.0
SLD01805,8.0,0.0
SLD01806,2.0,0.0
SLD01807,8.0,0.0
SLD01808,2.0,0.0
SLD01809,8.0,0.0
SLD01810,8.0,0.0
SLD01811,8.0,0.0
SLD01812,8.0,0.0
SLD01813,8.0,0.0
SLD01814,8.0,0.0
SLD01815,8.0,0.0
SLD01816,8.0,0.0
SLD01817,8.0,0.0
SLD01818,8.0,0.0
SLD01819,2.0,0.0
SLD01820,8.0,0.0
SLD01821,8.0,0.0
SLD01822,8.0,0.0
SLD01823,2.0,0.0
SLD01824,2.0,0.0
SLD01825,8.0,0.0
SLD01826,8.0,0.0
SLD01827,2.0,0.0
SLD01828,8.0,0.0
SLD01829,8.0,0.0
SLD01830,8.0,0.0
SLD01831,8.0,0.0
SLD01832,8.0,0.0
SLD01833,8.0,0.0
SLD01834,8.0,0.0
SLD01835,8.0,0.0
SLD01836,8.0,0.0
SLD01837,8.0,0.0
SLD01838,8.0,0.0
SLD01839,8.0,0.0
SLD01840,8.0,0.0
SLD01841,2.0,0.0
SLD01842,2.0,0.0
SLD01843,2.0,0.0
SLD01844,8.0,0.0
SLD01845,8.0,0.0
SLD01846,8.0,0.0
SLD01847,9.0,0.0
SLD01848,8.0,0.0
SLD01849,8.0,0.0
SLD01850,8.0,0.0
SLD01851,8.0,0.0
SLD01852,2.0,0.0
SLD01853,2.0,0.0
SLD01854,2.0,0.0
SLD01855,2.0,0.0
SLD01856,8.0,0.0
SLD01857,8.0,0.0
SLD01858,8.0,0.0
SLD01859,2.0,0.0
SLD01860,2.0,0.0
SLD01861,8.0,0.0
SLD01862,8.0,0.0
SLD01863,8.0,0.0
SLD01864,8.0,0.0
SLD01865,8.0,0.0
SLD01866,8.0,0.0
SLD01867,8.0,0.0
SLD01868,8.0,0.0
SLD01869,8.0,0.0
SLD01870,8.0,0.0
SLD01871,8.0,0.0
SLD01872,8.0,0.0
SLD01873,2.0,0.0
SLD01874,2.0,0.0
SLD01875,9.0,0.0
SLD01876,9.0,0.0
SLD01877,9.0,0.0
SLD01878,8.0,0.0
SLD01879,8.0,0.0
SLD01880,8.0,0.0
SLD01881,2.0,0.0
SLD01882,2.0,0.0
SLD01883,2.0,0.0
SLD01884,2.0,0.0
SLD01885,2.0,0.0
SLD01886,2.0,0.0
SLD01887,8.0,0.0
SLD01888,8.0,0.0
SLD01889,8.0,0.0
SLD01890,8.0,0.0
SLD01891,8.0,0.0
SLD01892,8.0,0.0
SLD01893,8.0,0.0
SLD01894,8.0,0.0
SLD01895,9.0,0.0
SLD01896,8.0,0.0
SLD01897,2.0,0.0
SLD01898,2.0,0.0
SLD01899,2.0,0.0
SLD01900,2.0,0.0
SLD01901,2.0,0.0
SLD01902,2.0,0.0
SLD01903,8.0,0.0
SLD01904,8.0,0.0
SLD01905,2.0,0.0
SLD01906,8.0,0.0
SLD01907,8.0,0.0
SLD01908,2.0,0.0
SLD01909,9.0,0.0
SLD01910,2.0,0.0
SLD01911,2.0,0.0
SLD01912,8.0,0.0
SLD01913,2.0,0.0
SLD01914,2.0,0.0
SLD01915,8.0,0.0
SLD01916,8.0,0.0
SLD01917,8.0,0.0
SLD01918,8.0,0.0
SLD01919,8.0,0.0
SLD01920,2.0,0.0
SLD01921,2.0,0.0
SLD01922,8.0,0.0
SLD01923,8.0,0.0
SLD01924,2.0,0.0
SLD01925,8.0,0.0
SLD01926,8.0,0.0
SLD01927,8.0,0.0
SLD01928,2.0,0.0
SLD01929,2.0,0.0
SLD01930,2.0,0.0
SLD01931,2.0,0.0
SLD01932,8.0,0.0
SLD01933,2.0,0.0
SLD01934,2.0,0.0
SLD01935,8.0,0.0
SLD01936,8.0,0.0
SLD01937,2.0,0.0
SLD01938,2.0,0.0
SLD01939,2.0,0.0
SLD01940,8.0,0.0
SLD01941,2.0,0.0
SLD01942,8.0,0.0
SLD01943,2.0,0.0
SLD01944,2.0,0.0
SLD01945,2.0,0.0
SLD01946,8.0,0.0
SLD01947,8.0,0.0
SLD01948,8.0,0.0
SLD01949,8.0,0.0
SLD01950,10.0,0.0
SLD01951,2.0,0.0
SLD01952,2.0,0.0
SLD01953,8.0,0.0
SLD01954,8.0,0.0
SLD01955,8.0,0.0
SLD01956,8.0,0.0
SLD01957,8.0,0.0
SLD01958,8.0,0.0
SLD01959,8.0,0.0
SLD01960,2.0,0.0
SLD01961,8.0,0.0
SLD01962,2.0,0.0
SLD01963,2.0,0.0
SLD01964,10.0,0.0
SLD01965,8.0,0.0
SLD01966,8.0,0.0
SLD01967,8.0,0.0
SLD01968,9.0,0.0
SLD01969,8.0,0.0
SLD01970,9.0,0.0
SLD01971,8.0,0.0
SLD01972,2.0,0.0
SLD01973,8.0,0.0
SLD01974,2.0,0.0
SLD01975,2.0,0.0
SLD01976,9.0,0.0
SLD01977,9.0,0.0
SLD01978,10.0,0.0
SLD01979,9.0,0.0
SLD01980,8.0,0.0
SLD01981,9.0,0.0
SLD01982,8.0,0.0
SLD01983,8.0,0.0
SLD01984,2.0,0.0
SLD01985,8.0,0.0
SLD01986,8.0,0.0
SLD01987,8.0,0.0
SLD01988,2.0,0.0
SLD01989,8.0,0.0
SLD01990,9.0,0.0
SLD01991,8.0,0.0
SLD01992,2.0,0.0
SLD01993,9.0,0.0
SLD01994,8.0,0.0
SLD01995,8.0,0.0
SLD01996,9.0,0.0
SLD01997,9.0,0.0
SLD01998,9.0,0.0
SLD01999,2.0,0.0
SLD02000,8.0,0.0
SLD02001,2.0,0.0
SLD02002,2.0,0.0
SLD02003,2.0,0.0
SLD02004,2.0,0.0
SLD02005,2.0,0.0
SLD02006,2.0,0.0
SLD02007,2.0,0.0
SLD02008,8.0,0.0
SLD02009,2.0,0.0
SLD02010,2.0,0.0
SLD02011,2.0,0.0
SLD02012,9.0,0.0
SLD02013,9.0,0.0
SLD02014,2.0,0.0
SLD02015,8.0,0.0
SLD02016,9.0,0.0
SLD02017,9.0,0.0
SLD02018,9.0,0.0
SLD02019,9.0,0.0
SLD02020,9.0,0.0
SLD02021,2.0,0.0
SLD02022,9.0,0.0
SLD02023,2.0,0.0
SLD02024,9.0,0.0
SLD02025,9.0,0.0
SLD02026,9.0,0.0
SLD02027,9.0,0.0
SLD02028,9.0,0.0
SLD02029,2.0,0.0
SLD02030,2.0,0.0
SLD02031,2.0,0.0
SLD02032,2.0,0.0
SLD02033,8.0,0.0
SLD02034,2.0,0.0
SLD02035,10.0,0.0
SLD02036,10.0,0.0
SLD02037,2.0,0.0
SLD02038,10.0,0.0
SLD02039,8.0,0.0
SLD02040,8.0,0.0
SLD02041,9.0,0.0
SLD02042,8.0,0.0
SLD02043,2.0,0.0
SLD02044,8.0,0.0
SLD02045,8.0,0.0
SLD02046,2.0,0.0
SLD02047,8.0,0.0
SLD02048,8.0,0.0
SLD02049,2.0,0.0
SLD02050,8.0,0.0
SLD02051,2.0,0.0
SLD02052,8.0,0.0
SLD02053,2.0,0.0
SLD02054,10.0,0.0
SLD02055,8.0,0.0
SLD02056,8.0,0.0
SLD02057,2.0,0.0
SLD02058,8.0,0.0
SLD02059,2.0,0.0
SLD02060,14.0,0.0
SLD02061,2.0,0.0
SLD02062,14.0,0.0
SLD02063,14.0,0.0
SLD02064,8.0,0.0
SLD02065,10.0,0.0
SLD02066,10.0,0.0
SLD02067,10.0,0.0
SLD02068,10.0,0.0
SLD02069,10.0,0.0
SLD02070,2.0,0.0
SLD02071,2.0,0.0
SLD02072,8.0,0.0
SLD02073,2.0,0.0
SLD02074,10.0,0.0
SLD02075,2.0,0.0
SLD02076,10.0,0.0
SLD02077,2.0,0.0
SLD02078,8.0,0.0
SLD02079,10.0,0.0
SLD02080,9.0,0.0
SLD02081,2.0,0.0
SLD02082,9.0,0.0
SLD02083,8.0,0.0
SLD02084,9.0,0.0
SLD02085,9.0,0.0
SLD02086,8.0,0.0
SLD02087,9.0,0.0
SLD02088,8.0,0.0
SLD02089,2.0,0.0
SLD02090,2.0,0.0
SLD02091,8.0,0.0
SLD02092,8.0,0.0
SLD02093,10.0,0.0
SLD02094,2.0,0.0
SLD02095,8.0,0.0
SLD02096,2.0,0.0
SLD02097,8.0,0.0
SLD02098,10.0,0.0
SLD02099,9.0,0.0
SLD02100,8.0,0.0
SLD02101,9.0,0.0
SLD02102,10.0,0.0
SLD02103,9.0,0.0
SLD02104,8.0,0.0
SLD02105,9.0,0.0
SLD02106,8.0,0.0
SLD02107,10.0,0.0
SLD02108,8.0,0.0
SLD02109,8.0,0.0
SLD02110,10.0,0.0
SLD02111,2.0,0.0
SLD02112,8.0,0.0
SLD02113,2.0,0.0
SLD02114,8.0,0.0
SLD02115,10.0,0.0
SLD02116,2.0,0.0
SLD02117,8.0,0.0
SLD02118,8.0,0.0
SLD02119,8.0,0.0
SLD02120,2.0,0.0
SLD02121,2.0,0.0
SLD02122,8.0,0.0
SLD02123,9.0,0.0
SLD02124,8.0,0.0
SLD02125,2.0,0.0
SLD02126,8.0,0.0
SLD02127,8.0,0.0
SLD02128,8.0,0.0
SLD02129,8.0,0.0
SLD02130,10.0,0.0
SLD02131,10.0,0.0
SLD02132,8.0,0.0
SLD02133,8.0,0.0
SLD02134,8.0,0.0
SLD02135,8.0,0.0
SLD02136,2.0,0.0
SLD02137,8.0,0.0
SLD02138,8.0,0.0
SLD02139,8.0,0.0
SLD02140,8.0,0.0
SLD02141,8.0,0.0
SLD02142,2.0,0.0
SLD02143,8.0,0.0
SLD02144,8.0,0.0
SLD02145,14.0,0.0
SLD02146,8.0,0.0
SLD02147,8.0,0.0
SLD02148,2.0,0.0
SLD02149,9.0,0.0
SLD02150,8.0,0.0
SLD02151,9.0,0.0
SLD02152,2.0,0.0
SLD02153,2.0,0.0
SLD02154,10.0,0.0
SLD02155,9.0,0.0
SLD02156,2.0,0.0
SLD02157,10.0,0.0
SLD02158,8.0,0.0
SLD02159,8.0,0.0
SLD02160,8.0,0.0
SLD02161,8.0,0.0
SLD02162,8.0,0.0
SLD02163,10.0,0.0
SLD02164,2.0,0.0
SLD02165,2.0,0.0
SLD02166,2.0,0.0
SLD02167,2.0,0.0
SLD02168,8.0,0.0
SLD02169,8.0,0.0
SLD02170,2.0,0.0
SLD02171,2.0,0.0
SLD02172,2.0,0.0
SLD02173,8.0,0.0
SLD02174,8.0,0.0
SLD02175,8.0,0.0
SLD02176,8.0,0.0
SLD02177,8.0,0.0
SLD02178,8.0,0.0
SLD02179,2.0,0.0
SLD02180,8.0,0.0
SLD02181,2.0,0.0
SLD02182,2.0,0.0
SLD02183,8.0,0.0
SLD02184,8.0,0.0
SLD02185,8.0,0.0
SLD02186,2.0,0.0
SLD02187,8.0,0.0
SLD02188,2.0,0.0
SLD02189,9.0,0.0
SLD02190,2.0,0.0
SLD02191,2.0,0.0
SLD02192,8.0,0.0
SLD02193,2.0,0.0
SLD02194,2.0,0.0
SLD02195,2.0,0.0
SLD02196,8.0,0.0
SLD02197,2.0,0.0
SLD02198,2.0,0.0
SLD02199,8.0,0.0
SLD02200,2.0,0.0
SLD02201,2.0,0.0
SLD02202,2.0,0.0
SLD02203,8.0,0.0
SLD02204,2.0,0.0
SLD02205,2.0,0.0
SLD02206,8.0,0.0
SLD02207,8.0,0.0
SLD02208,2.0,0.0
SLD02209,2.0,0.0
SLD02210,2.0,0.0
SLD02211,8.0,0.0
SLD02212,8.0,0.0
SLD02213,8.0,0.0
SLD02214,8.0,0.0
SLD02215,8.0,0.0
SLD02216,2.0,0.0
SLD02217,2.0,0.0
SLD02218,2.0,0.0
SLD02219,8.0,0.0
SLD02220,8.0,0.0
SLD02221,2.0,0.0
SLD02222,2.0,0.0
SLD02223,2.0,0.0
SLD02224,8.0,0.0
SLD02225,2.0,0.0
SLD02226,2.0,0.0
SLD02227,8.0,0.0
SLD02228,8.0,0.0
SLD02229,8.0,0.0
SLD02230,9.0,0.0
SLD02231,2.0,0.0
SLD02232,8.0,0.0
SLD02233,2.0,0.0
SLD02234,8.0,0.0
SLD02235,2.0,0.0
SLD02236,2.0,0.0
SLD02237,8.0,0.0
SLD02238,2.0,0.0
SLD02239,8.0,0.0
SLD02240,8.0,0.0
SLD02241,8.0,0.0
SLD02242,2.0,0.0
SLD02243,8.0,0.0
SLD02244,8.0,0.0
SLD02245,8.0,0.0
SLD02246,8.0,0.0
SLD02247,2.0,0.0
SLD02248,8.0,0.0
SLD02249,8.0,0.0
SLD02250,8.0,0.0
SLD02251,8.0,2.0
SLD02252,8.0,0.0
SLD02253,8.0,0.0
SLD02254,8.0,2.0
SLD02255,2.0,0.0
SLD02256,8.0,0.0
SLD02257,8.0,2.0
SLD02258,8.0,0.0
SLD02259,2.0,0.0
SLD02260,8.0,2.0
SLD02261,9.0,0.0
SLD02262,9.0,0.0
SLD02263,8.0,0.0
SLD02264,9.0,0.0
SLD02265,9.0,0.0
SLD02266,2.0,0.0
SLD02267,9.0,0.0
SLD02268,8.0,0.0
SLD02269,8.0,0.0
SLD02270,9.0,0.0
SLD02271,8.0,0.0
SLD02272,9.0,0.0
SLD02273,8.0,0.0
SLD02274,8.0,0.0
SLD02275,9.0,0.0
SLD02276,8.0,0.0
SLD02277,9.0,0.0
SLD02278,8.0,0.0
SLD02279,8.0,0.0
SLD02280,8.0,0.0
SLD02281,2.0,0.0
SLD02282,2.0,0.0
SLD02283,8.0,0.0
SLD02284,2.0,0.0
SLD02285,8.0,0.0
SLD02286,2.0,0.0
SLD02287,9.0,0.0
SLD02288,8.0,0.0
SLD02289,8.0,0.0
SLD02290,8.0,0.0
SLD02291,8.0,0.0
SLD02292,2.0,0.0
SLD02293,2.0,0.0
SLD02294,2.0,0.0
SLD02295,2.0,0.0
SLD02296,8.0,0.0
SLD02297,2.0,0.0
SLD02298,8.0,0.0
SLD02299,2.0,0.0
SLD02300,8.0,0.0
SLD02301,8.0,0.0
SLD02302,9.0,0.0
SLD02303,8.0,0.0
SLD02304,8.0,0.0
SLD02305,8.0,0.0
SLD02306,8.0,0.0
SLD02307,8.0,0.0
SLD02308,8.0,0.0
SLD02309,8.0,0.0
SLD02310,8.0,0.0
SLD02311,8.0,0.0
SLD02312,2.0,0.0
SLD02313,9.0,0.0
SLD02314,8.0,0.0
SLD02315,8.0,0.0
SLD02316,2.0,0.0
SLD02317,8.0,0.0
SLD02318,2.0,0.0
SLD02319,2.0,0.0
SLD02320,2.0,0.0
SLD02321,8.0,0.0
SLD02322,2.0,0.0
SLD02323,8.0,0.0
SLD02324,8.0,0.0
SLD02325,8.0,0.0
SLD02326,2.0,0.0
SLD02327,8.0,0.0
SLD02328,2.0,0.0
SLD02329,8.0,0.0
SLD02330,8.0,0.0
SLD02331,8.0,0.0
SLD02332,9.0,0.0
SLD02333,2.0,0.0
SLD02334,8.0,0.0
SLD02335,8.0,0.0
SLD02336,9.0,0.0
SLD02337,2.0,0.0
SLD02338,8.0,0.0
SLD02339,2.0,0.0
SLD02340,8.0,0.0
SLD02341,8.0,0.0
SLD02342,8.0,0.0
SLD02343,2.0,0.0
SLD02344,2.0,0.0
SLD02345,9.0,0.0
SLD02346,8.0,0.0
SLD02347,2.0,0.0
SLD02348,2.0,0.0
SLD02349,2.0,0.0
SLD02350,2.0,0.0
SLD02351,9.0,0.0
SLD02352,2.0,0.0
SLD02353,2.0,0.0
SLD02354,2.0,0.0
SLD02355,2.0,0.0
SLD02356,2.0,0.0
SLD02357,2.0,0.0
SLD02358,8.0,0.0
SLD02359,8.0,0.0
SLD02360,8.0,0.0
SLD02361,8.0,0.0
SLD02362,2.0,0.0
SLD02363,2.0,0.0
SLD02364,2.0,0.0
SLD02365,2.0,0.0
SLD02366,2.0,0.0
SLD02367,2.0,0.0
SLD02368,2.0,0.0
SLD02369,2.0,0.0
SLD02370,2.0,0.0
SLD02371,2.0,0.0
SLD02372,2.0,0.0
SLD02373,2.0,0.0
SLD02374,8.0,0.0
SLD02375,9.0,0.0
SLD02376,8.0,0.0
SLD02377,9.0,0.0
SLD02378,9.0,0.0
SLD02379,2.0,0.0
SLD02380,9.0,0.0
SLD02381,9.0,0.0
SLD02382,8.0,0.0
SLD02383,9.0,0.0
SLD02384,9.0,0.0
SLD02385,9.0,0.0
SLD02386,9.0,0.0
SLD02387,8.0,0.0
SLD02388,2.0,0.0
SLD02389,2.0,0.0
SLD02390,8.0,0.0
SLD02391,2.0,0.0
SLD02392,2.0,0.0
SLD02393,8.0,0.0
SLD02394,8.0,0.0
SLD02395,2.0,0.0
SLD02396,8.0,0.0
SLD02397,8.0,0.0
SLD02398,8.0,0.0
SLD02399,8.0,0.0
SLD02400,2.0,0.0
SLD02401,2.0,0.0
SLD02402,8.0,0.0
SLD02403,8.0,0.0
SLD02404,2.0,0.0
SLD02405,2.0,0.0
SLD02406,8.0,0.0
SLD02407,2.0,0.0
SLD02408,2.0,0.0
SLD02409,2.0,0.0
SLD02410,2.0,0.0
SLD02411,2.0,0.0
SLD02412,2.0,0.0
SLD02413,2.0,0.0
SLD02414,2.0,0.0
SLD02415,2.0,0.0
SLD02416,2.0,0.0
SLD02417,2.0,0.0
SLD02418,8.0,0.0
SLD02419,8.0,0.0
SLD02420,8.0,0.0
SLD02421,2.0,0.0
SLD02422,8.0,0.0
SLD02423,8.0,0.0
SLD02424,2.0,0.0
SLD02425,2.0,0.0
SLD02426,2.0,0.0
SLD02427,4.0,0.0
SLD02428,8.0,0.0
SLD02429,2.0,0.0
SLD02430,2.0,0.0
SLD02431,5.0,0.0
SLD02432,2.0,0.0
SLD02433,4.0,0.0
SLD02434,2.0,0.0
SLD02435,4.0,0.0
SLD02436,4.0,0.0
SLD02437,4.0,0.0
SLD02438,2.0,0.0
SLD02439,2.0,0.0
SLD02440,2.0,0.0
SLD02441,2.0,0.0
SLD02442,2.0,0.0
SLD02443,2.0,0.0
SLD02444,2.0,0.0
SLD02445,2.0,0.0
SLD02446,2.0,0.0
SLD02447,2.0,0.0
SLD02448,2.0,0.0
SLD02449,2.0,0.0
SLD02450,2.0,0.0
SLD02451,2.0,0.0
SLD02452,2.0,0.0
SLD02453,9.0,0.0
SLD02454,9.0,0.0
SLD02455,8.0,0.0
SLD02456,8.0,0.0
SLD02457,8.0,0.0
SLD02458,2.0,0.0
SLD02459,5.0,0.0
SLD02460,2.0,0.0
SLD02461,4.0,0.0
SLD02462,8.0,0.0
SLD02463,2.0,0.0
SLD02464,4.0,0.0
SLD02465,4.0,0.0
SLD02466,4.0,0.0
SLD02467,2.0,0.0
SLD02468,2.0,0.0
SLD02469,2.0,0.0
SLD02470,2.0,0.0
SLD02471,4.0,0.0
SLD02472,2.0,0.0
SLD02473,2.0,0.0
SLD02474,2.0,0.0
SLD02475,9.0,0.0
SLD02476,8.0,0.0
SLD02477,2.0,0.0
SLD02478,8.0,0.0
SLD02479,8.0,0.0
SLD02480,8.0,0.0
SLD02481,2.0,0.0
SLD02482,8.0,0.0
SLD02483,2.0,0.0
SLD02484,12.0,0.0
SLD02485,8.0,0.0
SLD02486,9.0,0.0
SLD02487,14.0,0.0
SLD02488,9.0,0.0
SLD02489,12.0,0.0
SLD02490,12.0,0.0
SLD02491,8.0,0.0
SLD02492,12.0,0.0
SLD02493,2.0,0.0
SLD02494,8.0,0.0
SLD02495,8.0,0.0
SLD02496,2.0,0.0
SLD02497,8.0,0.0
SLD02498,8.0,0.0
SLD02499,12.0,0.0
SLD02500,8.0,0.0
SLD02501,2.0,0.0
SLD02502,12.0,0.0
SLD02503,2.0,0.0
SLD02504,2.0,0.0
SLD02505,8.0,0.0
SLD02506,2.0,0.0
SLD02507,2.0,0.0
SLD02508,14.0,0.0
SLD02509,12.0,0.0
SLD02510,8.0,0.0
SLD02511,8.0,0.0
SLD02512,12.0,0.0
SLD02513,2.0,0.0
SLD02514,8.0,0.0
SLD02515,8.0,0.0
SLD02516,8.0,0.0
SLD02517,2.0,0.0
SLD02518,14.0,0.0
SLD02519,14.0,0.0
SLD02520,8.0,0.0
SLD02521,14.0,0.0
SLD02522,8.0,0.0
SLD02523,14.0,0.0
SLD02524,8.0,0.0
SLD02525,8.0,0.0
SLD02526,8.0,0.0
SLD02527,2.0,0.0
SLD02528,8.0,0.0
SLD02529,2.0,0.0
SLD02530,8.0,0.0
SLD02531,8.0,0.0
SLD02532,8.0,0.0
SLD02533,8.0,0.0
SLD02534,8.0,0.0
SLD02535,8.0,0.0
SLD02536,8.0,0.0
SLD02537,8.0,0.0
SLD02538,8.0,0.0
SLD02539,8.0,0.0
SLD02540,8.0,0.0
SLD02541,8.0,0.0
SLD02542,8.0,0.0
SLD02543,8.0,0.0
SLD02544,8.0,0.0
SLD02545,8.0,0.0
SLD02546,8.0,0.0
SLD02547,2.0,0.0
SLD02548,8.0,0.0
SLD02549,2.0,0.0
SLD02550,2.0,0.0
SLD02551,8.0,0.0
SLD02552,9.0,0.0
SLD02553,9.0,0.0
SLD02554,8.0,0.0
SLD02555,2.0,0.0
SLD02556,2.0,0.0
SLD02557,2.0,0.0
SLD02558,2.0,0.0
SLD02559,2.0,0.0
SLD02560,2.0,0.0
SLD02561,2.0,0.0
SLD02562,2.0,0.0
SLD02563,2.0,0.0
SLD02564,2.0,0.0
SLD02565,2.0,0.0
SLD02566,2.0,0.0
SLD02567,2.0,0.0
SLD02568,2.0,0.0
SLD02569,2.0,0.0
SLD02570,2.0,0.0
SLD02571,2.0,0.0
SLD02572,2.0,0.0
SLD02573,2.0,0.0
SLD02574,2.0,0.0
SLD02575,2.0,0.0
SLD02576,2.0,0.0
SLD02577,2.0,0.0
SLD02578,2.0,0.0
SLD02579,2.0,0.0
SLD02580,2.0,0.0
SLD02581,2.0,0.0
SLD02582,2.0,0.0
SLD02583,2.0,0.0
SLD02584,8.0,0.0
SLD02585,2.0,0.0
SLD02586,2.0,0.0
SLD02587,2.0,0.0
SLD02588,8.0,0.0
SLD02589,2.0,0.0
SLD02590,2.0,0.0
SLD02591,8.0,0.0
SLD02592,2.0,0.0
SLD02593,2.0,0.0
SLD02594,2.0,0.0
SLD02595,2.0,0.0
SLD02596,2.0,0.0
SLD02597,2.0,0.0
SLD02598,2.0,0.0
SLD02599,8.0,0.0
SLD02600,8.0,0.0
SLD02601,2.0,0.0
SLD02602,2.0,0.0
SLD02603,2.0,0.0
SLD02604,2.0,0.0
SLD02605,2.0,0.0
SLD02606,2.0,0.0
SLD02607,2.0,0.0
SLD02608,2.0,0.0
SLD02609,2.0,0.0
SLD02610,2.0,0.0
SLD02611,8.0,0.0
SLD02612,2.0,0.0
SLD02613,2.0,0.0
SLD02614,2.0,0.0
SLD02615,9.0,0.0
SLD02616,2.0,0.0
SLD02617,2.0,0.0
SLD02618,2.0,0.0
SLD02619,2.0,0.0
SLD02620,8.0,0.0
SLD02621,8.0,0.0
SLD02622,8.0,0.0
SLD02623,8.0,0.0
SLD02624,8.0,0.0
SLD02625,2.0,0.0
SLD02626,2.0,0.0
SLD02627,2.0,0.0
SLD02628,2.0,0.0
SLD02629,2.0,0.0
SLD02630,2.0,0.0
SLD02631,2.0,0.0
SLD02632,2.0,0.0
SLD02633,9.0,0.0
SLD02634,8.0,0.0
SLD02635,9.0,0.0
SLD02636,2.0,0.0
SLD02637,8.0,0.0
SLD02638,8.0,0.0
SLD02639,8.0,0.0
SLD02640,8.0,0.0
SLD02641,8.0,0.0
SLD02642,8.0,0.0
SLD02643,8.0,0.0
SLD02644,8.0,0.0
SLD02645,8.0,0.0
SLD02646,8.0,0.0
SLD02647,8.0,0.0
SLD02648,8.0,0.0
SLD02649,8.0,0.0
SLD02650,8.0,0.0
SLD02651,8.0,0.0
SLD02652,4.0,0.0
SLD02653,8.0,0.0
SLD02654,8.0,0.0
SLD02655,8.0,0.0
SLD02656,9.0,0.0
SLD02657,8.0,0.0
SLD02658,9.0,0.0
SLD02659,8.0,0.0
SLD02660,8.0,0.0
SLD02661,8.0,0.0
SLD02662,8.0,0.0
SLD02663,8.0,0.0
SLD02664,9.0,0.0
SLD02665,2.0,0.0
SLD02666,4.0,0.0
SLD02667,8.0,0.0
SLD02668,8.0,0.0
SLD02669,9.0,0.0
SLD02670,8.0,0.0
SLD02671,8.0,0.0
SLD02672,8.0,0.0
SLD02673,14.0,0.0
SLD02674,8.0,0.0
SLD02675,9.0,0.0
SLD02676,8.0,0.0
SLD02677,8.0,0.0
SLD02678,8.0,0.0
SLD02679,8.0,0.0
SLD02680,8.0,0.0
SLD02681,8.0,0.0
SLD02682,8.0,0.0
SLD02683,2.0,0.0
SLD02684,8.0,0.0
SLD02685,8.0,0.0
SLD02686,8.0,0.0
SLD02687,14.0,0.0
SLD02688,9.0,0.0
SLD02689,8.0,0.0
SLD02690,8.0,0.0
SLD02691,8.0,0.0
SLD02692,9.0,0.0
SLD02693,14.0,0.0
SLD02694,9.0,0.0
SLD02695,9.0,0.0
SLD02696,14.0,0.0
SLD02697,14.0,0.0
SLD02698,14.0,0.0
SLD02699,14.0,0.0
SLD02700,14.0,0.0
SLD02701,14.0,0.0
SLD02702,14.0,0.0
SLD02703,14.0,0.0
SLD02704,14.0,0.0
SLD02705,14.0,0.0
SLD02706,14.0,0.0
SLD02707,14.0,0.0
SLD02708,14.0,0.0
SLD02709,2.0,0.0
SLD02710,8.0,0.0
SLD02711,8.0,0.0
SLD02712,14.0,0.0
SLD02713,14.0,0.0
SLD02714,14.0,0.0
SLD02715,14.0,0.0
SLD02716,14.0,0.0
SLD02717,14.0,0.0
SLD02718,14.0,0.0
SLD02719,14.0,0.0
SLD02720,14.0,0.0
SLD02721,14.0,0.0
SLD02722,14.0,0.0
SLD02723,12.0,0.0
SLD02724,14.0,0.0
SLD02725,14.0,0.0
SLD02726,14.0,0.0
SLD02727,14.0,0.0
SLD02728,14.0,0.0
SLD02729,14.0,0.0
SLD02730,14.0,0.0
SLD02731,14.0,0.0
SLD02732,14.0,0.0
SLD02733,14.0,0.0
SLD02734,14.0,0.0
SLD02735,14.0,0.0
SLD02736,14.0,0.0
SLD02737,14.0,0.0
SLD02738,14.0,0.0
SLD02739,8.0,0.0
SLD02740,14.0,0.0
SLD02741,14.0,0.0
SLD02742,14.0,0.0
SLD02743,14.0,0.0
SLD02744,14.0,0.0
SLD02745,9.0,0.0
SLD02746,8.0,0.0
SLD02747,8.0,0.0
SLD02748,8.0,0.0
SLD02749,8.0,0.0
SLD02750,9.0,0.0
SLD02751,9.0,0.0
SLD02752,9.0,0.0
SLD02753,9.0,0.0
SLD02754,9.0,0.0
SLD02755,8.0,0.0
SLD02756,8.0,0.0
SLD02757,14.0,0.0
SLD02758,9.0,0.0
SLD02759,12.0,0.0
SLD02760,9.0,0.0
SLD02761,14.0,0.0
SLD02762,14.0,0.0
SLD02763,14.0,0.0
SLD02764,14.0,0.0
SLD02765,9.0,0.0
SLD02766,2.0,0.0
SLD02767,14.0,0.0
SLD02768,14.0,0.0
SLD02769,8.0,0.0
SLD02770,8.0,0.0
SLD02771,5.0,0.0
SLD02772,5.0,0.0
SLD02773,8.0,0.0
SLD02774,8.0,0.0
SLD02775,2.0,0.0
SLD02776,2.0,0.0
SLD02777,9.0,0.0
SLD02778,9.0,0.0
SLD02779,8.0,0.0
SLD02780,8.0,0.0
SLD02781,2.0,0.0
SLD02782,2.0,0.0
SLD02783,2.0,0.0
SLD02784,8.0,0.0
SLD02785,2.0,0.0
SLD02786,9.0,0.0
SLD02787,2.0,0.0
SLD02788,2.0,0.0
SLD02789,2.0,0.0
SLD02790,2.0,0.0
SLD02791,2.0,0.0
SLD02792,2.0,0.0
SLD02793,2.0,0.0
SLD02794,8.0,0.0
SLD02795,2.0,0.0
SLD02796,8.0,0.0
SLD02797,2.0,0.0
SLD02798,2.0,0.0
SLD02799,8.0,0.0
SLD02800,8.0,0.0
SLD02801,2.0,0.0
SLD02802,2.0,0.0
SLD02803,8.0,0.0
SLD02804,2.0,0.0
SLD02805,8.0,0.0
SLD02806,2.0,0.0
SLD02807,8.0,0.0
SLD02808,8.0,0.0
SLD02809,2.0,0.0
SLD02810,2.0,0.0
SLD02811,2.0,0.0
SLD02812,2.0,0.0
SLD02813,8.0,0.0
SLD02814,2.0,0.0
SLD02815,2.0,0.0
SLD02816,2.0,0.0
SLD02817,2.0,0.0
SLD02818,2.0,0.0
SLD02819,2.0,0.0
SLD02820,2.0,0.0
SLD02821,8.0,0.0
SLD02822,8.0,0.0
SLD02823,2.0,0.0
SLD02824,2.0,0.0
SLD02825,2.0,0.0
SLD02826,2.0,0.0
SLD02827,2.0,0.0
SLD02828,2.0,0.0
SLD02829,2.0,0.0
SLD02830,2.0,0.0
SLD02831,2.0,0.0
SLD02832,2.0,0.0
SLD02833,2.0,0.0
SLD02834,8.0,0.0
SLD02835,2.0,0.0
SLD02836,2.0,0.0
SLD02837,2.0,0.0
SLD02838,8.0,0.0
SLD02839,8.0,0.0
SLD02840,8.0,0.0
SLD02841,8.0,0.0
SLD02842,2.0,0.0
SLD02843,8.0,0.0
SLD02844,8.0,0.0
SLD02845,8.0,0.0
SLD02846,2.0,0.0
SLD02847,8.0,0.0
SLD02848,2.0,0.0
SLD02849,2.0,0.0
SLD02850,2.0,0.0
SLD02851,2.0,0.0
SLD02852,2.0,0.0
SLD02853,2.0,0.0
SLD02854,2.0,0.0
SLD02855,8.0,0.0
SLD02856,8.0,0.0
SLD02857,8.0,0.0
SLD02858,8.0,0.0
SLD02859,9.0,0.0
SLD02860,2.0,0.0
SLD02861,2.0,0.0
SLD02862,8.0,0.0
SLD02863,2.0,0.0
SLD02864,8.0,0.0
SLD02865,2.0,0.0
SLD02866,8.0,0.0
SLD02867,9.0,0.0
SLD02868,8.0,0.0
SLD02869,8.0,0.0
SLD02870,2.0,0.0
SLD02871,8.0,0.0
SLD02872,8.0,0.0
SLD02873,8.0,0.0
SLD02874,2.0,0.0
SLD02875,8.0,0.0
SLD02876,2.0,0.0
SLD02877,2.0,0.0
SLD02878,2.0,0.0
SLD02879,2.0,0.0
SLD02880,8.0,0.0
SLD02881,8.0,0.0
SLD02882,2.0,0.0
SLD02883,8.0,0.0
SLD02884,8.0,0.0
SLD02885,8.0,0.0
SLD02886,8.0,0.0
SLD02887,2.0,0.0
SLD02888,8.0,0.0
SLD02889,14.0,0.0
SLD02890,14.0,0.0
SLD02891,8.0,0.0
SLD02892,8.0,0.0
SLD02893,8.0,0.0
SLD02894,2.0,0.0
SLD02895,8.0,0.0
SLD02896,8.0,0.0
SLD02897,2.0,0.0
SLD02898,8.0,0.0
SLD02899,8.0,0.0
SLD02900,14.0,0.0
SLD02901,2.0,0.0
SLD02902,2.0,0.0
SLD02903,14.0,0.0
SLD02904,2.0,0.0
SLD02905,2.0,0.0
SLD02906,8.0,0.0
SLD02907,2.0,0.0
SLD02908,8.0,0.0
SLD02909,8.0,0.0
SLD02910,8.0,0.0
SLD02911,8.0,0.0
SLD02912,2.0,0.0
SLD02913,8.0,0.0
SLD02914,8.0,0.0
SLD02915,8.0,0.0
SLD02916,14.0,0.0
SLD02917,8.0,0.0
SLD02918,8.0,0.0
SLD02919,8.0,0.0
SLD02920,8.0,0.0
SLD02921,8.0,0.0
SLD02922,8.0,0.0
SLD02923,8.0,0.0
SLD02924,14.0,0.0
SLD02925,8.0,0.0
SLD02926,2.0,0.0
SLD02927,8.0,0.0
SLD02928,2.0,0.0
SLD02929,8.0,0.0
SLD02930,8.0,0.0
SLD02931,8.0,0.0
SLD02932,8.0,0.0
SLD02933,8.0,0.0
SLD02934,8.0,0.0
SLD02935,2.0,0.0
SLD02936,2.0,0.0
SLD02937,8.0,0.0
SLD02938,2.0,0.0
SLD02939,8.0,0.0
SLD02940,8.0,0.0
SLD02941,14.0,0.0
SLD02942,8.0,0.0
SLD02943,8.0,0.0
SLD02944,14.0,0.0
SLD02945,12.0,0.0
SLD02946,2.0,0.0
SLD02947,8.0,0.0
SLD02948,2.0,0.0
SLD02949,2.0,0.0
SLD02950,2.0,0.0
SLD02951,2.0,0.0
SLD02952,8.0,0.0
SLD02953,8.0,0.0
SLD02954,8.0,0.0
SLD02955,8.0,0.0
SLD02956,8.0,0.0
SLD02957,2.0,0.0
SLD02958,8.0,0.0
SLD02959,8.0,0.0
SLD02960,14.0,0.0
SLD02961,8.0,0.0
SLD02962,8.0,0.0
SLD02963,8.0,0.0
SLD02964,8.0,0.0
SLD02965,2.0,0.0
SLD02966,8.0,0.0
SLD02967,8.0,0.0
SLD02968,2.0,0.0
SLD02969,8.0,0.0
SLD02970,8.0,0.0
SLD02971,8.0,0.0
SLD02972,8.0,0.0
SLD02973,8.0,0.0
SLD02974,8.0,0.0
SLD02975,9.0,0.0
SLD02976,8.0,0.0
SLD02977,8.0,0.0
SLD02978,8.0,0.0
SLD02979,8.0,0.0
SLD02980,8.0,0.0
SLD02981,8.0,0.0
SLD02982,8.0,0.0
SLD02983,8.0,0.0
SLD02984,14.0,0.0
SLD02985,2.0,0.0
SLD02986,2.0,0.0
SLD02987,2.0,0.0
SLD02988,8.0,0.0
SLD02989,2.0,0.0
SLD02990,2.0,0.0
SLD02991,2.0,0.0
SLD02992,8.0,0.0
SLD02993,2.0,0.0
SLD02994,8.0,0.0
SLD02995,2.0,0.0
SLD02996,8.0,0.0
SLD02997,8.0,0.0
SLD02998,8.0,0.0
SLD02999,8.0,0.0
SLD03000,8.0,0.0
SLD03001,8.0,0.0
SLD03002,8.0,0.0
SLD03003,8.0,0.0
SLD03004,8.0,0.0
SLD03005,8.0,0.0
SLD03006,8.0,0.0
SLD03007,8.0,0.0
SLD03008,9.0,0.0
SLD03009,2.0,0.0
SLD03010,8.0,0.0
SLD03011,8.0,0.0
SLD03012,2.0,0.0
SLD03013,8.0,0.0
SLD03014,8.0,0.0
SLD03015,8.0,0.0
SLD03016,8.0,0.0
SLD03017,8.0,0.0
SLD03018,8.0,0.0
SLD03019,8.0,0.0
SLD03020,8.0,0.0
SLD03021,8.0,0.0
SLD03022,8.0,0.0
SLD03023,2.0,0.0
SLD03024,8.0,0.0
SLD03025,8.0,0.0
SLD03026,8.0,0.0
SLD03027,8.0,0.0
SLD03028,8.0,0.0
SLD03029,8.0,0.0
SLD03030,8.0,0.0
SLD03031,8.0,0.0
SLD03032,8.0,0.0
SLD03033,2.0,0.0
SLD03034,8.0,0.0
SLD03035,8.0,0.0
SLD03036,8.0,0.0
SLD03037,8.0,0.0
SLD03038,8.0,0.0
SLD03039,8.0,0.0
SLD03040,8.0,0.0
SLD03041,8.0,0.0
SLD03042,8.0,0.0
SLD03043,8.0,0.0
SLD03044,8.0,0.0
SLD03045,8.0,0.0
SLD03046,8.0,0.0
SLD03047,8.0,0.0
SLD03048,8.0,0.0
SLD03049,8.0,0.0
SLD03050,9.0,0.0
SLD03051,8.0,0.0
SLD03052,8.0,0.0
SLD03053,8.0,0.0
SLD03054,8.0,0.0
SLD03055,9.0,0.0
SLD03056,8.0,0.0
SLD03057,8.0,0.0
SLD03058,8.0,0.0
SLD03059,8.0,0.0
SLD03060,8.0,0.0
SLD03061,9.0,0.0
SLD03062,2.0,0.0
SLD03063,8.0,0.0
SLD03064,8.0,0.0
SLD03065,8.0,0.0
SLD03066,8.0,0.0
SLD03067,2.0,0.0
SLD03068,2.0,0.0
SLD03069,8.0,0.0
SLD03070,2.0,0.0
SLD03071,8.0,0.0
SLD03072,2.0,0.0
SLD03073,8.0,0.0
SLD03074,2.0,0.0
SLD03075,2.0,0.0
SLD03076,8.0,0.0
SLD03077,8.0,0.0
SLD03078,8.0,0.0
SLD03079,8.0,0.0
SLD03080,8.0,0.0
SLD03081,2.0,0.0
SLD03082,8.0,0.0
SLD03083,2.0,0.0
SLD03084,8.0,0.0
SLD03085,8.0,0.0
SLD03086,8.0,0.0
SLD03087,8.0,0.0
SLD03088,8.0,0.0
SLD03089,8.0,0.0
SLD03090,8.0,0.0
SLD03091,8.0,0.0
SLD03092,8.0,0.0
SLD03093,8.0,0.0
SLD03094,8.0,0.0
SLD03095,8.0,0.0
SLD03096,2.0,0.0
SLD03097,8.0,0.0
SLD03098,9.0,0.0
SLD03099,8.0,0.0
SLD03100,8.0,0.0
SLD03101,8.0,0.0
SLD03102,8.0,0.0
SLD03103,8.0,0.0
SLD03104,8.0,0.0
SLD03105,8.0,0.0
SLD03106,8.0,0.0
SLD03107,9.0,0.0
SLD03108,8.0,0.0
SLD03109,8.0,0.0
SLD03110,8.0,0.0
SLD03111,8.0,0.0
SLD03112,9.0,0.0
SLD03113,8.0,0.0
SLD03114,9.0,0.0
SLD03115,9.0,0.0
SLD03116,8.0,0.0
SLD03117,8.0,0.0
SLD03118,9.0,0.0
SLD03119,9.0,0.0
SLD03120,8.0,0.0
SLD03121,9.0,0.0
SLD03122,8.0,0.0
SLD03123,9.0,0.0
SLD03124,8.0,0.0
SLD03125,8.0,0.0
SLD03126,9.0,0.0
SLD03127,9.0,0.0
SLD03128,14.0,0.0
SLD03129,9.0,0.0
SLD03130,8.0,0.0
SLD03131,8.0,0.0
SLD03132,9.0,0.0
SLD03133,8.0,0.0
SLD03134,8.0,0.0
SLD03135,8.0,0.0
SLD03136,9.0,0.0
SLD03137,8.0,0.0
SLD03138,8.0,0.0
SLD03139,8.0,0.0
SLD03140,8.0,0.0
SLD03141,8.0,0.0
SLD03142,8.0,0.0
SLD03143,2.0,0.0
SLD03144,8.0,0.0
SLD03145,8.0,0.0
SLD03146,8.0,0.0
SLD03147,8.0,0.0
SLD03148,9.0,0.0
SLD03149,9.0,0.0
SLD03150,2.0,0.0
SLD03151,8.0,0.0
SLD03152,8.0,0.0
SLD03153,2.0,0.0
SLD03154,8.0,0.0
SLD03155,8.0,0.0
SLD03156,8.0,0.0
SLD03157,8.0,0.0
SLD03158,8.0,0.0
SLD03159,8.0,0.0
SLD03160,8.0,0.0
SLD03161,8.0,0.0
SLD03162,2.0,0.0
SLD03163,8.0,0.0
SLD03164,8.0,0.0
SLD03165,2.0,0.0
SLD03166,8.0,0.0
SLD03167,2.0,0.0
SLD03168,9.0,0.0
SLD03169,2.0,0.0
SLD03170,8.0,0.0
SLD03171,8.0,0.0
SLD03172,10.0,0.0
SLD03173,14.0,0.0
SLD03174,9.0,0.0
SLD03175,8.0,0.0
SLD03176,8.0,0.0
SLD03177,8.0,0.0
SLD03178,8.0,0.0
SLD03179,8.0,0.0
SLD03180,8.0,0.0
SLD03181,8.0,0.0
SLD03182,10.0,0.0
SLD03183,8.0,0.0
SLD03184,2.0,0.0
SLD03185,8.0,0.0
SLD03186,8.0,0.0
SLD03187,8.0,0.0
SLD03188,8.0,0.0
SLD03189,8.0,0.0
SLD03190,2.0,0.0
SLD03191,8.0,0.0
SLD03192,8.0,0.0
SLD03193,8.0,0.0
SLD03194,2.0,0.0
SLD03195,8.0,0.0
SLD03196,8.0,0.0
SLD03197,8.0,0.0
SLD03198,8.0,0.0
SLD03199,8.0,0.0
SLD03200,8.0,0.0
SLD03201,8.0,0.0
SLD03202,8.0,0.0
SLD03203,8.0,0.0
SLD03204,8.0,0.0
SLD03205,8.0,0.0
SLD03206,2.0,0.0
SLD03207,9.0,0.0
SLD03208,2.0,0.0
SLD03209,9.0,0.0
SLD03210,2.0,0.0
SLD03211,8.0,0.0
SLD03212,2.0,0.0
SLD03213,8.0,0.0
SLD03214,9.0,0.0
SLD03215,2.0,0.0
SLD03216,8.0,0.0
SLD03217,8.0,0.0
SLD03218,2.0,0.0
SLD03219,2.0,0.0
SLD03220,2.0,0.0
SLD03221,9.0,0.0
SLD03222,9.0,0.0
SLD03223,2.0,0.0
SLD03224,2.0,0.0
SLD03225,2.0,0.0
SLD03226,2.0,0.0
SLD03227,8.0,0.0
SLD03228,2.0,0.0
SLD03229,2.0,0.0
SLD03230,8.0,0.0
SLD03231,2.0,0.0
SLD03232,2.0,0.0
SLD03233,8.0,0.0
SLD03234,8.0,0.0
SLD03235,2.0,0.0
SLD03236,8.0,0.0
SLD03237,8.0,0.0
SLD03238,2.0,0.0
SLD03239,8.0,0.0
SLD03240,2.0,0.0
SLD03241,8.0,0.0
SLD03242,2.0,0.0
SLD03243,9.0,0.0
SLD03244,9.0,0.0
SLD03245,8.0,0.0
SLD03246,9.0,0.0
SLD03247,8.0,0.0
SLD03248,9.0,0.0
SLD03249,2.0,0.0
SLD03250,8.0,0.0
SLD03251,8.0,0.0
SLD03252,2.0,0.0
SLD03253,2.0,0.0
SLD03254,8.0,0.0
SLD03255,8.0,0.0
SLD03256,2.0,0.0
SLD03257,9.0,0.0
SLD03258,9.0,0.0
SLD03259,8.0,0.0
SLD03260,8.0,0.0
SLD03261,8.0,0.0
SLD03262,9.0,0.0
SLD03263,8.0,0.0
SLD03264,9.0,0.0
SLD03265,8.0,0.0
SLD03266,8.0,0.0
SLD03267,9.0,0.0
SLD03268,2.0,0.0
SLD03269,8.0,0.0
SLD03270,2.0,0.0
SLD03271,2.0,0.0
SLD03272,8.0,0.0
SLD03273,9.0,0.0
SLD03274,2.0,0.0
SLD03275,8.0,0.0
SLD03276,2.0,0.0
SLD03277,8.0,0.0
SLD03278,8.0,0.0
SLD03279,2.0,0.0
SLD03280,2.0,0.0
SLD03281,8.0,0.0
SLD03282,8.0,0.0
SLD03283,8.0,0.0
SLD03284,9.0,0.0
SLD03285,8.0,0.0
SLD03286,8.0,0.0
SLD03287,8.0,0.0
SLD03288,2.0,0.0
SLD03289,2.0,0.0
SLD03290,8.0,0.0
SLD03291,8.0,0.0
SLD03292,8.0,0.0
SLD03293,8.0,0.0
SLD03294,2.0,0.0
SLD03295,8.0,0.0
SLD03296,8.0,0.0
SLD03297,2.0,0.0
SLD03298,2.0,0.0
SLD03299,13.0,9.0
SLD03300,9.0,0.0
SLD03301,2.0,0.0
SLD03302,2.0,0.0
SLD03303,2.0,0.0
SLD03304,2.0,0.0
SLD03305,8.0,0.0
SLD03306,8.0,0.0
SLD03307,14.0,0.0
SLD03308,8.0,0.0
SLD03309,8.0,0.0
SLD03310,8.0,0.0
SLD03311,8.0,0.0
SLD03312,8.0,0.0
SLD03313,2.0,0.0
SLD03314,14.0,0.0
SLD03315,8.0,0.0
SLD03316,2.0,0.0
SLD03317,9.0,0.0
SLD03318,8.0,2.0
SLD03319,8.0,0.0
SLD03320,9.0,0.0
SLD03321,2.0,0.0
SLD03322,8.0,0.0
SLD03323,9.0,0.0
SLD03324,8.0,0.0
SLD03325,9.0,0.0
SLD03326,9.0,0.0
SLD03327,8.0,0.0
SLD03328,2.0,0.0
SLD03329,8.0,0.0
SLD03330,8.0,0.0
SLD03331,8.0,0.0
SLD03332,2.0,0.0
SLD03333,8.0,0.0
SLD03334,8.0,0.0
SLD03335,8.0,0.0
SLD03336,14.0,0.0
SLD03337,8.0,0.0
SLD03338,8.0,0.0
SLD03339,2.0,0.0
SLD03340,9.0,0.0
SLD03341,8.0,0.0
SLD03342,12.0,0.0
SLD03343,8.0,0.0
SLD03344,9.0,0.0
SLD03345,8.0,0.0
SLD03346,9.0,0.0
SLD03347,8.0,0.0
SLD03348,12.0,0.0
SLD03349,12.0,0.0
SLD03350,8.0,0.0
SLD03351,8.0,0.0
SLD03352,8.0,0.0
SLD03353,14.0,0.0
SLD03354,8.0,0.0
SLD03355,9.0,0.0
SLD03356,8.0,0.0
SLD03357,8.0,0.0
SLD03358,8.0,0.0
SLD03359,8.0,0.0
SLD03360,8.0,0.0
SLD03361,8.0,0.0
SLD03362,9.0,0.0
SLD03363,9.0,0.0
SLD03364,9.0,0.0
SLD03365,9.0,0.0
SLD03366,8.0,0.0
SLD03367,9.0,0.0
SLD03368,9.0,0.0
SLD03369,8.0,0.0
SLD03370,8.0,0.0
SLD03371,8.0,0.0
SLD03372,8.0,0.0
SLD03373,9.0,0.0
SLD03374,8.0,0.0
SLD03375,8.0,0.0
SLD03376,9.0,0.0
SLD03377,8.0,0.0
SLD03378,8.0,0.0
SLD03379,8.0,0.0
SLD03380,8.0,0.0
SLD03381,8.0,0.0
SLD03382,8.0,0.0
SLD03383,8.0,0.0
SLD03384,14.0,0.0
SLD03385,8.0,0.0
SLD03386,2.0,0.0
SLD03387,8.0,0.0
SLD03388,14.0,0.0
SLD03389,14.0,0.0
SLD03390,8.0,0.0
SLD03391,8.0,0.0
SLD03392,2.0,0.0
SLD03393,2.0,0.0
SLD03394,8.0,0.0
SLD03395,14.0,0.0
SLD03396,9.0,0.0
SLD03397,9.0,0.0
SLD03398,8.0,0.0
SLD03399,9.0,0.0
SLD03400,8.0,0.0
SLD03401,9.0,0.0
SLD03402,9.0,0.0
SLD03403,8.0,0.0
SLD03404,8.0,0.0
SLD03405,8.0,0.0
SLD03406,8.0,0.0
SLD03407,8.0,0.0
SLD03408,14.0,0.0
SLD03409,8.0,0.0
SLD03410,9.0,0.0
SLD03411,2.0,0.0
SLD03412,9.0,0.0
SLD03413,2.0,0.0
SLD03414,8.0,0.0
SLD03415,14.0,0.0
SLD03416,8.0,0.0
SLD03417,2.0,0.0
SLD03418,8.0,0.0
SLD03419,2.0,0.0
SLD03420,2.0,0.0
SLD03421,8.0,0.0
SLD03422,8.0,0.0
SLD03423,8.0,0.0
SLD03424,8.0,0.0
SLD03425,8.0,0.0
SLD03426,8.0,0.0
SLD03427,8.0,0.0
SLD03428,2.0,0.0
SLD03429,9.0,0.0
SLD03430,9.0,0.0
SLD03431,8.0,0.0
SLD03432,2.0,0.0
SLD03433,9.0,0.0
SLD03434,8.0,0.0
SLD03435,8.0,0.0
SLD03436,2.0,0.0
SLD03437,2.0,0.0
SLD03438,2.0,0.0
SLD03439,2.0,0.0
SLD03440,8.0,0.0
SLD03441,2.0,0.0
SLD03442,8.0,0.0
SLD03443,2.0,0.0
SLD03444,8.0,0.0
SLD03445,2.0,0.0
SLD03446,2.0,0.0
SLD03447,2.0,0.0
SLD03448,2.0,0.0
SLD03449,2.0,0.0
SLD03450,9.0,0.0
SLD03451,8.0,0.0
SLD03452,2.0,0.0
SLD03453,2.0,0.0
SLD03454,2.0,0.0
SLD03455,2.0,0.0
SLD03456,2.0,0.0
SLD03457,8.0,0.0
SLD03458,2.0,0.0
SLD03459,8.0,0.0
SLD03460,2.0,0.0
SLD03461,8.0,0.0
SLD03462,2.0,0.0
SLD03463,2.0,0.0
SLD03464,8.0,0.0
SLD03465,2.0,0.0
SLD03466,14.0,0.0
SLD03467,2.0,0.0
SLD03468,8.0,0.0
SLD03469,2.0,0.0
SLD03470,8.0,0.0
SLD03471,2.0,0.0
SLD03472,2.0,0.0
SLD03473,2.0,0.0
SLD03474,8.0,0.0
SLD03475,2.0,0.0
SLD03476,8.0,0.0
SLD03477,8.0,0.0
SLD03478,8.0,0.0
SLD03479,2.0,0.0
SLD03480,2.0,0.0
SLD03481,2.0,0.0
SLD03482,8.0,0.0
SLD03483,8.0,0.0
SLD03484,2.0,0.0
SLD03485,2.0,0.0
SLD03486,9.0,0.0
SLD03487,2.0,0.0
SLD03488,2.0,0.0
SLD03489,8.0,0.0
SLD03490,2.0,0.0
SLD03491,2.0,0.0
SLD03492,2.0,0.0
SLD03493,8.0,0.0
SLD03494,2.0,0.0
SLD03495,2.0,0.0
SLD03496,9.0,0.0
SLD03497,2.0,0.0
SLD03498,2.0,0.0
SLD03499,8.0,0.0
SLD03500,14.0,0.0
SLD03501,2.0,0.0
SLD03502,8.0,0.0
SLD03503,8.0,0.0
SLD03504,2.0,0.0
SLD03505,8.0,0.0
SLD03506,8.0,0.0
SLD03507,2.0,0.0
SLD03508,8.0,0.0
SLD03509,8.0,0.0
SLD03510,8.0,0.0
SLD03511,8.0,0.0
SLD03512,9.0,0.0
SLD03513,2.0,0.0
SLD03514,8.0,0.0
SLD03515,8.0,0.0
SLD03516,2.0,0.0
SLD03517,8.0,0.0
SLD03518,8.0,0.0
SLD03519,8.0,0.0
SLD03520,8.0,0.0
SLD03521,2.0,0.0
SLD03522,8.0,0.0
SLD03523,8.0,0.0
SLD03524,2.0,0.0
SLD03525,8.0,0.0
SLD03526,2.0,0.0
SLD03527,14.0,0.0
SLD03528,8.0,0.0
SLD03529,2.0,0.0
SLD03530,2.0,0.0
SLD03531,14.0,0.0
SLD03532,8.0,0.0
SLD03533,2.0,0.0
SLD03534,8.0,0.0
SLD03535,8.0,0.0
SLD03536,8.0,0.0
SLD03537,8.0,0.0
SLD03538,8.0,0.0
SLD03539,2.0,0.0
SLD03540,8.0,0.0
SLD03541,8.0,0.0
SLD03542,9.0,0.0
SLD03543,2.0,0.0
SLD03544,8.0,0.0
SLD03545,2.0,0.0
SLD03546,2.0,0.0
SLD03547,8.0,0.0
SLD03548,8.0,0.0
SLD03549,2.0,0.0
SLD03550,8.0,0.0
SLD03551,8.0,0.0
SLD03552,2.0,0.0
SLD03553,8.0,0.0
SLD03554,8.0,0.0
SLD03555,2.0,0.0
SLD03556,8.0,0.0
SLD03557,8.0,0.0
SLD03558,8.0,0.0
SLD03559,8.0,0.0
SLD03560,8.0,0.0
SLD03561,8.0,0.0
SLD03562,8.0,0.0
SLD03563,8.0,0.0
SLD03564,8.0,0.0
SLD03565,8.0,0.0
SLD03566,8.0,0.0
SLD03567,8.0,0.0
SLD03568,8.0,0.0
SLD03569,8.0,0.0
SLD03570,8.0,0.0
SLD03571,8.0,0.0
SLD03572,8.0,0.0
SLD03573,2.0,0.0
SLD03574,8.0,0.0
SLD03575,8.0,0.0
SLD03576,2.0,0.0
SLD03577,8.0,0.0
SLD03578,8.0,0.0
SLD03579,8.0,0.0
SLD03580,2.0,0.0
SLD03581,8.0,0.0
SLD03582,8.0,0.0
SLD03583,2.0,0.0
SLD03584,8.0,0.0
SLD03585,8.0,0.0
SLD03586,8.0,0.0
SLD03587,8.0,0.0
SLD03588,8.0,0.0
SLD03589,8.0,0.0
SLD03590,8.0,0.0
SLD03591,8.0,0.0
SLD03592,8.0,0.0
SLD03593,8.0,0.0
SLD03594,8.0,0.0
SLD03595,8.0,0.0
SLD03596,8.0,0.0
SLD03597,8.0,0.0
SLD03598,8.0,0.0
SLD03599,8.0,0.0
SLD03600,2.0,0.0
SLD03601,2.0,0.0
SLD03602,8.0,0.0
SLD03603,8.0,0.0
SLD03604,2.0,0.0
SLD03605,8.0,0.0
SLD03606,8.0,0.0
SLD03607,8.0,0.0
SLD03608,8.0,0.0
SLD03609,8.0,0.0
SLD03610,2.0,0.0
SLD03611,8.0,0.0
SLD03612,8.0,0.0
SLD03613,2.0,0.0
SLD03614,8.0,0.0
SLD03615,2.0,0.0
SLD03616,2.0,0.0
SLD03617,2.0,0.0
SLD03618,8.0,0.0
SLD03619,8.0,0.0
SLD03620,8.0,0.0
SLD03621,2.0,0.0
SLD03622,8.0,0.0
SLD03623,8.0,0.0
SLD03624,8.0,0.0
SLD03625,2.0,0.0
SLD03626,2.0,0.0
SLD03627,8.0,0.0
SLD03628,8.0,0.0
SLD03629,8.0,0.0
SLD03630,8.0,0.0
SLD03631,8.0,0.0
SLD03632,8.0,0.0
SLD03633,8.0,0.0
SLD03634,8.0,0.0
SLD03635,8.0,0.0
SLD03636,8.0,0.0
SLD03637,9.0,0.0
SLD03638,9.0,0.0
SLD03639,8.0,0.0
SLD03640,8.0,0.0
SLD03641,8.0,0.0
SLD03642,8.0,0.0
SLD03643,8.0,0.0
SLD03644,8.0,0.0
SLD03645,2.0,0.0
SLD03646,8.0,0.0
SLD03647,8.0,0.0
SLD03648,8.0,0.0
SLD03649,8.0,0.0
SLD03650,8.0,0.0
SLD03651,8.0,0.0
SLD03652,9.0,0.0
SLD03653,8.0,0.0
SLD03654,8.0,0.0
SLD03655,8.0,0.0
SLD03656,8.0,0.0
SLD03657,2.0,0.0
SLD03658,8.0,0.0
SLD03659,8.0,0.0
SLD03660,8.0,0.0
SLD03661,8.0,0.0
SLD03662,2.0,0.0
SLD03663,2.0,0.0
SLD03664,2.0,0.0
SLD03665,8.0,0.0
SLD03666,8.0,0.0
SLD03667,8.0,0.0
SLD03668,8.0,0.0
SLD03669,8.0,0.0
SLD03670,8.0,0.0
SLD03671,8.0,0.0
SLD03672,8.0,0.0
SLD03673,8.0,0.0
SLD03674,8.0,0.0
SLD03675,8.0,0.0
SLD03676,8.0,0.0
SLD03677,2.0,0.0
SLD03678,8.0,0.0
SLD03679,8.0,0.0
SLD03680,8.0,0.0
SLD03681,8.0,0.0
SLD03682,8.0,0.0
SLD03683,8.0,0.0
SLD03684,8.0,0.0
SLD03685,8.0,0.0
SLD03686,8.0,0.0
SLD03687,2.0,0.0
SLD03688,8.0,0.0
SLD03689,2.0,0.0
SLD03690,8.0,0.0
SLD03691,8.0,0.0
SLD03692,8.0,0.0
SLD03693,8.0,0.0
SLD03694,8.0,0.0
SLD03695,8.0,0.0
SLD03696,8.0,0.0
SLD03697,8.0,0.0
SLD03698,8.0,0.0
SLD03699,8.0,0.0
SLD03700,2.0,0.0
SLD03701,2.0,0.0
SLD03702,8.0,0.0
SLD03703,2.0,0.0
SLD03704,2.0,0.0
SLD03705,8.0,0.0
SLD03706,2.0,0.0
SLD03707,8.0,0.0
SLD03708,2.0,0.0
SLD03709,2.0,0.0
SLD03710,8.0,0.0
SLD03711,2.0,0.0
SLD03712,8.0,0.0
SLD03713,8.0,0.0
SLD03714,8.0,0.0
SLD03715,8.0,0.0
SLD03716,9.0,0.0
SLD03717,8.0,0.0
SLD03718,2.0,0.0
SLD03719,2.0,0.0
SLD03720,8.0,0.0
SLD03721,8.0,0.0
SLD03722,8.0,0.0
SLD03723,8.0,0.0
SLD03724,2.0,0.0
SLD03725,8.0,0.0
SLD03726,8.0,0.0
SLD03727,8.0,0.0
SLD03728,2.0,0.0
SLD03729,8.0,0.0
SLD03730,8.0,0.0
SLD03731,2.0,0.0
SLD03732,8.0,0.0
SLD03733,9.0,0.0
SLD03734,8.0,0.0
SLD03735,2.0,0.0
SLD03736,2.0,0.0
SLD03737,2.0,0.0
SLD03738,2.0,0.0
SLD03739,2.0,0.0
SLD03740,8.0,0.0
SLD03741,2.0,0.0
SLD03742,8.0,0.0
SLD03743,8.0,0.0
SLD03744,2.0,0.0
SLD03745,2.0,0.0
SLD03746,2.0,0.0
SLD03747,2.0,0.0
SLD03748,2.0,0.0
SLD03749,9.0,0.0
SLD03750,2.0,0.0
SLD03751,8.0,0.0
SLD03752,8.0,0.0
SLD03753,8.0,0.0
SLD03754,8.0,0.0
SLD03755,8.0,0.0
SLD03756,8.0,0.0
SLD03757,8.0,0.0
SLD03758,2.0,0.0
SLD03759,2.0,0.0
SLD03760,8.0,0.0
SLD03761,2.0,0.0
SLD03762,8.0,0.0
SLD03763,2.0,0.0
SLD03764,8.0,0.0
SLD03765,8.0,0.0
SLD03766,8.0,0.0
SLD03767,8.0,0.0
SLD03768,8.0,0.0
SLD03769,8.0,0.0
SLD03770,8.0,0.0
SLD03771,2.0,0.0
SLD03772,8.0,0.0
SLD03773,2.0,0.0
SLD03774,8.0,0.0
SLD03775,8.0,0.0
SLD03776,8.0,0.0
SLD03777,8.0,0.0
SLD03778,8.0,0.0
SLD03779,8.0,0.0
SLD03780,8.0,0.0
SLD03781,8.0,0.0
SLD03782,8.0,0.0
SLD03783,8.0,0.0
SLD03784,8.0,0.0
SLD03785,8.0,0.0
SLD03786,8.0,0.0
SLD03787,8.0,0.0
SLD03788,8.0,0.0
SLD03789,8.0,0.0
SLD03790,8.0,0.0
SLD03791,8.0,0.0
SLD03792,8.0,0.0
SLD03793,8.0,0.0
SLD03794,8.0,0.0
SLD03795,8.0,0.0
SLD03796,8.0,0.0
SLD03797,8.0,0.0
SLD03798,8.0,0.0
SLD03799,8.0,0.0
SLD03800,8.0,0.0
SLD03801,8.0,0.0
SLD03802,8.0,0.0
SLD03803,8.0,0.0
SLD03804,8.0,0.0
SLD03805,8.0,0.0
SLD03806,8.0,0.0
SLD03807,8.0,0.0
SLD03808,8.0,0.0
SLD03809,8.0,0.0
SLD03810,8.0,0.0
SLD03811,2.0,0.0
SLD03812,8.0,0.0
SLD03813,8.0,0.0
SLD03814,8.0,0.0
SLD03815,8.0,0.0
SLD03816,8.0,0.0
SLD03817,8.0,0.0
SLD03818,2.0,0.0
SLD03819,8.0,0.0
SLD03820,2.0,0.0
SLD03821,2.0,0.0
SLD03822,2.0,0.0
SLD03823,8.0,0.0
SLD03824,8.0,0.0
SLD03825,2.0,0.0
SLD03826,2.0,0.0
SLD03827,8.0,0.0
SLD03828,8.0,0.0
SLD03829,8.0,0.0
SLD03830,2.0,0.0
SLD03831,2.0,0.0
SLD03832,2.0,0.0
SLD03833,8.0,0.0
SLD03834,2.0,0.0
SLD03835,8.0,0.0
SLD03836,2.0,0.0
SLD03837,8.0,0.0
SLD03838,2.0,0.0
SLD03839,8.0,0.0
SLD03840,8.0,0.0
SLD03841,8.0,0.0
SLD03842,2.0,0.0
SLD03843,2.0,0.0
SLD03844,8.0,0.0
SLD03845,8.0,0.0
SLD03846,2.0,0.0
SLD03847,2.0,0.0
SLD03848,2.0,0.0
SLD03849,2.0,0.0
SLD03850,2.0,0.0
SLD03851,8.0,0.0
SLD03852,2.0,0.0
SLD03853,8.0,0.0
SLD03854,8.0,0.0
SLD03855,8.0,0.0
SLD03856,8.0,0.0
SLD03857,8.0,0.0
SLD03858,8.0,0.0
SLD03859,8.0,0.0
SLD03860,8.0,0.0
SLD03861,2.0,0.0
SLD03862,8.0,0.0
SLD03863,8.0,0.0
SLD03864,8.0,0.0
SLD03865,8.0,0.0
SLD03866,2.0,0.0
SLD03867,2.0,0.0
SLD03868,8.0,0.0
SLD03869,2.0,0.0
SLD03870,2.0,0.0
SLD03871,8.0,0.0
SLD03872,8.0,0.0
SLD03873,8.0,0.0
SLD03874,8.0,0.0
SLD03875,2.0,0.0
SLD03876,8.0,0.0
SLD03877,2.0,0.0
SLD03878,2.0,0.0
SLD03879,8.0,0.0
SLD03880,8.0,0.0
SLD03881,2.0,0.0
SLD03882,2.0,0.0
SLD03883,2.0,0.0
SLD03884,8.0,0.0
SLD03885,2.0,0.0
SLD03886,8.0,0.0
SLD03887,8.0,0.0
SLD03888,2.0,0.0
SLD03889,8.0,0.0
SLD03890,8.0,0.0
SLD03891,2.0,0.0
SLD03892,2.0,0.0
SLD03893,8.0,0.0
SLD03894,2.0,0.0
SLD03895,2.0,0.0
SLD03896,2.0,0.0
SLD03897,2.0,0.0
SLD03898,2.0,0.0
SLD03899,8.0,0.0
SLD03900,8.0,0.0
SLD03901,2.0,0.0
SLD03902,8.0,0.0
SLD03903,2.0,0.0
SLD03904,8.0,0.0
SLD03905,2.0,0.0
SLD03906,8.0,0.0
SLD03907,8.0,0.0
SLD03908,8.0,0.0
SLD03909,2.0,0.0
SLD03910,8.0,0.0
SLD03911,14.0,0.0
SLD03912,8.0,0.0
SLD03913,8.0,0.0
SLD03914,8.0,0.0
SLD03915,2.0,0.0
SLD03916,8.0,0.0
SLD03917,8.0,0.0
SLD03918,2.0,0.0
SLD03919,8.0,0.0
SLD03920,8.0,0.0
SLD03921,8.0,0.0
SLD03922,8.0,0.0
SLD03923,8.0,0.0
SLD03924,8.0,0.0
SLD03925,8.0,0.0
SLD03926,8.0,0.0
SLD03927,8.0,0.0
SLD03928,8.0,0.0
SLD03929,8.0,0.0
SLD03930,8.0,0.0
SLD03931,14.0,0.0
SLD03932,8.0,0.0
SLD03933,8.0,0.0
SLD03934,2.0,0.0
SLD03935,2.0,0.0
SLD03936,8.0,0.0
SLD03937,8.0,0.0
SLD03938,8.0,0.0
SLD03939,8.0,0.0
SLD03940,8.0,0.0
SLD03941,14.0,0.0
SLD03942,8.0,0.0
SLD03943,9.0,0.0
SLD03944,9.0,0.0
SLD03945,14.0,0.0
SLD03946,14.0,0.0
SLD03947,8.0,0.0
SLD03948,2.0,0.0
SLD03949,8.0,0.0
SLD03950,2.0,0.0
SLD03951,2.0,0.0
SLD03952,2.0,0.0
SLD03953,2.0,0.0
SLD03954,2.0,0.0
SLD03955,2.0,0.0
SLD03956,8.0,0.0
SLD03957,2.0,0.0
SLD03958,2.0,0.0
SLD03959,2.0,0.0
SLD03960,2.0,0.0
SLD03961,2.0,0.0
SLD03962,8.0,0.0
SLD03963,2.0,0.0
SLD03964,8.0,0.0
SLD03965,8.0,0.0
SLD03966,2.0,0.0
SLD03967,2.0,0.0
SLD03968,2.0,0.0
SLD03969,2.0,0.0
SLD03970,2.0,0.0
SLD03971,2.0,0.0
SLD03972,8.0,0.0
SLD03973,2.0,0.0
SLD03974,8.0,0.0
SLD03975,2.0,0.0
SLD03976,2.0,0.0
SLD03977,2.0,0.0
SLD03978,2.0,0.0
SLD03979,2.0,0.0
SLD03980,8.0,0.0
SLD03981,2.0,0.0
SLD03982,8.0,0.0
SLD03983,2.0,0.0
SLD03984,8.0,0.0
SLD03985,8.0,0.0
SLD03986,8.0,0.0
SLD03987,8.0,0.0
SLD03988,8.0,0.0
SLD03989,8.0,0.0
SLD03990,8.0,0.0
SLD03991,8.0,0.0
SLD03992,8.0,0.0
SLD03993,8.0,0.0
SLD03994,8.0,0.0
SLD03995,8.0,0.0
SLD03996,8.0,0.0
SLD03997,8.0,0.0
SLD03998,8.0,0.0
SLD03999,8.0,0.0
SLD04000,8.0,0.0
SLD04001,2.0,0.0
SLD04002,2.0,0.0
SLD04003,2.0,0.0
SLD04004,2.0,0.0
SLD04005,2.0,0.0
SLD04006,2.0,0.0
SLD04007,2.0,0.0
SLD04008,2.0,0.0
SLD04009,2.0,0.0
SLD04010,2.0,0.0
SLD04011,8.0,0.0
SLD04012,8.0,0.0
SLD04013,14.0,0.0
SLD04014,14.0,0.0
SLD04015,8.0,0.0
SLD04016,14.0,0.0
SLD04017,14.0,0.0
SLD04018,9.0,0.0
SLD04019,14.0,0.0
SLD04020,8.0,0.0
SLD04021,8.0,0.0
SLD04022,2.0,0.0
SLD04023,2.0,0.0
SLD04024,2.0,0.0
SLD04025,2.0,0.0
SLD04026,2.0,0.0
SLD04027,2.0,0.0
SLD04028,2.0,0.0
SLD04029,2.0,0.0
SLD04030,2.0,0.0
SLD04031,2.0,0.0
SLD04032,2.0,0.0
SLD04033,2.0,0.0
SLD04034,2.0,0.0
SLD04035,2.0,0.0
SLD04036,2.0,0.0
SLD04037,8.0,0.0
SLD04038,2.0,0.0
SLD04039,2.0,0.0
SLD04040,2.0,0.0
SLD04041,2.0,0.0
SLD04042,2.0,0.0
SLD04043,2.0,0.0
SLD04044,2.0,0.0
SLD04045,2.0,0.0
SLD04046,2.0,0.0
SLD04047,2.0,0.0
SLD04048,2.0,0.0
SLD04049,2.0,0.0
SLD04050,2.0,0.0
SLD04051,2.0,0.0
SLD04052,2.0,0.0
SLD04053,2.0,0.0
SLD04054,2.0,0.0
SLD04055,2.0,0.0
SLD04056,2.0,0.0
SLD04057,2.0,0.0
SLD04058,2.0,0.0
SLD04059,2.0,0.0
SLD04060,2.0,0.0
SLD04061,2.0,0.0
SLD04062,2.0,0.0
SLD04063,2.0,0.0
SLD04064,2.0,0.0
SLD04065,2.0,0.0
SLD04066,2.0,0.0
SLD04067,2.0,0.0
SLD04068,2.0,0.0
SLD04069,2.0,0.0
SLD04070,2.0,0.0
SLD04071,2.0,0.0
SLD04072,2.0,0.0
SLD04073,2.0,0.0
SLD04074,2.0,0.0
SLD04075,2.0,0.0
SLD04076,2.0,0.0
SLD04077,2.0,0.0
SLD04078,2.0,0.0
SLD04079,2.0,0.0
SLD04080,2.0,0.0
SLD04081,8.0,0.0
SLD04082,8.0,0.0
SLD04083,8.0,0.0
SLD04084,2.0,0.0
SLD04085,8.0,0.0
SLD04086,2.0,0.0
SLD04087,2.0,0.0
SLD04088,2.0,0.0
SLD04089,2.0,0.0
SLD04090,8.0,0.0
SLD04091,14.0,0.0
SLD04092,8.0,0.0
SLD04093,8.0,0.0
SLD04094,2.0,0.0
SLD04095,2.0,0.0
SLD04096,2.0,0.0
SLD04097,2.0,0.0
SLD04098,2.0,0.0
SLD04099,2.0,0.0
SLD04100,2.0,0.0
SLD04101,2.0,0.0
SLD04102,2.0,0.0
SLD04103,2.0,0.0
SLD04104,8.0,0.0
SLD04105,8.0,0.0
SLD04106,8.0,0.0
SLD04107,8.0,0.0
SLD04108,8.0,0.0
SLD04109,8.0,0.0
SLD04110,14.0,0.0
SLD04111,8.0,0.0
SLD04112,8.0,0.0
SLD04113,8.0,0.0
SLD04114,8.0,0.0
SLD04115,14.0,0.0
SLD04116,14.0,0.0
SLD04117,8.0,0.0
SLD04118,8.0,0.0
SLD04119,8.0,0.0
SLD04120,8.0,0.0
SLD04121,8.0,0.0
SLD04122,8.0,0.0
SLD04123,8.0,0.0
SLD04124,8.0,0.0
SLD04125,14.0,0.0
SLD04126,8.0,0.0
SLD04127,8.0,0.0
SLD04128,8.0,0.0
SLD04129,8.0,0.0
SLD04130,8.0,0.0
SLD04131,8.0,0.0
SLD04132,14.0,0.0
SLD04133,14.0,0.0
SLD04134,8.0,0.0
SLD04135,8.0,0.0
SLD04136,14.0,0.0
SLD04137,2.0,0.0
SLD04138,14.0,0.0
SLD04139,14.0,0.0
SLD04140,14.0,0.0
SLD04141,14.0,0.0
SLD04142,14.0,0.0
SLD04143,14.0,0.0
SLD04144,14.0,0.0
SLD04145,14.0,0.0
SLD04146,14.0,0.0
SLD04147,14.0,0.0
SLD04148,8.0,0.0
SLD04149,14.0,0.0
SLD04150,9.0,0.0
SLD04151,8.0,0.0
SLD04152,8.0,0.0
SLD04153,14.0,0.0
SLD04154,14.0,0.0
SLD04155,2.0,0.0
SLD04156,2.0,0.0
SLD04157,2.0,0.0
SLD04158,2.0,0.0
SLD04159,2.0,0.0
SLD04160,2.0,0.0
SLD04161,2.0,0.0
SLD04162,14.0,0.0
SLD04163,2.0,0.0
SLD04164,2.0,0.0
SLD04165,2.0,0.0
SLD04166,2.0,0.0
SLD04167,2.0,0.0
SLD04168,2.0,0.0
SLD04169,2.0,0.0
SLD04170,2.0,0.0
SLD04171,2.0,0.0
SLD04172,2.0,0.0
SLD04173,2.0,0.0
SLD04174,2.0,0.0
SLD04175,2.0,0.0
SLD04176,2.0,0.0
SLD04177,2.0,0.0
SLD04178,2.0,0.0
SLD04179,2.0,0.0
SLD04180,2.0,0.0
SLD04181,2.0,0.0
SLD04182,2.0,0.0
SLD04183,2.0,0.0
SLD04184,2.0,0.0
SLD04185,2.0,0.0
SLD04186,2.0,0.0
SLD04187,2.0,0.0
SLD04188,2.0,0.0
SLD04189,2.0,0.0
SLD04190,2.0,0.0
SLD04191,2.0,0.0
SLD04192,2.0,0.0
SLD04193,2.0,0.0
SLD04194,2.0,0.0
SLD04195,2.0,0.0
SLD04196,2.0,0.0
SLD04197,2.0,0.0
SLD04198,2.0,0.0
SLD04199,2.0,0.0
SLD04200,2.0,0.0
SLD04201,2.0,0.0
SLD04202,2.0,0.0
SLD04203,2.0,0.0
SLD04204,2.0,0.0
SLD04205,2.0,0.0
SLD04206,2.0,0.0
SLD04207,2.0,0.0
SLD04208,2.0,0.0
SLD04209,2.0,0.0
SLD04210,2.0,0.0
SLD04211,2.0,0.0
SLD04212,2.0,0.0
SLD04213,2.0,0.0
SLD04214,2.0,0.0
SLD04215,2.0,0.0
SLD04216,2.0,0.0
SLD04217,2.0,0.0
SLD04218,2.0,0.0
SLD04219,2.0,0.0
SLD04220,2.0,0.0
SLD04221,2.0,0.0
SLD04222,2.0,0.0
SLD04223,2.0,0.0
SLD04224,2.0,0.0
SLD04225,2.0,0.0
SLD04226,2.0,0.0
SLD04227,2.0,0.0
SLD04228,2.0,0.0
SLD04229,8.0,0.0
SLD04230,8.0,0.0
SLD04231,8.0,0.0
SLD04232,8.0,0.0
SLD04233,8.0,0.0
SLD04234,8.0,0.0
SLD04235,8.0,0.0
SLD04236,8.0,0.0
SLD04237,8.0,0.0
SLD04238,8.0,0.0
SLD04239,8.0,0.0
SLD04240,8.0,0.0
SLD04241,9.0,0.0
SLD04242,9.0,0.0
SLD04243,14.0,0.0
SLD04244,8.0,0.0
SLD04245,8.0,0.0
SLD04246,8.0,0.0
SLD04247,8.0,0.0
SLD04248,8.0,0.0
SLD04249,8.0,0.0
SLD04250,8.0,0.0
SLD04251,8.0,0.0
SLD04252,8.0,0.0
SLD04253,8.0,0.0
SLD04254,8.0,0.0
SLD04255,8.0,0.0
SLD04256,8.0,0.0
SLD04257,8.0,0.0
SLD04258,8.0,0.0
SLD04259,8.0,0.0
SLD04260,8.0,0.0
SLD04261,8.0,0.0
SLD04262,8.0,0.0
SLD04263,8.0,0.0
SLD04264,8.0,0.0
SLD04265,8.0,0.0
SLD04266,8.0,0.0
SLD04267,8.0,0.0
SLD04268,8.0,0.0
SLD04269,8.0,0.0
SLD04270,8.0,0.0
SLD04271,14.0,0.0
SLD04272,14.0,0.0
SLD04273,8.0,0.0
SLD04274,8.0,0.0
SLD04275,8.0,0.0
SLD04276,8.0,0.0
SLD04277,8.0,0.0
SLD04278,2.0,0.0
SLD04279,8.0,0.0
SLD04280,8.0,0.0
SLD04281,8.0,0.0
SLD04282,2.0,0.0
SLD04283,8.0,0.0
SLD04284,8.0,0.0
SLD04285,2.0,0.0
SLD04286,2.0,0.0
SLD04287,8.0,0.0
SLD04288,8.0,0.0
SLD04289,8.0,0.0
SLD04290,8.0,0.0
SLD04291,8.0,0.0
SLD04292,8.0,0.0
SLD04293,8.0,0.0
SLD04294,8.0,0.0
SLD04295,14.0,0.0
SLD04296,14.0,0.0
SLD04297,14.0,0.0
SLD04298,14.0,0.0
SLD04299,14.0,0.0
SLD04300,8.0,0.0
SLD04301,8.0,0.0
SLD04302,8.0,0.0
SLD04303,8.0,0.0
SLD04304,8.0,0.0
SLD04305,8.0,0.0
SLD04306,8.0,0.0
SLD04307,2.0,0.0
SLD04308,8.0,0.0
SLD04309,2.0,0.0
SLD04310,2.0,0.0
SLD04311,2.0,0.0
SLD04312,2.0,0.0
SLD04313,8.0,0.0
SLD04314,2.0,0.0
SLD04315,2.0,0.0
SLD04316,2.0,0.0
SLD04317,2.0,0.0
SLD04318,2.0,0.0
SLD04319,2.0,0.0
SLD04320,8.0,0.0
SLD04321,8.0,0.0
SLD04322,8.0,0.0
SLD04323,8.0,0.0
SLD04324,2.0,0.0
SLD04325,8.0,0.0
SLD04326,8.0,0.0
SLD04327,8.0,0.0
SLD04328,8.0,0.0
SLD04329,8.0,0.0
SLD04330,14.0,0.0
SLD04331,8.0,0.0
SLD04332,8.0,0.0
SLD04333,8.0,0.0
SLD04334,8.0,0.0
SLD04335,8.0,0.0
SLD04336,8.0,0.0
SLD04337,2.0,0.0
SLD04338,8.0,0.0
SLD04339,8.0,0.0
SLD04340,2.0,0.0
SLD04341,8.0,0.0
SLD04342,8.0,0.0
SLD04343,2.0,0.0
SLD04344,8.0,0.0
SLD04345,8.0,0.0
SLD04346,2.0,0.0
SLD04347,8.0,0.0
SLD04348,2.0,0.0
SLD04349,2.0,0.0
SLD04350,2.0,0.0
SLD04351,2.0,0.0
SLD04352,2.0,0.0
SLD04353,2.0,0.0
SLD04354,2.0,0.0
SLD04355,2.0,0.0
SLD04356,2.0,0.0
SLD04357,2.0,0.0
SLD04358,8.0,0.0
SLD04359,2.0,0.0
SLD04360,10.0,0.0
SLD04361,10.0,0.0
SLD04362,8.0,0.0
SLD04363,8.0,0.0
SLD04364,8.0,0.0
SLD04365,2.0,0.0
SLD04366,2.0,0.0
SLD04367,2.0,0.0
SLD04368,2.0,0.0
SLD04369,2.0,0.0
SLD04370,2.0,0.0
SLD04371,2.0,0.0
SLD04372,2.0,0.0
SLD04373,2.0,0.0
SLD04374,2.0,0.0
SLD04375,8.0,0.0
SLD04376,8.0,0.0
SLD04377,8.0,0.0
SLD04378,2.0,0.0
SLD04379,2.0,0.0
SLD04380,2.0,0.0
SLD04381,2.0,0.0
SLD04382,8.0,0.0
SLD04383,2.0,0.0
SLD04384,8.0,0.0
SLD04385,8.0,0.0
SLD04386,8.0,0.0
SLD04387,8.0,0.0
SLD04388,2.0,0.0
SLD04389,8.0,0.0
SLD04390,8.0,0.0
SLD04391,8.0,0.0
SLD04392,8.0,0.0
SLD04393,8.0,0.0
SLD04394,2.0,0.0
SLD04395,8.0,0.0
SLD04396,2.0,0.0
SLD04397,8.0,0.0
SLD04398,2.0,0.0
SLD04399,2.0,0.0
SLD04400,2.0,0.0
SLD04401,8.0,0.0
SLD04402,8.0,0.0
SLD04403,8.0,0.0
SLD04404,8.0,0.0
SLD04405,8.0,0.0
SLD04406,8.0,0.0
SLD04407,8.0,0.0
SLD04408,8.0,0.0
SLD04409,8.0,0.0
SLD04410,2.0,0.0
SLD04411,8.0,0.0
SLD04412,2.0,0.0
SLD04413,2.0,0.0
SLD04414,8.0,0.0
SLD04415,8.0,0.0
SLD04416,8.0,0.0
SLD04417,8.0,0.0
SLD04418,8.0,0.0
SLD04419,8.0,0.0
SLD04420,8.0,0.0
SLD04421,8.0,0.0
SLD04422,8.0,0.0
SLD04423,8.0,0.0
SLD04424,8.0,0.0
SLD04425,8.0,0.0
SLD04426,8.0,0.0
SLD04427,8.0,0.0
SLD04428,8.0,0.0
SLD04429,8.0,0.0
SLD04430,8.0,0.0
SLD04431,8.0,0.0
SLD04432,8.0,0.0
SLD04433,8.0,0.0
SLD04434,8.0,0.0
SLD04435,8.0,0.0
SLD04436,8.0,0.0
SLD04437,8.0,0.0
SLD04438,8.0,0.0
SLD04439,8.0,0.0
SLD04440,8.0,0.0
SLD04441,8.0,0.0
SLD04442,8.0,0.0
SLD04443,8.0,0.0
SLD04444,8.0,0.0
SLD04445,8.0,0.0
SLD04446,8.0,0.0
SLD04447,8.0,0.0
SLD04448,8.0,0.0
SLD04449,8.0,0.0
SLD04450,8.0,0.0
SLD04451,2.0,0.0
SLD04452,8.0,0.0
SLD04453,8.0,0.0
SLD04454,8.0,0.0
SLD04455,8.0,0.0
SLD04456,2.0,0.0
SLD04457,8.0,0.0
SLD04458,8.0,0.0
SLD04459,2.0,0.0
SLD04460,2.0,0.0
SLD04461,8.0,0.0
SLD04462,8.0,0.0
SLD04463,8.0,0.0
SLD04464,8.0,0.0
SLD04465,8.0,0.0
SLD04466,8.0,0.0
SLD04467,8.0,0.0
SLD04468,8.0,0.0
SLD04469,2.0,0.0
SLD04470,8.0,0.0
SLD04471,8.0,0.0
SLD04472,8.0,0.0
SLD04473,8.0,0.0
SLD04474,2.0,0.0
SLD04475,2.0,0.0
SLD04476,2.0,0.0
SLD04477,8.0,0.0
SLD04478,2.0,0.0
SLD04479,8.0,0.0
SLD04480,2.0,0.0
SLD04481,2.0,0.0
SLD04482,2.0,0.0
SLD04483,2.0,0.0
SLD04484,2.0,0.0
SLD04485,2.0,0.0
SLD04486,8.0,0.0
SLD04487,8.0,0.0
SLD04488,9.0,0.0
SLD04489,8.0,0.0
SLD04490,2.0,0.0
SLD04491,8.0,0.0
SLD04492,8.0,0.0
SLD04493,2.0,0.0
SLD04494,2.0,0.0
SLD04495,8.0,0.0
SLD04496,2.0,0.0
SLD04497,8.0,0.0
SLD04498,8.0,0.0
SLD04499,8.0,0.0
SLD04500,8.0,0.0
SLD04501,2.0,0.0
SLD04502,2.0,0.0
SLD04503,9.0,0.0
SLD04504,8.0,0.0
SLD04505,2.0,0.0
SLD04506,2.0,0.0
SLD04507,2.0,0.0
SLD04508,2.0,0.0
SLD04509,8.0,0.0
SLD04510,8.0,0.0
SLD04511,8.0,0.0
SLD04512,8.0,0.0
SLD04513,2.0,0.0
SLD04514,2.0,0.0
SLD04515,2.0,0.0
SLD04516,8.0,0.0
SLD04517,2.0,0.0
SLD04518,8.0,0.0
SLD04519,8.0,0.0
SLD04520,2.0,0.0
SLD04521,8.0,0.0
SLD04522,8.0,0.0
SLD04523,2.0,0.0
SLD04524,2.0,0.0
SLD04525,8.0,0.0
SLD04526,2.0,0.0
SLD04527,8.0,0.0
SLD04528,2.0,0.0
SLD04529,8.0,0.0
SLD04530,8.0,0.0
SLD04531,2.0,0.0
SLD04532,2.0,0.0
SLD04533,2.0,0.0
SLD04534,2.0,0.0
SLD04535,2.0,0.0
SLD04536,2.0,0.0
SLD04537,2.0,0.0
SLD04538,2.0,0.0
SLD04539,8.0,0.0
SLD04540,2.0,0.0
SLD04541,2.0,0.0
SLD04542,8.0,0.0
SLD04543,8.0,0.0
SLD04544,2.0,0.0
SLD04545,2.0,0.0
SLD04546,2.0,0.0
SLD04547,2.0,0.0
SLD04548,2.0,0.0
SLD04549,2.0,0.0
SLD04550,2.0,0.0
SLD04551,2.0,0.0
SLD04552,2.0,0.0
SLD04553,8.0,0.0
SLD04554,2.0,0.0
SLD04555,8.0,0.0
SLD04556,2.0,0.0
SLD04557,8.0,0.0
SLD04558,2.0,0.0
SLD04559,8.0,0.0
SLD04560,8.0,0.0
SLD04561,2.0,0.0
SLD04562,8.0,0.0
SLD04563,8.0,0.0
SLD04564,2.0,0.0
SLD04565,2.0,0.0
SLD04566,8.0,0.0
SLD04567,2.0,0.0
SLD04568,8.0,0.0
SLD04569,8.0,0.0
SLD04570,8.0,0.0
SLD04571,2.0,0.0
SLD04572,8.0,0.0
SLD04573,2.0,0.0
SLD04574,2.0,0.0
SLD04575,2.0,0.0
SLD04576,2.0,0.0
SLD04577,2.0,0.0
SLD04578,2.0,0.0
SLD04579,8.0,0.0
SLD04580,2.0,0.0
SLD04581,8.0,0.0
SLD04582,2.0,0.0
SLD04583,8.0,0.0
SLD04584,8.0,0.0
SLD04585,8.0,0.0
SLD04586,8.0,0.0
SLD04587,8.0,0.0
SLD04588,8.0,0.0
SLD04589,2.0,0.0
SLD04590,2.0,0.0
SLD04591,8.0,0.0
SLD04592,2.0,0.0
SLD04593,2.0,0.0
SLD04594,9.0,0.0
SLD04595,2.0,0.0
SLD04596,9.0,0.0
SLD04597,9.0,0.0
SLD04598,2.0,0.0
SLD04599,9.0,0.0
SLD04600,2.0,0.0
SLD04601,8.0,0.0
SLD04602,9.0,0.0
SLD04603,2.0,0.0
SLD04604,2.0,0.0
SLD04605,2.0,0.0
SLD04606,2.0,0.0
SLD04607,2.0,0.0
SLD04608,2.0,0.0
SLD04609,2.0,0.0
SLD04610,2.0,0.0
SLD04611,2.0,0.0
SLD04612,2.0,0.0
SLD04613,2.0,0.0
SLD04614,2.0,0.0
SLD04615,2.0,0.0
SLD04616,2.0,0.0
SLD04617,8.0,0.0
SLD04618,2.0,0.0
SLD04619,2.0,0.0
SLD04620,8.0,0.0
SLD04621,8.0,0.0
SLD04622,2.0,0.0
SLD04623,8.0,0.0
SLD04624,8.0,0.0
SLD04625,8.0,0.0
SLD04626,9.0,0.0
SLD04627,9.0,0.0
SLD04628,8.0,0.0
SLD04629,9.0,0.0
SLD04630,8.0,0.0
SLD04631,9.0,0.0
SLD04632,2.0,0.0
SLD04633,9.0,0.0
SLD04634,8.0,0.0
SLD04635,9.0,0.0
SLD04636,8.0,0.0
SLD04637,9.0,0.0
SLD04638,8.0,0.0
SLD04639,2.0,0.0
SLD04640,2.0,0.0
SLD04641,8.0,0.0
SLD04642,8.0,0.0
SLD04643,8.0,0.0
SLD04644,2.0,0.0
SLD04645,2.0,0.0
SLD04646,8.0,0.0
SLD04647,8.0,0.0
SLD04648,9.0,0.0
SLD04649,9.0,0.0
SLD04650,9.0,0.0
SLD04651,8.0,0.0
SLD04652,8.0,0.0
SLD04653,8.0,0.0
SLD04654,2.0,0.0
SLD04655,8.0,0.0
SLD04656,8.0,0.0
SLD04657,8.0,0.0
SLD04658,8.0,0.0
SLD04659,8.0,0.0
SLD04660,9.0,0.0
SLD04661,8.0,0.0
SLD04662,8.0,0.0
SLD04663,8.0,0.0
SLD04664,8.0,0.0
SLD04665,2.0,0.0
SLD04666,8.0,0.0
SLD04667,14.0,0.0
SLD04668,14.0,0.0
SLD04669,14.0,0.0
SLD04670,8.0,0.0
SLD04671,8.0,0.0
SLD04672,8.0,0.0
SLD04673,14.0,0.0
SLD04674,9.0,0.0
SLD04675,9.0,0.0
SLD04676,9.0,0.0
SLD04677,9.0,0.0
SLD04678,8.0,0.0
SLD04679,9.0,0.0
SLD04680,9.0,0.0
SLD04681,14.0,0.0
SLD04682,8.0,0.0
SLD04683,14.0,0.0
SLD04684,8.0,0.0
SLD04685,9.0,0.0
SLD04686,9.0,0.0
SLD04687,8.0,0.0
SLD04688,1.0,0.0
SLD04689,14.0,0.0
SLD04690,2.0,0.0
SLD04691,2.0,0.0
SLD04692,2.0,0.0
SLD04693,2.0,0.0
SLD04694,14.0,0.0
SLD04695,2.0,0.0
SLD04696,14.0,0.0
SLD04697,9.0,0.0
SLD04698,9.0,0.0
SLD04699,9.0,0.0
SLD04700,13.0,9.0
SLD04701,8.0,0.0
SLD04702,9.0,0.0
SLD04703,9.0,0.0
SLD04704,14.0,0.0
SLD04705,2.0,0.0
SLD04706,2.0,0.0
SLD04707,2.0,0.0
SLD04708,2.0,0.0
SLD04709,2.0,0.0
SLD04710,2.0,0.0
SLD04711,9.0,0.0
SLD04712,2.0,0.0
SLD04713,2.0,0.0
SLD04714,9.0,0.0
SLD04715,9.0,0.0
SLD04716,9.0,0.0
SLD04717,2.0,0.0
SLD04718,9.0,0.0
SLD04719,2.0,0.0
SLD04720,2.0,0.0
SLD04721,2.0,0.0
SLD04722,2.0,0.0
SLD04723,8.0,0.0
SLD04724,9.0,0.0
SLD04725,14.0,0.0
SLD04726,9.0,0.0
SLD04727,8.0,0.0
SLD04728,9.0,0.0
SLD04729,2.0,0.0
SLD04730,2.0,0.0
SLD04731,9.0,0.0
SLD04732,2.0,0.0
SLD04733,2.0,0.0
SLD04734,2.0,0.0
SLD04735,2.0,0.0
SLD04736,2.0,0.0
SLD04737,2.0,0.0
SLD04738,2.0,0.0
SLD04739,2.0,0.0
SLD04740,2.0,0.0
SLD04741,2.0,0.0
SLD04742,2.0,0.0
SLD04743,2.0,0.0
SLD04744,2.0,0.0
SLD04745,2.0,0.0
SLD04746,2.0,0.0
SLD04747,2.0,0.0
SLD04748,2.0,0.0
SLD04749,2.0,0.0
SLD04750,2.0,0.0
SLD04751,2.0,0.0
SLD04752,2.0,0.0
SLD04753,2.0,0.0
SLD04754,2.0,0.0
SLD04755,2.0,0.0
SLD04756,2.0,0.0
SLD04757,2.0,0.0
SLD04758,2.0,0.0
SLD04759,2.0,0.0
SLD04760,2.0,0.0
SLD04761,2.0,0.0
SLD04762,2.0,0.0
SLD04763,2.0,0.0
SLD04764,2.0,0.0
SLD04765,2.0,0.0
SLD04766,2.0,0.0
SLD04767,9.0,0.0
SLD04768,9.0,0.0
SLD04769,2.0,0.0
SLD04770,2.0,0.0
SLD04771,2.0,0.0
SLD04772,9.0,0.0
SLD04773,9.0,0.0
SLD04774,9.0,0.0
SLD04775,2.0,0.0
SLD04776,8.0,0.0
SLD04777,8.0,0.0
SLD04778,4.0,0.0
SLD04779,8.0,0.0
SLD04780,9.0,0.0
SLD04781,8.0,0.0
SLD04782,14.0,0.0
SLD04783,8.0,0.0
SLD04784,9.0,0.0
SLD04785,9.0,0.0
SLD04786,14.0,0.0
SLD04787,14.0,0.0
SLD04788,14.0,0.0
SLD04789,14.0,0.0
SLD04790,9.0,0.0
SLD04791,9.0,0.0
SLD04792,5.0,0.0
SLD04793,5.0,0.0
SLD04794,8.0,0.0
SLD04795,14.0,0.0
SLD04796,8.0,0.0
SLD04797,8.0,0.0
SLD04798,8.0,0.0
SLD04799,8.0,0.0
SLD04800,9.0,0.0
SLD04801,9.0,0.0
SLD04802,8.0,0.0
SLD04803,9.0,0.0
SLD04804,9.0,0.0
SLD04805,9.0,0.0
SLD04806,8.0,0.0
SLD04807,8.0,0.0
SLD04808,9.0,0.0
SLD04809,9.0,0.0
SLD04810,9.0,0.0
SLD04811,9.0,0.0
SLD04812,9.0,0.0
SLD04813,9.0,0.0
SLD04814,2.0,0.0
SLD04815,9.0,0.0
SLD04816,9.0,0.0
SLD04817,2.0,0.0
SLD04818,2.0,0.0
SLD04819,9.0,0.0
SLD04820,8.0,0.0
SLD04821,9.0,0.0
SLD04822,9.0,0.0
SLD04823,9.0,0.0
SLD04824,9.0,0.0
SLD04825,8.0,0.0
SLD04826,9.0,0.0
SLD04827,8.0,0.0
SLD04828,9.0,0.0
SLD04829,2.0,0.0
SLD04830,9.0,0.0
SLD04831,9.0,0.0
SLD04832,9.0,0.0
SLD04833,9.0,0.0
SLD04834,9.0,0.0
SLD04835,9.0,0.0
SLD04836,9.0,0.0
SLD04837,9.0,0.0
SLD04838,2.0,0.0
SLD04839,2.0,0.0
SLD04840,9.0,0.0
SLD04841,9.0,0.0
SLD04842,9.0,0.0
SLD04843,9.0,0.0
SLD04844,4.0,0.0
SLD04845,4.0,0.0
SLD04846,2.0,0.0
SLD04847,9.0,0.0
SLD04848,9.0,0.0
SLD04849,9.0,0.0
SLD04850,9.0,0.0
SLD04851,2.0,0.0
SLD04852,2.0,0.0
SLD04853,2.0,0.0
SLD04854,2.0,0.0
SLD04855,2.0,0.0
SLD04856,14.0,0.0
SLD04857,9.0,0.0
SLD04858,9.0,0.0
SLD04859,9.0,0.0
SLD04860,9.0,0.0
SLD04861,2.0,0.0
SLD04862,8.0,0.0
SLD04863,2.0,0.0
SLD04864,9.0,0.0
SLD04865,9.0,0.0
SLD04866,9.0,0.0
SLD04867,2.0,0.0
SLD04868,2.0,0.0
SLD04869,2.0,0.0
SLD04870,4.0,0.0
SLD04871,2.0,0.0
SLD04872,2.0,0.0
SLD04873,9.0,0.0
SLD04874,9.0,0.0
SLD04875,9.0,0.0
SLD04876,9.0,0.0
SLD04877,2.0,0.0
SLD04878,2.0,0.0
SLD04879,8.0,0.0
SLD04880,8.0,0.0
SLD04881,8.0,0.0
SLD04882,2.0,0.0
SLD04883,2.0,0.0
SLD04884,9.0,0.0
SLD04885,9.0,0.0
SLD04886,9.0,0.0
SLD04887,9.0,0.0
SLD04888,8.0,0.0
SLD04889,8.0,0.0
SLD04890,8.0,0.0
SLD04891,9.0,0.0
SLD04892,14.0,0.0
SLD04893,2.0,0.0
SLD04894,2.0,0.0
SLD04895,2.0,0.0
SLD04896,2.0,0.0
SLD04897,2.0,0.0
SLD04898,2.0,0.0
SLD04899,2.0,0.0
SLD04900,2.0,0.0
SLD04901,2.0,0.0
SLD04902,2.0,0.0
SLD04903,2.0,0.0
SLD04904,2.0,0.0
SLD04905,2.0,0.0
SLD04906,2.0,0.0
SLD04907,2.0,0.0
SLD04908,2.0,0.0
SLD04909,2.0,0.0
SLD04910,2.0,0.0
SLD04911,2.0,0.0
SLD04912,2.0,0.0
SLD04913,2.0,0.0
SLD04914,2.0,0.0
SLD04915,2.0,0.0
SLD04916,8.0,0.0
SLD04917,8.0,0.0
SLD04918,9.0,0.0
SLD04919,9.0,0.0
SLD04920,9.0,0.0
SLD04921,9.0,0.0
SLD04922,9.0,0.0
SLD04923,9.0,0.0
SLD04924,9.0,0.0
SLD04925,9.0,0.0
SLD04926,9.0,0.0
SLD04927,9.0,0.0
SLD04928,9.0,0.0
SLD04929,9.0,0.0
SLD04930,8.0,0.0
SLD04931,8.0,0.0
SLD04932,2.0,0.0
SLD04933,2.0,0.0
SLD04934,2.0,0.0
SLD04935,8.0,0.0
SLD04936,2.0,0.0
SLD04937,2.0,0.0
SLD04938,2.0,0.0
SLD04939,2.0,0.0
SLD04940,2.0,0.0
SLD04941,2.0,0.0
SLD04942,2.0,0.0
SLD04943,2.0,0.0
SLD04944,2.0,0.0
SLD04945,9.0,0.0
SLD04946,9.0,0.0
SLD04947,9.0,0.0
SLD04948,9.0,0.0
SLD04949,9.0,0.0
SLD04950,9.0,0.0
SLD04951,8.0,0.0
SLD04952,8.0,0.0
SLD04953,8.0,0.0
SLD04954,9.0,0.0
SLD04955,8.0,0.0
SLD04956,2.0,0.0
SLD04957,2.0,0.0
SLD04958,8.0,0.0
SLD04959,8.0,0.0
SLD04960,8.0,0.0
SLD04961,8.0,0.0
SLD04962,8.0,0.0
SLD04963,8.0,0.0
SLD04964,8.0,0.0
SLD04965,8.0,0.0
SLD04966,9.0,0.0
SLD04967,2.0,0.0
SLD04968,2.0,0.0
SLD04969,2.0,0.0
SLD04970,2.0,0.0
SLD04971,9.0,0.0
SLD04972,9.0,0.0
SLD04973,8.0,0.0
SLD04974,8.0,0.0
SLD04975,8.0,0.0
SLD04976,2.0,0.0
SLD04977,8.0,0.0
SLD04978,2.0,0.0
SLD04979,9.0,0.0
SLD04980,9.0,0.0
SLD04981,9.0,0.0
SLD04982,8.0,0.0
SLD04983,2.0,0.0
SLD04984,5.0,0.0
SLD04985,9.0,0.0
SLD04986,9.0,0.0
SLD04987,9.0,0.0
SLD04988,9.0,0.0
SLD04989,9.0,0.0
SLD04990,9.0,0.0
SLD04991,2.0,0.0
SLD04992,2.0,0.0
SLD04993,2.0,0.0
SLD04994,2.0,0.0
SLD04995,8.0,0.0
SLD04996,8.0,0.0
SLD04997,2.0,0.0
SLD04998,8.0,0.0
SLD04999,2.0,0.0
SLD05000,9.0,0.0
SLD05001,9.0,0.0
SLD05002,5.0,0.0
SLD05003,9.0,0.0
SLD05004,9.0,0.0
SLD05005,9.0,0.0
SLD05006,9.0,0.0
SLD05007,2.0,0.0
SLD05008,2.0,0.0
SLD05009,2.0,0.0
SLD05010,2.0,0.0
SLD05011,8.0,0.0
SLD05012,2.0,0.0
SLD05013,8.0,0.0
SLD05014,8.0,0.0
SLD05015,9.0,0.0
SLD05016,9.0,0.0
SLD05017,9.0,0.0
SLD05018,9.0,0.0
SLD05019,9.0,0.0
SLD05020,9.0,0.0
SLD05021,9.0,0.0
SLD05022,8.0,0.0
SLD05023,9.0,0.0
SLD05024,9.0,0.0
SLD05025,5.0,0.0
SLD05026,9.0,0.0
SLD05027,9.0,0.0
SLD05028,9.0,0.0
SLD05029,9.0,0.0
SLD05030,9.0,0.0
SLD05031,8.0,0.0
SLD05032,9.0,0.0
SLD05033,5.0,0.0
SLD05034,9.0,0.0
SLD05035,9.0,0.0
SLD05036,9.0,0.0
SLD05037,9.0,0.0
SLD05038,9.0,0.0
SLD05039,9.0,0.0
SLD05040,9.0,0.0
SLD05041,9.0,0.0
SLD05042,9.0,0.0
SLD05043,9.0,0.0
SLD05044,9.0,0.0
SLD05045,9.0,0.0
SLD05046,9.0,0.0
SLD05047,9.0,0.0
SLD05048,9.0,0.0
SLD05049,9.0,0.0
SLD05050,9.0,0.0
SLD05051,9.0,0.0
SLD05052,9.0,0.0
SLD05053,9.0,0.0
SLD05054,9.0,0.0
SLD05055,9.0,0.0
SLD05056,9.0,0.0
SLD05057,9.0,0.0
SLD05058,9.0,0.0
SLD05059,9.0,0.0
SLD05060,9.0,0.0
SLD05061,8.0,0.0
SLD05062,9.0,0.0
SLD05063,9.0,0.0
SLD05064,9.0,0.0
SLD05065,8.0,0.0
SLD05066,8.0,0.0
SLD05067,9.0,0.0
SLD05068,8.0,0.0
SLD05069,9.0,0.0
SLD05070,9.0,0.0
SLD05071,9.0,0.0
SLD05072,9.0,0.0
SLD05073,9.0,0.0
SLD05074,9.0,0.0
SLD05075,9.0,0.0
SLD05076,9.0,0.0
SLD05077,9.0,0.0
SLD05078,9.0,0.0
SLD05079,9.0,0.0
SLD05080,8.0,0.0
SLD05081,2.0,0.0
SLD05082,8.0,0.0
SLD05083,8.0,0.0
SLD05084,9.0,0.0
SLD05085,2.0,0.0
SLD05086,2.0,0.0
SLD05087,9.0,0.0
SLD05088,2.0,0.0
SLD05089,8.0,0.0
SLD05090,9.0,0.0
SLD05091,9.0,0.0
SLD05092,9.0,0.0
SLD05093,8.0,0.0
SLD05094,8.0,0.0
SLD05095,8.0,0.0
SLD05096,8.0,0.0
SLD05097,8.0,0.0
SLD05098,8.0,0.0
SLD05099,9.0,0.0
SLD05100,9.0,0.0
SLD05101,9.0,0.0
SLD05102,8.0,0.0
SLD05103,9.0,0.0
SLD05104,9.0,0.0
SLD05105,9.0,0.0
SLD05106,9.0,0.0
SLD05107,9.0,0.0
SLD05108,8.0,0.0
SLD05109,8.0,0.0
SLD05110,2.0,0.0
SLD05111,2.0,0.0
SLD05112,2.0,0.0
SLD05113,9.0,0.0
SLD05114,8.0,0.0
SLD05115,9.0,0.0
SLD05116,2.0,0.0
SLD05117,8.0,0.0
SLD05118,2.0,0.0
SLD05119,9.0,0.0
SLD05120,8.0,0.0
SLD05121,8.0,0.0
SLD05122,2.0,0.0
SLD05123,2.0,0.0
SLD05124,9.0,0.0
SLD05125,10.0,0.0
SLD05126,8.0,0.0
SLD05127,9.0,0.0
SLD05128,8.0,0.0
SLD05129,8.0,0.0
SLD05130,8.0,0.0
SLD05131,8.0,0.0
SLD05132,10.0,0.0
SLD05133,8.0,0.0
SLD05134,10.0,0.0
SLD05135,8.0,0.0
SLD05136,9.0,0.0
SLD05137,9.0,0.0
SLD05138,9.0,0.0
SLD05139,9.0,0.0
SLD05140,9.0,0.0
SLD05141,9.0,0.0
SLD05142,9.0,0.0
SLD05143,9.0,0.0
SLD05144,9.0,0.0
SLD05145,9.0,0.0
SLD05146,8.0,0.0
SLD05147,8.0,0.0
SLD05148,8.0,0.0
SLD05149,9.0,0.0
SLD05150,2.0,0.0
SLD05151,8.0,0.0
SLD05152,2.0,0.0
SLD05153,2.0,0.0
SLD05154,2.0,0.0
SLD05155,2.0,0.0
SLD05156,2.0,0.0
SLD05157,2.0,0.0
SLD05158,2.0,0.0
SLD05159,2.0,0.0
SLD05160,2.0,0.0
SLD05161,2.0,0.0
SLD05162,2.0,0.0
SLD05163,2.0,0.0
SLD05164,2.0,0.0
SLD05165,8.0,0.0
SLD05166,2.0,0.0
SLD05167,2.0,0.0
SLD05168,2.0,0.0
SLD05169,2.0,0.0
SLD05170,2.0,0.0
SLD05171,2.0,0.0
SLD05172,2.0,0.0
SLD05173,2.0,0.0
SLD05174,2.0,0.0
SLD05175,2.0,0.0
SLD05176,9.0,0.0
SLD05177,2.0,0.0
SLD05178,9.0,0.0
SLD05179,9.0,0.0
SLD05180,2.0,0.0
SLD05181,2.0,0.0
SLD05182,2.0,0.0
SLD05183,2.0,0.0
SLD05184,2.0,0.0
SLD05185,2.0,0.0
SLD05186,2.0,0.0
SLD05187,2.0,0.0
SLD05188,8.0,0.0
SLD05189,9.0,0.0
SLD05190,8.0,0.0
SLD05191,8.0,0.0
SLD05192,9.0,0.0
SLD05193,9.0,0.0
SLD05194,8.0,0.0
SLD05195,8.0,0.0
SLD05196,8.0,0.0
SLD05197,8.0,0.0
SLD05198,2.0,0.0
SLD05199,9.0,0.0
SLD05200,2.0,0.0
SLD05201,2.0,0.0
SLD05202,2.0,0.0
SLD05203,8.0,0.0
SLD05204,9.0,0.0
SLD05205,9.0,0.0
SLD05206,8.0,0.0
SLD05207,8.0,0.0
SLD05208,2.0,0.0
SLD05209,2.0,0.0
SLD05210,2.0,0.0
SLD05211,2.0,0.0
SLD05212,2.0,0.0
SLD05213,9.0,0.0
SLD05214,9.0,0.0
SLD05215,8.0,0.0
SLD05216,8.0,0.0
SLD05217,8.0,0.0
SLD05218,8.0,0.0
SLD05219,8.0,0.0
SLD05220,8.0,0.0
SLD05221,8.0,0.0
SLD05222,8.0,0.0
SLD05223,8.0,0.0
SLD05224,8.0,0.0
SLD05225,8.0,0.0
SLD05226,8.0,0.0
SLD05227,8.0,0.0
SLD05228,8.0,0.0
SLD05229,8.0,0.0
SLD05230,8.0,0.0
SLD05231,9.0,0.0
SLD05232,9.0,0.0
SLD05233,9.0,0.0
SLD05234,9.0,0.0
SLD05235,2.0,0.0
SLD05236,8.0,0.0
SLD05237,8.0,0.0
SLD05238,8.0,0.0
SLD05239,8.0,0.0
SLD05240,8.0,0.0
SLD05241,8.0,0.0
SLD05242,9.0,0.0
SLD05243,9.0,0.0
SLD05244,9.0,0.0
SLD05245,9.0,0.0
SLD05246,8.0,0.0
SLD05247,9.0,0.0
SLD05248,9.0,0.0
SLD05249,8.0,0.0
SLD05250,8.0,0.0
SLD05251,8.0,0.0
SLD05252,8.0,0.0
SLD05253,8.0,0.0
SLD05254,9.0,0.0
SLD05255,8.0,0.0
SLD05256,8.0,0.0
SLD05257,10.0,0.0
SLD05258,8.0,0.0
SLD05259,8.0,0.0
SLD05260,2.0,0.0
SLD05261,2.0,0.0
SLD05262,8.0,0.0
SLD05263,8.0,0.0
SLD05264,9.0,0.0
SLD05265,2.0,0.0
SLD05266,2.0,0.0
SLD05267,2.0,0.0
SLD05268,2.0,0.0
SLD05269,2.0,0.0
SLD05270,2.0,0.0
SLD05271,2.0,0.0
SLD05272,2.0,0.0
SLD05273,8.0,0.0
SLD05274,2.0,0.0
SLD05275,8.0,0.0
SLD05276,8.0,0.0
SLD05277,8.0,0.0
SLD05278,8.0,0.0
SLD05279,8.0,0.0
SLD05280,8.0,0.0
SLD05281,2.0,0.0
SLD05282,8.0,0.0
SLD05283,8.0,0.0
SLD05284,8.0,0.0
SLD05285,8.0,0.0
SLD05286,2.0,0.0
SLD05287,2.0,0.0
SLD05288,2.0,0.0
SLD05289,2.0,0.0
SLD05290,8.0,0.0
SLD05291,8.0,0.0
SLD05292,8.0,0.0
SLD05293,8.0,0.0
SLD05294,8.0,0.0
SLD05295,2.0,0.0
SLD05296,2.0,0.0
SLD05297,9.0,0.0
SLD05298,2.0,0.0
SLD05299,8.0,0.0
SLD05300,8.0,0.0
SLD05301,8.0,0.0
SLD05302,8.0,0.0
SLD05303,8.0,0.0
SLD05304,9.0,0.0
SLD05305,2.0,0.0
SLD05306,2.0,0.0
SLD05307,2.0,0.0
SLD05308,8.0,0.0
SLD05309,8.0,0.0
SLD05310,8.0,0.0
SLD05311,12.0,0.0
SLD05312,12.0,0.0
SLD05313,8.0,0.0
SLD05314,9.0,0.0
SLD05315,14.0,0.0
SLD05316,14.0,0.0
SLD05317,14.0,0.0
SLD05318,14.0,0.0
SLD05319,8.0,0.0
SLD05320,8.0,0.0
SLD05321,8.0,0.0
SLD05322,8.0,0.0
SLD05323,10.0,0.0
SLD05324,10.0,0.0
SLD05325,12.0,0.0
SLD05326,8.0,0.0
SLD05327,12.0,0.0
SLD05328,14.0,0.0
SLD05329,14.0,0.0
SLD05330,9.0,0.0
SLD05331,9.0,0.0
SLD05332,2.0,0.0
SLD05333,2.0,0.0
SLD05334,10.0,0.0
SLD05335,10.0,0.0
SLD05336,10.0,0.0
SLD05337,8.0,0.0
SLD05338,8.0,0.0
SLD05339,10.0,0.0
SLD05340,2.0,0.0
SLD05341,2.0,0.0
SLD05342,8.0,0.0
SLD05343,9.0,0.0
SLD05344,8.0,0.0
SLD05345,8.0,0.0
SLD05346,8.0,0.0
SLD05347,8.0,0.0
SLD05348,8.0,0.0
SLD05349,8.0,0.0
SLD05350,8.0,0.0
SLD05351,8.0,0.0
SLD05352,8.0,0.0
SLD05353,8.0,0.0
SLD05354,2.0,0.0
SLD05355,8.0,0.0
SLD05356,8.0,0.0
SLD05357,8.0,0.0
SLD05358,2.0,0.0
SLD05359,8.0,0.0
SLD05360,8.0,0.0
SLD05361,8.0,0.0
SLD05362,9.0,0.0
SLD05363,9.0,0.0
SLD05364,5.0,0.0
SLD05365,2.0,0.0
SLD05366,8.0,0.0
SLD05367,2.0,0.0
SLD05368,8.0,0.0
SLD05369,8.0,0.0
SLD05370,2.0,0.0
SLD05371,2.0,0.0
SLD05372,5.0,0.0
SLD05373,5.0,0.0
SLD05374,8.0,0.0
SLD05375,8.0,0.0
SLD05376,8.0,0.0
SLD05377,2.0,0.0
SLD05378,2.0,0.0
SLD05379,2.0,0.0
SLD05380,2.0,0.0
SLD05381,2.0,0.0
SLD05382,2.0,0.0
SLD05383,9.0,0.0
SLD05384,9.0,0.0
SLD05385,9.0,0.0
SLD05386,9.0,0.0
SLD05387,9.0,0.0
SLD05388,2.0,0.0
SLD05389,8.0,0.0
SLD05390,2.0,0.0
SLD05391,2.0,0.0
SLD05392,2.0,0.0
SLD05393,2.0,0.0
SLD05394,8.0,0.0
SLD05395,8.0,0.0
SLD05396,8.0,0.0
SLD05397,5.0,0.0
SLD05398,8.0,0.0
SLD05399,8.0,0.0
SLD05400,8.0,0.0
SLD05401,10.0,0.0
SLD05402,8.0,0.0
SLD05403,2.0,0.0
SLD05404,5.0,0.0
SLD05405,8.0,0.0
SLD05406,9.0,0.0
SLD05407,14.0,0.0
SLD05408,8.0,0.0
SLD05409,4.0,0.0
SLD05410,8.0,0.0
SLD05411,8.0,0.0
SLD05412,8.0,0.0
SLD05413,8.0,0.0
SLD05414,2.0,0.0
SLD05415,9.0,0.0
SLD05416,8.0,0.0
SLD05417,8.0,0.0
SLD05418,2.0,0.0
SLD05419,5.0,0.0
SLD05420,9.0,0.0
SLD05421,8.0,0.0
SLD05422,2.0,0.0
SLD05423,5.0,0.0
SLD05424,8.0,0.0
SLD05425,8.0,0.0
SLD05426,8.0,0.0
SLD05427,8.0,0.0
SLD05428,8.0,0.0
SLD05429,9.0,0.0
SLD05430,8.0,0.0
SLD05431,8.0,0.0
SLD05432,8.0,0.0
SLD05433,2.0,0.0
SLD05434,2.0,0.0
SLD05435,9.0,0.0
SLD05436,8.0,0.0
SLD05437,2.0,0.0
SLD05438,2.0,0.0
SLD05439,2.0,0.0
SLD05440,2.0,0.0
SLD05441,8.0,0.0
SLD05442,8.0,0.0
SLD05443,2.0,0.0
SLD05444,8.0,0.0
SLD05445,8.0,0.0
SLD05446,8.0,0.0
SLD05447,2.0,0.0
SLD05448,2.0,0.0
SLD05449,8.0,0.0
SLD05450,8.0,0.0
SLD05451,8.0,0.0
SLD05452,2.0,0.0
SLD05453,2.0,0.0
SLD05454,8.0,0.0
SLD05455,8.0,0.0
SLD05456,8.0,0.0
SLD05457,8.0,0.0
SLD05458,8.0,0.0
SLD05459,8.0,0.0
SLD05460,8.0,0.0
SLD05461,2.0,0.0
SLD05462,2.0,0.0
SLD05463,2.0,0.0
SLD05464,9.0,0.0
SLD05465,2.0,0.0
SLD05466,2.0,0.0
SLD05467,2.0,0.0
SLD05468,2.0,0.0
SLD05469,2.0,0.0
SLD05470,2.0,0.0
SLD05471,2.0,0.0
SLD05472,8.0,0.0
SLD05473,8.0,0.0
SLD05474,2.0,0.0
SLD05475,8.0,0.0
SLD05476,2.0,0.0
SLD05477,2.0,0.0
SLD05478,2.0,0.0
SLD05479,8.0,0.0
SLD05480,2.0,0.0
SLD05481,2.0,0.0
SLD05482,2.0,0.0
SLD05483,2.0,0.0
SLD05484,2.0,0.0
SLD05485,9.0,0.0
SLD05486,2.0,0.0
SLD05487,2.0,0.0
SLD05488,2.0,0.0
SLD05489,4.0,0.0
SLD05490,4.0,0.0
SLD05491,4.0,0.0
SLD05492,4.0,0.0
SLD05493,2.0,0.0
SLD05494,4.0,0.0
SLD05495,4.0,0.0
SLD05496,4.0,0.0
SLD05497,4.0,0.0
SLD05498,4.0,0.0
SLD05499,2.0,0.0
SLD05500,2.0,0.0
SLD05501,4.0,0.0
SLD05502,4.0,0.0
SLD05503,9.0,0.0
SLD05504,8.0,0.0
SLD05505,2.0,0.0
SLD05506,2.0,0.0
SLD05507,2.0,0.0
SLD05508,2.0,0.0
SLD05509,5.0,0.0
SLD05510,5.0,0.0
SLD05511,9.0,0.0
SLD05512,2.0,0.0
SLD05513,2.0,0.0
SLD05514,10.0,0.0
SLD05515,2.0,0.0
SLD05516,2.0,0.0
SLD05517,2.0,0.0
SLD05518,2.0,0.0
SLD05519,2.0,0.0
SLD05520,2.0,0.0
SLD05521,2.0,0.0
SLD05522,2.0,0.0
SLD05523,9.0,0.0
SLD05524,12.0,0.0
SLD05525,14.0,0.0
SLD05526,8.0,0.0
SLD05527,8.0,0.0
SLD05528,2.0,0.0
SLD05529,5.0,0.0
SLD05530,5.0,0.0
SLD05531,2.0,0.0
SLD05532,2.0,0.0
SLD05533,2.0,0.0
SLD05534,8.0,0.0
SLD05535,17.0,4.0
SLD05536,9.0,0.0
SLD05537,11.0,0.0
SLD05538,14.0,0.0
SLD05539,8.0,0.0
SLD05540,2.0,0.0
SLD05541,8.0,0.0
SLD05542,9.0,0.0
SLD05543,8.0,0.0
SLD05544,9.0,0.0
SLD05545,2.0,0.0
SLD05546,2.0,0.0
SLD05547,14.0,0.0
SLD05548,14.0,0.0
SLD05549,2.0,0.0
SLD05550,2.0,0.0
SLD05551,2.0,0.0
SLD05552,2.0,0.0
SLD05553,2.0,0.0
SLD05554,2.0,0.0
SLD05555,2.0,0.0
SLD05556,2.0,0.0
SLD05557,2.0,0.0
SLD05558,2.0,0.0
SLD05559,2.0,0.0
SLD05560,2.0,0.0
SLD05561,2.0,0.0
SLD05562,2.0,0.0
SLD05563,2.0,0.0
SLD05564,2.0,0.0
SLD05565,2.0,0.0
SLD05566,2.0,0.0
SLD05567,2.0,0.0
SLD05568,2.0,0.0
SLD05569,8.0,0.0
SLD05570,8.0,0.0
SLD05571,8.0,0.0
SLD05572,2.0,0.0
SLD05573,8.0,0.0
SLD05574,8.0,0.0
SLD05575,8.0,0.0
SLD05576,8.0,0.0
SLD05577,8.0,0.0
SLD05578,8.0,0.0
SLD05579,8.0,0.0
SLD05580,8.0,0.0
SLD05581,8.0,0.0
SLD05582,8.0,0.0
SLD05583,14.0,0.0
SLD05584,8.0,0.0
SLD05585,2.0,0.0
SLD05586,2.0,0.0
SLD05587,2.0,0.0
SLD05588,2.0,0.0
SLD05589,2.0,0.0
SLD05590,2.0,0.0
SLD05591,2.0,0.0
SLD05592,2.0,0.0
SLD05593,2.0,0.0
SLD05594,2.0,0.0
SLD05595,2.0,0.0
SLD05596,12.0,0.0
SLD05597,2.0,0.0
SLD05598,9.0,0.0
SLD05599,9.0,0.0
SLD05600,9.0,0.0
SLD05601,8.0,0.0
SLD05602,12.0,0.0
SLD05603,12.0,0.0
SLD05604,12.0,0.0
SLD05605,8.0,0.0
SLD05606,9.0,0.0
SLD05607,2.0,0.0
SLD05608,2.0,0.0
SLD05609,8.0,0.0
SLD05610,8.0,0.0
SLD05611,8.0,0.0
SLD05612,8.0,0.0
SLD05613,8.0,0.0
SLD05614,8.0,0.0
SLD05615,8.0,0.0
SLD05616,2.0,0.0
SLD05617,9.0,0.0
SLD05618,9.0,0.0
SLD05619,2.0,0.0
SLD05620,2.0,0.0
SLD05621,2.0,0.0
SLD05622,2.0,0.0
SLD05623,2.0,0.0
SLD05624,2.0,0.0
SLD05625,2.0,0.0
SLD05626,2.0,0.0
SLD05627,2.0,0.0
SLD05628,2.0,0.0
SLD05629,8.0,0.0
SLD05630,8.0,0.0
SLD05631,8.0,0.0
SLD05632,9.0,0.0
SLD05633,8.0,0.0
SLD05634,8.0,0.0
SLD05635,8.0,0.0
SLD05636,8.0,0.0
SLD05637,2.0,0.0
SLD05638,8.0,0.0
SLD05639,8.0,0.0
SLD05640,8.0,0.0
SLD05641,2.0,0.0
SLD05642,2.0,0.0
SLD05643,2.0,0.0
SLD05644,2.0,0.0
SLD05645,2.0,0.0
SLD05646,2.0,0.0
SLD05647,8.0,0.0
SLD05648,2.0,0.0
SLD05649,2.0,0.0
SLD05650,2.0,0.0
SLD05651,8.0,0.0
SLD05652,4.0,0.0
SLD05653,2.0,0.0
SLD05654,2.0,0.0
SLD05655,2.0,0.0
SLD05656,2.0,0.0
SLD05657,2.0,0.0
SLD05658,2.0,0.0
SLD05659,8.0,0.0
SLD05660,9.0,0.0
SLD05661,8.0,0.0
SLD05662,2.0,0.0
SLD05663,2.0,0.0
SLD05664,9.0,0.0
SLD05665,2.0,0.0
SLD05666,2.0,0.0
SLD05667,2.0,0.0
SLD05668,2.0,0.0
SLD05669,2.0,0.0
SLD05670,2.0,0.0
SLD05671,2.0,0.0
SLD05672,9.0,0.0
SLD05673,9.0,0.0
SLD05674,2.0,0.0
SLD05675,14.0,0.0
SLD05676,9.0,0.0
SLD05677,9.0,0.0
SLD05678,9.0,0.0
SLD05679,8.0,0.0
SLD05680,9.0,0.0
SLD05681,9.0,0.0
SLD05682,9.0,0.0
SLD05683,9.0,0.0
SLD05684,9.0,0.0
SLD05685,9.0,0.0
SLD05686,9.0,0.0
SLD05687,9.0,0.0
SLD05688,8.0,0.0
SLD05689,8.0,0.0
SLD05690,8.0,0.0
SLD05691,9.0,0.0
SLD05692,9.0,0.0
SLD05693,8.0,0.0
SLD05694,8.0,0.0
SLD05695,8.0,0.0
SLD05696,8.0,0.0
SLD05697,9.0,0.0
SLD05698,8.0,0.0
SLD05699,2.0,0.0
SLD05700,8.0,0.0
SLD05701,2.0,0.0
SLD05702,9.0,0.0
SLD05703,9.0,0.0
SLD05704,9.0,0.0
SLD05705,9.0,0.0
SLD05706,9.0,0.0
SLD05707,9.0,0.0
SLD05708,9.0,0.0
SLD05709,9.0,0.0
SLD05710,9.0,0.0
SLD05711,9.0,0.0
SLD05712,9.0,0.0
SLD05713,9.0,0.0
SLD05714,9.0,0.0
SLD05715,9.0,0.0
SLD05716,9.0,0.0
SLD05717,9.0,0.0
SLD05718,9.0,0.0
SLD05719,9.0,0.0
SLD05720,2.0,0.0
SLD05721,9.0,0.0
SLD05722,2.0,0.0
SLD05723,2.0,0.0
SLD05724,2.0,0.0
SLD05725,2.0,0.0
SLD05726,9.0,0.0
SLD05727,2.0,0.0
SLD05728,2.0,0.0
SLD05729,2.0,0.0
SLD05730,9.0,0.0
SLD05731,2.0,0.0
SLD05732,2.0,0.0
SLD05733,9.0,0.0
SLD05734,2.0,0.0
SLD05735,2.0,0.0
SLD05736,9.0,0.0
SLD05737,9.0,0.0
SLD05738,9.0,0.0
SLD05739,9.0,0.0
SLD05740,9.0,0.0
SLD05741,14.0,0.0
SLD05742,12.0,0.0
SLD05743,14.0,0.0
SLD05744,12.0,0.0
SLD05745,9.0,0.0
SLD05746,12.0,0.0
SLD05747,9.0,0.0
SLD05748,9.0,0.0
SLD05749,2.0,0.0
SLD05750,9.0,0.0
SLD05751,9.0,0.0
SLD05752,9.0,0.0
SLD05753,2.0,0.0
SLD05754,9.0,0.0
SLD05755,9.0,0.0
SLD05756,9.0,0.0
SLD05757,9.0,0.0
SLD05758,9.0,0.0
SLD05759,9.0,0.0
SLD05760,9.0,0.0
SLD05761,9.0,0.0
SLD05762,9.0,0.0
SLD05763,9.0,0.0
SLD05764,9.0,0.0
SLD05765,9.0,0.0
SLD05766,9.0,0.0
SLD05767,9.0,0.0
SLD05768,9.0,0.0
SLD05769,9.0,0.0
SLD05770,14.0,0.0
SLD05771,9.0,0.0
SLD05772,9.0,0.0
SLD05773,9.0,0.0
SLD05774,9.0,0.0
SLD05775,14.0,0.0
SLD05776,9.0,0.0
SLD05777,9.0,0.0
SLD05778,9.0,0.0
SLD05779,2.0,0.0
SLD05780,9.0,0.0
SLD05781,9.0,0.0
SLD05782,9.0,0.0
SLD05783,9.0,0.0
SLD05784,9.0,0.0
SLD05785,12.0,0.0
SLD05786,12.0,0.0
SLD05787,12.0,0.0
SLD05788,9.0,0.0
SLD05789,12.0,0.0
SLD05790,12.0,0.0
SLD05791,12.0,0.0
SLD05792,9.0,0.0
SLD05793,9.0,0.0
SLD05794,9.0,0.0
SLD05795,12.0,0.0
SLD05796,9.0,0.0
SLD05797,12.0,0.0
SLD05798,9.0,0.0
SLD05799,9.0,0.0
SLD05800,9.0,0.0
SLD05801,9.0,0.0
SLD05802,9.0,0.0
SLD05803,9.0,0.0
SLD05804,9.0,0.0
SLD05805,12.0,0.0
SLD05806,12.0,0.0
SLD05807,9.0,0.0
SLD05808,9.0,0.0
SLD05809,9.0,0.0
SLD05810,9.0,0.0
SLD05811,9.0,0.0
SLD05812,12.0,0.0
SLD05813,12.0,0.0
SLD05814,12.0,0.0
SLD05815,14.0,0.0
SLD05816,12.0,0.0
SLD05817,9.0,0.0
SLD05818,9.0,0.0
SLD05819,9.0,0.0
SLD05820,9.0,0.0
SLD05821,9.0,0.0
SLD05822,9.0,0.0
SLD05823,9.0,0.0
SLD05824,9.0,0.0
SLD05825,12.0,0.0
SLD05826,14.0,0.0
SLD05827,14.0,0.0
SLD05828,9.0,0.0
SLD05829,9.0,0.0
SLD05830,9.0,0.0
SLD05831,12.0,0.0
SLD05832,9.0,0.0
SLD05833,12.0,0.0
SLD05834,9.0,0.0
SLD05835,12.0,0.0
SLD05836,12.0,0.0
SLD05837,9.0,0.0
SLD05838,12.0,0.0
SLD05839,9.0,0.0
SLD05840,9.0,0.0
SLD05841,12.0,0.0
SLD05842,9.0,0.0
SLD05843,9.0,0.0
SLD05844,9.0,0.0
SLD05845,12.0,0.0
SLD05846,12.0,0.0
SLD05847,9.0,0.0
SLD05848,9.0,0.0
SLD05849,9.0,0.0
SLD05850,9.0,0.0
SLD05851,9.0,0.0
SLD05852,9.0,0.0
SLD05853,9.0,0.0
SLD05854,9.0,0.0
SLD05855,12.0,0.0
SLD05856,9.0,0.0
SLD05857,9.0,0.0
SLD05858,9.0,0.0
SLD05859,14.0,0.0
SLD05860,9.0,0.0
SLD05861,9.0,0.0
SLD05862,9.0,0.0
SLD05863,9.0,0.0
SLD05864,10.0,0.0
SLD05865,9.0,0.0
SLD05866,12.0,0.0
SLD05867,12.0,0.0
SLD05868,12.0,0.0
SLD05869,12.0,0.0
SLD05870,12.0,0.0
SLD05871,12.0,0.0
SLD05872,10.0,0.0
SLD05873,9.0,0.0
SLD05874,12.0,0.0
SLD05875,12.0,0.0
SLD05876,9.0,0.0
SLD05877,12.0,0.0
SLD05878,9.0,0.0
SLD05879,9.0,0.0
SLD05880,9.0,0.0
SLD05881,9.0,0.0
SLD05882,12.0,0.0
SLD05883,9.0,0.0
SLD05884,2.0,0.0
SLD05885,9.0,0.0
SLD05886,9.0,0.0
SLD05887,9.0,0.0
SLD05888,12.0,0.0
SLD05889,9.0,0.0
SLD05890,9.0,0.0
SLD05891,12.0,0.0
SLD05892,12.0,0.0
SLD05893,12.0,0.0
SLD05894,12.0,0.0
SLD05895,12.0,0.0
SLD05896,9.0,0.0
SLD05897,8.0,0.0
SLD05898,12.0,0.0
SLD05899,10.0,0.0
SLD05900,9.0,0.0
SLD05901,9.0,0.0
SLD05902,12.0,0.0
SLD05903,12.0,0.0
SLD05904,9.0,0.0
SLD05905,4.0,0.0
SLD05906,9.0,0.0
SLD05907,4.0,0.0
SLD05908,8.0,0.0
SLD05909,12.0,0.0
SLD05910,9.0,0.0
SLD05911,9.0,0.0
SLD05912,9.0,0.0
SLD05913,4.0,0.0
SLD05914,9.0,0.0
SLD05915,9.0,0.0
SLD05916,9.0,0.0
SLD05917,9.0,0.0
SLD05918,12.0,0.0
SLD05919,9.0,0.0
SLD05920,12.0,0.0
SLD05921,9.0,0.0
SLD05922,9.0,0.0
SLD05923,12.0,0.0
SLD05924,9.0,0.0
SLD05925,9.0,0.0
SLD05926,9.0,0.0
SLD05927,12.0,0.0
SLD05928,9.0,0.0
SLD05929,9.0,0.0
SLD05930,12.0,0.0
SLD05931,9.0,0.0
SLD05932,12.0,0.0
SLD05933,9.0,0.0
SLD05934,10.0,0.0
SLD05935,9.0,0.0
SLD05936,12.0,0.0
SLD05937,9.0,0.0
SLD05938,11.0,0.0
SLD05939,10.0,0.0
SLD05940,9.0,0.0
SLD05941,9.0,0.0
SLD05942,4.0,0.0
SLD05943,8.0,0.0
SLD05944,9.0,0.0
SLD05945,12.0,0.0
SLD05946,9.0,0.0
SLD05947,12.0,0.0
SLD05948,9.0,0.0
SLD05949,9.0,0.0
SLD05950,9.0,0.0
SLD05951,10.0,0.0
SLD05952,9.0,0.0
SLD05953,9.0,0.0
SLD05954,9.0,0.0
SLD05955,9.0,0.0
SLD05956,9.0,0.0
SLD05957,9.0,0.0
SLD05958,9.0,0.0
SLD05959,9.0,0.0
SLD05960,9.0,0.0
SLD05961,9.0,0.0
SLD05962,12.0,0.0
SLD05963,2.0,0.0
SLD05964,12.0,0.0
SLD05965,9.0,0.0
SLD05966,9.0,0.0
SLD05967,9.0,0.0
SLD05968,12.0,0.0
SLD05969,12.0,0.0
SLD05970,9.0,0.0
SLD05971,12.0,0.0
SLD05972,9.0,0.0
SLD05973,12.0,0.0
SLD05974,12.0,0.0
SLD05975,12.0,0.0
SLD05976,2.0,0.0
SLD05977,10.0,0.0
SLD05978,5.0,0.0
SLD05979,9.0,0.0
SLD05980,9.0,0.0
SLD05981,9.0,0.0
SLD05982,5.0,0.0
SLD05983,12.0,0.0
SLD05984,9.0,0.0
SLD05985,9.0,0.0
SLD05986,9.0,0.0
SLD05987,9.0,0.0
SLD05988,9.0,0.0
SLD05989,9.0,0.0
SLD05990,9.0,0.0
SLD05991,5.0,0.0
SLD05992,9.0,0.0
SLD05993,9.0,0.0
SLD05994,9.0,0.0
SLD05995,9.0,0.0
SLD05996,9.0,0.0
SLD05997,9.0,0.0
SLD05998,5.0,0.0
SLD05999,9.0,0.0
SLD06000,9.0,0.0
SLD06992,2.0,0.0
SLD06993,9.0,0.0
SLD06994,2.0,0.0
SLD06995,2.0,0.0
SLD06996,4.0,0.0
SLD06997,14.0,0.0
SLD06998,8.0,0.0
SLD06999,8.0,0.0
SLD07000,12.0,0.0
SLD06001,9.0,0.0
SLD06002,9.0,0.0
SLD06003,9.0,0.0
SLD06004,12.0,0.0
SLD06005,12.0,0.0
SLD06006,12.0,0.0
SLD06007,12.0,0.0
SLD06008,12.0,0.0
SLD06009,12.0,0.0
SLD06010,12.0,0.0
SLD06011,10.0,0.0
SLD06012,10.0,0.0
SLD06013,12.0,0.0
SLD06014,9.0,0.0
SLD06015,9.0,0.0
SLD06016,9.0,0.0
SLD06017,9.0,0.0
SLD06018,10.0,0.0
SLD06019,12.0,0.0
SLD06020,12.0,0.0
SLD06021,9.0,0.0
SLD06022,12.0,0.0
SLD06023,12.0,0.0
SLD06024,12.0,0.0
SLD06025,12.0,0.0
SLD06026,12.0,0.0
SLD06027,12.0,0.0
SLD06028,12.0,0.0
SLD06029,12.0,0.0
SLD06030,12.0,0.0
SLD06031,12.0,0.0
SLD06032,10.0,0.0
SLD06033,11.0,2.0
SLD06034,12.0,0.0
SLD06035,12.0,0.0
SLD06036,12.0,0.0
SLD06037,12.0,0.0
SLD06038,12.0,0.0
SLD06039,12.0,0.0
SLD06040,12.0,0.0
SLD06041,12.0,0.0
SLD06042,12.0,0.0
SLD06043,12.0,0.0
SLD06044,12.0,0.0
SLD06045,12.0,0.0
SLD06046,9.0,0.0
SLD06047,12.0,0.0
SLD06048,12.0,0.0
SLD06049,9.0,0.0
SLD06050,12.0,0.0
SLD06051,9.0,0.0
SLD06052,12.0,0.0
SLD06053,12.0,0.0
SLD06054,12.0,0.0
SLD06055,12.0,0.0
SLD06056,12.0,0.0
SLD06057,9.0,0.0
SLD06058,2.0,0.0
SLD06059,2.0,0.0
SLD06060,12.0,0.0
SLD06061,12.0,0.0
SLD06062,14.0,0.0
SLD06063,12.0,0.0
SLD06064,12.0,0.0
SLD06065,9.0,0.0
SLD06066,12.0,0.0
SLD06067,12.0,0.0
SLD06068,12.0,0.0
SLD06069,9.0,0.0
SLD06070,12.0,0.0
SLD06071,12.0,0.0
SLD06072,12.0,0.0
SLD06073,12.0,0.0
SLD06074,12.0,0.0
SLD06075,12.0,0.0
SLD06076,12.0,0.0
SLD06077,14.0,0.0
SLD06078,12.0,0.0
SLD06079,12.0,0.0
SLD06080,9.0,0.0
SLD06081,12.0,0.0
SLD06082,12.0,0.0
SLD06083,12.0,0.0
SLD06084,12.0,0.0
SLD06085,9.0,0.0
SLD06086,12.0,0.0
SLD06087,9.0,0.0
SLD06088,12.0,0.0
SLD06089,9.0,0.0
SLD06090,12.0,0.0
SLD06091,12.0,0.0
SLD06092,12.0,0.0
SLD06093,12.0,0.0
SLD06094,12.0,0.0
SLD06095,9.0,0.0
SLD06096,12.0,0.0
SLD06097,12.0,0.0
SLD06098,12.0,0.0
SLD06099,12.0,0.0
SLD06100,12.0,0.0
SLD06101,12.0,0.0
SLD06102,12.0,0.0
SLD06103,12.0,0.0
SLD06104,12.0,0.0
SLD06105,12.0,0.0
SLD06106,12.0,0.0
SLD06107,4.0,0.0
SLD06108,14.0,0.0
SLD06109,9.0,0.0
SLD06110,14.0,0.0
SLD06111,9.0,0.0
SLD06112,12.0,0.0
SLD06113,9.0,0.0
SLD06114,12.0,0.0
SLD06115,9.0,0.0
SLD06116,9.0,0.0
SLD06117,9.0,0.0
SLD06118,10.0,0.0
SLD06119,9.0,0.0
SLD06120,10.0,0.0
SLD06121,9.0,0.0
SLD06122,9.0,0.0
SLD06123,9.0,0.0
SLD06124,12.0,0.0
SLD06125,9.0,0.0
SLD06126,9.0,0.0
SLD06127,9.0,0.0
SLD06128,9.0,0.0
SLD06129,9.0,0.0
SLD06130,9.0,0.0
SLD06131,9.0,0.0
SLD06132,9.0,0.0
SLD06133,9.0,0.0
SLD06134,9.0,0.0
SLD06135,9.0,0.0
SLD06136,9.0,0.0
SLD06137,9.0,0.0
SLD06138,10.0,0.0
SLD06139,9.0,0.0
SLD06140,10.0,0.0
SLD06141,9.0,0.0
SLD06142,11.0,0.0
SLD06143,9.0,0.0
SLD06144,17.0,4.0
SLD06145,9.0,0.0
SLD06146,17.0,4.0
SLD06147,12.0,0.0
SLD06148,9.0,0.0
SLD06149,10.0,0.0
SLD06150,9.0,0.0
SLD06151,9.0,0.0
SLD06152,9.0,0.0
SLD06153,11.0,0.0
SLD06154,9.0,0.0
SLD06155,9.0,0.0
SLD06156,10.0,0.0
SLD06157,9.0,0.0
SLD06158,14.0,0.0
SLD06159,9.0,0.0
SLD06160,12.0,0.0
SLD06161,9.0,0.0
SLD06162,9.0,0.0
SLD06163,9.0,0.0
SLD06164,9.0,0.0
SLD06165,9.0,0.0
SLD06166,9.0,0.0
SLD06167,9.0,0.0
SLD06168,9.0,0.0
SLD06169,12.0,0.0
SLD06170,12.0,0.0
SLD06171,9.0,0.0
SLD06172,4.0,0.0
SLD06173,9.0,0.0
SLD06174,9.0,0.0
SLD06175,9.0,0.0
SLD06176,9.0,0.0
SLD06177,9.0,0.0
SLD06178,9.0,0.0
SLD06179,9.0,0.0
SLD06180,9.0,0.0
SLD06181,9.0,0.0
SLD06182,12.0,0.0
SLD06183,9.0,0.0
SLD06184,9.0,0.0
SLD06185,12.0,0.0
SLD06186,9.0,0.0
SLD06187,9.0,0.0
SLD06188,9.0,0.0
SLD06189,10.0,0.0
SLD06190,9.0,0.0
SLD06191,10.0,0.0
SLD06192,9.0,0.0
SLD06193,9.0,0.0
SLD06194,9.0,0.0
SLD06195,10.0,0.0
SLD06196,9.0,0.0
SLD06197,10.0,0.0
SLD06198,9.0,0.0
SLD06199,10.0,0.0
SLD06200,9.0,0.0
SLD06201,9.0,0.0
SLD06202,9.0,0.0
SLD06203,9.0,0.0
SLD06204,10.0,0.0
SLD06205,9.0,0.0
SLD06206,10.0,0.0
SLD06207,9.0,0.0
SLD06208,10.0,0.0
SLD06209,14.0,0.0
SLD06210,9.0,0.0
SLD06211,12.0,0.0
SLD06212,12.0,0.0
SLD06213,12.0,0.0
SLD06214,12.0,0.0
SLD06215,9.0,0.0
SLD06216,12.0,0.0
SLD06217,12.0,0.0
SLD06218,9.0,0.0
SLD06219,9.0,0.0
SLD06220,12.0,0.0
SLD06221,12.0,0.0
SLD06222,12.0,0.0
SLD06223,12.0,0.0
SLD06224,12.0,0.0
SLD06225,9.0,0.0
SLD06226,9.0,0.0
SLD06227,12.0,0.0
SLD06228,12.0,0.0
SLD06229,17.0,4.0
SLD06230,9.0,0.0
SLD06231,9.0,0.0
SLD06232,9.0,0.0
SLD06233,9.0,0.0
SLD06234,12.0,0.0
SLD06235,9.0,0.0
SLD06236,14.0,0.0
SLD06237,12.0,0.0
SLD06238,9.0,0.0
SLD06239,9.0,0.0
SLD06240,2.0,0.0
SLD06241,9.0,0.0
SLD06242,9.0,0.0
SLD06243,9.0,0.0
SLD06244,9.0,0.0
SLD06245,9.0,0.0
SLD06246,9.0,0.0
SLD06247,12.0,0.0
SLD06248,12.0,0.0
SLD06249,12.0,0.0
SLD06250,9.0,0.0
SLD06251,9.0,0.0
SLD06252,9.0,0.0
SLD06253,12.0,0.0
SLD06254,12.0,0.0
SLD06255,9.0,0.0
SLD06256,9.0,0.0
SLD06257,10.0,0.0
SLD06258,10.0,0.0
SLD06259,9.0,0.0
SLD06260,14.0,0.0
SLD06261,4.0,0.0
SLD06262,2.0,0.0
SLD06263,10.0,0.0
SLD06264,4.0,0.0
SLD06265,9.0,0.0
SLD06266,9.0,0.0
SLD06267,9.0,0.0
SLD06268,9.0,0.0
SLD06269,9.0,0.0
SLD06270,9.0,0.0
SLD06271,9.0,0.0
SLD06272,9.0,0.0
SLD06273,9.0,0.0
SLD06274,9.0,0.0
SLD06275,12.0,0.0
SLD06276,9.0,0.0
SLD06277,9.0,0.0
SLD06278,4.0,0.0
SLD06279,9.0,0.0
SLD06280,9.0,0.0
SLD06281,12.0,0.0
SLD06282,2.0,0.0
SLD06283,14.0,0.0
SLD06284,14.0,0.0
SLD06285,9.0,0.0
SLD06286,9.0,0.0
SLD06287,9.0,0.0
SLD06288,10.0,0.0
SLD06289,9.0,0.0
SLD06290,12.0,0.0
SLD06291,12.0,0.0
SLD06292,10.0,0.0
SLD06293,12.0,0.0
SLD06294,2.0,0.0
SLD06295,2.0,0.0
SLD06296,12.0,0.0
SLD06297,12.0,0.0
SLD06298,12.0,0.0
SLD06299,12.0,0.0
SLD06300,2.0,0.0
SLD06301,2.0,0.0
SLD06302,9.0,0.0
SLD06303,9.0,0.0
SLD06304,12.0,0.0
SLD06305,12.0,0.0
SLD06306,9.0,0.0
SLD06307,9.0,0.0
SLD06308,12.0,0.0
SLD06309,12.0,0.0
SLD06310,12.0,0.0
SLD06311,12.0,0.0
SLD06312,2.0,0.0
SLD06313,9.0,0.0
SLD06314,12.0,0.0
SLD06315,12.0,0.0
SLD06316,12.0,0.0
SLD06317,12.0,0.0
SLD06318,12.0,0.0
SLD06319,12.0,0.0
SLD06320,12.0,0.0
SLD06321,12.0,0.0
SLD06322,12.0,0.0
SLD06323,12.0,0.0
SLD06324,12.0,0.0
SLD06325,12.0,0.0
SLD06326,12.0,0.0
SLD06327,12.0,0.0
SLD06328,12.0,0.0
SLD06329,12.0,0.0
SLD06330,12.0,0.0
SLD06331,12.0,0.0
SLD06332,12.0,0.0
SLD06333,12.0,0.0
SLD06334,12.0,0.0
SLD06335,12.0,0.0
SLD06336,12.0,0.0
SLD06337,12.0,0.0
SLD06338,12.0,0.0
SLD06339,12.0,0.0
SLD06340,12.0,0.0
SLD06341,12.0,0.0
SLD06342,12.0,0.0
SLD06343,2.0,0.0
SLD06344,12.0,0.0
SLD06345,12.0,0.0
SLD06346,12.0,0.0
SLD06347,12.0,0.0
SLD06348,12.0,0.0
SLD06349,2.0,0.0
SLD06350,12.0,0.0
SLD06351,12.0,0.0
SLD06352,2.0,0.0
SLD06353,12.0,0.0
SLD06354,12.0,0.0
SLD06355,12.0,0.0
SLD06356,12.0,0.0
SLD06357,12.0,0.0
SLD06358,12.0,0.0
SLD06359,12.0,0.0
SLD06360,9.0,0.0
SLD06361,9.0,0.0
SLD06362,12.0,0.0
SLD06363,9.0,0.0
SLD06364,12.0,0.0
SLD06365,12.0,0.0
SLD06366,12.0,0.0
SLD06367,9.0,0.0
SLD06368,12.0,0.0
SLD06369,12.0,0.0
SLD06370,12.0,0.0
SLD06371,12.0,0.0
SLD06372,12.0,0.0
SLD06373,9.0,0.0
SLD06374,12.0,0.0
SLD06375,12.0,0.0
SLD06376,12.0,0.0
SLD06377,12.0,0.0
SLD06378,12.0,0.0
SLD06379,12.0,0.0
SLD06380,12.0,0.0
SLD06381,12.0,0.0
SLD06382,12.0,0.0
SLD06383,12.0,0.0
SLD06384,12.0,0.0
SLD06385,12.0,0.0
SLD06386,12.0,0.0
SLD06387,12.0,0.0
SLD06388,9.0,0.0
SLD06389,12.0,0.0
SLD06390,12.0,0.0
SLD06391,12.0,0.0
SLD06392,12.0,0.0
SLD06393,12.0,0.0
SLD06394,12.0,0.0
SLD06395,12.0,0.0
SLD06396,9.0,0.0
SLD06397,9.0,0.0
SLD06398,9.0,0.0
SLD06399,9.0,0.0
SLD06400,12.0,0.0
SLD06401,9.0,0.0
SLD06402,9.0,0.0
SLD06403,9.0,0.0
SLD06404,9.0,0.0
SLD06405,4.0,0.0
SLD06406,9.0,0.0
SLD06407,12.0,0.0
SLD06408,12.0,0.0
SLD06409,17.0,4.0
SLD06410,10.0,0.0
SLD06411,10.0,0.0
SLD06412,10.0,0.0
SLD06413,9.0,0.0
SLD06414,12.0,0.0
SLD06415,10.0,0.0
SLD06416,9.0,0.0
SLD06417,9.0,0.0
SLD06418,10.0,0.0
SLD06419,9.0,0.0
SLD06420,9.0,0.0
SLD06421,12.0,0.0
SLD06422,12.0,0.0
SLD06423,4.0,0.0
SLD06424,9.0,0.0
SLD06425,10.0,0.0
SLD06426,12.0,0.0
SLD06427,12.0,0.0
SLD06428,9.0,0.0
SLD06429,9.0,0.0
SLD06430,12.0,0.0
SLD06431,10.0,0.0
SLD06432,12.0,0.0
SLD06433,12.0,0.0
SLD06434,10.0,0.0
SLD06435,10.0,0.0
SLD06436,17.0,4.0
SLD06437,11.0,0.0
SLD06438,12.0,0.0
SLD06439,10.0,0.0
SLD06440,12.0,0.0
SLD06441,12.0,0.0
SLD06442,5.0,0.0
SLD06443,10.0,0.0
SLD06444,12.0,0.0
SLD06445,9.0,0.0
SLD06446,9.0,0.0
SLD06447,9.0,0.0
SLD06448,12.0,0.0
SLD06449,10.0,0.0
SLD06450,9.0,0.0
SLD06451,14.0,0.0
SLD06452,10.0,0.0
SLD06453,12.0,0.0
SLD06454,12.0,0.0
SLD06455,12.0,0.0
SLD06456,12.0,0.0
SLD06457,10.0,0.0
SLD06458,12.0,0.0
SLD06459,9.0,0.0
SLD06460,9.0,0.0
SLD06461,12.0,0.0
SLD06462,5.0,0.0
SLD06463,9.0,0.0
SLD06464,10.0,0.0
SLD06465,10.0,0.0
SLD06466,9.0,0.0
SLD06467,9.0,0.0
SLD06468,12.0,0.0
SLD06469,9.0,0.0
SLD06470,9.0,0.0
SLD06471,9.0,0.0
SLD06472,9.0,0.0
SLD06473,9.0,0.0
SLD06474,9.0,0.0
SLD06475,12.0,0.0
SLD06476,9.0,0.0
SLD06477,9.0,0.0
SLD06478,9.0,0.0
SLD06479,9.0,0.0
SLD06480,14.0,0.0
SLD06481,12.0,0.0
SLD06482,9.0,0.0
SLD06483,12.0,0.0
SLD06484,12.0,0.0
SLD06485,12.0,0.0
SLD06486,12.0,0.0
SLD06487,12.0,0.0
SLD06488,9.0,0.0
SLD06489,12.0,0.0
SLD06490,12.0,0.0
SLD06491,12.0,0.0
SLD06492,12.0,0.0
SLD06493,12.0,0.0
SLD06494,12.0,0.0
SLD06495,12.0,0.0
SLD06496,9.0,0.0
SLD06497,12.0,0.0
SLD06498,9.0,0.0
SLD06499,10.0,0.0
SLD06500,9.0,0.0
SLD06501,13.0,9.0
SLD06502,9.0,0.0
SLD06503,12.0,0.0
SLD06504,12.0,0.0
SLD06505,12.0,0.0
SLD06506,12.0,0.0
SLD06507,9.0,0.0
SLD06508,9.0,0.0
SLD06509,9.0,0.0
SLD06510,12.0,0.0
SLD06511,12.0,0.0
SLD06512,9.0,0.0
SLD06513,9.0,0.0
SLD06514,9.0,0.0
SLD06515,9.0,0.0
SLD06516,9.0,0.0
SLD06517,9.0,0.0
SLD06518,9.0,0.0
SLD06519,9.0,0.0
SLD06520,4.0,0.0
SLD06521,12.0,0.0
SLD06522,12.0,0.0
SLD06523,12.0,0.0
SLD06524,12.0,0.0
SLD06525,12.0,0.0
SLD06526,12.0,0.0
SLD06527,10.0,0.0
SLD06528,10.0,0.0
SLD06529,12.0,0.0
SLD06530,12.0,0.0
SLD06531,11.0,0.0
SLD06532,10.0,0.0
SLD06533,10.0,0.0
SLD06534,11.0,0.0
SLD06535,10.0,0.0
SLD06536,12.0,0.0
SLD06537,12.0,0.0
SLD06538,10.0,0.0
SLD06539,12.0,0.0
SLD06540,12.0,0.0
SLD06541,12.0,0.0
SLD06542,9.0,0.0
SLD06543,12.0,0.0
SLD06544,12.0,0.0
SLD06545,12.0,0.0
SLD06546,12.0,0.0
SLD06547,12.0,0.0
SLD06548,10.0,0.0
SLD06549,12.0,0.0
SLD06550,10.0,0.0
SLD06551,4.0,0.0
SLD06552,4.0,0.0
SLD06553,4.0,0.0
SLD06554,4.0,0.0
SLD06555,4.0,0.0
SLD06556,4.0,0.0
SLD06557,12.0,0.0
SLD06558,12.0,0.0
SLD06559,12.0,0.0
SLD06560,9.0,0.0
SLD06561,11.0,2.0
SLD06562,12.0,0.0
SLD06563,12.0,0.0
SLD06564,12.0,0.0
SLD06565,12.0,0.0
SLD06566,4.0,0.0
SLD06567,10.0,0.0
SLD06568,10.0,0.0
SLD06569,12.0,0.0
SLD06570,12.0,0.0
SLD06571,12.0,0.0
SLD06572,12.0,0.0
SLD06573,12.0,0.0
SLD06574,12.0,0.0
SLD06575,12.0,0.0
SLD06576,12.0,0.0
SLD06577,12.0,0.0
SLD06578,12.0,0.0
SLD06579,12.0,0.0
SLD06580,12.0,0.0
SLD06581,12.0,0.0
SLD06582,12.0,0.0
SLD06583,12.0,0.0
SLD06584,12.0,0.0
SLD06585,12.0,0.0
SLD06586,12.0,0.0
SLD06587,12.0,0.0
SLD06588,12.0,0.0
SLD06589,12.0,0.0
SLD06590,12.0,0.0
SLD06591,12.0,0.0
SLD06592,12.0,0.0
SLD06593,12.0,0.0
SLD06594,12.0,0.0
SLD06595,12.0,0.0
SLD06596,12.0,0.0
SLD06597,12.0,0.0
SLD06598,12.0,0.0
SLD06599,12.0,0.0
SLD06600,12.0,0.0
SLD06601,12.0,0.0
SLD06602,12.0,0.0
SLD06603,12.0,0.0
SLD06604,12.0,0.0
SLD06605,12.0,0.0
SLD06606,12.0,0.0
SLD06607,12.0,0.0
SLD06608,12.0,0.0
SLD06609,12.0,0.0
SLD06610,12.0,0.0
SLD06611,12.0,0.0
SLD06612,12.0,0.0
SLD06613,12.0,0.0
SLD06614,12.0,0.0
SLD06615,12.0,0.0
SLD06616,12.0,0.0
SLD06617,12.0,0.0
SLD06618,12.0,0.0
SLD06619,12.0,0.0
SLD06620,12.0,0.0
SLD06621,12.0,0.0
SLD06622,12.0,0.0
SLD06623,12.0,0.0
SLD06624,5.0,0.0
SLD06625,10.0,0.0
SLD06626,12.0,0.0
SLD06627,12.0,0.0
SLD06628,12.0,0.0
SLD06629,4.0,0.0
SLD06630,4.0,0.0
SLD06631,4.0,0.0
SLD06632,12.0,0.0
SLD06633,12.0,0.0
SLD06634,12.0,0.0
SLD06635,12.0,0.0
SLD06636,12.0,0.0
SLD06637,12.0,0.0
SLD06638,12.0,0.0
SLD06639,12.0,0.0
SLD06640,12.0,0.0
SLD06641,12.0,0.0
SLD06642,10.0,0.0
SLD06643,10.0,0.0
SLD06644,10.0,0.0
SLD06645,10.0,0.0
SLD06646,10.0,0.0
SLD06647,10.0,0.0
SLD06648,10.0,0.0
SLD06649,10.0,0.0
SLD06650,10.0,0.0
SLD06651,10.0,0.0
SLD06652,12.0,0.0
SLD06653,12.0,0.0
SLD06654,12.0,0.0
SLD06655,12.0,0.0
SLD06656,12.0,0.0
SLD06657,12.0,0.0
SLD06658,12.0,0.0
SLD06659,12.0,0.0
SLD06660,12.0,0.0
SLD06661,12.0,0.0
SLD06662,12.0,0.0
SLD06663,12.0,0.0
SLD06664,9.0,0.0
SLD06665,12.0,0.0
SLD06666,12.0,0.0
SLD06667,12.0,0.0
SLD06668,12.0,0.0
SLD06669,12.0,0.0
SLD06670,12.0,0.0
SLD06671,9.0,0.0
SLD06672,12.0,0.0
SLD06673,12.0,0.0
SLD06674,12.0,0.0
SLD06675,12.0,0.0
SLD06676,12.0,0.0
SLD06677,12.0,0.0
SLD06678,12.0,0.0
SLD06679,12.0,0.0
SLD06680,12.0,0.0
SLD06681,12.0,0.0
SLD06682,12.0,0.0
SLD06683,12.0,0.0
SLD06684,12.0,0.0
SLD06685,12.0,0.0
SLD06686,12.0,0.0
SLD06687,12.0,0.0
SLD06688,12.0,0.0
SLD06689,12.0,0.0
SLD06690,10.0,2.0
SLD06691,10.0,2.0
SLD06692,10.0,2.0
SLD06693,10.0,2.0
SLD06694,12.0,0.0
SLD06695,11.0,2.0
SLD06696,11.0,2.0
SLD06697,12.0,0.0
SLD06698,12.0,0.0
SLD06699,9.0,0.0
SLD06700,12.0,0.0
SLD06701,12.0,0.0
SLD06702,12.0,0.0
SLD06703,12.0,0.0
SLD06704,12.0,0.0
SLD06705,12.0,0.0
SLD06706,12.0,0.0
SLD06707,12.0,0.0
SLD06708,12.0,0.0
SLD06709,12.0,0.0
SLD06710,12.0,0.0
SLD06711,12.0,0.0
SLD06712,12.0,0.0
SLD06713,9.0,0.0
SLD06714,9.0,0.0
SLD06715,9.0,0.0
SLD06716,10.0,0.0
SLD06717,12.0,0.0
SLD06718,9.0,0.0
SLD06719,9.0,0.0
SLD06720,9.0,0.0
SLD06721,9.0,0.0
SLD06722,9.0,0.0
SLD06723,9.0,0.0
SLD06724,9.0,0.0
SLD06725,12.0,0.0
SLD06726,12.0,0.0
SLD06727,12.0,0.0
SLD06728,12.0,0.0
SLD06729,12.0,0.0
SLD06730,12.0,0.0
SLD06731,12.0,0.0
SLD06732,12.0,0.0
SLD06733,12.0,0.0
SLD06734,12.0,0.0
SLD06735,4.0,0.0
SLD06736,2.0,0.0
SLD06737,2.0,0.0
SLD06738,2.0,0.0
SLD06739,10.0,0.0
SLD06740,10.0,0.0
SLD06741,12.0,0.0
SLD06742,12.0,0.0
SLD06743,12.0,0.0
SLD06744,12.0,0.0
SLD06745,12.0,0.0
SLD06746,12.0,0.0
SLD06747,12.0,0.0
SLD06748,12.0,0.0
SLD06749,12.0,0.0
SLD06750,12.0,0.0
SLD06751,10.0,0.0
SLD06752,12.0,0.0
SLD06753,12.0,0.0
SLD06754,4.0,0.0
SLD06755,12.0,0.0
SLD06756,10.0,0.0
SLD06757,12.0,0.0
SLD06758,12.0,0.0
SLD06759,12.0,0.0
SLD06760,12.0,0.0
SLD06761,12.0,0.0
SLD06762,12.0,0.0
SLD06763,12.0,0.0
SLD06764,9.0,0.0
SLD06765,9.0,0.0
SLD06766,10.0,2.0
SLD06767,12.0,0.0
SLD06768,9.0,0.0
SLD06769,9.0,0.0
SLD06770,12.0,0.0
SLD06771,12.0,0.0
SLD06772,12.0,0.0
SLD06773,12.0,0.0
SLD06774,12.0,0.0
SLD06775,12.0,0.0
SLD06776,12.0,0.0
SLD06777,12.0,0.0
SLD06778,12.0,0.0
SLD06779,12.0,0.0
SLD06780,9.0,0.0
SLD06781,12.0,0.0
SLD06782,12.0,0.0
SLD06783,12.0,0.0
SLD06784,12.0,0.0
SLD06785,12.0,0.0
SLD06786,12.0,0.0
SLD06787,5.0,0.0
SLD06788,9.0,0.0
SLD06789,12.0,0.0
SLD06790,14.0,0.0
SLD06791,14.0,0.0
SLD06792,4.0,0.0
SLD06793,12.0,0.0
SLD06794,12.0,0.0
SLD06795,12.0,0.0
SLD06796,12.0,0.0
SLD06797,12.0,0.0
SLD06798,9.0,0.0
SLD06799,12.0,0.0
SLD06800,12.0,0.0
SLD06801,10.0,0.0
SLD06802,9.0,0.0
SLD06803,10.0,0.0
SLD06804,12.0,0.0
SLD06805,12.0,0.0
SLD06806,12.0,0.0
SLD06807,9.0,0.0
SLD06808,12.0,0.0
SLD06809,12.0,0.0
SLD06810,12.0,0.0
SLD06811,12.0,0.0
SLD06812,12.0,0.0
SLD06813,12.0,0.0
SLD06814,12.0,0.0
SLD06815,12.0,0.0
SLD06816,12.0,0.0
SLD06817,12.0,0.0
SLD06818,12.0,0.0
SLD06819,14.0,0.0
SLD06820,8.0,0.0
SLD06821,8.0,0.0
SLD06822,8.0,0.0
SLD06823,8.0,0.0
SLD06824,8.0,0.0
SLD06825,8.0,0.0
SLD06826,8.0,0.0
SLD06827,12.0,0.0
SLD06828,14.0,0.0
SLD06829,2.0,0.0
SLD06830,9.0,0.0
SLD06831,8.0,0.0
SLD06832,8.0,0.0
SLD06833,8.0,0.0
SLD06834,8.0,0.0
SLD06835,8.0,0.0
SLD06836,8.0,0.0
SLD06837,8.0,0.0
SLD06838,9.0,0.0
SLD06839,13.0,9.0
SLD06840,14.0,0.0
SLD06841,13.0,9.0
SLD06842,14.0,0.0
SLD06843,14.0,0.0
SLD06844,14.0,0.0
SLD06845,9.0,0.0
SLD06846,14.0,0.0
SLD06847,14.0,0.0
SLD06848,8.0,0.0
SLD06849,9.0,0.0
SLD06850,10.0,0.0
SLD06851,9.0,0.0
SLD06852,10.0,0.0
SLD06853,9.0,0.0
SLD06854,9.0,0.0
SLD06855,9.0,0.0
SLD06856,9.0,0.0
SLD06857,2.0,0.0
SLD06858,8.0,0.0
SLD06859,8.0,0.0
SLD06860,8.0,0.0
SLD06861,8.0,0.0
SLD06862,8.0,0.0
SLD06863,8.0,0.0
SLD06864,8.0,0.0
SLD06865,2.0,0.0
SLD06866,8.0,0.0
SLD06867,2.0,0.0
SLD06868,8.0,0.0
SLD06869,2.0,0.0
SLD06870,2.0,0.0
SLD06871,8.0,0.0
SLD06872,9.0,0.0
SLD06873,14.0,0.0
SLD06874,8.0,0.0
SLD06875,8.0,0.0
SLD06876,9.0,0.0
SLD06877,2.0,0.0
SLD06878,2.0,0.0
SLD06879,2.0,0.0
SLD06880,8.0,0.0
SLD06881,8.0,0.0
SLD06882,8.0,0.0
SLD06883,10.0,0.0
SLD06884,10.0,0.0
SLD06885,10.0,0.0
SLD06886,10.0,0.0
SLD06887,8.0,0.0
SLD06888,8.0,0.0
SLD06889,10.0,0.0
SLD06890,14.0,0.0
SLD06891,9.0,0.0
SLD06892,10.0,0.0
SLD06893,9.0,0.0
SLD06894,12.0,0.0
SLD06895,14.0,0.0
SLD06896,14.0,0.0
SLD06897,12.0,0.0
SLD06898,8.0,0.0
SLD06899,9.0,0.0
SLD06900,10.0,0.0
SLD06901,9.0,0.0
SLD06902,8.0,0.0
SLD06903,11.0,0.0
SLD06904,8.0,0.0
SLD06905,11.0,0.0
SLD06906,12.0,0.0
SLD06907,9.0,0.0
SLD06908,11.0,0.0
SLD06909,2.0,0.0
SLD06910,2.0,0.0
SLD06911,8.0,0.0
SLD06912,8.0,0.0
SLD06913,2.0,0.0
SLD06914,8.0,0.0
SLD06915,8.0,0.0
SLD06916,8.0,0.0
SLD06917,8.0,0.0
SLD06918,8.0,0.0
SLD06919,8.0,0.0
SLD06920,14.0,0.0
SLD06921,14.0,0.0
SLD06922,2.0,0.0
SLD06923,2.0,0.0
SLD06924,2.0,0.0
SLD06925,2.0,0.0
SLD06926,2.0,0.0
SLD06927,2.0,0.0
SLD06928,2.0,0.0
SLD06929,17.0,3.0
SLD06930,2.0,0.0
SLD06931,9.0,0.0
SLD06932,8.0,0.0
SLD06933,8.0,0.0
SLD06934,2.0,0.0
SLD06935,8.0,0.0
SLD06936,8.0,0.0
SLD06937,8.0,0.0
SLD06938,8.0,0.0
SLD06939,9.0,0.0
SLD06940,8.0,0.0
SLD06941,8.0,0.0
SLD06942,8.0,0.0
SLD06943,2.0,0.0
SLD06944,2.0,0.0
SLD06945,8.0,0.0
SLD06946,8.0,0.0
SLD06947,8.0,0.0
SLD06948,8.0,0.0
SLD06949,8.0,0.0
SLD06950,8.0,0.0
SLD06951,17.0,4.0
SLD06952,8.0,0.0
SLD06953,8.0,0.0
SLD06954,17.0,4.0
SLD06955,8.0,0.0
SLD06956,8.0,0.0
SLD06957,8.0,0.0
SLD06958,8.0,0.0
SLD06959,8.0,0.0
SLD06960,2.0,0.0
SLD06961,8.0,0.0
SLD06962,8.0,0.0
SLD06963,8.0,0.0
SLD06964,8.0,0.0
SLD06965,8.0,0.0
SLD06966,8.0,0.0
SLD06967,8.0,0.0
SLD06968,8.0,0.0
SLD06969,2.0,0.0
SLD06970,12.0,0.0
SLD06971,9.0,0.0
SLD06972,9.0,0.0
SLD06973,12.0,0.0
SLD06974,12.0,0.0
SLD06975,12.0,0.0
SLD06976,2.0,0.0
SLD06977,2.0,0.0
SLD06978,2.0,0.0
SLD06979,2.0,0.0
SLD06980,2.0,0.0
SLD06981,2.0,0.0
SLD06982,2.0,0.0
SLD06983,2.0,0.0
SLD06984,8.0,0.0
SLD06985,9.0,0.0
SLD06986,2.0,0.0
SLD06987,2.0,0.0
SLD06988,9.0,0.0
SLD06989,12.0,0.0
SLD06990,10.0,0.0
SLD06991,14.0,0.0
SLD07001,12.0,0.0
SLD07002,2.0,0.0
SLD07003,14.0,0.0
SLD07004,9.0,0.0
SLD07005,8.0,0.0
SLD07006,12.0,0.0
SLD07007,2.0,0.0
SLD07008,2.0,0.0
SLD07009,8.0,0.0
SLD07010,9.0,0.0
SLD07011,8.0,0.0
SLD07012,12.0,0.0
SLD07013,14.0,0.0
SLD07014,14.0,0.0
SLD07015,9.0,0.0
SLD07016,4.0,0.0
SLD07017,9.0,0.0
SLD07018,8.0,0.0
SLD07019,14.0,0.0
SLD07020,9.0,0.0
SLD07021,8.0,0.0
SLD07022,9.0,0.0
SLD07023,2.0,0.0
SLD07024,8.0,0.0
SLD07025,12.0,0.0
SLD07026,12.0,0.0
SLD07027,8.0,0.0
SLD07028,8.0,0.0
SLD07029,12.0,0.0
SLD07030,9.0,0.0
SLD07031,12.0,0.0
SLD07032,12.0,0.0
SLD07033,4.0,0.0
SLD07034,10.0,2.0
SLD07035,12.0,0.0
SLD07036,9.0,0.0
SLD07037,8.0,0.0
SLD07038,2.0,0.0
SLD07039,2.0,0.0
SLD07040,12.0,0.0
SLD07041,12.0,0.0
SLD07042,12.0,0.0
SLD07043,4.0,0.0
SLD07044,13.0,9.0
SLD07045,8.0,0.0
SLD07046,14.0,0.0
SLD07047,13.0,0.0
SLD07048,8.0,0.0
SLD07049,2.0,0.0
SLD07050,12.0,0.0
SLD07051,9.0,0.0
SLD07052,9.0,0.0
SLD07053,10.0,0.0
SLD07054,10.0,0.0
SLD07055,14.0,0.0
SLD07056,9.0,0.0
SLD07057,2.0,0.0
SLD07058,12.0,0.0
SLD07059,2.0,0.0
SLD07060,9.0,0.0
SLD07061,12.0,0.0
SLD07062,12.0,0.0
SLD07063,9.0,0.0
SLD07064,10.0,0.0
SLD07065,12.0,0.0
SLD07066,12.0,0.0
SLD07067,16.0,2.0
SLD07068,8.0,0.0
SLD07069,2.0,0.0
SLD07070,12.0,0.0
SLD07071,12.0,0.0
SLD07072,12.0,0.0
SLD07073,12.0,0.0
SLD07074,5.0,0.0
SLD07075,12.0,0.0
SLD07076,8.0,0.0
SLD07077,8.0,0.0
SLD07078,9.0,0.0
SLD07079,12.0,0.0
SLD07080,9.0,0.0
SLD07081,14.0,0.0
SLD07082,2.0,0.0
SLD07083,14.0,0.0
SLD07084,13.0,0.0
SLD07085,12.0,0.0
SLD07086,10.0,0.0
SLD07087,12.0,0.0
SLD07088,12.0,0.0
SLD07089,5.0,0.0
SLD07090,13.0,9.0
SLD07091,8.0,0.0
SLD07092,12.0,0.0
SLD07093,13.0,9.0
SLD07094,12.0,0.0
SLD07095,8.0,0.0
SLD07096,12.0,0.0
SLD07097,12.0,0.0
SLD07098,12.0,0.0
SLD07099,8.0,0.0
SLD07100,14.0,0.0
SLD07101,12.0,0.0
SLD07102,13.0,9.0
SLD07103,4.0,0.0
SLD07104,2.0,0.0
SLD07105,14.0,0.0
SLD07106,8.0,0.0
SLD07107,12.0,0.0
SLD07108,2.0,0.0
SLD07109,4.0,0.0
SLD07110,4.0,0.0
SLD07111,12.0,0.0
SLD07112,12.0,0.0
SLD07113,2.0,0.0
SLD07114,14.0,0.0
SLD07115,10.0,0.0
SLD07116,12.0,0.0
SLD07117,2.0,0.0
SLD07118,8.0,0.0
SLD07119,2.0,0.0
SLD07120,4.0,0.0
SLD07121,9.0,0.0
SLD07122,8.0,2.0
SLD07123,2.0,0.0
SLD07124,12.0,0.0
SLD07125,10.0,0.0
SLD07126,9.0,0.0
SLD07127,12.0,0.0
SLD07128,12.0,0.0
SLD07129,8.0,0.0
SLD07130,8.0,0.0
SLD07131,12.0,0.0
SLD07132,12.0,0.0
SLD07133,9.0,0.0
SLD07134,12.0,0.0
SLD07135,2.0,0.0
SLD07136,4.0,0.0
SLD07137,2.0,0.0
SLD07138,8.0,0.0
SLD07139,12.0,0.0
SLD07140,8.0,0.0
SLD07141,2.0,0.0
SLD07142,8.0,0.0
SLD07143,8.0,0.0
SLD07144,12.0,0.0
SLD07145,4.0,0.0
SLD07146,8.0,0.0
SLD07147,2.0,0.0
SLD07148,13.0,0.0
SLD07149,14.0,0.0
SLD07150,4.0,0.0
SLD07151,10.0,0.0
SLD07152,12.0,0.0
SLD07153,14.0,0.0
SLD07154,12.0,0.0
SLD07155,4.0,0.0
SLD07156,12.0,0.0
SLD07157,17.0,2.0
SLD07158,12.0,0.0
SLD07159,9.0,0.0
SLD07160,14.0,0.0
SLD07161,8.0,0.0
SLD07162,10.0,0.0
SLD07163,14.0,0.0
SLD07164,9.0,0.0
SLD07165,12.0,0.0
SLD07166,12.0,0.0
SLD07167,2.0,0.0
SLD07168,12.0,0.0
SLD07169,14.0,0.0
SLD07170,9.0,0.0
SLD07171,12.0,0.0
SLD07172,2.0,0.0
SLD07173,2.0,0.0
SLD07174,4.0,0.0
SLD07175,9.0,0.0
SLD07176,10.0,0.0
SLD07177,4.0,0.0
SLD07178,9.0,0.0
SLD07179,2.0,0.0
SLD07180,12.0,0.0
SLD07181,8.0,0.0
SLD07182,12.0,0.0
SLD07183,8.0,0.0
SLD07184,12.0,0.0
SLD07185,2.0,0.0
SLD07186,9.0,0.0
SLD07187,12.0,0.0
SLD07188,12.0,0.0
SLD07189,9.0,0.0
SLD07190,12.0,0.0
SLD07191,8.0,0.0
SLD07192,2.0,0.0
SLD07193,12.0,0.0
SLD07194,2.0,0.0
SLD07195,2.0,0.0
SLD07196,9.0,0.0
SLD07197,2.0,0.0
SLD07198,12.0,0.0
SLD07199,8.0,0.0
SLD07200,12.0,0.0
SLD07201,12.0,0.0
SLD07202,9.0,0.0
SLD07203,10.0,0.0
SLD07204,9.0,0.0
SLD07205,12.0,0.0
SLD07206,2.0,0.0
SLD07207,9.0,0.0
SLD07208,2.0,0.0
SLD07209,12.0,0.0
SLD07210,12.0,0.0
SLD07211,12.0,0.0
SLD07212,12.0,0.0
SLD07213,12.0,0.0
SLD07214,12.0,0.0
SLD07215,8.0,0.0
SLD07216,12.0,0.0
SLD07217,2.0,0.0
SLD07218,12.0,0.0
SLD07219,9.0,0.0
SLD07220,12.0,0.0
SLD07221,2.0,0.0
SLD07222,8.0,0.0
SLD07223,12.0,0.0
SLD07224,12.0,0.0
SLD07225,17.0,2.0
SLD07226,8.0,0.0
SLD07227,12.0,0.0
SLD07228,9.0,0.0
SLD07229,8.0,0.0
SLD07230,2.0,0.0
SLD07231,2.0,0.0
SLD07232,2.0,0.0
SLD07233,14.0,0.0
SLD07234,14.0,0.0
SLD07235,9.0,0.0
SLD07236,12.0,0.0
SLD07237,9.0,0.0
SLD07238,8.0,0.0
SLD07239,12.0,0.0
SLD07240,12.0,0.0
SLD07241,9.0,0.0
SLD07242,12.0,0.0
SLD07243,8.0,0.0
SLD07244,12.0,0.0
SLD07245,12.0,0.0
SLD07246,12.0,0.0
SLD07247,14.0,0.0
SLD07248,9.0,0.0
SLD07249,12.0,0.0
SLD07250,9.0,0.0
SLD07251,2.0,0.0
SLD07252,9.0,0.0
SLD07253,9.0,0.0
SLD07254,13.0,9.0
SLD07255,9.0,0.0
SLD07256,14.0,0.0
SLD07257,8.0,0.0
SLD07258,12.0,0.0
SLD07259,12.0,0.0
SLD07260,12.0,0.0
SLD07261,8.0,0.0
SLD07262,8.0,0.0
SLD07263,8.0,0.0
SLD07264,12.0,0.0
SLD07265,8.0,0.0
SLD07266,8.0,0.0
SLD07267,2.0,0.0
SLD07268,2.0,0.0
SLD07269,2.0,0.0
SLD07270,4.0,0.0
SLD07271,12.0,0.0
SLD07272,12.0,0.0
SLD07273,4.0,0.0
SLD07274,12.0,0.0
SLD07275,10.0,0.0
SLD07276,10.0,0.0
SLD07277,12.0,0.0
SLD07278,9.0,0.0
SLD07279,12.0,0.0
SLD07280,14.0,0.0
SLD07281,9.0,0.0
SLD07282,13.0,9.0
SLD07283,2.0,0.0
SLD07284,4.0,0.0
SLD07285,12.0,0.0
SLD07286,13.0,9.0
SLD07287,9.0,0.0
SLD07288,12.0,0.0
SLD07289,12.0,0.0
SLD07290,12.0,0.0
SLD07291,5.0,0.0
SLD07292,8.0,0.0
SLD07293,5.0,0.0
SLD07294,9.0,0.0
SLD07295,12.0,0.0
SLD07296,5.0,0.0
SLD07297,9.0,0.0
SLD07298,12.0,0.0
SLD07299,9.0,0.0
SLD07300,2.0,0.0
SLD07301,9.0,0.0
SLD07302,12.0,0.0
SLD07303,8.0,0.0
SLD07304,8.0,0.0
SLD07305,12.0,0.0
SLD07306,12.0,0.0
SLD07307,10.0,0.0
SLD07308,12.0,0.0
SLD07309,8.0,0.0
SLD07310,12.0,0.0
SLD07311,12.0,0.0
SLD07312,9.0,0.0
SLD07313,12.0,0.0
SLD07314,12.0,0.0
SLD07315,12.0,0.0
SLD07316,9.0,0.0
SLD07317,12.0,0.0
SLD07318,8.0,0.0
SLD07319,12.0,0.0
SLD07320,12.0,0.0
SLD07321,8.0,0.0
SLD07322,2.0,0.0
SLD07323,12.0,0.0
SLD07324,8.0,0.0
SLD07325,14.0,0.0
SLD07326,9.0,0.0
SLD07327,12.0,0.0
SLD07328,12.0,0.0
SLD07329,2.0,0.0
SLD07330,14.0,0.0
SLD07331,9.0,0.0
SLD07332,12.0,0.0
SLD07333,9.0,0.0
SLD07334,12.0,0.0
SLD07335,2.0,0.0
SLD07336,12.0,0.0
SLD07337,12.0,0.0
SLD07338,12.0,0.0
SLD07339,12.0,0.0
SLD07340,2.0,0.0
SLD07341,2.0,0.0
SLD07342,8.0,0.0
SLD07343,12.0,0.0
SLD07344,12.0,0.0
SLD07345,12.0,0.0
SLD07346,9.0,0.0
SLD07347,12.0,0.0
SLD07348,8.0,0.0
SLD07349,2.0,0.0
SLD07350,8.0,0.0
SLD07351,10.0,0.0
SLD07352,8.0,0.0
SLD07353,12.0,0.0
SLD07354,12.0,0.0
SLD07355,9.0,0.0
SLD07356,10.0,2.0
SLD07357,2.0,0.0
SLD07358,2.0,0.0
SLD07359,2.0,0.0
SLD07360,12.0,0.0
SLD07361,10.0,0.0
SLD07362,14.0,0.0
SLD07363,10.0,0.0
SLD07364,12.0,0.0
SLD07365,10.0,0.0
SLD07366,8.0,0.0
SLD07367,12.0,0.0
SLD07368,8.0,0.0
SLD07369,9.0,0.0
SLD07370,8.0,0.0
SLD07371,12.0,0.0
SLD07372,12.0,0.0
SLD07373,12.0,0.0
SLD07374,8.0,0.0
SLD07375,4.0,0.0
SLD07376,8.0,0.0
SLD07377,12.0,0.0
SLD07378,8.0,0.0
SLD07379,10.0,0.0
SLD07380,8.0,0.0
SLD07381,12.0,0.0
SLD07382,2.0,0.0
SLD07383,14.0,0.0
SLD07384,2.0,0.0
SLD07385,8.0,0.0
SLD07386,8.0,0.0
SLD07387,2.0,0.0
SLD07388,12.0,0.0
SLD07389,5.0,0.0
SLD07390,8.0,0.0
SLD07391,12.0,0.0
SLD07392,12.0,0.0
SLD07393,12.0,0.0
SLD07394,8.0,0.0
SLD07395,2.0,0.0
SLD07396,12.0,0.0
SLD07397,12.0,0.0
SLD07398,13.0,9.0
SLD07399,14.0,0.0
SLD07400,14.0,0.0
SLD07401,9.0,0.0
SLD07402,12.0,0.0
SLD07403,12.0,0.0
SLD07404,14.0,0.0
SLD07405,12.0,0.0
SLD07406,2.0,0.0
SLD07407,12.0,0.0
SLD07408,2.0,0.0
SLD07409,17.0,2.0
SLD07410,12.0,0.0
SLD07411,8.0,0.0
SLD07412,12.0,0.0
SLD07413,12.0,0.0
SLD07414,12.0,0.0
SLD07415,12.0,0.0
SLD07416,12.0,0.0
SLD07417,12.0,0.0
SLD07418,8.0,0.0
SLD07419,9.0,0.0
SLD07420,2.0,0.0
SLD07421,9.0,0.0
SLD07422,13.0,0.0
SLD07423,14.0,0.0
SLD07424,10.0,0.0
SLD07425,14.0,0.0
SLD07426,8.0,0.0
SLD07427,12.0,0.0
SLD07428,8.0,0.0
SLD07429,12.0,0.0
SLD07430,4.0,0.0
SLD07431,8.0,0.0
SLD07432,9.0,0.0
SLD07433,2.0,0.0
SLD07434,12.0,0.0
SLD07435,14.0,0.0
SLD07436,8.0,0.0
SLD07437,12.0,0.0
SLD07438,12.0,0.0
SLD07439,9.0,0.0
SLD07440,9.0,0.0
SLD07441,9.0,0.0
SLD07442,12.0,0.0
SLD07443,2.0,0.0
SLD07444,12.0,0.0
SLD07445,4.0,0.0
SLD07446,12.0,0.0
SLD07447,8.0,0.0
SLD07448,12.0,0.0
SLD07449,12.0,0.0
SLD07450,9.0,0.0
SLD07451,14.0,0.0
SLD07452,9.0,0.0
SLD07453,10.0,0.0
SLD07454,12.0,0.0
SLD07455,8.0,0.0
SLD07456,14.0,0.0
SLD07457,14.0,0.0
SLD07458,12.0,0.0
SLD07459,8.0,0.0
SLD07460,4.0,0.0
SLD07461,2.0,0.0
SLD07462,12.0,0.0
SLD07463,2.0,0.0
SLD07464,2.0,0.0
SLD07465,11.0,0.0
SLD07466,12.0,0.0
SLD07467,13.0,0.0
SLD07468,12.0,0.0
SLD07469,2.0,0.0
SLD07470,12.0,0.0
SLD07471,8.0,0.0
SLD07472,14.0,0.0
SLD07473,12.0,0.0
SLD07474,8.0,0.0
SLD07475,9.0,0.0
SLD07476,12.0,0.0
SLD07477,12.0,0.0
SLD07478,12.0,0.0
SLD07479,12.0,0.0
SLD07480,14.0,0.0
SLD07481,8.0,0.0
SLD07482,5.0,0.0
SLD07483,8.0,0.0
SLD07484,12.0,0.0
SLD07485,12.0,0.0
SLD07486,8.0,0.0
SLD07487,13.0,0.0
SLD07488,12.0,0.0
SLD07489,9.0,0.0
SLD07490,12.0,0.0
SLD07491,8.0,0.0
SLD07492,9.0,0.0
SLD07493,8.0,0.0
SLD07494,12.0,0.0
SLD07495,12.0,0.0
SLD07496,12.0,0.0
SLD07497,14.0,0.0
SLD07498,9.0,0.0
SLD07499,12.0,0.0
SLD07500,9.0,0.0
SLD07501,14.0,0.0
SLD07502,5.0,0.0
SLD07503,9.0,0.0
SLD07504,8.0,0.0
SLD07505,17.0,4.0
SLD07506,9.0,0.0
SLD07507,12.0,0.0
SLD07508,9.0,0.0
SLD07509,2.0,0.0
SLD07510,14.0,0.0
SLD07511,12.0,0.0
SLD07512,12.0,0.0
SLD07513,9.0,0.0
SLD07514,9.0,0.0
SLD07515,12.0,0.0
SLD07516,14.0,0.0
SLD07517,9.0,0.0
SLD07518,9.0,0.0
SLD07519,4.0,0.0
SLD07520,12.0,0.0
SLD07521,10.0,0.0
SLD07522,8.0,0.0
SLD07523,4.0,0.0
SLD07524,8.0,0.0
SLD07525,8.0,0.0
SLD07526,14.0,0.0
SLD07527,10.0,0.0
SLD07528,12.0,0.0
SLD07529,12.0,0.0
SLD07530,9.0,0.0
SLD07531,12.0,0.0
SLD07532,12.0,0.0
SLD07533,12.0,0.0
SLD07534,9.0,0.0
SLD07535,10.0,0.0
SLD07536,12.0,0.0
SLD07537,12.0,0.0
SLD07538,9.0,0.0
SLD07539,12.0,0.0
SLD07540,12.0,0.0
SLD07541,8.0,0.0
SLD07542,8.0,0.0
SLD07543,8.0,0.0
SLD07544,8.0,0.0
SLD07545,9.0,0.0
SLD07546,12.0,0.0
SLD07547,10.0,0.0
SLD07548,12.0,0.0
SLD07549,14.0,0.0
SLD07550,12.0,0.0
SLD07551,10.0,0.0
SLD07552,12.0,0.0
SLD07553,9.0,0.0
SLD07554,12.0,0.0
SLD07555,14.0,0.0
SLD07556,9.0,0.0
SLD07557,2.0,0.0
SLD07558,14.0,0.0
SLD07559,12.0,0.0
SLD07560,9.0,0.0
SLD07561,12.0,0.0
SLD07562,12.0,0.0
SLD07563,12.0,0.0
SLD07564,12.0,0.0
SLD07565,8.0,2.0
SLD07566,2.0,0.0
SLD07567,12.0,0.0
SLD07568,12.0,0.0
SLD07569,2.0,0.0
SLD07570,12.0,0.0
SLD07571,12.0,0.0
SLD07572,12.0,0.0
SLD07573,8.0,0.0
SLD07574,14.0,0.0
SLD07575,14.0,0.0
SLD07576,2.0,0.0
SLD07577,9.0,0.0
SLD07578,5.0,0.0
SLD07579,9.0,0.0
SLD07580,12.0,0.0
SLD07581,9.0,0.0
SLD07582,8.0,0.0
SLD07583,9.0,0.0
SLD07584,2.0,0.0
SLD07585,12.0,0.0
SLD07586,8.0,0.0
SLD07587,5.0,0.0
SLD07588,12.0,0.0
SLD07589,14.0,0.0
SLD07590,12.0,0.0
SLD07591,13.0,9.0
SLD07592,8.0,0.0
SLD07593,14.0,0.0
SLD07594,10.0,0.0
SLD07595,12.0,0.0
SLD07596,9.0,0.0
SLD07597,12.0,0.0
SLD07598,8.0,0.0
SLD07599,8.0,0.0
SLD07600,12.0,0.0
SLD07601,12.0,0.0
SLD07602,12.0,0.0
SLD07603,12.0,0.0
SLD07604,4.0,0.0
SLD07605,9.0,0.0
SLD07606,12.0,0.0
SLD07607,14.0,0.0
SLD07608,12.0,0.0
SLD07609,12.0,0.0
SLD07610,13.0,0.0
SLD07611,10.0,0.0
SLD07612,4.0,0.0
SLD07613,14.0,0.0
SLD07614,12.0,0.0
SLD07615,2.0,0.0
SLD07616,12.0,0.0
SLD07617,13.0,0.0
SLD07618,12.0,0.0
SLD07619,2.0,0.0
SLD07620,12.0,0.0
SLD07621,12.0,0.0
SLD07622,12.0,0.0
SLD07623,2.0,0.0
SLD07624,2.0,0.0
SLD07625,9.0,0.0
SLD07626,14.0,0.0
SLD07627,2.0,0.0
SLD07628,8.0,0.0
SLD07629,9.0,0.0
SLD07630,12.0,0.0
SLD07631,8.0,0.0
SLD07632,8.0,0.0
SLD07633,2.0,0.0
SLD07634,8.0,0.0
SLD07635,8.0,0.0
SLD07636,14.0,0.0
SLD07637,12.0,0.0
SLD07638,5.0,0.0
SLD07639,12.0,0.0
SLD07640,9.0,0.0
SLD07641,2.0,0.0
SLD07642,8.0,0.0
SLD07643,12.0,0.0
SLD07644,12.0,0.0
SLD07645,8.0,0.0
SLD07646,9.0,0.0
SLD07647,12.0,0.0
SLD07648,8.0,0.0
SLD07649,2.0,0.0
SLD07650,8.0,0.0
SLD07651,12.0,0.0
SLD07652,8.0,0.0
SLD07653,8.0,0.0
SLD07654,10.0,0.0
SLD07655,13.0,0.0
SLD07656,12.0,0.0
SLD07657,12.0,0.0
SLD07658,2.0,0.0
SLD07659,2.0,0.0
SLD07660,12.0,0.0
SLD07661,13.0,0.0
SLD07662,10.0,0.0
SLD07663,8.0,0.0
SLD07664,8.0,0.0
SLD07665,12.0,0.0
SLD07666,14.0,0.0
SLD07667,2.0,0.0
SLD07668,9.0,0.0
SLD07669,14.0,0.0
SLD07670,12.0,0.0
SLD07671,8.0,0.0
SLD07672,14.0,0.0
SLD07673,14.0,0.0
SLD07674,8.0,0.0
SLD07675,12.0,0.0
SLD07676,12.0,0.0
SLD07677,12.0,0.0
SLD07678,8.0,0.0
SLD07679,8.0,0.0
SLD07680,9.0,0.0
SLD07681,8.0,0.0
SLD07682,2.0,0.0
SLD07683,12.0,0.0
SLD07684,2.0,0.0
SLD07685,12.0,0.0
SLD07686,12.0,0.0
SLD07687,12.0,0.0
SLD07688,12.0,0.0
SLD07689,12.0,0.0
SLD07690,12.0,0.0
SLD07691,8.0,0.0
SLD07692,12.0,0.0
SLD07693,9.0,0.0
SLD07694,12.0,0.0
SLD07695,2.0,0.0
SLD07696,2.0,0.0
SLD07697,9.0,0.0
SLD07698,2.0,0.0
SLD07699,9.0,0.0
SLD07700,9.0,0.0
SLD07701,12.0,0.0
SLD07702,4.0,0.0
SLD07703,8.0,0.0
SLD07704,8.0,0.0
SLD07705,10.0,0.0
SLD07706,2.0,0.0
SLD07707,12.0,0.0
SLD07708,14.0,0.0
SLD07709,9.0,0.0
SLD07710,12.0,0.0
SLD07711,8.0,0.0
SLD07712,8.0,0.0
SLD07713,8.0,0.0
SLD07714,8.0,0.0
SLD07715,10.0,0.0
SLD07716,17.0,2.0
SLD07717,12.0,0.0
SLD07718,12.0,0.0
SLD07719,2.0,0.0
SLD07720,2.0,0.0
SLD07721,8.0,0.0
SLD07722,2.0,0.0
SLD07723,10.0,0.0
SLD07724,9.0,0.0
SLD07725,8.0,0.0
SLD07726,2.0,0.0
SLD07727,8.0,0.0
SLD07728,12.0,0.0
SLD07729,4.0,0.0
SLD07730,14.0,0.0
SLD07731,8.0,0.0
SLD07732,2.0,0.0
SLD07733,9.0,0.0
SLD07734,12.0,0.0
SLD07735,12.0,0.0
SLD07736,8.0,0.0
SLD07737,12.0,0.0
SLD07738,10.0,0.0
SLD07739,2.0,0.0
SLD07740,2.0,0.0
SLD07741,8.0,0.0
SLD07742,9.0,0.0
SLD07743,8.0,0.0
SLD07744,14.0,0.0
SLD07745,12.0,0.0
SLD07746,14.0,0.0
SLD07747,12.0,0.0
SLD07748,17.0,4.0
SLD07749,8.0,0.0
SLD07750,12.0,0.0
SLD07751,12.0,0.0
SLD07752,12.0,0.0
SLD07753,8.0,0.0
SLD07754,8.0,0.0
SLD07755,12.0,0.0
SLD07756,12.0,0.0
SLD07757,12.0,0.0
SLD07758,14.0,0.0
SLD07759,14.0,0.0
SLD07760,12.0,0.0
SLD07761,2.0,0.0
SLD07762,4.0,0.0
SLD07763,12.0,0.0
SLD07764,14.0,0.0
SLD07765,2.0,0.0
SLD07766,12.0,0.0
SLD07767,14.0,0.0
SLD07768,12.0,0.0
SLD07769,2.0,0.0
SLD07770,9.0,0.0
SLD07771,12.0,0.0
SLD07772,14.0,0.0
SLD07773,12.0,0.0
SLD07774,9.0,0.0
SLD07775,12.0,0.0
SLD07776,14.0,0.0
SLD07777,12.0,0.0
SLD07778,14.0,0.0
SLD07779,14.0,0.0
SLD07780,8.0,0.0
SLD07781,12.0,0.0
SLD07782,8.0,0.0
SLD07783,14.0,0.0
SLD07784,10.0,0.0
SLD07785,12.0,0.0
SLD07786,2.0,0.0
SLD07787,8.0,0.0
SLD07788,14.0,0.0
SLD07789,8.0,0.0
SLD07790,8.0,0.0
SLD07791,14.0,0.0
SLD07792,12.0,0.0
SLD07793,8.0,0.0
SLD07794,12.0,0.0
SLD07795,2.0,0.0
SLD07796,12.0,0.0
SLD07797,8.0,0.0
SLD07798,12.0,0.0
SLD07799,12.0,0.0
SLD07800,2.0,0.0
SLD07801,13.0,9.0
SLD07802,2.0,0.0
SLD07803,12.0,0.0
SLD07804,13.0,9.0
SLD07805,14.0,0.0
SLD07806,8.0,0.0
SLD07807,9.0,0.0
SLD07808,12.0,0.0
SLD07809,12.0,0.0
SLD07810,8.0,0.0
SLD07811,10.0,0.0
SLD07812,4.0,0.0
SLD07813,8.0,0.0
SLD07814,8.0,0.0
SLD07815,12.0,0.0
SLD07816,9.0,0.0
SLD07817,12.0,0.0
SLD07818,9.0,0.0
SLD07819,10.0,0.0
SLD07820,12.0,0.0
SLD07821,12.0,0.0
SLD07822,12.0,0.0
SLD07823,2.0,0.0
SLD07824,12.0,0.0
SLD07825,2.0,0.0
SLD07826,12.0,0.0
SLD07827,14.0,0.0
SLD07828,2.0,0.0
SLD07829,12.0,0.0
SLD07830,12.0,0.0
SLD07831,8.0,0.0
SLD07832,12.0,0.0
SLD07833,12.0,0.0
SLD07834,2.0,0.0
SLD07835,5.0,0.0
SLD07836,12.0,0.0
SLD07837,14.0,0.0
SLD07838,12.0,0.0
SLD07839,12.0,0.0
SLD07840,8.0,0.0
SLD07841,2.0,0.0
SLD07842,9.0,0.0
SLD07843,12.0,0.0
SLD07844,10.0,0.0
SLD07845,2.0,0.0
SLD07846,12.0,0.0
SLD07847,12.0,0.0
SLD07848,2.0,0.0
SLD07849,2.0,0.0
SLD07850,12.0,0.0
SLD07851,12.0,0.0
SLD07852,8.0,0.0
SLD07853,12.0,0.0
SLD07854,8.0,0.0
SLD07855,12.0,0.0
SLD07856,9.0,0.0
SLD07857,4.0,0.0
SLD07858,8.0,0.0
SLD07859,12.0,0.0
SLD07860,2.0,0.0
SLD07861,14.0,0.0
SLD07862,12.0,0.0
SLD07863,12.0,0.0
SLD07864,2.0,0.0
SLD07865,4.0,0.0
SLD07866,12.0,0.0
SLD07867,12.0,0.0
SLD07868,10.0,0.0
SLD07869,4.0,0.0
SLD07870,8.0,0.0
SLD07871,12.0,0.0
SLD07872,14.0,0.0
SLD07873,2.0,0.0
SLD07874,12.0,0.0
SLD07875,10.0,0.0
SLD07876,12.0,0.0
SLD07877,2.0,0.0
SLD07878,12.0,0.0
SLD07879,12.0,0.0
SLD07880,9.0,0.0
SLD07881,11.0,0.0
SLD07882,12.0,0.0
SLD07883,12.0,0.0
SLD07884,12.0,0.0
SLD07885,12.0,0.0
SLD07886,9.0,0.0
SLD07887,8.0,0.0
SLD07888,9.0,0.0
SLD07889,12.0,0.0
SLD07890,2.0,0.0
SLD07891,12.0,0.0
SLD07892,12.0,0.0
SLD07893,2.0,0.0
SLD07894,2.0,0.0
SLD07895,12.0,0.0
SLD07896,2.0,0.0
SLD07897,12.0,0.0
SLD07898,5.0,0.0
SLD07899,2.0,0.0
SLD07900,2.0,0.0
SLD07901,14.0,0.0
SLD07902,8.0,0.0
SLD07903,9.0,0.0
SLD07904,8.0,0.0
SLD07905,8.0,0.0
SLD07906,11.0,0.0
SLD07907,12.0,0.0
SLD07908,12.0,0.0
SLD07909,8.0,0.0
SLD07910,9.0,0.0
SLD07911,12.0,0.0
SLD07912,8.0,0.0
SLD07913,8.0,0.0
SLD07914,8.0,0.0
SLD07915,14.0,0.0
SLD07916,2.0,0.0
SLD07917,12.0,0.0
SLD07918,14.0,0.0
SLD07919,4.0,0.0
SLD07920,12.0,0.0
SLD07921,2.0,0.0
SLD07922,2.0,0.0
SLD07923,12.0,0.0
SLD07924,12.0,0.0
SLD07925,2.0,0.0
SLD07926,12.0,0.0
SLD07927,14.0,0.0
SLD07928,4.0,0.0
SLD07929,2.0,0.0
SLD07930,8.0,0.0
SLD07931,14.0,0.0
SLD07932,12.0,0.0
SLD07933,10.0,0.0
SLD07934,14.0,0.0
SLD07935,9.0,0.0
SLD07936,12.0,0.0
SLD07937,2.0,0.0
SLD07938,2.0,0.0
SLD07939,2.0,0.0
SLD07940,14.0,0.0
SLD07941,5.0,0.0
SLD07942,8.0,0.0
SLD07943,10.0,0.0
SLD07944,9.0,0.0
SLD07945,12.0,0.0
SLD07946,8.0,0.0
SLD07947,9.0,0.0
SLD07948,12.0,0.0
SLD07949,9.0,0.0
SLD07950,12.0,0.0
SLD07951,8.0,0.0
SLD07952,14.0,0.0
SLD07953,14.0,0.0
SLD07954,12.0,0.0
SLD07955,2.0,0.0
SLD07956,12.0,0.0
SLD07957,12.0,0.0
SLD07958,8.0,0.0
SLD07959,8.0,0.0
SLD07960,12.0,0.0
SLD07961,14.0,0.0
SLD07962,9.0,0.0
SLD07963,12.0,0.0
SLD07964,12.0,0.0
SLD07965,2.0,0.0
SLD07966,12.0,0.0
SLD07967,12.0,0.0
SLD07968,10.0,0.0
SLD07969,12.0,0.0
SLD07970,12.0,0.0
SLD07971,10.0,0.0
SLD07972,4.0,0.0
SLD07973,8.0,0.0
SLD07974,2.0,0.0
SLD07975,4.0,0.0
SLD07976,9.0,0.0
SLD07977,13.0,9.0
SLD07978,9.0,0.0
SLD07979,12.0,0.0
SLD07980,9.0,0.0
SLD07981,2.0,0.0
SLD07982,12.0,0.0
SLD07983,8.0,0.0
SLD07984,12.0,0.0
SLD07985,12.0,0.0
SLD07986,8.0,0.0
SLD07987,8.0,0.0
SLD07988,12.0,0.0
SLD07989,2.0,0.0
SLD07990,8.0,0.0
SLD07991,14.0,0.0
SLD07992,8.0,0.0
SLD07993,9.0,0.0
SLD07994,8.0,0.0
SLD07995,12.0,0.0
SLD07996,12.0,0.0
SLD07997,8.0,0.0
SLD07998,2.0,0.0
SLD07999,17.0,4.0
SLD08000,12.0,0.0
SLD08001,12.0,0.0
SLD08002,2.0,0.0
SLD08003,14.0,0.0
SLD08004,8.0,0.0
SLD08005,12.0,0.0
SLD08006,8.0,0.0
SLD08007,12.0,0.0
SLD08008,12.0,0.0
SLD08009,14.0,0.0
SLD08010,12.0,0.0
SLD08011,14.0,0.0
SLD08012,12.0,0.0
SLD08013,2.0,0.0
SLD08014,5.0,0.0
SLD08015,12.0,0.0
SLD08016,12.0,0.0
SLD08017,12.0,0.0
SLD08018,12.0,0.0
SLD08019,12.0,0.0
SLD08020,9.0,0.0
SLD08021,12.0,0.0
SLD08022,12.0,0.0
SLD08023,8.0,0.0
SLD08024,8.0,0.0
SLD08025,8.0,0.0
SLD08026,2.0,0.0
SLD08027,2.0,0.0
SLD08028,9.0,0.0
SLD08029,12.0,0.0
SLD08030,12.0,0.0
SLD08031,12.0,0.0
SLD08032,2.0,0.0
SLD08033,2.0,0.0
SLD08034,14.0,0.0
SLD08035,14.0,0.0
SLD08036,10.0,0.0
SLD08037,5.0,0.0
SLD08038,12.0,0.0
SLD08039,9.0,0.0
SLD08040,10.0,0.0
SLD08041,2.0,0.0
SLD08042,8.0,0.0
SLD08043,12.0,0.0
SLD08044,12.0,0.0
SLD08045,2.0,0.0
SLD08046,12.0,0.0
SLD08047,12.0,0.0
SLD08048,4.0,0.0
SLD08049,12.0,0.0
SLD08050,12.0,0.0
SLD08051,4.0,0.0
SLD08052,9.0,0.0
SLD08053,12.0,0.0
SLD08054,12.0,0.0
SLD08055,12.0,0.0
SLD08056,4.0,0.0
SLD08057,8.0,0.0
SLD08058,12.0,0.0
SLD08059,8.0,0.0
SLD08060,8.0,0.0
SLD08061,12.0,0.0
SLD08062,10.0,0.0
SLD08063,14.0,0.0
SLD08064,12.0,0.0
SLD08065,14.0,0.0
SLD08066,8.0,0.0
SLD08067,12.0,0.0
SLD08068,14.0,0.0
SLD08069,14.0,0.0
SLD08070,2.0,0.0
SLD08071,12.0,0.0
SLD08072,12.0,0.0
SLD08073,9.0,0.0
SLD08074,12.0,0.0
SLD08075,4.0,0.0
SLD08076,9.0,0.0
SLD08077,8.0,0.0
SLD08078,8.0,0.0
SLD08079,9.0,0.0
SLD08080,14.0,0.0
SLD08081,14.0,0.0
SLD08082,12.0,0.0
SLD08083,4.0,0.0
SLD08084,12.0,0.0
SLD08085,8.0,0.0
SLD08086,10.0,0.0
SLD08087,8.0,0.0
SLD08088,4.0,0.0
SLD08089,4.0,0.0
SLD08090,14.0,0.0
SLD08091,8.0,0.0
SLD08092,12.0,0.0
SLD08093,12.0,0.0
SLD08094,17.0,2.0
SLD08095,17.0,4.0
SLD08096,12.0,0.0
SLD08097,14.0,0.0
SLD08098,12.0,0.0
SLD08099,12.0,0.0
SLD08100,14.0,0.0
SLD08101,9.0,0.0
SLD08102,8.0,0.0
SLD08103,2.0,0.0
SLD08104,9.0,0.0
SLD08105,12.0,0.0
SLD08106,2.0,0.0
SLD08107,2.0,0.0
SLD08108,14.0,0.0
SLD08109,9.0,0.0
SLD08110,12.0,0.0
SLD08111,8.0,0.0
SLD08112,8.0,0.0
SLD08113,9.0,0.0
SLD08114,12.0,0.0
SLD08115,10.0,0.0
SLD08116,16.0,0.0
SLD08117,9.0,0.0
SLD08118,8.0,0.0
SLD08119,10.0,0.0
SLD08120,14.0,0.0
SLD08121,12.0,0.0
SLD08122,8.0,2.0
SLD08123,2.0,0.0
SLD08124,12.0,0.0
SLD08125,8.0,0.0
SLD08126,8.0,0.0
SLD08127,9.0,0.0
SLD08128,13.0,9.0
SLD08129,2.0,0.0
SLD08130,12.0,0.0
SLD08131,8.0,0.0
SLD08132,12.0,0.0
SLD08133,12.0,0.0
SLD08134,12.0,0.0
SLD08135,9.0,0.0
SLD08136,14.0,0.0
SLD08137,12.0,0.0
SLD08138,8.0,0.0
SLD08139,5.0,0.0
SLD08140,9.0,0.0
SLD08141,12.0,0.0
SLD08142,12.0,0.0
SLD08143,9.0,0.0
SLD08144,12.0,0.0
SLD08145,13.0,9.0
SLD08146,8.0,0.0
SLD08147,9.0,0.0
SLD08148,9.0,0.0
SLD08149,12.0,0.0
SLD08150,4.0,0.0
SLD08151,9.0,0.0
SLD08152,13.0,0.0
SLD08153,8.0,0.0
SLD08154,14.0,0.0
SLD08155,8.0,0.0
SLD08156,12.0,0.0
SLD08157,12.0,0.0
SLD08158,4.0,0.0
SLD08159,4.0,0.0
SLD08160,8.0,0.0
SLD08161,12.0,0.0
SLD08162,12.0,0.0
SLD08163,9.0,0.0
SLD08164,14.0,0.0
SLD08165,14.0,0.0
SLD08166,5.0,0.0
SLD08167,2.0,0.0
SLD08168,8.0,0.0
SLD08169,2.0,0.0
SLD08170,2.0,0.0
SLD08171,11.0,0.0
SLD08172,12.0,0.0
SLD08173,12.0,0.0
SLD08174,13.0,9.0
SLD08175,14.0,0.0
SLD08176,8.0,0.0
SLD08177,2.0,0.0
SLD08178,12.0,0.0
SLD08179,14.0,0.0
SLD08180,12.0,0.0
SLD08181,12.0,0.0
SLD08182,12.0,0.0
SLD08183,14.0,0.0
SLD08184,14.0,0.0
SLD08185,12.0,0.0
SLD08186,8.0,0.0
SLD08187,4.0,0.0
SLD08188,10.0,0.0
SLD08189,9.0,0.0
SLD08190,8.0,0.0
SLD08191,12.0,0.0
SLD08192,12.0,0.0
SLD08193,14.0,0.0
SLD08194,14.0,0.0
SLD08195,12.0,0.0
SLD08196,12.0,0.0
SLD08197,12.0,0.0
SLD08198,2.0,0.0
SLD08199,11.0,0.0
SLD08200,12.0,0.0
SLD08201,2.0,0.0
SLD08202,14.0,0.0
SLD08203,4.0,0.0
SLD08204,12.0,0.0
SLD08205,9.0,0.0
SLD08206,12.0,0.0
SLD08207,8.0,0.0
SLD08208,8.0,0.0
SLD08209,12.0,0.0
SLD08210,9.0,0.0
SLD08211,10.0,0.0
SLD08212,9.0,0.0
SLD08213,12.0,0.0
SLD08214,10.0,0.0
SLD08215,12.0,0.0
SLD08216,14.0,0.0
SLD08217,2.0,0.0
SLD08218,12.0,0.0
SLD08219,12.0,0.0
SLD08220,12.0,0.0
SLD08221,8.0,0.0
SLD08222,12.0,0.0
SLD08223,4.0,0.0
SLD08224,2.0,0.0
SLD08225,2.0,0.0
SLD08226,12.0,0.0
SLD08227,12.0,0.0
SLD08228,11.0,0.0
SLD08229,8.0,0.0
SLD08230,4.0,0.0
SLD08231,10.0,0.0
SLD08232,12.0,0.0
SLD08233,12.0,0.0
SLD08234,12.0,0.0
SLD08235,9.0,0.0
SLD08236,8.0,0.0
SLD08237,2.0,0.0
SLD08238,12.0,0.0
SLD08239,12.0,0.0
SLD08240,9.0,0.0
SLD08241,8.0,0.0
SLD08242,13.0,9.0
SLD08243,2.0,0.0
SLD08244,8.0,0.0
SLD08245,14.0,0.0
SLD08246,14.0,0.0
SLD08247,12.0,0.0
SLD08248,12.0,0.0
SLD08249,12.0,0.0
SLD08250,9.0,0.0
SLD08251,12.0,0.0
SLD08252,12.0,0.0
SLD08253,12.0,0.0
SLD08254,12.0,0.0
SLD08255,12.0,0.0
SLD08256,8.0,0.0
SLD08257,12.0,0.0
SLD08258,8.0,0.0
SLD08259,14.0,0.0
SLD08260,9.0,0.0
SLD08261,12.0,0.0
SLD08262,8.0,0.0
SLD08263,2.0,0.0
SLD08264,2.0,0.0
SLD08265,2.0,0.0
SLD08266,12.0,0.0
SLD08267,12.0,0.0
SLD08268,14.0,0.0
SLD08269,10.0,0.0
SLD08270,8.0,0.0
SLD08271,12.0,0.0
SLD08272,2.0,0.0
SLD08273,12.0,0.0
SLD08274,12.0,0.0
SLD08275,8.0,0.0
SLD08276,14.0,0.0
SLD08277,12.0,0.0
SLD08278,9.0,0.0
SLD08279,2.0,0.0
SLD08280,8.0,0.0
SLD08281,8.0,0.0
SLD08282,14.0,0.0
SLD08283,12.0,0.0
SLD08284,10.0,0.0
SLD08285,12.0,0.0
SLD08286,12.0,0.0
SLD08287,9.0,0.0
SLD08288,9.0,0.0
SLD08289,14.0,0.0
SLD08290,12.0,0.0
SLD08291,12.0,0.0
SLD08292,12.0,0.0
SLD08293,10.0,0.0
SLD08294,2.0,0.0
SLD08295,2.0,0.0
SLD08296,8.0,0.0
SLD08297,14.0,0.0
SLD08298,2.0,0.0
SLD08299,4.0,0.0
SLD08300,10.0,0.0
SLD08301,2.0,0.0
SLD08302,2.0,0.0
SLD08303,14.0,0.0
SLD08304,12.0,0.0
SLD08305,14.0,0.0
SLD08306,8.0,0.0
SLD08307,8.0,0.0
SLD08308,12.0,0.0
SLD08309,14.0,0.0
SLD08310,2.0,0.0
SLD08311,12.0,0.0
SLD08312,14.0,0.0
SLD08313,2.0,0.0
SLD08314,9.0,0.0
SLD08315,13.0,9.0
SLD08316,12.0,0.0
SLD08317,8.0,0.0
SLD08318,12.0,0.0
SLD08319,12.0,0.0
SLD08320,10.0,0.0
SLD08321,2.0,0.0
SLD08322,4.0,0.0
SLD08323,12.0,0.0
SLD08324,5.0,0.0
SLD08325,8.0,0.0
SLD08326,12.0,0.0
SLD08327,9.0,0.0
SLD08328,14.0,0.0
SLD08329,14.0,0.0
SLD08330,8.0,0.0
SLD08331,9.0,0.0
SLD08332,12.0,0.0
SLD08333,14.0,0.0
SLD08334,8.0,0.0
SLD08335,12.0,0.0
SLD08336,8.0,0.0
SLD08337,12.0,0.0
SLD08338,12.0,0.0
SLD08339,12.0,0.0
SLD08340,9.0,0.0
SLD08341,12.0,0.0
SLD08342,12.0,0.0
SLD08343,2.0,0.0
SLD08344,8.0,0.0
SLD08345,12.0,0.0
SLD08346,14.0,0.0
SLD08347,12.0,0.0
SLD08348,4.0,0.0
SLD08349,9.0,0.0
SLD08350,12.0,0.0
SLD08351,8.0,0.0
SLD08352,8.0,0.0
SLD08353,8.0,0.0
SLD08354,14.0,0.0
SLD08355,9.0,0.0
SLD08356,2.0,0.0
SLD08357,8.0,0.0
SLD08358,8.0,0.0
SLD08359,10.0,0.0
SLD08360,8.0,0.0
SLD08361,9.0,0.0
SLD08362,8.0,0.0
SLD08363,5.0,0.0
SLD08364,14.0,0.0
SLD08365,9.0,0.0
SLD08366,14.0,0.0
SLD08367,12.0,0.0
SLD08368,4.0,0.0
SLD08369,2.0,0.0
SLD08370,10.0,0.0
SLD08371,2.0,0.0
SLD08372,12.0,0.0
SLD08373,5.0,0.0
SLD08374,9.0,0.0
SLD08375,14.0,0.0
SLD08376,8.0,0.0
SLD08377,8.0,0.0
SLD08378,9.0,0.0
SLD08379,2.0,0.0
SLD08380,8.0,0.0
SLD08381,2.0,0.0
SLD08382,8.0,0.0
SLD08383,2.0,0.0
SLD08384,12.0,0.0
SLD08385,13.0,9.0
SLD08386,12.0,0.0
SLD08387,9.0,0.0
SLD08388,12.0,0.0
SLD08389,8.0,0.0
SLD08390,9.0,0.0
SLD08391,12.0,0.0
SLD08392,9.0,0.0
SLD08393,8.0,0.0
SLD08394,8.0,0.0
SLD08395,9.0,0.0
SLD08396,9.0,0.0
SLD08397,9.0,0.0
SLD08398,12.0,0.0
SLD08399,10.0,0.0
SLD08400,12.0,0.0
SLD08401,14.0,0.0
SLD08402,12.0,0.0
SLD08403,10.0,0.0
SLD08404,12.0,0.0
SLD08405,12.0,0.0
SLD08406,12.0,0.0
SLD08407,9.0,0.0
SLD08408,9.0,0.0
SLD08409,14.0,0.0
SLD08410,9.0,0.0
SLD08411,2.0,0.0
SLD08412,12.0,0.0
SLD08413,12.0,0.0
SLD08414,12.0,0.0
SLD08415,5.0,0.0
SLD08416,12.0,0.0
SLD08417,9.0,0.0
SLD08418,8.0,0.0
SLD08419,12.0,0.0
SLD08420,12.0,0.0
SLD08421,2.0,0.0
SLD08422,2.0,0.0
SLD08423,12.0,0.0
SLD08424,8.0,0.0
SLD08425,2.0,0.0
SLD08426,12.0,0.0
SLD08427,10.0,0.0
SLD08428,12.0,0.0
SLD08429,2.0,0.0
SLD08430,9.0,0.0
SLD08431,12.0,0.0
SLD08432,17.0,2.0
SLD08433,8.0,0.0
SLD08434,12.0,0.0
SLD08435,8.0,0.0
SLD08436,8.0,0.0
SLD08437,12.0,0.0
SLD08438,12.0,0.0
SLD08439,9.0,0.0
SLD08440,12.0,0.0
SLD08441,8.0,0.0
SLD08442,12.0,0.0
SLD08443,12.0,0.0
SLD08444,2.0,0.0
SLD08445,9.0,0.0
SLD08446,2.0,0.0
SLD08447,12.0,0.0
SLD08448,12.0,0.0
SLD08449,10.0,0.0
SLD08450,2.0,0.0
SLD08451,12.0,0.0
SLD08452,9.0,0.0
SLD08453,12.0,0.0
SLD08454,12.0,0.0
SLD08455,12.0,0.0
SLD08456,12.0,0.0
SLD08457,2.0,0.0
SLD08458,12.0,0.0
SLD08459,12.0,0.0
SLD08460,10.0,0.0
SLD08461,8.0,0.0
SLD08462,8.0,0.0
SLD08463,12.0,0.0
SLD08464,9.0,0.0
SLD08465,8.0,0.0
SLD08466,8.0,0.0
SLD08467,12.0,0.0
SLD08468,8.0,0.0
SLD08469,12.0,0.0
SLD08470,9.0,0.0
SLD08471,8.0,0.0
SLD08472,14.0,0.0
SLD08473,10.0,2.0
SLD08474,4.0,0.0
SLD08475,14.0,0.0
SLD08476,12.0,0.0
SLD08477,12.0,0.0
SLD08478,12.0,0.0
SLD08479,1.0,0.0
SLD08480,8.0,0.0
SLD08481,12.0,0.0
SLD08482,14.0,0.0
SLD08483,12.0,0.0
SLD08484,12.0,0.0
SLD08485,2.0,0.0
SLD08486,9.0,0.0
SLD08487,12.0,0.0
SLD08488,8.0,0.0
SLD08489,14.0,0.0
SLD08490,12.0,0.0
SLD08491,12.0,0.0
SLD08492,2.0,0.0
SLD08493,10.0,0.0
SLD08494,9.0,0.0
SLD08495,12.0,0.0
SLD08496,12.0,0.0
SLD08497,8.0,0.0
SLD08498,12.0,0.0
SLD08499,12.0,0.0
SLD08500,17.0,4.0
SLD08501,9.0,0.0
SLD08502,2.0,0.0
SLD08503,12.0,0.0
SLD08504,12.0,0.0
SLD08505,12.0,0.0
SLD08506,2.0,0.0
SLD08507,8.0,0.0
SLD08508,14.0,0.0
SLD08509,12.0,0.0
SLD08510,12.0,0.0
SLD08511,14.0,0.0
SLD08512,8.0,0.0
SLD08513,12.0,0.0
SLD08514,9.0,0.0
SLD08515,4.0,0.0
SLD08516,12.0,0.0
SLD08517,12.0,0.0
SLD08518,12.0,0.0
SLD08519,9.0,0.0
SLD08520,2.0,0.0
SLD08521,14.0,0.0
SLD08522,9.0,0.0
SLD08523,12.0,0.0
SLD08524,8.0,0.0
SLD08525,8.0,0.0
SLD08526,9.0,0.0
SLD08527,12.0,0.0
SLD08528,8.0,0.0
SLD08529,12.0,0.0
SLD08530,14.0,0.0
SLD08531,12.0,0.0
SLD08532,12.0,0.0
SLD08533,2.0,0.0
SLD08534,2.0,0.0
SLD08535,12.0,0.0
SLD08536,12.0,0.0
SLD08537,12.0,0.0
SLD08538,8.0,0.0
SLD08539,10.0,0.0
SLD08540,12.0,0.0
SLD08541,12.0,0.0
SLD08542,5.0,0.0
SLD08543,12.0,0.0
SLD08544,12.0,0.0
SLD08545,8.0,0.0
SLD08546,12.0,0.0
SLD08547,2.0,0.0
SLD08548,12.0,0.0
SLD08549,12.0,0.0
SLD08550,12.0,0.0
SLD08551,8.0,0.0
SLD08552,8.0,0.0
SLD08553,14.0,0.0
SLD08554,8.0,0.0
SLD08555,2.0,0.0
SLD08556,12.0,0.0
SLD08557,2.0,0.0
SLD08558,10.0,0.0
SLD08559,14.0,0.0
SLD08560,2.0,0.0
SLD08561,2.0,0.0
SLD08562,2.0,0.0
SLD08563,12.0,0.0
SLD08564,12.0,0.0
SLD08565,9.0,0.0
SLD08566,12.0,0.0
SLD08567,14.0,0.0
SLD08568,8.0,0.0
SLD08569,2.0,0.0
SLD08570,14.0,0.0
SLD08571,12.0,0.0
SLD08572,9.0,0.0
SLD08573,12.0,0.0
SLD08574,12.0,0.0
SLD08575,9.0,0.0
SLD08576,10.0,0.0
SLD08577,12.0,0.0
SLD08578,12.0,0.0
SLD08579,9.0,0.0
SLD08580,12.0,0.0
SLD08581,12.0,0.0
SLD08582,10.0,0.0
SLD08583,12.0,0.0
SLD08584,8.0,0.0
SLD08585,12.0,0.0
SLD08586,2.0,0.0
SLD08587,5.0,0.0
SLD08588,9.0,0.0
SLD08589,9.0,0.0
SLD08590,12.0,0.0
SLD08591,10.0,0.0
SLD08592,8.0,0.0
SLD08593,8.0,0.0
SLD08594,2.0,0.0
SLD08595,12.0,0.0
SLD08596,12.0,0.0
SLD08597,12.0,0.0
SLD08598,2.0,0.0
SLD08599,9.0,0.0
SLD08600,9.0,0.0
SLD08601,12.0,0.0
SLD08602,12.0,0.0
SLD08603,12.0,0.0
SLD08604,14.0,0.0
SLD08605,8.0,0.0
SLD08606,9.0,0.0
SLD08607,12.0,0.0
SLD08608,14.0,0.0
SLD08609,5.0,0.0
SLD08610,9.0,0.0
SLD08611,8.0,0.0
SLD08612,2.0,0.0
SLD08613,8.0,0.0
SLD08614,12.0,0.0
SLD08615,8.0,0.0
SLD08616,12.0,0.0
SLD08617,2.0,0.0
SLD08618,12.0,0.0
SLD08619,9.0,0.0
SLD08620,10.0,0.0
SLD08621,12.0,0.0
SLD08622,2.0,0.0
SLD08623,12.0,0.0
SLD08624,10.0,0.0
SLD08625,12.0,0.0
SLD08626,10.0,0.0
SLD08627,2.0,0.0
SLD08628,2.0,0.0
SLD08629,9.0,0.0
SLD08630,12.0,0.0
SLD08631,12.0,0.0
SLD08632,2.0,0.0
SLD08633,8.0,0.0
SLD08634,12.0,0.0
SLD08635,12.0,0.0
SLD08636,14.0,0.0
SLD08637,12.0,0.0
SLD08638,10.0,0.0
SLD08639,12.0,0.0
SLD08640,14.0,0.0
SLD08641,8.0,0.0
SLD08642,12.0,0.0
SLD08643,12.0,0.0
SLD08644,12.0,0.0
SLD08645,12.0,0.0
SLD08646,2.0,0.0
SLD08647,12.0,0.0
SLD08648,12.0,0.0
SLD08649,2.0,0.0
SLD08650,2.0,0.0
SLD08651,12.0,0.0
SLD08652,12.0,0.0
SLD08653,14.0,0.0
SLD08654,12.0,0.0
SLD08655,12.0,0.0
SLD08656,8.0,0.0
SLD08657,8.0,0.0
SLD08658,14.0,0.0
SLD08659,2.0,0.0
SLD08660,8.0,0.0
SLD08661,8.0,0.0
SLD08662,12.0,0.0
SLD08663,12.0,0.0
SLD08664,12.0,0.0
SLD08665,12.0,0.0
SLD08666,14.0,0.0
SLD08667,9.0,0.0
SLD08668,8.0,0.0
SLD08669,4.0,0.0
SLD08670,12.0,0.0
SLD08671,12.0,0.0
SLD08672,8.0,0.0
SLD08673,9.0,0.0
SLD08674,2.0,0.0
SLD08675,10.0,0.0
SLD08676,2.0,0.0
SLD08677,12.0,0.0
SLD08678,12.0,0.0
SLD08679,2.0,0.0
SLD08680,8.0,0.0
SLD08681,8.0,0.0
SLD08682,2.0,0.0
SLD08683,9.0,0.0
SLD08684,9.0,0.0
SLD08685,14.0,0.0
SLD08686,9.0,0.0
SLD08687,8.0,0.0
SLD08688,12.0,0.0
SLD08689,2.0,0.0
SLD08690,12.0,0.0
SLD08691,12.0,0.0
SLD08692,8.0,0.0
SLD08693,4.0,0.0
SLD08694,14.0,0.0
SLD08695,2.0,0.0
SLD08696,9.0,0.0
SLD08697,14.0,0.0
SLD08698,12.0,0.0
SLD08699,2.0,0.0
SLD08700,12.0,0.0
SLD08701,9.0,0.0
SLD08702,12.0,0.0
SLD08703,8.0,0.0
SLD08704,8.0,0.0
SLD08705,12.0,0.0
SLD08706,14.0,0.0
SLD08707,12.0,0.0
SLD08708,14.0,0.0
SLD08709,12.0,0.0
SLD08710,12.0,0.0
SLD08711,14.0,0.0
SLD08712,12.0,0.0
SLD08713,9.0,0.0
SLD08714,8.0,0.0
SLD08715,12.0,0.0
SLD08716,2.0,0.0
SLD08717,8.0,0.0
SLD08718,9.0,0.0
SLD08719,12.0,0.0
SLD08720,8.0,0.0
SLD08721,12.0,0.0
SLD08722,2.0,0.0
SLD08723,14.0,0.0
SLD08724,2.0,0.0
SLD08725,8.0,0.0
SLD08726,12.0,0.0
SLD08727,8.0,0.0
SLD08728,9.0,0.0
SLD08729,2.0,0.0
SLD08730,12.0,0.0
SLD08731,12.0,0.0
SLD08732,2.0,0.0
SLD08733,2.0,0.0
SLD08734,9.0,0.0
SLD08735,8.0,0.0
SLD08736,2.0,0.0
SLD08737,12.0,0.0
SLD08738,8.0,0.0
SLD08739,8.0,0.0
SLD08740,12.0,0.0
SLD08741,9.0,0.0
SLD08742,12.0,0.0
SLD08743,2.0,0.0
SLD08744,2.0,0.0
SLD08745,12.0,0.0
SLD08746,14.0,0.0
SLD08747,5.0,0.0
SLD08748,2.0,0.0
SLD08749,4.0,0.0
SLD08750,2.0,0.0
SLD08751,9.0,0.0
SLD08752,4.0,0.0
SLD08753,8.0,0.0
SLD08754,12.0,0.0
SLD08755,11.0,0.0
SLD08756,14.0,0.0
SLD08757,14.0,0.0
SLD08758,8.0,0.0
SLD08759,10.0,0.0
SLD08760,14.0,0.0
SLD08761,13.0,0.0
SLD08762,14.0,0.0
SLD08763,12.0,0.0
SLD08764,5.0,0.0
SLD08765,12.0,0.0
SLD08766,12.0,0.0
SLD08767,2.0,0.0
SLD08768,9.0,0.0
SLD08769,12.0,0.0
SLD08770,14.0,0.0
SLD08771,4.0,0.0
SLD08772,2.0,0.0
SLD08773,10.0,0.0
SLD08774,4.0,0.0
SLD08775,2.0,0.0
SLD08776,14.0,0.0
SLD08777,9.0,0.0
SLD08778,12.0,0.0
SLD08779,14.0,0.0
SLD08780,12.0,0.0
SLD08781,12.0,0.0
SLD08782,9.0,0.0
SLD08783,2.0,0.0
SLD08784,8.0,0.0
SLD08785,12.0,0.0
SLD08786,2.0,0.0
SLD08787,9.0,0.0
SLD08788,12.0,0.0
SLD08789,9.0,0.0
SLD08790,8.0,0.0
SLD08791,12.0,0.0
SLD08792,5.0,0.0
SLD08793,12.0,0.0
SLD08794,12.0,0.0
SLD08795,13.0,0.0
SLD08796,12.0,0.0
SLD08797,11.0,0.0
SLD08798,2.0,0.0
SLD08799,8.0,0.0
SLD08800,12.0,0.0
SLD08801,12.0,0.0
SLD08802,12.0,0.0
SLD08803,9.0,0.0
SLD08804,12.0,0.0
SLD08805,8.0,0.0
SLD08806,2.0,0.0
SLD08807,8.0,0.0
SLD08808,12.0,0.0
SLD08809,8.0,0.0
SLD08810,14.0,0.0
SLD08811,11.0,0.0
SLD08812,14.0,0.0
SLD08813,8.0,0.0
SLD08814,2.0,0.0
SLD08815,4.0,0.0
SLD08816,12.0,0.0
SLD08817,12.0,0.0
SLD08818,2.0,0.0
SLD08819,14.0,0.0
SLD08820,12.0,0.0
SLD08821,12.0,0.0
SLD08822,2.0,0.0
SLD08823,4.0,0.0
SLD08824,2.0,0.0
SLD08825,12.0,0.0
SLD08826,12.0,0.0
SLD08827,12.0,0.0
SLD08828,10.0,0.0
SLD08829,11.0,2.0
SLD08830,9.0,0.0
SLD08831,2.0,0.0
SLD08832,8.0,0.0
SLD08833,2.0,0.0
SLD08834,2.0,0.0
SLD08835,8.0,0.0
SLD08836,12.0,0.0
SLD08837,12.0,0.0
SLD08838,8.0,0.0
SLD08839,12.0,0.0
SLD08840,14.0,0.0
SLD08841,10.0,0.0
SLD08842,12.0,0.0
SLD08843,8.0,0.0
SLD08844,12.0,0.0
SLD08845,14.0,0.0
SLD08846,9.0,0.0
SLD08847,13.0,9.0
SLD08848,5.0,0.0
SLD08849,12.0,0.0
SLD08850,12.0,0.0
SLD08851,14.0,0.0
SLD08852,10.0,0.0
SLD08853,12.0,0.0
SLD08854,12.0,0.0
SLD08855,10.0,0.0
SLD08856,9.0,0.0
SLD08857,12.0,0.0
SLD08858,9.0,0.0
SLD08859,14.0,0.0
SLD08860,12.0,0.0
SLD08861,9.0,0.0
SLD08862,17.0,4.0
SLD08863,12.0,0.0
SLD08864,12.0,0.0
SLD08865,8.0,0.0
SLD08866,12.0,0.0
SLD08867,8.0,0.0
SLD08868,10.0,0.0
SLD08869,12.0,0.0
SLD08870,12.0,0.0
SLD08871,9.0,0.0
SLD08872,12.0,0.0
SLD08873,9.0,0.0
SLD08874,8.0,0.0
SLD08875,12.0,0.0
SLD08876,12.0,0.0
SLD08877,8.0,0.0
SLD08878,9.0,0.0
SLD08879,4.0,0.0
SLD08880,4.0,0.0
SLD08881,12.0,0.0
SLD08882,9.0,0.0
SLD08883,8.0,0.0
SLD08884,12.0,0.0
SLD08885,9.0,0.0
SLD08886,14.0,0.0
SLD08887,12.0,0.0
SLD08888,14.0,0.0
SLD08889,8.0,0.0
SLD08890,12.0,0.0
SLD08891,14.0,0.0
SLD08892,10.0,0.0
SLD08893,12.0,0.0
SLD08894,14.0,0.0
SLD08895,12.0,0.0
SLD08896,9.0,0.0
SLD08897,12.0,0.0
SLD08898,12.0,0.0
SLD08899,8.0,0.0
SLD08900,9.0,0.0
SLD08901,9.0,0.0
SLD08902,12.0,0.0
SLD08903,14.0,0.0
SLD08904,8.0,0.0
SLD08905,12.0,0.0
SLD08906,8.0,0.0
SLD08907,12.0,0.0
SLD08908,2.0,0.0
SLD08909,2.0,0.0
SLD08910,5.0,0.0
SLD08911,8.0,0.0
SLD08912,4.0,0.0
SLD08913,11.0,0.0
SLD08914,12.0,0.0
SLD08915,12.0,0.0
SLD08916,12.0,0.0
SLD08917,12.0,0.0
SLD08918,10.0,0.0
SLD08919,2.0,0.0
SLD08920,12.0,0.0
SLD08921,12.0,0.0
SLD08922,12.0,0.0
SLD08923,14.0,0.0
SLD08924,12.0,0.0
SLD08925,2.0,0.0
SLD08926,9.0,0.0
SLD08927,12.0,0.0
SLD08928,8.0,0.0
SLD08929,10.0,0.0
SLD08930,12.0,0.0
SLD08931,10.0,0.0
SLD08932,8.0,0.0
SLD08933,2.0,0.0
SLD08934,4.0,0.0
SLD08935,10.0,0.0
SLD08936,2.0,0.0
SLD08937,8.0,0.0
SLD08938,14.0,0.0
SLD08939,12.0,0.0
SLD08940,14.0,0.0
SLD08941,9.0,0.0
SLD08942,2.0,0.0
SLD08943,8.0,0.0
SLD08944,2.0,0.0
SLD08945,8.0,0.0
SLD08946,12.0,0.0
SLD08947,9.0,0.0
SLD08948,14.0,0.0
SLD08949,2.0,0.0
SLD08950,11.0,2.0
SLD08951,14.0,0.0
SLD08952,14.0,0.0
SLD08953,9.0,0.0
SLD08954,2.0,0.0
SLD08955,2.0,0.0
SLD08956,12.0,0.0
SLD08957,2.0,0.0
SLD08958,12.0,0.0
SLD08959,12.0,0.0
SLD08960,4.0,0.0
SLD08961,2.0,0.0
SLD08962,2.0,0.0
SLD08963,10.0,0.0
SLD08964,2.0,0.0
SLD08965,9.0,0.0
SLD08966,8.0,0.0
SLD08967,9.0,0.0
SLD08968,12.0,0.0
SLD08969,8.0,0.0
SLD08970,14.0,0.0
SLD08971,12.0,0.0
SLD08972,8.0,0.0
SLD08973,14.0,0.0
SLD08974,8.0,0.0
SLD08975,8.0,0.0
SLD08976,12.0,0.0
SLD08977,12.0,0.0
SLD08978,12.0,0.0
SLD08979,10.0,0.0
SLD08980,12.0,0.0
SLD08981,12.0,0.0
SLD08982,12.0,0.0
SLD08983,2.0,0.0
SLD08984,8.0,0.0
SLD08985,10.0,0.0
SLD08986,12.0,0.0
SLD08987,12.0,0.0
SLD08988,12.0,0.0
SLD08989,10.0,0.0
SLD08990,14.0,0.0
SLD08991,2.0,0.0
SLD08992,8.0,0.0
SLD08993,12.0,0.0
SLD08994,14.0,0.0
SLD08995,8.0,0.0
SLD08996,12.0,0.0
SLD08997,14.0,0.0
SLD08998,9.0,0.0
SLD08999,2.0,0.0
SLD09000,14.0,0.0
SLD09001,2.0,0.0
SLD09002,12.0,0.0
SLD09003,12.0,0.0
SLD09004,13.0,9.0
SLD09005,9.0,0.0
SLD09006,8.0,0.0
SLD09007,14.0,0.0
SLD09008,12.0,0.0
SLD09009,9.0,0.0
SLD09010,9.0,0.0
SLD09011,9.0,0.0
SLD09012,2.0,0.0
SLD09013,9.0,0.0
SLD09014,2.0,0.0
SLD09015,10.0,0.0
SLD09016,12.0,0.0
SLD09017,8.0,0.0
SLD09018,2.0,0.0
SLD09019,9.0,0.0
SLD09020,12.0,0.0
SLD09021,8.0,0.0
SLD09022,8.0,0.0
SLD09023,10.0,0.0
SLD09024,14.0,0.0
SLD09025,12.0,0.0
SLD09026,2.0,0.0
SLD09027,12.0,0.0
SLD09028,14.0,0.0
SLD09029,2.0,0.0
SLD09030,14.0,0.0
SLD09031,12.0,0.0
SLD09032,4.0,0.0
SLD09033,9.0,0.0
SLD09034,12.0,0.0
SLD09035,14.0,0.0
SLD09036,14.0,0.0
SLD09037,2.0,0.0
SLD09038,5.0,0.0
SLD09039,12.0,0.0
SLD09040,12.0,0.0
SLD09041,14.0,0.0
SLD09042,2.0,0.0
SLD09043,9.0,0.0
SLD09044,9.0,0.0
SLD09045,8.0,0.0
SLD09046,8.0,0.0
SLD09047,12.0,0.0
SLD09048,8.0,0.0
SLD09049,12.0,0.0
SLD09050,12.0,0.0
SLD09051,9.0,0.0
SLD09052,12.0,0.0
SLD09053,12.0,0.0
SLD09054,8.0,0.0
SLD09055,12.0,0.0
SLD09056,17.0,4.0
SLD09057,12.0,0.0
SLD09058,12.0,0.0
SLD09059,14.0,0.0
SLD09060,12.0,0.0
SLD09061,12.0,0.0
SLD09062,9.0,0.0
SLD09063,2.0,0.0
SLD09064,9.0,0.0
SLD09065,8.0,0.0
SLD09066,10.0,0.0
SLD09067,9.0,0.0
SLD09068,12.0,0.0
SLD09069,5.0,0.0
SLD09070,14.0,0.0
SLD09071,12.0,0.0
SLD09072,9.0,0.0
SLD09073,8.0,0.0
SLD09074,8.0,0.0
SLD09075,12.0,0.0
SLD09076,10.0,0.0
SLD09077,8.0,0.0
SLD09078,2.0,0.0
SLD09079,12.0,0.0
SLD09080,2.0,0.0
SLD09081,9.0,0.0
SLD09082,12.0,0.0
SLD09083,2.0,0.0
SLD09084,12.0,0.0
SLD09085,8.0,0.0
SLD09086,9.0,0.0
SLD09087,2.0,0.0
SLD09088,10.0,0.0
SLD09089,9.0,0.0
SLD09090,8.0,0.0
SLD09091,9.0,0.0
SLD09092,14.0,0.0
SLD09093,8.0,0.0
SLD09094,8.0,0.0
SLD09095,12.0,0.0
SLD09096,12.0,0.0
SLD09097,11.0,2.0
SLD09098,9.0,0.0
SLD09099,12.0,0.0
SLD09100,14.0,0.0
SLD09101,4.0,0.0
SLD09102,12.0,0.0
SLD09103,14.0,0.0
SLD09104,12.0,0.0
SLD09105,14.0,0.0
SLD09106,12.0,0.0
SLD09107,8.0,0.0
SLD09108,11.0,0.0
SLD09109,8.0,0.0
SLD09110,12.0,0.0
SLD09111,8.0,0.0
SLD09112,12.0,0.0
SLD09113,12.0,0.0
SLD09114,2.0,0.0
SLD09115,12.0,0.0
SLD09116,5.0,0.0
SLD09117,9.0,0.0
SLD09118,9.0,0.0
SLD09119,8.0,0.0
SLD09120,12.0,0.0
SLD09121,12.0,0.0
SLD09122,14.0,0.0
SLD09123,14.0,0.0
SLD09124,8.0,0.0
SLD09125,12.0,0.0
SLD09126,2.0,0.0
SLD09127,14.0,0.0
SLD09128,2.0,0.0
SLD09129,12.0,0.0
SLD09130,12.0,0.0
SLD09131,14.0,0.0
SLD09132,9.0,0.0
SLD09133,4.0,0.0
SLD09134,12.0,0.0
SLD09135,12.0,0.0
SLD09136,12.0,0.0
SLD09137,14.0,0.0
SLD09138,12.0,0.0
SLD09139,8.0,0.0
SLD09140,12.0,0.0
SLD09141,9.0,0.0
SLD09142,8.0,0.0
SLD09143,12.0,0.0
SLD09144,2.0,0.0
SLD09145,8.0,0.0
SLD09146,8.0,0.0
SLD09147,12.0,0.0
SLD09148,2.0,0.0
SLD09149,2.0,0.0
SLD09150,12.0,0.0
SLD09151,8.0,0.0
SLD09152,14.0,0.0
SLD09153,12.0,0.0
SLD09154,14.0,0.0
SLD09155,12.0,0.0
SLD09156,4.0,0.0
SLD09157,5.0,0.0
SLD09158,8.0,0.0
SLD09159,8.0,0.0
SLD09160,4.0,0.0
SLD09161,12.0,0.0
SLD09162,2.0,0.0
SLD09163,12.0,0.0
SLD09164,10.0,0.0
SLD09165,9.0,0.0
SLD09166,2.0,0.0
SLD09167,12.0,0.0
SLD09168,14.0,0.0
SLD09169,12.0,0.0
SLD09170,9.0,0.0
SLD09171,5.0,0.0
SLD09172,14.0,0.0
SLD09173,5.0,0.0
SLD09174,12.0,0.0
SLD09175,12.0,0.0
SLD09176,12.0,0.0
SLD09177,12.0,0.0
SLD09178,12.0,0.0
SLD09179,8.0,0.0
SLD09180,14.0,0.0
SLD09181,9.0,0.0
SLD09182,12.0,0.0
SLD09183,14.0,0.0
SLD09184,14.0,0.0
SLD09185,12.0,0.0
SLD09186,14.0,0.0
SLD09187,12.0,0.0
SLD09188,12.0,0.0
SLD09189,14.0,0.0
SLD09190,9.0,0.0
SLD09191,9.0,0.0
SLD09192,8.0,0.0
SLD09193,12.0,0.0
SLD09194,9.0,0.0
SLD09195,12.0,0.0
SLD09196,12.0,0.0
SLD09197,12.0,0.0
SLD09198,9.0,0.0
SLD09199,14.0,0.0
SLD09200,12.0,0.0
SLD09201,8.0,0.0
SLD09202,14.0,0.0
SLD09203,8.0,0.0
SLD09204,14.0,0.0
SLD09205,9.0,0.0
SLD09206,14.0,0.0
SLD09207,12.0,0.0
SLD09208,2.0,0.0
SLD09209,2.0,0.0
SLD09210,14.0,0.0
SLD09211,8.0,0.0
SLD09212,8.0,0.0
SLD09213,8.0,0.0
SLD09214,2.0,0.0
SLD09215,12.0,0.0
SLD09216,9.0,0.0
SLD09217,12.0,0.0
SLD09218,12.0,0.0
SLD09219,9.0,0.0
SLD09220,12.0,0.0
SLD09221,12.0,0.0
SLD09222,12.0,0.0
SLD09223,9.0,0.0
SLD09224,2.0,0.0
SLD09225,12.0,0.0
SLD09226,12.0,0.0
SLD09227,9.0,0.0
SLD09228,14.0,0.0
SLD09229,2.0,0.0
SLD09230,12.0,0.0
SLD09231,12.0,0.0
SLD09232,14.0,0.0
SLD09233,2.0,0.0
SLD09234,12.0,0.0
SLD09235,8.0,0.0
SLD09236,8.0,0.0
SLD09237,14.0,0.0
SLD09238,14.0,0.0
SLD09239,2.0,0.0
SLD09240,12.0,0.0
SLD09241,12.0,0.0
SLD09242,12.0,0.0
SLD09243,12.0,0.0
SLD09244,4.0,0.0
SLD09245,8.0,0.0
SLD09246,12.0,0.0
SLD09247,14.0,0.0
SLD09248,2.0,0.0
SLD09249,2.0,0.0
SLD09250,8.0,0.0
SLD09251,12.0,0.0
SLD09252,10.0,0.0
SLD09253,10.0,0.0
SLD09254,8.0,0.0
SLD09255,9.0,0.0
SLD09256,4.0,0.0
SLD09257,12.0,0.0
SLD09258,14.0,0.0
SLD09259,2.0,0.0
SLD09260,12.0,0.0
SLD09261,2.0,0.0
SLD09262,12.0,0.0
SLD09263,10.0,0.0
SLD09264,9.0,0.0
SLD09265,12.0,0.0
SLD09266,8.0,0.0
SLD09267,12.0,0.0
SLD09268,14.0,0.0
SLD09269,9.0,0.0
SLD09270,9.0,0.0
SLD09271,12.0,0.0
SLD09272,12.0,0.0
SLD09273,12.0,0.0
SLD09274,14.0,0.0
SLD09275,9.0,0.0
SLD09276,12.0,0.0
SLD09277,10.0,0.0
SLD09278,9.0,0.0
SLD09279,12.0,0.0
SLD09280,12.0,0.0
SLD09281,8.0,0.0
SLD09282,12.0,0.0
SLD09283,14.0,0.0
SLD09284,12.0,0.0
SLD09285,9.0,0.0
SLD09286,8.0,0.0
SLD09287,12.0,0.0
SLD09288,12.0,0.0
SLD09289,12.0,0.0
SLD09290,12.0,0.0
SLD09291,4.0,0.0
SLD09292,4.0,0.0
SLD09293,5.0,0.0
SLD09294,9.0,0.0
SLD09295,9.0,0.0
SLD09296,8.0,0.0
SLD09297,12.0,0.0
SLD09298,2.0,0.0
SLD09299,2.0,0.0
SLD09300,9.0,0.0
SLD09301,8.0,0.0
SLD09302,10.0,0.0
SLD09303,9.0,0.0
SLD09304,12.0,0.0
SLD09305,12.0,0.0
SLD09306,14.0,0.0
SLD09307,2.0,0.0
SLD09308,12.0,0.0
SLD09309,9.0,0.0
SLD09310,12.0,0.0
SLD09311,12.0,0.0
SLD09312,14.0,0.0
SLD09313,12.0,0.0
SLD09314,2.0,0.0
SLD09315,14.0,0.0
SLD09316,8.0,0.0
SLD09317,8.0,0.0
SLD09318,2.0,0.0
SLD09319,12.0,0.0
SLD09320,12.0,0.0
SLD09321,12.0,0.0
SLD09322,8.0,0.0
SLD09323,9.0,0.0
SLD09324,12.0,0.0
SLD09325,13.0,9.0
SLD09326,12.0,0.0
SLD09327,5.0,0.0
SLD09328,2.0,0.0
SLD09329,2.0,0.0
SLD09330,12.0,0.0
SLD09331,12.0,0.0
SLD09332,8.0,0.0
SLD09333,2.0,0.0
SLD09334,9.0,0.0
SLD09335,12.0,0.0
SLD09336,12.0,0.0
SLD09337,12.0,0.0
SLD09338,2.0,0.0
SLD09339,12.0,0.0
SLD09340,4.0,0.0
SLD09341,12.0,0.0
SLD09342,2.0,0.0
SLD09343,12.0,0.0
SLD09344,9.0,0.0
SLD09345,9.0,0.0
SLD09346,8.0,0.0
SLD09347,12.0,0.0
SLD09348,12.0,0.0
SLD09349,12.0,0.0
SLD09350,8.0,0.0
SLD09351,12.0,0.0
SLD09352,8.0,0.0
SLD09353,9.0,0.0
SLD09354,12.0,0.0
SLD09355,12.0,0.0
SLD09356,12.0,0.0
SLD09357,9.0,0.0
SLD09358,14.0,0.0
SLD09359,9.0,0.0
SLD09360,12.0,0.0
SLD09361,12.0,0.0
SLD09362,8.0,0.0
SLD09363,12.0,0.0
SLD09364,4.0,0.0
SLD09365,14.0,0.0
SLD09366,12.0,0.0
SLD09367,12.0,0.0
SLD09368,14.0,0.0
SLD09369,12.0,0.0
SLD09370,2.0,0.0
SLD09371,12.0,0.0
SLD09372,2.0,0.0
SLD09373,8.0,0.0
SLD09374,12.0,0.0
SLD09375,12.0,0.0
SLD09376,13.0,9.0
SLD09377,12.0,0.0
SLD09378,4.0,0.0
SLD09379,12.0,0.0
SLD09380,12.0,0.0
SLD09381,12.0,0.0
SLD09382,9.0,0.0
SLD09383,12.0,0.0
SLD09384,4.0,0.0
SLD09385,8.0,0.0
SLD09386,8.0,0.0
SLD09387,8.0,0.0
SLD09388,2.0,0.0
SLD09389,10.0,0.0
SLD09390,2.0,0.0
SLD09391,9.0,0.0
SLD09392,14.0,0.0
SLD09393,2.0,0.0
SLD09394,12.0,0.0
SLD09395,8.0,0.0
SLD09396,2.0,0.0
SLD09397,10.0,0.0
SLD09398,4.0,0.0
SLD09399,10.0,0.0
SLD09400,12.0,0.0
SLD09401,12.0,0.0
SLD09402,8.0,0.0
SLD09403,12.0,0.0
SLD09404,4.0,0.0
SLD09405,12.0,0.0
SLD09406,14.0,0.0
SLD09407,12.0,0.0
SLD09408,12.0,0.0
SLD09409,12.0,0.0
SLD09410,10.0,0.0
SLD09411,8.0,0.0
SLD09412,4.0,0.0
SLD09413,14.0,0.0
SLD09414,12.0,0.0
SLD09415,2.0,0.0
SLD09416,9.0,0.0
SLD09417,10.0,0.0
SLD09418,4.0,0.0
SLD09419,12.0,0.0
SLD09420,12.0,0.0
SLD09421,13.0,0.0
SLD09422,12.0,0.0
SLD09423,12.0,0.0
SLD09424,13.0,0.0
SLD09425,8.0,0.0
SLD09426,5.0,0.0
SLD09427,12.0,0.0
SLD09428,12.0,0.0
SLD09429,5.0,0.0
SLD09430,9.0,0.0
SLD09431,14.0,0.0
SLD09432,12.0,0.0
SLD09433,9.0,0.0
SLD09434,2.0,0.0
SLD09435,8.0,0.0
SLD09436,12.0,0.0
SLD09437,2.0,0.0
SLD09438,14.0,0.0
SLD09439,14.0,0.0
SLD09440,12.0,0.0
SLD09441,12.0,0.0
SLD09442,12.0,0.0
SLD09443,9.0,0.0
SLD09444,4.0,0.0
SLD09445,2.0,0.0
SLD09446,8.0,0.0
SLD09447,12.0,0.0
SLD09448,2.0,0.0
SLD09449,12.0,0.0
SLD09450,12.0,0.0
SLD09451,2.0,0.0
SLD09452,2.0,0.0
SLD09453,2.0,0.0
SLD09454,2.0,0.0
SLD09455,12.0,0.0
SLD09456,12.0,0.0
SLD09457,9.0,0.0
SLD09458,9.0,0.0
SLD09459,12.0,0.0
SLD09460,2.0,0.0
SLD09461,12.0,0.0
SLD09462,12.0,0.0
SLD09463,9.0,0.0
SLD09464,8.0,0.0
SLD09465,2.0,0.0
SLD09466,12.0,0.0
SLD09467,12.0,0.0
SLD09468,14.0,0.0
SLD09469,12.0,0.0
SLD09470,12.0,0.0
SLD09471,14.0,0.0
SLD09472,8.0,0.0
SLD09473,12.0,0.0
SLD09474,12.0,0.0
SLD09475,12.0,0.0
SLD09476,12.0,0.0
SLD09477,12.0,0.0
SLD09478,9.0,0.0
SLD09479,9.0,0.0
SLD09480,9.0,0.0
SLD09481,12.0,0.0
SLD09482,9.0,0.0
SLD09483,10.0,0.0
SLD09484,12.0,0.0
SLD09485,12.0,0.0
SLD09486,12.0,0.0
SLD09487,8.0,0.0
SLD09488,2.0,0.0
SLD09489,12.0,0.0
SLD09490,8.0,0.0
SLD09491,12.0,0.0
SLD09492,14.0,0.0
SLD09493,9.0,0.0
SLD09494,12.0,0.0
SLD09495,12.0,0.0
SLD09496,12.0,0.0
SLD09497,10.0,0.0
SLD09498,9.0,0.0
SLD09499,11.0,0.0
SLD09500,12.0,0.0
SLD09501,12.0,0.0
SLD09502,8.0,0.0
SLD09503,12.0,0.0
SLD09504,8.0,0.0
SLD09505,12.0,0.0
SLD09506,12.0,0.0
SLD09507,8.0,0.0
SLD09508,9.0,0.0
SLD09509,2.0,0.0
SLD09510,2.0,0.0
SLD09511,12.0,0.0
SLD09512,14.0,0.0
SLD09513,2.0,0.0
SLD09514,5.0,0.0
SLD09515,14.0,0.0
SLD09516,12.0,0.0
SLD09517,2.0,0.0
SLD09518,12.0,0.0
SLD09519,2.0,0.0
SLD09520,12.0,0.0
SLD09521,14.0,0.0
SLD09522,12.0,0.0
SLD09523,8.0,0.0
SLD09524,12.0,0.0
SLD09525,9.0,0.0
SLD09526,2.0,0.0
SLD09527,4.0,0.0
SLD09528,8.0,0.0
SLD09529,12.0,0.0
SLD09530,8.0,0.0
SLD09531,8.0,0.0
SLD09532,11.0,0.0
SLD09533,14.0,0.0
SLD09534,9.0,0.0
SLD09535,12.0,0.0
SLD09536,13.0,9.0
SLD09537,12.0,0.0
SLD09538,8.0,0.0
SLD09539,9.0,0.0
SLD09540,12.0,0.0
SLD09541,8.0,0.0
SLD09542,12.0,0.0
SLD09543,14.0,0.0
SLD09544,2.0,0.0
SLD09545,12.0,0.0
SLD09546,2.0,0.0
SLD09547,14.0,0.0
SLD09548,12.0,0.0
SLD09549,12.0,0.0
SLD09550,14.0,0.0
SLD09551,12.0,0.0
SLD09552,8.0,0.0
SLD09553,14.0,0.0
SLD09554,2.0,0.0
SLD09555,9.0,0.0
SLD09556,9.0,0.0
SLD09557,10.0,0.0
SLD09558,12.0,0.0
SLD09559,8.0,0.0
SLD09560,10.0,0.0
SLD09561,2.0,0.0
SLD09562,4.0,0.0
SLD09563,2.0,0.0
SLD09564,12.0,0.0
SLD09565,4.0,0.0
SLD09566,14.0,0.0
SLD09567,9.0,0.0
SLD09568,12.0,0.0
SLD09569,8.0,0.0
SLD09570,9.0,0.0
SLD09571,13.0,0.0
SLD09572,8.0,0.0
SLD09573,12.0,0.0
SLD09574,13.0,9.0
SLD09575,5.0,0.0
SLD09576,10.0,0.0
SLD09577,9.0,0.0
SLD09578,12.0,0.0
SLD09579,12.0,0.0
SLD09580,2.0,0.0
SLD09581,12.0,0.0
SLD09582,12.0,0.0
SLD09583,14.0,0.0
SLD09584,12.0,0.0
SLD09585,8.0,0.0
SLD09586,12.0,0.0
SLD09587,5.0,0.0
SLD09588,9.0,0.0
SLD09589,9.0,0.0
SLD09590,2.0,0.0
SLD09591,2.0,0.0
SLD09592,9.0,0.0
SLD09593,8.0,0.0
SLD09594,9.0,0.0
SLD09595,12.0,0.0
SLD09596,8.0,0.0
SLD09597,8.0,0.0
SLD09598,8.0,0.0
SLD09599,2.0,0.0
SLD09600,11.0,0.0
SLD09601,12.0,0.0
SLD09602,14.0,0.0
SLD09603,12.0,0.0
SLD09604,14.0,0.0
SLD09605,12.0,0.0
SLD09606,10.0,0.0
SLD09607,8.0,0.0
SLD09608,12.0,0.0
SLD09609,13.0,9.0
SLD09610,10.0,0.0
SLD09611,12.0,0.0
SLD09612,9.0,0.0
SLD09613,9.0,0.0
SLD09614,12.0,0.0
SLD09615,9.0,0.0
SLD09616,12.0,0.0
SLD09617,12.0,0.0
SLD09618,14.0,0.0
SLD09619,12.0,0.0
SLD09620,12.0,0.0
SLD09621,14.0,0.0
SLD09622,9.0,0.0
SLD09623,12.0,0.0
SLD09624,12.0,0.0
SLD09625,8.0,0.0
SLD09626,12.0,0.0
SLD09627,12.0,0.0
SLD09628,9.0,0.0
SLD09629,14.0,0.0
SLD09630,10.0,0.0
SLD09631,17.0,4.0
SLD09632,9.0,0.0
SLD09633,12.0,0.0
SLD09634,10.0,0.0
SLD09635,14.0,0.0
SLD09636,12.0,0.0
SLD09637,2.0,0.0
SLD09638,14.0,0.0
SLD09639,10.0,0.0
SLD09640,2.0,0.0
SLD09641,2.0,0.0
SLD09642,14.0,0.0
SLD09643,9.0,0.0
SLD09644,12.0,0.0
SLD09645,9.0,0.0
SLD09646,2.0,0.0
SLD09647,2.0,0.0
SLD09648,8.0,0.0
SLD09649,14.0,0.0
SLD09650,13.0,0.0
SLD09651,12.0,0.0
SLD09652,12.0,0.0
SLD09653,8.0,0.0
SLD09654,9.0,0.0
SLD09655,12.0,0.0
SLD09656,12.0,0.0
SLD09657,12.0,0.0
SLD09658,8.0,0.0
SLD09659,14.0,0.0
SLD09660,14.0,0.0
SLD09661,8.0,0.0
SLD09662,8.0,0.0
SLD09663,8.0,0.0
SLD09664,12.0,0.0
SLD09665,12.0,0.0
SLD09666,12.0,0.0
SLD09667,2.0,0.0
SLD09668,12.0,0.0
SLD09669,8.0,0.0
SLD09670,12.0,0.0
SLD09671,8.0,0.0
SLD09672,9.0,0.0
SLD09673,9.0,0.0
SLD09674,14.0,0.0
SLD09675,2.0,0.0
SLD09676,2.0,0.0
SLD09677,14.0,0.0
SLD09678,12.0,0.0
SLD09679,9.0,0.0
SLD09680,12.0,0.0
SLD09681,12.0,0.0
SLD09682,2.0,0.0
SLD09683,8.0,0.0
SLD09684,12.0,0.0
SLD09685,2.0,0.0
SLD09686,2.0,0.0
SLD09687,12.0,0.0
SLD09688,2.0,0.0
SLD09689,13.0,9.0
SLD09690,2.0,0.0
SLD09691,14.0,0.0
SLD09692,8.0,0.0
SLD09693,8.0,0.0
SLD09694,12.0,0.0
SLD09695,12.0,0.0
SLD09696,12.0,0.0
SLD09697,2.0,0.0
SLD09698,8.0,0.0
SLD09699,10.0,0.0
SLD09700,14.0,0.0
SLD09701,9.0,0.0
SLD09702,8.0,0.0
SLD09703,8.0,0.0
SLD09704,13.0,0.0
SLD09705,12.0,0.0
SLD09706,12.0,0.0
SLD09707,12.0,0.0
SLD09708,8.0,0.0
SLD09709,14.0,0.0
SLD09710,12.0,0.0
SLD09711,9.0,0.0
SLD09712,10.0,0.0
SLD09713,14.0,0.0
SLD09714,8.0,0.0
SLD09715,2.0,0.0
SLD09716,9.0,0.0
SLD09717,2.0,0.0
SLD09718,12.0,0.0
SLD09719,12.0,0.0
SLD09720,9.0,0.0
SLD09721,12.0,0.0
SLD09722,14.0,0.0
SLD09723,12.0,0.0
SLD09724,9.0,0.0
SLD09725,2.0,0.0
SLD09726,8.0,0.0
SLD09727,12.0,0.0
SLD09728,8.0,0.0
SLD09729,12.0,0.0
SLD09730,2.0,0.0
SLD09731,12.0,0.0
SLD09732,12.0,0.0
SLD09733,2.0,0.0
SLD09734,12.0,0.0
SLD09735,14.0,0.0
SLD09736,8.0,0.0
SLD09737,12.0,0.0
SLD09738,2.0,0.0
SLD09739,12.0,0.0
SLD09740,9.0,0.0
SLD09741,14.0,0.0
SLD09742,9.0,0.0
SLD09743,8.0,0.0
SLD09744,14.0,0.0
SLD09745,12.0,0.0
SLD09746,12.0,0.0
SLD09747,8.0,0.0
SLD09748,2.0,0.0
SLD09749,2.0,0.0
SLD09750,8.0,0.0
SLD09751,13.0,0.0
SLD09752,8.0,0.0
SLD09753,4.0,0.0
SLD09754,14.0,0.0
SLD09755,14.0,0.0
SLD09756,10.0,0.0
SLD09757,10.0,0.0
SLD09758,12.0,0.0
SLD09759,12.0,0.0
SLD09760,12.0,0.0
SLD09761,14.0,0.0
SLD09762,12.0,0.0
SLD09763,12.0,0.0
SLD09764,2.0,0.0
SLD09765,12.0,0.0
SLD09766,9.0,0.0
SLD09767,8.0,0.0
SLD09768,12.0,0.0
SLD09769,10.0,0.0
SLD09770,12.0,0.0
SLD09771,4.0,0.0
SLD09772,8.0,0.0
SLD09773,10.0,0.0
SLD09774,2.0,0.0
SLD09775,9.0,0.0
SLD09776,12.0,0.0
SLD09777,8.0,0.0
SLD09778,14.0,0.0
SLD09779,2.0,0.0
SLD09780,14.0,0.0
SLD09781,8.0,0.0
SLD09782,5.0,0.0
SLD09783,2.0,0.0
SLD09784,8.0,0.0
SLD09785,12.0,0.0
SLD09786,12.0,0.0
SLD09787,2.0,0.0
SLD09788,9.0,0.0
SLD09789,11.0,2.0
SLD09790,12.0,0.0
SLD09791,2.0,0.0
SLD09792,12.0,0.0
SLD09793,8.0,0.0
SLD09794,8.0,0.0
SLD09795,2.0,0.0
SLD09796,12.0,0.0
SLD09797,12.0,0.0
SLD09798,13.0,0.0
SLD09799,12.0,0.0
SLD09800,2.0,0.0
SLD09801,12.0,0.0
SLD09802,8.0,0.0
SLD09803,12.0,0.0
SLD09804,2.0,0.0
SLD09805,12.0,0.0
SLD09806,2.0,0.0
SLD09807,2.0,0.0
SLD09808,8.0,0.0
SLD09809,10.0,0.0
SLD09810,14.0,0.0
SLD09811,12.0,0.0
SLD09812,12.0,0.0
SLD09813,2.0,0.0
SLD09814,12.0,0.0
SLD09815,11.0,2.0
SLD09816,14.0,0.0
SLD09817,8.0,2.0
SLD09818,8.0,0.0
SLD09819,12.0,0.0
SLD09820,9.0,0.0
SLD09821,8.0,0.0
SLD09822,12.0,0.0
SLD09823,2.0,0.0
SLD09824,4.0,0.0
SLD09825,12.0,0.0
SLD09826,12.0,0.0
SLD09827,12.0,0.0
SLD09828,10.0,0.0
SLD09829,12.0,0.0
SLD09830,2.0,0.0
SLD09831,12.0,0.0
SLD09832,12.0,0.0
SLD09833,2.0,0.0
SLD09834,8.0,0.0
SLD09835,2.0,0.0
SLD09836,12.0,0.0
SLD09837,8.0,0.0
SLD09838,17.0,4.0
SLD09839,2.0,0.0
SLD09840,12.0,0.0
SLD09841,12.0,0.0
SLD09842,8.0,0.0
SLD09843,12.0,0.0
SLD09844,12.0,0.0
SLD09845,2.0,0.0
SLD09846,14.0,0.0
SLD09847,8.0,0.0
SLD09848,9.0,0.0
SLD09849,9.0,0.0
SLD09850,4.0,0.0
SLD09851,14.0,0.0
SLD09852,9.0,0.0
SLD09853,9.0,0.0
SLD09854,10.0,0.0
SLD09855,9.0,0.0
SLD09856,12.0,0.0
SLD09857,12.0,0.0
SLD09858,12.0,0.0
SLD09859,10.0,0.0
SLD09860,2.0,0.0
SLD09861,9.0,0.0
SLD09862,12.0,0.0
SLD09863,10.0,0.0
SLD09864,8.0,0.0
SLD09865,12.0,0.0
SLD09866,8.0,0.0
SLD09867,12.0,0.0
SLD09868,8.0,0.0
SLD09869,2.0,0.0
SLD09870,12.0,0.0
SLD09871,14.0,0.0
SLD09872,9.0,0.0
SLD09873,8.0,0.0
SLD09874,9.0,0.0
SLD09875,8.0,0.0
SLD09876,10.0,0.0
SLD09877,2.0,0.0
SLD09878,2.0,0.0
SLD09879,9.0,0.0
SLD09880,9.0,0.0
SLD09881,8.0,0.0
SLD09882,12.0,0.0
SLD09883,8.0,0.0
SLD09884,2.0,0.0
SLD09885,10.0,0.0
SLD09886,12.0,0.0
SLD09887,8.0,0.0
SLD09888,12.0,0.0
SLD09889,12.0,0.0
SLD09890,12.0,0.0
SLD09891,2.0,0.0
SLD09892,10.0,0.0
SLD09893,12.0,0.0
SLD09894,12.0,0.0
SLD09895,2.0,0.0
SLD09896,12.0,0.0
SLD09897,10.0,0.0
SLD09898,12.0,0.0
SLD09899,9.0,0.0
SLD09900,12.0,0.0
SLD09901,9.0,0.0
SLD09902,4.0,0.0
SLD09903,8.0,0.0
SLD09904,9.0,0.0
SLD09905,14.0,0.0
SLD09906,12.0,0.0
SLD09907,9.0,0.0
SLD09908,12.0,0.0
SLD09909,8.0,0.0
SLD09910,12.0,0.0
SLD09911,10.0,0.0
SLD09912,10.0,0.0
SLD09913,9.0,0.0
SLD09914,9.0,0.0
SLD09915,12.0,0.0
SLD09916,2.0,0.0
SLD09917,12.0,0.0
SLD09918,8.0,0.0
SLD09919,14.0,0.0
SLD09920,12.0,0.0
SLD09921,2.0,0.0
SLD09922,8.0,0.0
SLD09923,8.0,0.0
SLD09924,8.0,0.0
SLD09925,14.0,0.0
SLD09926,12.0,0.0
SLD09927,8.0,0.0
SLD09928,14.0,0.0
SLD09929,12.0,0.0
SLD09930,12.0,0.0
SLD09931,2.0,0.0
SLD09932,13.0,9.0
SLD09933,12.0,0.0
SLD09934,12.0,0.0
SLD09935,14.0,0.0
SLD09936,13.0,9.0
SLD09937,2.0,0.0
SLD09938,12.0,0.0
SLD09939,5.0,0.0
SLD09940,8.0,0.0
SLD09941,8.0,0.0
SLD09942,12.0,0.0
SLD09943,12.0,0.0
SLD09944,14.0,0.0
SLD09945,9.0,0.0
SLD09946,12.0,0.0
SLD09947,8.0,2.0
SLD09948,8.0,0.0
SLD09949,12.0,0.0
SLD09950,9.0,0.0
SLD09951,12.0,0.0
SLD09952,12.0,0.0
SLD09953,12.0,0.0
SLD09954,14.0,0.0
SLD09955,12.0,0.0
SLD09956,2.0,0.0
SLD09957,9.0,0.0
SLD09958,2.0,0.0
SLD09959,12.0,0.0
SLD09960,2.0,0.0
SLD09961,8.0,0.0
SLD09962,12.0,0.0
SLD09963,12.0,0.0
SLD09964,12.0,0.0
SLD09965,2.0,0.0
SLD09966,9.0,0.0
SLD09967,12.0,0.0
SLD09968,8.0,0.0
SLD09969,10.0,0.0
SLD09970,4.0,0.0
SLD09971,4.0,0.0
SLD09972,8.0,0.0
SLD09973,12.0,0.0
SLD09974,12.0,0.0
SLD09975,17.0,2.0
SLD09976,12.0,0.0
SLD09977,14.0,0.0
SLD09978,9.0,0.0
SLD09979,12.0,0.0
SLD09980,12.0,0.0
SLD09981,8.0,0.0
SLD09982,12.0,0.0
SLD09983,12.0,0.0
SLD09984,11.0,0.0
SLD09985,12.0,0.0
SLD09986,9.0,0.0
SLD09987,9.0,0.0
SLD09988,5.0,0.0
SLD09989,12.0,0.0
SLD09990,14.0,0.0
SLD09991,2.0,0.0
SLD09992,14.0,0.0
SLD09993,9.0,0.0
SLD09994,12.0,0.0
SLD09995,12.0,0.0
SLD09996,12.0,0.0
SLD09997,12.0,0.0
SLD09998,14.0,0.0
SLD09999,12.0,0.0
SLD10000,12.0,0.0
SLD10001,8.0,0.0
SLD10002,8.0,0.0
SLD10003,2.0,0.0
SLD10004,4.0,0.0
SLD10005,9.0,0.0
SLD10006,9.0,0.0
SLD10007,14.0,0.0
SLD10008,14.0,0.0
SLD10009,8.0,0.0
SLD10010,12.0,0.0
SLD10011,12.0,0.0
SLD10012,4.0,0.0
SLD10013,8.0,0.0
SLD10014,8.0,0.0
SLD10015,10.0,0.0
SLD10016,2.0,0.0
SLD10017,12.0,0.0
SLD10018,12.0,0.0
SLD10019,2.0,0.0
SLD10020,10.0,0.0
SLD10021,12.0,0.0
SLD10022,2.0,0.0
SLD10023,14.0,0.0
SLD10024,9.0,0.0
SLD10025,12.0,0.0
SLD10026,12.0,0.0
SLD10027,12.0,0.0
SLD10028,2.0,0.0
SLD10029,9.0,0.0
SLD10030,12.0,0.0
SLD10031,12.0,0.0
SLD10032,2.0,0.0
SLD10033,12.0,0.0
SLD10034,2.0,0.0
SLD10035,12.0,0.0
SLD10036,14.0,0.0
SLD10037,9.0,0.0
SLD10038,8.0,0.0
SLD10039,2.0,0.0
SLD10040,12.0,0.0
SLD10041,2.0,0.0
SLD10042,2.0,0.0
SLD10043,9.0,0.0
SLD10044,2.0,0.0
SLD10045,9.0,0.0
SLD10046,2.0,0.0
SLD10047,5.0,0.0
SLD10048,4.0,0.0
SLD10049,14.0,0.0
SLD10050,12.0,0.0
SLD10051,8.0,0.0
SLD10052,14.0,0.0
SLD10053,12.0,0.0
SLD10054,8.0,0.0
SLD10055,8.0,0.0
SLD10056,12.0,0.0
SLD10057,12.0,0.0
SLD10058,14.0,0.0
SLD10059,14.0,0.0
SLD10060,14.0,0.0
SLD10061,12.0,0.0
SLD10062,9.0,0.0
SLD10063,2.0,0.0
SLD10064,12.0,0.0
SLD10065,9.0,0.0
SLD10066,8.0,0.0
SLD10067,12.0,0.0
SLD10068,12.0,0.0
SLD10069,14.0,0.0
SLD10070,8.0,0.0
SLD10071,12.0,0.0
SLD10072,2.0,0.0
SLD10073,4.0,0.0
SLD10074,12.0,0.0
SLD10075,8.0,0.0
SLD10076,12.0,0.0
SLD10077,12.0,0.0
SLD10078,10.0,0.0
SLD10079,2.0,0.0
SLD10080,2.0,0.0
SLD10081,12.0,0.0
SLD10082,12.0,0.0
SLD10083,9.0,0.0
SLD10084,12.0,0.0
SLD10085,12.0,0.0
SLD10086,2.0,0.0
SLD10087,9.0,0.0
SLD10088,9.0,0.0
SLD10089,12.0,0.0
SLD10090,8.0,0.0
SLD10091,9.0,0.0
SLD10092,12.0,0.0
SLD10093,12.0,0.0
SLD10094,2.0,0.0
SLD10095,2.0,0.0
SLD10096,12.0,0.0
SLD10097,2.0,0.0
SLD10098,12.0,0.0
SLD10099,14.0,0.0
SLD10100,12.0,0.0
SLD10101,12.0,0.0
SLD10102,12.0,0.0
SLD10103,12.0,0.0
SLD10104,4.0,0.0
SLD10105,12.0,0.0
SLD10106,12.0,0.0
SLD10107,8.0,0.0
SLD10108,12.0,0.0
SLD10109,12.0,0.0
SLD10110,2.0,0.0
SLD10111,12.0,0.0
SLD10112,9.0,0.0
SLD10113,2.0,0.0
SLD10114,14.0,0.0
SLD10115,14.0,0.0
SLD10116,8.0,0.0
SLD10117,17.0,2.0
SLD10118,9.0,0.0
SLD10119,2.0,0.0
SLD10120,2.0,0.0
SLD10121,5.0,0.0
SLD10122,12.0,0.0
SLD10123,4.0,0.0
SLD10124,2.0,0.0
SLD10125,8.0,0.0
SLD10126,5.0,0.0
SLD10127,12.0,0.0
SLD10128,8.0,0.0
SLD10129,9.0,0.0
SLD10130,2.0,0.0
SLD10131,9.0,0.0
SLD10132,14.0,0.0
SLD10133,2.0,0.0
SLD10134,12.0,0.0
SLD10135,14.0,0.0
SLD10136,12.0,0.0
SLD10137,8.0,0.0
SLD10138,2.0,0.0
SLD10139,11.0,2.0
SLD10140,8.0,0.0
SLD10141,12.0,0.0
SLD10142,8.0,0.0
SLD10143,9.0,0.0
SLD10144,5.0,0.0
SLD10145,4.0,0.0
SLD10146,10.0,0.0
SLD10147,12.0,0.0
SLD10148,9.0,0.0
SLD10149,12.0,0.0
SLD10150,12.0,0.0
SLD10151,12.0,0.0
SLD10152,12.0,0.0
SLD10153,2.0,0.0
SLD10154,12.0,0.0
SLD10155,8.0,0.0
SLD10156,2.0,0.0
SLD10157,2.0,0.0
SLD10158,11.0,0.0
SLD10159,10.0,0.0
SLD10160,14.0,0.0
SLD10161,8.0,0.0
SLD10162,14.0,0.0
SLD10163,12.0,0.0
SLD10164,2.0,0.0
SLD10165,12.0,0.0
SLD10166,12.0,0.0
SLD10167,14.0,0.0
SLD10168,17.0,4.0
SLD10169,12.0,0.0
SLD10170,2.0,0.0
SLD10171,12.0,0.0
SLD10172,2.0,0.0
SLD10173,12.0,0.0
SLD10174,12.0,0.0
SLD10175,9.0,0.0
SLD10176,9.0,0.0
SLD10177,5.0,0.0
SLD10178,14.0,0.0
SLD10179,14.0,0.0
SLD10180,2.0,0.0
SLD10181,12.0,0.0
SLD10182,2.0,0.0
SLD10183,5.0,0.0
SLD10184,10.0,0.0
SLD10185,12.0,0.0
SLD10186,8.0,0.0
SLD10187,2.0,0.0
SLD10188,2.0,0.0
SLD10189,12.0,0.0
SLD10190,12.0,0.0
SLD10191,12.0,0.0
SLD10192,9.0,0.0
SLD10193,4.0,0.0
SLD10194,13.0,9.0
SLD10195,8.0,0.0
SLD10196,12.0,0.0
SLD10197,12.0,0.0
SLD10198,4.0,0.0
SLD10199,12.0,0.0
SLD10200,13.0,9.0
SLD10201,12.0,0.0
SLD10202,12.0,0.0
SLD10203,9.0,0.0
SLD10204,8.0,0.0
SLD10205,12.0,0.0
SLD10206,12.0,0.0
SLD10207,8.0,0.0
SLD10208,12.0,0.0
SLD10209,12.0,0.0
SLD10210,12.0,0.0
SLD10211,2.0,0.0
SLD10212,12.0,0.0
SLD10213,12.0,0.0
SLD10214,8.0,0.0
SLD10215,12.0,0.0
SLD10216,9.0,0.0
SLD10217,12.0,0.0
SLD10218,12.0,0.0
SLD10219,9.0,0.0
SLD10220,9.0,0.0
SLD10221,12.0,0.0
SLD10222,12.0,0.0
SLD10223,12.0,0.0
SLD10224,12.0,0.0
SLD10225,4.0,0.0
SLD10226,12.0,0.0
SLD10227,14.0,0.0
SLD10228,8.0,0.0
SLD10229,4.0,0.0
SLD10230,12.0,0.0
SLD10231,12.0,0.0
SLD10232,12.0,0.0
SLD10233,8.0,0.0
SLD10234,9.0,0.0
SLD10235,12.0,0.0
SLD10236,9.0,0.0
SLD10237,2.0,0.0
SLD10238,8.0,0.0
SLD10239,12.0,0.0
SLD10240,8.0,0.0
SLD10241,12.0,0.0
SLD10242,12.0,0.0
SLD10243,9.0,0.0
SLD10244,8.0,0.0
SLD10245,12.0,0.0
SLD10246,2.0,0.0
SLD10247,12.0,0.0
SLD10248,12.0,0.0
SLD10249,9.0,0.0
SLD10250,12.0,0.0
SLD10251,2.0,0.0
SLD10252,12.0,0.0
SLD10253,4.0,0.0
SLD10254,12.0,0.0
SLD10255,10.0,0.0
SLD10256,2.0,0.0
SLD10257,2.0,0.0
SLD10258,8.0,0.0
SLD10259,8.0,0.0
SLD10260,2.0,0.0
SLD10261,12.0,0.0
SLD10262,10.0,0.0
SLD10263,8.0,0.0
SLD10264,12.0,0.0
SLD10265,12.0,0.0
SLD10266,2.0,0.0
SLD10267,9.0,0.0
SLD10268,2.0,0.0
SLD10269,14.0,0.0
SLD10270,14.0,0.0
SLD10271,8.0,0.0
SLD10272,9.0,0.0
SLD10273,12.0,0.0
SLD10274,2.0,0.0
SLD10275,12.0,0.0
SLD10276,12.0,0.0
SLD10277,8.0,0.0
SLD10278,12.0,0.0
SLD10279,10.0,0.0
SLD10280,12.0,0.0
SLD10281,8.0,0.0
SLD10282,9.0,0.0
SLD10283,12.0,0.0
SLD10284,5.0,0.0
SLD10285,4.0,0.0
SLD10286,9.0,0.0
SLD10287,14.0,0.0
SLD10288,12.0,0.0
SLD10289,14.0,0.0
SLD10290,2.0,0.0
SLD10291,9.0,0.0
SLD10292,12.0,0.0
SLD10293,12.0,0.0
SLD10294,8.0,2.0
SLD10295,12.0,0.0
SLD10296,10.0,0.0
SLD10297,8.0,0.0
SLD10298,13.0,9.0
SLD10299,9.0,0.0
SLD10300,14.0,0.0
SLD10301,12.0,0.0
SLD10302,12.0,0.0
SLD10303,8.0,0.0
SLD10304,14.0,0.0
SLD10305,14.0,0.0
SLD10306,2.0,0.0
SLD10307,9.0,0.0
SLD10308,12.0,0.0
SLD10309,5.0,0.0
SLD10310,2.0,0.0
SLD10311,14.0,0.0
SLD10312,12.0,0.0
SLD10313,10.0,0.0
SLD10314,2.0,0.0
SLD10315,2.0,0.0
SLD10316,12.0,0.0
SLD10317,12.0,0.0
SLD10318,2.0,0.0
SLD10319,8.0,0.0
SLD10320,2.0,0.0
SLD10321,2.0,0.0
SLD10322,8.0,0.0
SLD10323,12.0,0.0
SLD10324,2.0,0.0
SLD10325,12.0,0.0
SLD10326,14.0,0.0
SLD10327,5.0,0.0
SLD10328,8.0,0.0
SLD10329,12.0,0.0
SLD10330,10.0,0.0
SLD10331,12.0,0.0
SLD10332,8.0,0.0
SLD10333,8.0,0.0
SLD10334,5.0,0.0
SLD10335,12.0,0.0
SLD10336,9.0,0.0
SLD10337,14.0,0.0
SLD10338,9.0,0.0
SLD10339,8.0,0.0
SLD10340,12.0,0.0
SLD10341,10.0,0.0
SLD10342,14.0,0.0
SLD10343,12.0,0.0
SLD10344,8.0,0.0
SLD10345,9.0,0.0
SLD10346,2.0,0.0
SLD10347,4.0,0.0
SLD10348,2.0,0.0
SLD10349,10.0,0.0
SLD10350,12.0,0.0
SLD10351,10.0,0.0
SLD10352,12.0,0.0
SLD10353,8.0,0.0
SLD10354,4.0,0.0
SLD10355,12.0,0.0
SLD10356,9.0,0.0
SLD10357,8.0,0.0
SLD10358,4.0,0.0
SLD10359,12.0,0.0
SLD10360,9.0,0.0
SLD10361,12.0,0.0
SLD10362,9.0,0.0
SLD10363,14.0,0.0
SLD10364,9.0,0.0
SLD10365,8.0,0.0
SLD10366,9.0,0.0
SLD10367,8.0,0.0
SLD10368,8.0,0.0
SLD10369,12.0,0.0
SLD10370,2.0,0.0
SLD10371,8.0,0.0
SLD10372,8.0,0.0
SLD10373,9.0,0.0
SLD10374,8.0,0.0
SLD10375,17.0,4.0
SLD10376,13.0,0.0
SLD10377,9.0,0.0
SLD10378,12.0,0.0
SLD10379,12.0,0.0
SLD10380,14.0,0.0
SLD10381,12.0,0.0
SLD10382,9.0,0.0
SLD10383,2.0,0.0
SLD10384,12.0,0.0
SLD10385,8.0,0.0
SLD10386,12.0,0.0
SLD10387,12.0,0.0
SLD10388,9.0,0.0
SLD10389,10.0,0.0
SLD10390,9.0,0.0
SLD10391,12.0,0.0
SLD10392,12.0,0.0
SLD10393,2.0,0.0
SLD10394,9.0,0.0
SLD10395,12.0,0.0
SLD10396,9.0,0.0
SLD10397,8.0,0.0
SLD10398,10.0,0.0
SLD10399,9.0,0.0
SLD10400,2.0,0.0
SLD10401,2.0,0.0
SLD10402,9.0,0.0
SLD10403,12.0,0.0
SLD10404,8.0,0.0
SLD10405,8.0,0.0
SLD10406,2.0,0.0
SLD10407,12.0,0.0
SLD10408,12.0,0.0
SLD10409,8.0,0.0
SLD10410,12.0,0.0
SLD10411,12.0,0.0
SLD10412,2.0,0.0
SLD10413,12.0,0.0
SLD10414,12.0,0.0
SLD10415,12.0,0.0
SLD10416,12.0,0.0
SLD10417,2.0,0.0
SLD10418,12.0,0.0
SLD10419,12.0,0.0
SLD10420,9.0,0.0
SLD10421,12.0,0.0
SLD10422,2.0,0.0
SLD10423,12.0,0.0
SLD10424,12.0,0.0
SLD10425,2.0,0.0
SLD10426,4.0,0.0
SLD10427,10.0,0.0
SLD10428,2.0,0.0
SLD10429,8.0,0.0
SLD10430,10.0,0.0
SLD10431,2.0,0.0
SLD10432,12.0,0.0
SLD10433,12.0,0.0
SLD10434,8.0,0.0
SLD10435,2.0,0.0
SLD10436,12.0,0.0
SLD10437,12.0,0.0
SLD10438,14.0,0.0
SLD10439,5.0,0.0
SLD10440,8.0,0.0
SLD10441,12.0,0.0
SLD10442,14.0,0.0
SLD10443,8.0,0.0
SLD10444,9.0,0.0
SLD10445,14.0,0.0
SLD10446,9.0,0.0
SLD10447,2.0,0.0
SLD10448,12.0,0.0
SLD10449,8.0,0.0
SLD10450,12.0,0.0
SLD10451,12.0,0.0
SLD10452,10.0,0.0
SLD10453,12.0,0.0
SLD10454,8.0,0.0
SLD10455,9.0,0.0
SLD10456,8.0,0.0
SLD10457,14.0,0.0
SLD10458,8.0,0.0
SLD10459,8.0,0.0
SLD10460,4.0,0.0
SLD10461,12.0,0.0
SLD10462,5.0,0.0
SLD10463,8.0,0.0
SLD10464,12.0,0.0
SLD10465,12.0,0.0
SLD10466,10.0,0.0
SLD10467,9.0,0.0
SLD10468,2.0,0.0
SLD10469,14.0,0.0
SLD10470,12.0,0.0
SLD10471,12.0,0.0
SLD10472,12.0,0.0
SLD10473,9.0,0.0
SLD10474,14.0,0.0
SLD10475,2.0,0.0
SLD10476,2.0,0.0
SLD10477,12.0,0.0
SLD10478,12.0,0.0
SLD10479,2.0,0.0
SLD10480,12.0,0.0
SLD10481,12.0,0.0
SLD10482,12.0,0.0
SLD10483,12.0,0.0
SLD10484,4.0,0.0
SLD10485,14.0,0.0
SLD10486,8.0,0.0
SLD10487,9.0,0.0
SLD10488,8.0,0.0
SLD10489,12.0,0.0
SLD10490,12.0,0.0
SLD10491,8.0,0.0
SLD10492,2.0,0.0
SLD10493,12.0,0.0
SLD10494,12.0,0.0
SLD10495,12.0,0.0
SLD10496,8.0,0.0
SLD10497,12.0,0.0
SLD10498,4.0,0.0
SLD10499,12.0,0.0
SLD10500,12.0,0.0
SLD10501,12.0,0.0
SLD10502,12.0,0.0
SLD10503,8.0,0.0
SLD10504,12.0,0.0
SLD10505,12.0,0.0
SLD10506,12.0,0.0
SLD10507,2.0,0.0
SLD10508,9.0,0.0
SLD10509,10.0,0.0
SLD10510,12.0,0.0
SLD10511,12.0,0.0
SLD10512,9.0,0.0
SLD10513,2.0,0.0
SLD10514,9.0,0.0
SLD10515,14.0,0.0
SLD10516,12.0,0.0
SLD10517,12.0,0.0
SLD10518,12.0,0.0
SLD10519,2.0,0.0
SLD10520,14.0,0.0
SLD10521,12.0,0.0
SLD10522,12.0,0.0
SLD10523,9.0,0.0
SLD10524,14.0,0.0
SLD10525,14.0,0.0
SLD10526,9.0,0.0
SLD10527,10.0,0.0
SLD10528,8.0,0.0
SLD10529,12.0,0.0
SLD10530,11.0,0.0
SLD10531,2.0,0.0
SLD10532,4.0,0.0
SLD10533,12.0,0.0
SLD10534,12.0,0.0
SLD10535,13.0,9.0
SLD10536,11.0,2.0
SLD10537,8.0,0.0
SLD10538,2.0,0.0
SLD10539,8.0,0.0
SLD10540,12.0,0.0
SLD10541,8.0,0.0
SLD10542,12.0,0.0
SLD10543,12.0,0.0
SLD10544,9.0,0.0
SLD10545,12.0,0.0
SLD10546,14.0,0.0
SLD10547,12.0,0.0
SLD10548,14.0,0.0
SLD10549,5.0,0.0
SLD10550,12.0,0.0
SLD10551,12.0,0.0
SLD10552,12.0,0.0
SLD10553,8.0,0.0
SLD10554,9.0,0.0
SLD10555,13.0,9.0
SLD10556,12.0,0.0
SLD10557,12.0,0.0
SLD10558,14.0,0.0
SLD10559,14.0,0.0
SLD10560,8.0,0.0
SLD10561,8.0,0.0
SLD10562,2.0,0.0
SLD10563,9.0,0.0
SLD10564,12.0,0.0
SLD10565,2.0,0.0
SLD10566,12.0,0.0
SLD10567,9.0,0.0
SLD10568,4.0,0.0
SLD10569,12.0,0.0
SLD10570,14.0,0.0
SLD10571,12.0,0.0
SLD10572,14.0,0.0
SLD10573,8.0,0.0
SLD10574,8.0,0.0
SLD10575,12.0,0.0
SLD10576,12.0,0.0
SLD10577,8.0,0.0
SLD10578,9.0,0.0
SLD10579,12.0,0.0
SLD10580,12.0,0.0
SLD10581,12.0,0.0
SLD10582,17.0,4.0
SLD10583,8.0,0.0
SLD10584,9.0,0.0
SLD10585,12.0,0.0
SLD10586,2.0,0.0
SLD10587,12.0,0.0
SLD10588,8.0,0.0
SLD10589,2.0,0.0
SLD10590,2.0,0.0
SLD10591,12.0,0.0
SLD10592,9.0,0.0
SLD10593,12.0,0.0
SLD10594,12.0,0.0
SLD10595,12.0,0.0
SLD10596,12.0,0.0
SLD10597,9.0,0.0
SLD10598,2.0,0.0
SLD10599,12.0,0.0
SLD10600,8.0,0.0
SLD10601,12.0,0.0
SLD10602,12.0,0.0
SLD10603,2.0,0.0
SLD10604,12.0,0.0
SLD10605,8.0,0.0
SLD10606,4.0,0.0
SLD10607,12.0,0.0
SLD10608,8.0,0.0
SLD10609,12.0,0.0
SLD10610,8.0,0.0
SLD10611,9.0,0.0
SLD10612,12.0,0.0
SLD10613,14.0,0.0
SLD10614,2.0,0.0
SLD10615,14.0,0.0
SLD10616,9.0,0.0
SLD10617,12.0,0.0
SLD10618,8.0,0.0
SLD10619,12.0,0.0
SLD10620,12.0,0.0
SLD10621,8.0,0.0
SLD10622,2.0,0.0
SLD10623,8.0,0.0
SLD10624,9.0,0.0
SLD10625,8.0,0.0
SLD10626,2.0,0.0
SLD10627,2.0,0.0
SLD10628,9.0,0.0
SLD10629,2.0,0.0
SLD10630,8.0,0.0
SLD10631,12.0,0.0
SLD10632,2.0,0.0
SLD10633,4.0,0.0
SLD10634,2.0,0.0
SLD10635,12.0,0.0
SLD10636,9.0,0.0
SLD10637,12.0,0.0
SLD10638,12.0,0.0
SLD10639,9.0,0.0
SLD10640,13.0,9.0
SLD10641,2.0,0.0
SLD10642,2.0,0.0
SLD10643,8.0,0.0
SLD10644,9.0,0.0
SLD10645,12.0,0.0
SLD10646,2.0,0.0
SLD10647,2.0,0.0
SLD10648,12.0,0.0
SLD10649,8.0,0.0
SLD10650,12.0,0.0
SLD10651,4.0,0.0
SLD10652,8.0,0.0
SLD10653,2.0,0.0
SLD10654,12.0,0.0
SLD10655,12.0,0.0
SLD10656,12.0,0.0
SLD10657,12.0,0.0
SLD10658,13.0,0.0
SLD10659,14.0,0.0
SLD10660,9.0,0.0
SLD10661,12.0,0.0
SLD10662,4.0,0.0
SLD10663,12.0,0.0
SLD10664,9.0,0.0
SLD10665,12.0,0.0
SLD10666,12.0,0.0
SLD10667,9.0,0.0
SLD10668,12.0,0.0
SLD10669,14.0,0.0
SLD10670,2.0,0.0
SLD10671,9.0,0.0
SLD10672,4.0,0.0
SLD10673,10.0,0.0
SLD10674,14.0,0.0
SLD10675,2.0,0.0
SLD10676,9.0,0.0
SLD10677,9.0,0.0
SLD10678,2.0,0.0
SLD10679,8.0,0.0
SLD10680,8.0,0.0
SLD10681,12.0,0.0
SLD10682,2.0,0.0
SLD10683,12.0,0.0
SLD10684,2.0,0.0
SLD10685,10.0,0.0
SLD10686,8.0,0.0
SLD10687,8.0,0.0
SLD10688,12.0,0.0
SLD10689,12.0,0.0
SLD10690,8.0,0.0
SLD10691,8.0,0.0
SLD10692,14.0,0.0
SLD10693,12.0,0.0
SLD10694,8.0,0.0
SLD10695,14.0,0.0
SLD10696,9.0,0.0
SLD10697,12.0,0.0
SLD10698,9.0,0.0
SLD10699,4.0,0.0
SLD10700,8.0,0.0
SLD10701,12.0,0.0
SLD10702,9.0,0.0
SLD10703,2.0,0.0
SLD10704,10.0,0.0
SLD10705,10.0,2.0
SLD10706,4.0,0.0
SLD10707,9.0,0.0
SLD10708,12.0,0.0
SLD10709,2.0,0.0
SLD10710,8.0,0.0
SLD10711,2.0,0.0
SLD10712,9.0,0.0
SLD10713,12.0,0.0
SLD10714,14.0,0.0
SLD10715,12.0,0.0
SLD10716,12.0,0.0
SLD10717,2.0,0.0
SLD10718,2.0,0.0
SLD10719,14.0,0.0
SLD10720,12.0,0.0
SLD10721,2.0,0.0
SLD10722,8.0,0.0
SLD10723,12.0,0.0
SLD10724,11.0,0.0
SLD10725,12.0,0.0
SLD10726,8.0,0.0
SLD10727,9.0,0.0
SLD10728,12.0,0.0
SLD10729,12.0,0.0
SLD10730,4.0,0.0
SLD10731,12.0,0.0
SLD10732,8.0,0.0
SLD10733,12.0,0.0
SLD10734,2.0,0.0
SLD10735,9.0,0.0
SLD10736,14.0,0.0
SLD10737,12.0,0.0
SLD10738,8.0,0.0
SLD10739,9.0,0.0
SLD10740,8.0,0.0
SLD10741,8.0,0.0
SLD10742,10.0,0.0
SLD10743,12.0,0.0
SLD10744,13.0,0.0
SLD10745,2.0,0.0
SLD10746,10.0,0.0
SLD10747,12.0,0.0
SLD10748,12.0,0.0
SLD10749,12.0,0.0
SLD10750,12.0,0.0
SLD10751,2.0,0.0
SLD10752,8.0,0.0
SLD10753,8.0,0.0
SLD10754,8.0,0.0
SLD10755,8.0,0.0
SLD10756,12.0,0.0
SLD10757,2.0,0.0
SLD10758,12.0,0.0
SLD10759,10.0,0.0
SLD10760,12.0,0.0
SLD10761,9.0,0.0
SLD10762,2.0,0.0
SLD10763,12.0,0.0
SLD10764,12.0,0.0
SLD10765,2.0,0.0
SLD10766,12.0,0.0
SLD10767,2.0,0.0
SLD10768,4.0,0.0
SLD10769,9.0,0.0
SLD10770,12.0,0.0
SLD10771,12.0,0.0
SLD10772,2.0,0.0
SLD10773,9.0,0.0
SLD10774,9.0,0.0
SLD10775,9.0,0.0
SLD10776,8.0,0.0
SLD10777,12.0,0.0
SLD10778,12.0,0.0
SLD10779,9.0,0.0
SLD10780,12.0,0.0
SLD10781,2.0,0.0
SLD10782,8.0,0.0
SLD10783,12.0,0.0
SLD10784,12.0,0.0
SLD10785,2.0,0.0
SLD10786,2.0,0.0
SLD10787,2.0,0.0
SLD10788,8.0,0.0
SLD10789,12.0,0.0
SLD10790,8.0,0.0
SLD10791,14.0,0.0
SLD10792,8.0,0.0
SLD10793,2.0,0.0
SLD10794,13.0,9.0
SLD10795,8.0,0.0
SLD10796,12.0,0.0
SLD10797,2.0,0.0
SLD10798,12.0,0.0
SLD10799,8.0,0.0
SLD10800,12.0,0.0
SLD10801,4.0,0.0
SLD10802,12.0,0.0
SLD10803,10.0,0.0
SLD10804,2.0,0.0
SLD10805,2.0,0.0
SLD10806,9.0,0.0
SLD10807,10.0,0.0
SLD10808,2.0,0.0
SLD10809,12.0,0.0
SLD10810,12.0,0.0
SLD10811,9.0,0.0
SLD10812,2.0,0.0
SLD10813,2.0,0.0
SLD10814,8.0,0.0
SLD10815,12.0,0.0
SLD10816,11.0,0.0
SLD10817,12.0,0.0
SLD10818,14.0,0.0
SLD10819,8.0,0.0
SLD10820,8.0,0.0
SLD10821,12.0,0.0
SLD10822,8.0,0.0
SLD10823,2.0,0.0
SLD10824,9.0,0.0
SLD10825,12.0,0.0
SLD10826,12.0,0.0
SLD10827,14.0,0.0
SLD10828,2.0,0.0
SLD10829,12.0,0.0
SLD10830,2.0,0.0
SLD10831,2.0,0.0
SLD10832,11.0,0.0
SLD10833,8.0,0.0
SLD10834,12.0,0.0
SLD10835,9.0,0.0
SLD10836,12.0,0.0
SLD10837,8.0,0.0
SLD10838,2.0,0.0
SLD10839,12.0,0.0
SLD10840,12.0,0.0
SLD10841,2.0,0.0
SLD10842,12.0,0.0
SLD10843,12.0,0.0
SLD10844,8.0,0.0
SLD10845,2.0,0.0
SLD10846,8.0,0.0
SLD10847,8.0,0.0
SLD10848,10.0,0.0
SLD10849,14.0,0.0
SLD10850,2.0,0.0
SLD10851,12.0,0.0
SLD10852,8.0,0.0
SLD10853,2.0,0.0
SLD10854,9.0,0.0
SLD10855,12.0,0.0
SLD10856,12.0,0.0
SLD10857,10.0,0.0
SLD10858,14.0,0.0
SLD10859,12.0,0.0
SLD10860,14.0,0.0
SLD10861,2.0,0.0
SLD10862,12.0,0.0
SLD10863,12.0,0.0
SLD10864,8.0,0.0
SLD10865,14.0,0.0
SLD10866,12.0,0.0
SLD10867,14.0,0.0
SLD10868,4.0,0.0
SLD10869,12.0,0.0
SLD10870,14.0,0.0
SLD10871,8.0,0.0
SLD10872,12.0,0.0
SLD10873,12.0,0.0
SLD10874,9.0,0.0
SLD10875,12.0,0.0
SLD10876,4.0,0.0
SLD10877,12.0,0.0
SLD10878,12.0,0.0
SLD10879,8.0,0.0
SLD10880,12.0,0.0
SLD10881,9.0,0.0
SLD10882,14.0,0.0
SLD10883,12.0,0.0
SLD10884,8.0,0.0
SLD10885,12.0,0.0
SLD10886,8.0,0.0
SLD10887,2.0,0.0
SLD10888,12.0,0.0
SLD10889,12.0,0.0
SLD10890,2.0,0.0
SLD10891,12.0,0.0
SLD10892,8.0,0.0
SLD10893,10.0,0.0
SLD10894,8.0,0.0
SLD10895,12.0,0.0
SLD10896,8.0,0.0
SLD10897,2.0,0.0
SLD10898,14.0,0.0
SLD10899,12.0,0.0
SLD10900,8.0,0.0
SLD10901,14.0,0.0
SLD10902,9.0,0.0
SLD10903,14.0,0.0
SLD10904,10.0,0.0
SLD10905,12.0,0.0
SLD10906,12.0,0.0
SLD10907,8.0,0.0
SLD10908,14.0,0.0
SLD10909,8.0,0.0
SLD10910,14.0,0.0
SLD10911,2.0,0.0
SLD10912,12.0,0.0
SLD10913,2.0,0.0
SLD10914,12.0,0.0
SLD10915,9.0,0.0
SLD10916,12.0,0.0
SLD10917,8.0,0.0
SLD10918,8.0,0.0
SLD10919,14.0,0.0
SLD10920,8.0,0.0
SLD10921,12.0,0.0
SLD10922,12.0,0.0
SLD10923,14.0,0.0
SLD10924,14.0,0.0
SLD10925,12.0,0.0
SLD10926,12.0,0.0
SLD10927,2.0,0.0
SLD10928,12.0,0.0
SLD10929,14.0,0.0
SLD10930,10.0,0.0
SLD10931,12.0,0.0
SLD10932,9.0,0.0
SLD10933,2.0,0.0
SLD10934,9.0,0.0
SLD10935,9.0,0.0
SLD10936,10.0,0.0
SLD10937,9.0,0.0
SLD10938,8.0,0.0
SLD10939,8.0,0.0
SLD10940,8.0,0.0
SLD10941,12.0,0.0
SLD10942,12.0,0.0
SLD10943,12.0,0.0
SLD10944,2.0,0.0
SLD10945,9.0,0.0
SLD10946,4.0,0.0
SLD10947,5.0,0.0
SLD10948,9.0,0.0
SLD10949,12.0,0.0
SLD10950,8.0,0.0
SLD10951,2.0,0.0
SLD10952,12.0,0.0
SLD10953,14.0,0.0
SLD10954,8.0,0.0
SLD10955,12.0,0.0
SLD10956,13.0,0.0
SLD10957,8.0,0.0
SLD10958,12.0,0.0
SLD10959,12.0,0.0
SLD10960,9.0,0.0
SLD10961,8.0,0.0
SLD10962,13.0,9.0
SLD10963,14.0,0.0
SLD10964,9.0,0.0
SLD10965,2.0,0.0
SLD10966,2.0,0.0
SLD10967,12.0,0.0
SLD10968,12.0,0.0
SLD10969,12.0,0.0
SLD10970,12.0,0.0
SLD10971,2.0,0.0
SLD10972,9.0,0.0
SLD10973,2.0,0.0
SLD10974,2.0,0.0
SLD10975,12.0,0.0
SLD10976,12.0,0.0
SLD10977,12.0,0.0
SLD10978,14.0,0.0
SLD10979,14.0,0.0
SLD10980,12.0,0.0
SLD10981,12.0,0.0
SLD10982,11.0,0.0
SLD10983,2.0,0.0
SLD10984,12.0,0.0
SLD10985,12.0,0.0
SLD10986,9.0,0.0
SLD10987,2.0,0.0
SLD10988,9.0,0.0
SLD10989,12.0,0.0
SLD10990,12.0,0.0
SLD10991,12.0,0.0
SLD10992,2.0,0.0
SLD10993,5.0,0.0
SLD10994,8.0,0.0
SLD10995,14.0,0.0
SLD10996,8.0,0.0
SLD10997,8.0,0.0
SLD10998,12.0,0.0
SLD10999,8.0,0.0
SLD11000,2.0,0.0
SLD11001,12.0,0.0
SLD11002,12.0,0.0
SLD11003,8.0,0.0
SLD11004,12.0,0.0
SLD11005,12.0,0.0
SLD11006,12.0,0.0
SLD11007,14.0,0.0
SLD11008,9.0,0.0
SLD11009,9.0,0.0
SLD11010,12.0,0.0
SLD11011,5.0,0.0
SLD11012,8.0,0.0
SLD11013,10.0,0.0
SLD11014,10.0,0.0
SLD11015,10.0,0.0
SLD11016,12.0,0.0
SLD11017,8.0,0.0
SLD11018,8.0,0.0
SLD11019,9.0,0.0
SLD11020,12.0,0.0
SLD11021,12.0,0.0
SLD11022,12.0,0.0
SLD11023,8.0,0.0
SLD11024,14.0,0.0
SLD11025,10.0,0.0
SLD11026,12.0,0.0
SLD11027,12.0,0.0
SLD11028,14.0,0.0
SLD11029,9.0,0.0
SLD11030,12.0,0.0
SLD11031,2.0,0.0
SLD11032,4.0,0.0
SLD11033,2.0,0.0
SLD11034,12.0,0.0
SLD11035,12.0,0.0
SLD11036,9.0,0.0
SLD11037,12.0,0.0
SLD11038,8.0,0.0
SLD11039,10.0,0.0
SLD11040,14.0,0.0
SLD11041,10.0,0.0
SLD11042,14.0,0.0
SLD11043,9.0,0.0
SLD11044,9.0,0.0
SLD11045,12.0,0.0
SLD11046,14.0,0.0
SLD11047,12.0,0.0
SLD11048,10.0,0.0
SLD11049,11.0,0.0
SLD11050,9.0,0.0
SLD11051,10.0,0.0
SLD11052,12.0,0.0
SLD11053,14.0,0.0
SLD11054,12.0,0.0
SLD11055,12.0,0.0
SLD11056,12.0,0.0
SLD11057,8.0,0.0
SLD11058,9.0,0.0
SLD11059,12.0,0.0
SLD11060,2.0,0.0
SLD11061,9.0,0.0
SLD11062,14.0,0.0
SLD11063,2.0,0.0
SLD11064,8.0,0.0
SLD11065,12.0,0.0
SLD11066,8.0,0.0
SLD11067,9.0,0.0
SLD11068,12.0,0.0
SLD11069,2.0,0.0
SLD11070,9.0,0.0
SLD11071,4.0,0.0
SLD11072,12.0,0.0
SLD11073,12.0,0.0
SLD11074,12.0,0.0
SLD11075,8.0,0.0
SLD11076,12.0,0.0
SLD11077,8.0,0.0
SLD11078,12.0,0.0
SLD11079,12.0,0.0
SLD11080,8.0,0.0
SLD11081,12.0,0.0
SLD11082,2.0,0.0
SLD11083,8.0,0.0
SLD11084,8.0,0.0
SLD11085,12.0,0.0
SLD11086,12.0,0.0
SLD11087,12.0,0.0
SLD11088,8.0,0.0
SLD11089,12.0,0.0
SLD11090,9.0,0.0
SLD11091,2.0,0.0
SLD11092,9.0,0.0
SLD11093,12.0,0.0
SLD11094,12.0,0.0
SLD11095,12.0,0.0
SLD11096,12.0,0.0
SLD11097,12.0,0.0
SLD11098,12.0,0.0
SLD11099,4.0,0.0
SLD11100,5.0,0.0
SLD11101,2.0,0.0
SLD11102,4.0,0.0
SLD11103,17.0,2.0
SLD11104,12.0,0.0
SLD11105,12.0,0.0
SLD11106,8.0,0.0
SLD11107,12.0,0.0
SLD11108,8.0,0.0
SLD11109,2.0,0.0
SLD11110,14.0,0.0
SLD11111,14.0,0.0
SLD11112,12.0,0.0
SLD11113,14.0,0.0
SLD11114,12.0,0.0
SLD11115,11.0,0.0
SLD11116,12.0,0.0
SLD11117,2.0,0.0
SLD11118,12.0,0.0
SLD11119,8.0,0.0
SLD11120,9.0,0.0
SLD11121,2.0,0.0
SLD11122,12.0,0.0
SLD11123,2.0,0.0
SLD11124,13.0,0.0
SLD11125,2.0,0.0
SLD11126,12.0,0.0
SLD11127,2.0,0.0
SLD11128,12.0,0.0
SLD11129,12.0,0.0
SLD11130,8.0,0.0
SLD11131,14.0,0.0
SLD11132,9.0,0.0
SLD11133,12.0,0.0
SLD11134,12.0,0.0
SLD11135,8.0,0.0
SLD11136,14.0,0.0
SLD11137,12.0,0.0
SLD11138,9.0,0.0
SLD11139,12.0,0.0
SLD11140,2.0,0.0
SLD11141,14.0,0.0
SLD11142,8.0,2.0
SLD11143,12.0,0.0
SLD11144,9.0,0.0
SLD11145,12.0,0.0
SLD11146,8.0,0.0
SLD11147,2.0,0.0
SLD11148,9.0,0.0
SLD11149,2.0,0.0
SLD11150,12.0,0.0
SLD11151,2.0,0.0
SLD11152,12.0,0.0
SLD11153,12.0,0.0
SLD11154,8.0,0.0
SLD11155,9.0,0.0
SLD11156,10.0,0.0
SLD11157,8.0,0.0
SLD11158,2.0,0.0
SLD11159,12.0,0.0
SLD11160,2.0,0.0
SLD11161,14.0,0.0
SLD11162,12.0,0.0
SLD11163,8.0,0.0
SLD11164,12.0,0.0
SLD11165,8.0,0.0
SLD11166,8.0,0.0
SLD11167,14.0,0.0
SLD11168,8.0,0.0
SLD11169,12.0,0.0
SLD11170,12.0,0.0
SLD11171,2.0,0.0
SLD11172,10.0,0.0
SLD11173,8.0,0.0
SLD11174,13.0,9.0
SLD11175,12.0,0.0
SLD11176,9.0,0.0
SLD11177,9.0,0.0
SLD11178,10.0,0.0
SLD11179,12.0,0.0
SLD11180,2.0,0.0
SLD11181,12.0,0.0
SLD11182,9.0,0.0
SLD11183,12.0,0.0
SLD11184,9.0,0.0
SLD11185,2.0,0.0
SLD11186,12.0,0.0
SLD11187,12.0,0.0
SLD11188,2.0,0.0
SLD11189,8.0,0.0
SLD11190,12.0,0.0
SLD11191,12.0,0.0
SLD11192,14.0,0.0
SLD11193,8.0,0.0
SLD11194,9.0,0.0
SLD11195,12.0,0.0
SLD11196,12.0,0.0
SLD11197,12.0,0.0
SLD11198,5.0,0.0
SLD11199,12.0,0.0
SLD11200,2.0,0.0
SLD11201,10.0,0.0
SLD11202,8.0,0.0
SLD11203,12.0,0.0
SLD11204,9.0,0.0
SLD11205,2.0,0.0
SLD11206,12.0,0.0
SLD11207,2.0,0.0
SLD11208,2.0,0.0
SLD11209,12.0,0.0
SLD11210,2.0,0.0
SLD11211,12.0,0.0
SLD11212,8.0,0.0
SLD11213,2.0,0.0
SLD11214,14.0,0.0
SLD11215,12.0,0.0
SLD11216,10.0,0.0
SLD11217,12.0,0.0
SLD11218,2.0,0.0
SLD11219,12.0,0.0
SLD11220,14.0,0.0
SLD11221,11.0,0.0
SLD11222,11.0,0.0
SLD11223,4.0,0.0
SLD11224,8.0,0.0
SLD11225,9.0,0.0
SLD11226,12.0,0.0
SLD11227,12.0,0.0
SLD11228,12.0,0.0
SLD11229,8.0,0.0
SLD11230,8.0,0.0
SLD11231,12.0,0.0
SLD11232,8.0,0.0
SLD11233,12.0,0.0
SLD11234,14.0,0.0
SLD11235,2.0,0.0
SLD11236,12.0,0.0
SLD11237,10.0,0.0
SLD11238,2.0,0.0
SLD11239,9.0,0.0
SLD11240,10.0,0.0
SLD11241,8.0,0.0
SLD11242,8.0,0.0
SLD11243,2.0,0.0
SLD11244,12.0,0.0
SLD11245,12.0,0.0
SLD11246,12.0,0.0
SLD11247,2.0,0.0
SLD11248,12.0,0.0
SLD11249,12.0,0.0
SLD11250,12.0,0.0
SLD11251,12.0,0.0
SLD11252,12.0,0.0
SLD11253,12.0,0.0
SLD11254,12.0,0.0
SLD11255,12.0,0.0
SLD11256,4.0,0.0
SLD11257,14.0,0.0
SLD11258,4.0,0.0
SLD11259,8.0,0.0
SLD11260,13.0,0.0
SLD11261,12.0,0.0
SLD11262,12.0,0.0
SLD11263,12.0,0.0
SLD11264,9.0,0.0
SLD11265,12.0,0.0
SLD11266,12.0,0.0
SLD11267,12.0,0.0
SLD11268,5.0,0.0
SLD11269,12.0,0.0
SLD11270,2.0,0.0
SLD11271,12.0,0.0
SLD11272,5.0,0.0
SLD11273,12.0,0.0
SLD11274,14.0,0.0
SLD11275,12.0,0.0
SLD11276,12.0,0.0
SLD11277,9.0,0.0
SLD11278,12.0,0.0
SLD11279,14.0,0.0
SLD11280,14.0,0.0
SLD11281,2.0,0.0
SLD11282,14.0,0.0
SLD11283,12.0,0.0
SLD11284,10.0,0.0
SLD11285,12.0,0.0
SLD11286,8.0,0.0
SLD11287,12.0,0.0
SLD11288,12.0,0.0
SLD11289,11.0,0.0
SLD11290,14.0,0.0
SLD11291,12.0,0.0
SLD11292,12.0,0.0
SLD11293,12.0,0.0
SLD11294,9.0,0.0
SLD11295,12.0,0.0
SLD11296,14.0,0.0
SLD11297,9.0,0.0
SLD11298,2.0,0.0
SLD11299,2.0,0.0
SLD11300,9.0,0.0
SLD11301,8.0,0.0
SLD11302,2.0,0.0
SLD11303,12.0,0.0
SLD11304,12.0,0.0
SLD11305,12.0,0.0
SLD11306,12.0,0.0
SLD11307,10.0,0.0
SLD11308,2.0,0.0
SLD11309,12.0,0.0
SLD11310,2.0,0.0
SLD11311,9.0,0.0
SLD11312,12.0,0.0
SLD11313,9.0,0.0
SLD11314,2.0,0.0
SLD11315,14.0,0.0
SLD11316,12.0,0.0
SLD11317,12.0,0.0
SLD11318,8.0,0.0
SLD11319,2.0,0.0
SLD11320,12.0,0.0
SLD11321,9.0,0.0
SLD11322,8.0,0.0
SLD11323,12.0,0.0
SLD11324,9.0,0.0
SLD11325,2.0,0.0
SLD11326,2.0,0.0
SLD11327,2.0,0.0
SLD11328,2.0,0.0
SLD11329,12.0,0.0
SLD11330,12.0,0.0
SLD11331,4.0,0.0
SLD11332,8.0,0.0
SLD11333,12.0,0.0
SLD11334,9.0,0.0
SLD11335,8.0,0.0
SLD11336,12.0,0.0
SLD11337,12.0,0.0
SLD11338,9.0,0.0
SLD11339,2.0,0.0
SLD11340,10.0,0.0
SLD11341,2.0,0.0
SLD11342,5.0,0.0
SLD11343,9.0,0.0
SLD11344,10.0,0.0
SLD11345,5.0,0.0
SLD11346,12.0,0.0
SLD11347,12.0,0.0
SLD11348,8.0,0.0
SLD11349,8.0,0.0
SLD11350,5.0,0.0
SLD11351,8.0,0.0
SLD11352,8.0,0.0
SLD11353,14.0,0.0
SLD11354,12.0,0.0
SLD11355,9.0,0.0
SLD11356,12.0,0.0
SLD11357,14.0,0.0
SLD11358,9.0,0.0
SLD11359,14.0,0.0
SLD11360,12.0,0.0
SLD11361,2.0,0.0
SLD11362,12.0,0.0
SLD11363,2.0,0.0
SLD11364,9.0,0.0
SLD11365,12.0,0.0
SLD11366,12.0,0.0
SLD11367,2.0,0.0
SLD11368,12.0,0.0
SLD11369,12.0,0.0
SLD11370,12.0,0.0
SLD11371,2.0,0.0
SLD11372,14.0,0.0
SLD11373,4.0,0.0
SLD11374,4.0,0.0
SLD11375,4.0,0.0
SLD11376,12.0,0.0
SLD11377,12.0,0.0
SLD11378,12.0,0.0
SLD11379,4.0,0.0
SLD11380,12.0,0.0
SLD11381,12.0,0.0
SLD11382,17.0,2.0
SLD11383,14.0,0.0
SLD11384,9.0,0.0
SLD11385,12.0,0.0
SLD11386,12.0,0.0
SLD11387,8.0,0.0
SLD11388,12.0,0.0
SLD11389,12.0,0.0
SLD11390,2.0,0.0
SLD11391,14.0,0.0
SLD11392,8.0,0.0
SLD11393,12.0,0.0
SLD11394,8.0,0.0
SLD11395,8.0,0.0
SLD11396,9.0,0.0
SLD11397,2.0,0.0
SLD11398,14.0,0.0
SLD11399,12.0,0.0
SLD11400,9.0,0.0
SLD11401,2.0,0.0
SLD11402,8.0,0.0
SLD11403,2.0,0.0
SLD11404,12.0,0.0
SLD11405,8.0,0.0
SLD11406,9.0,0.0
SLD11407,2.0,0.0
SLD11408,9.0,0.0
SLD11409,4.0,0.0
SLD11410,14.0,0.0
SLD11411,12.0,0.0
SLD11412,9.0,0.0
SLD11413,2.0,0.0
SLD11414,13.0,0.0
SLD11415,12.0,0.0
SLD11416,8.0,0.0
SLD11417,12.0,0.0
SLD11418,8.0,0.0
SLD11419,2.0,0.0
SLD11420,12.0,0.0
SLD11421,9.0,0.0
SLD11422,9.0,0.0
SLD11423,8.0,0.0
SLD11424,9.0,0.0
SLD11425,17.0,2.0
SLD11426,8.0,0.0
SLD11427,8.0,0.0
SLD11428,2.0,0.0
SLD11429,8.0,0.0
SLD11430,10.0,0.0
SLD11431,8.0,0.0
SLD11432,8.0,0.0
SLD11433,8.0,0.0
SLD11434,12.0,0.0
SLD11435,8.0,0.0
SLD11436,11.0,0.0
SLD11437,12.0,0.0
SLD11438,12.0,0.0
SLD11439,2.0,0.0
SLD11440,9.0,0.0
SLD11441,2.0,0.0
SLD11442,12.0,0.0
SLD11443,10.0,0.0
SLD11444,12.0,0.0
SLD11445,2.0,0.0
SLD11446,12.0,0.0
SLD11447,8.0,0.0
SLD11448,12.0,0.0
SLD11449,12.0,0.0
SLD11450,10.0,0.0
SLD11451,9.0,0.0
SLD11452,12.0,0.0
SLD11453,10.0,0.0
SLD11454,12.0,0.0
SLD11455,9.0,0.0
SLD11456,12.0,0.0
SLD11457,12.0,0.0
SLD11458,2.0,0.0
SLD11459,2.0,0.0
SLD11460,12.0,0.0
SLD11461,2.0,0.0
SLD11462,2.0,0.0
SLD11463,12.0,0.0
SLD11464,12.0,0.0
SLD11465,2.0,0.0
SLD11466,12.0,0.0
SLD11467,10.0,0.0
SLD11468,12.0,0.0
SLD11469,8.0,0.0
SLD11470,12.0,0.0
SLD11471,12.0,0.0
SLD11472,8.0,0.0
SLD11473,12.0,0.0
SLD11474,9.0,0.0
SLD11475,8.0,0.0
SLD11476,2.0,0.0
SLD11477,8.0,0.0
SLD11478,12.0,0.0
SLD11479,2.0,0.0
SLD11480,2.0,0.0
SLD11481,4.0,0.0
SLD11482,8.0,0.0
SLD11483,14.0,0.0
SLD11484,2.0,0.0
SLD11485,12.0,0.0
SLD11486,12.0,0.0
SLD11487,10.0,0.0
SLD11488,12.0,0.0
SLD11489,12.0,0.0
SLD11490,12.0,0.0
SLD11491,12.0,0.0
SLD11492,2.0,0.0
SLD11493,12.0,0.0
SLD11494,12.0,0.0
SLD11495,12.0,0.0
SLD11496,8.0,0.0
SLD11497,8.0,0.0
SLD11498,12.0,0.0
SLD11499,14.0,0.0
SLD11500,14.0,0.0
SLD11501,8.0,0.0
SLD11502,12.0,0.0
SLD11503,12.0,0.0
SLD11504,11.0,0.0
SLD11505,14.0,0.0
SLD11506,8.0,0.0
SLD11507,8.0,0.0
SLD11508,4.0,0.0
SLD11509,4.0,0.0
SLD11510,2.0,0.0
SLD11511,8.0,0.0
SLD11512,8.0,0.0
SLD11513,14.0,0.0
SLD11514,12.0,0.0
SLD11515,12.0,0.0
SLD11516,2.0,0.0
SLD11517,12.0,0.0
SLD11518,12.0,0.0
SLD11519,9.0,0.0
SLD11520,8.0,0.0
SLD11521,9.0,0.0
SLD11522,8.0,0.0
SLD11523,9.0,0.0
SLD11524,14.0,0.0
SLD11525,14.0,0.0
SLD11526,12.0,0.0
SLD11527,9.0,0.0
SLD11528,5.0,0.0
SLD11529,12.0,0.0
SLD11530,12.0,0.0
SLD11531,9.0,0.0
SLD11532,2.0,0.0
SLD11533,14.0,0.0
SLD11534,9.0,0.0
SLD11535,12.0,0.0
SLD11536,10.0,0.0
SLD11537,8.0,0.0
SLD11538,12.0,0.0
SLD11539,12.0,0.0
SLD11540,12.0,0.0
SLD11541,10.0,0.0
SLD11542,2.0,0.0
SLD11543,13.0,9.0
SLD11544,12.0,0.0
SLD11545,8.0,0.0
SLD11546,14.0,0.0
SLD11547,12.0,0.0
SLD11548,10.0,0.0
SLD11549,9.0,0.0
SLD11550,12.0,0.0
SLD11551,12.0,0.0
SLD11552,14.0,0.0
SLD11553,5.0,0.0
SLD11554,12.0,0.0
SLD11555,12.0,0.0
SLD11556,12.0,0.0
SLD11557,12.0,0.0
SLD11558,9.0,0.0
SLD11559,12.0,0.0
SLD11560,12.0,0.0
SLD11561,17.0,4.0
SLD11562,12.0,0.0
SLD11563,12.0,0.0
SLD11564,4.0,0.0
SLD11565,10.0,0.0
SLD11566,14.0,0.0
SLD11567,12.0,0.0
SLD11568,5.0,0.0
SLD11569,9.0,0.0
SLD11570,12.0,0.0
SLD11571,14.0,0.0
SLD11572,10.0,0.0
SLD11573,12.0,0.0
SLD11574,12.0,0.0
SLD11575,5.0,0.0
SLD11576,12.0,0.0
SLD11577,2.0,0.0
SLD11578,12.0,0.0
SLD11579,10.0,0.0
SLD11580,8.0,0.0
SLD11581,12.0,0.0
SLD11582,4.0,0.0
SLD11583,9.0,0.0
SLD11584,10.0,0.0
SLD11585,9.0,0.0
SLD11586,12.0,0.0
SLD11587,12.0,0.0
SLD11588,12.0,0.0
SLD11589,14.0,0.0
SLD11590,12.0,0.0
SLD11591,14.0,0.0
SLD11592,8.0,0.0
SLD11593,8.0,0.0
SLD11594,14.0,0.0
SLD11595,14.0,0.0
SLD11596,8.0,0.0
SLD11597,12.0,0.0
SLD11598,9.0,0.0
SLD11599,2.0,0.0
SLD11600,13.0,0.0
SLD11601,12.0,0.0
SLD11602,12.0,2.0
SLD11603,12.0,0.0
SLD11604,12.0,0.0
SLD11605,12.0,0.0
SLD11606,2.0,0.0
SLD11607,12.0,0.0
SLD11608,9.0,0.0
SLD11609,9.0,0.0
SLD11610,2.0,0.0
SLD11611,12.0,0.0
SLD11612,2.0,0.0
SLD11613,12.0,0.0
SLD11614,8.0,0.0
SLD11615,13.0,9.0
SLD11616,12.0,0.0
SLD11617,10.0,0.0
SLD11618,8.0,0.0
SLD11619,8.0,0.0
SLD11620,9.0,0.0
SLD11621,12.0,0.0
SLD11622,2.0,0.0
SLD11623,8.0,0.0
SLD11624,4.0,0.0
SLD11625,13.0,9.0
SLD11626,14.0,0.0
SLD11627,4.0,0.0
SLD11628,2.0,0.0
SLD11629,2.0,0.0
SLD11630,8.0,0.0
SLD11631,12.0,0.0
SLD11632,9.0,0.0
SLD11633,12.0,0.0
SLD11634,9.0,0.0
SLD11635,8.0,0.0
SLD11636,8.0,0.0
SLD11637,2.0,0.0
SLD11638,14.0,0.0
SLD11639,2.0,0.0
SLD11640,9.0,0.0
SLD11641,8.0,0.0
SLD11642,12.0,0.0
SLD11643,8.0,0.0
SLD11644,12.0,0.0
SLD11645,2.0,0.0
SLD11646,12.0,0.0
SLD11647,12.0,0.0
SLD11648,10.0,0.0
SLD11649,9.0,0.0
SLD11650,8.0,0.0
SLD11651,12.0,0.0
SLD11652,8.0,0.0
SLD11653,12.0,0.0
SLD11654,9.0,0.0
SLD11655,12.0,0.0
SLD11656,8.0,0.0
SLD11657,8.0,0.0
SLD11658,12.0,0.0
SLD11659,10.0,0.0
SLD11660,2.0,0.0
SLD11661,2.0,0.0
SLD11662,2.0,0.0
SLD11663,12.0,0.0
SLD11664,2.0,0.0
SLD11665,8.0,0.0
SLD11666,14.0,0.0
SLD11667,12.0,0.0
SLD11668,8.0,0.0
SLD11669,8.0,0.0
SLD11670,12.0,0.0
SLD11671,12.0,0.0
SLD11672,12.0,0.0
SLD11673,12.0,0.0
SLD11674,12.0,0.0
SLD11675,12.0,0.0
SLD11676,17.0,2.0
SLD11677,14.0,0.0
SLD11678,14.0,0.0
SLD11679,9.0,0.0
SLD11680,12.0,0.0
SLD11681,12.0,0.0
SLD11682,12.0,0.0
SLD11683,12.0,0.0
SLD11684,12.0,0.0
SLD11685,12.0,0.0
SLD11686,8.0,0.0
SLD11687,8.0,0.0
SLD11688,12.0,0.0
SLD11689,8.0,0.0
SLD11690,8.0,0.0
SLD11691,12.0,0.0
SLD11692,8.0,0.0
SLD11693,8.0,0.0
SLD11694,12.0,0.0
SLD11695,9.0,0.0
SLD11696,12.0,0.0
SLD11697,8.0,0.0
SLD11698,2.0,0.0
SLD11699,9.0,0.0
SLD11700,8.0,0.0
SLD11701,9.0,0.0
SLD11702,2.0,0.0
SLD11703,12.0,0.0
SLD11704,8.0,0.0
SLD11705,12.0,0.0
SLD11706,8.0,0.0
SLD11707,8.0,0.0
SLD11708,8.0,0.0
SLD11709,12.0,0.0
SLD11710,8.0,0.0
SLD11711,8.0,0.0
SLD11712,12.0,0.0
SLD11713,9.0,0.0
SLD11714,2.0,0.0
SLD11715,8.0,0.0
SLD11716,14.0,0.0
SLD11717,14.0,0.0
SLD11718,12.0,0.0
SLD11719,12.0,0.0
SLD11720,8.0,0.0
SLD11721,14.0,0.0
SLD11722,9.0,0.0
SLD11723,8.0,0.0
SLD11724,8.0,0.0
SLD11725,12.0,0.0
SLD11726,9.0,0.0
SLD11727,12.0,0.0
SLD11728,12.0,0.0
SLD11729,12.0,0.0
SLD11730,8.0,0.0
SLD11731,2.0,0.0
SLD11732,4.0,0.0
SLD11733,8.0,0.0
SLD11734,14.0,0.0
SLD11735,12.0,0.0
SLD11736,12.0,0.0
SLD11737,2.0,0.0
SLD11738,14.0,0.0
SLD11739,4.0,0.0
SLD11740,12.0,0.0
SLD11741,2.0,0.0
SLD11742,8.0,0.0
SLD11743,12.0,0.0
SLD11744,12.0,0.0
SLD11745,14.0,0.0
SLD11746,12.0,0.0
SLD11747,14.0,0.0
SLD11748,8.0,0.0
SLD11749,14.0,0.0
SLD11750,9.0,0.0
SLD11751,12.0,0.0
SLD11752,12.0,0.0
SLD11753,12.0,0.0
SLD11754,17.0,2.0
SLD11755,4.0,0.0
SLD11756,12.0,0.0
SLD11757,12.0,0.0
SLD11758,2.0,0.0
SLD11759,12.0,0.0
SLD11760,2.0,0.0
SLD11761,14.0,0.0
SLD11762,12.0,0.0
SLD11763,10.0,0.0
SLD11764,12.0,0.0
SLD11765,9.0,0.0
SLD11766,12.0,0.0
SLD11767,12.0,0.0
SLD11768,12.0,0.0
SLD11769,8.0,0.0
SLD11770,12.0,0.0
SLD11771,2.0,0.0
SLD11772,12.0,0.0
SLD11773,2.0,0.0
SLD11774,2.0,0.0
SLD11775,12.0,0.0
SLD11776,12.0,0.0
SLD11777,2.0,0.0
SLD11778,10.0,0.0
SLD11779,10.0,0.0
SLD11780,12.0,0.0
SLD11781,12.0,0.0
SLD11782,8.0,0.0
SLD11783,14.0,0.0
SLD11784,8.0,0.0
SLD11785,12.0,0.0
SLD11786,8.0,0.0
SLD11787,12.0,0.0
SLD11788,12.0,0.0
SLD11789,14.0,0.0
SLD11790,12.0,0.0
SLD11791,10.0,0.0
SLD11792,9.0,0.0
SLD11793,9.0,0.0
SLD11794,9.0,0.0
SLD11795,8.0,0.0
SLD11796,9.0,0.0
SLD11797,12.0,0.0
SLD11798,2.0,0.0
SLD11799,13.0,0.0
SLD11800,12.0,0.0
SLD11801,9.0,0.0
SLD11802,12.0,0.0
SLD11803,9.0,0.0
SLD11804,9.0,0.0
SLD11805,12.0,0.0
SLD11806,2.0,0.0
SLD11807,8.0,0.0
SLD11808,2.0,0.0
SLD11809,12.0,0.0
SLD11810,12.0,0.0
SLD11811,9.0,0.0
SLD11812,14.0,0.0
SLD11813,8.0,0.0
SLD11814,2.0,0.0
SLD11815,14.0,0.0
SLD11816,12.0,0.0
SLD11817,12.0,0.0
SLD11818,12.0,0.0
SLD11819,12.0,0.0
SLD11820,12.0,0.0
SLD11821,12.0,0.0
SLD11822,12.0,0.0
SLD11823,12.0,0.0
SLD11824,12.0,0.0
SLD11825,9.0,0.0
SLD11826,9.0,0.0
SLD11827,9.0,0.0
SLD11828,12.0,0.0
SLD11829,12.0,0.0
SLD11830,14.0,0.0
SLD11831,10.0,0.0
SLD11832,9.0,0.0
SLD11833,9.0,0.0
SLD11834,12.0,0.0
SLD11835,9.0,0.0
SLD11836,10.0,0.0
SLD11837,8.0,0.0
SLD11838,10.0,0.0
SLD11839,2.0,0.0
SLD11840,12.0,0.0
SLD11841,12.0,0.0
SLD11842,8.0,0.0
SLD11843,12.0,0.0
SLD11844,12.0,0.0
SLD11845,12.0,0.0
SLD11846,12.0,0.0
SLD11847,12.0,0.0
SLD11848,12.0,0.0
SLD11849,8.0,0.0
SLD11850,10.0,0.0
SLD11851,9.0,0.0
SLD11852,9.0,0.0
SLD11853,9.0,0.0
SLD11854,2.0,0.0
SLD11855,12.0,0.0
SLD11856,12.0,0.0
SLD11857,2.0,0.0
SLD11858,10.0,0.0
SLD11859,12.0,0.0
SLD11860,2.0,0.0
SLD11861,12.0,0.0
SLD11862,12.0,0.0
SLD11863,8.0,0.0
SLD11864,8.0,0.0
SLD11865,9.0,0.0
SLD11866,8.0,0.0
SLD11867,10.0,0.0
SLD11868,9.0,0.0
SLD11869,12.0,0.0
SLD11870,8.0,0.0
SLD11871,12.0,0.0
SLD11872,12.0,0.0
SLD11873,8.0,0.0
SLD11874,12.0,0.0
SLD11875,12.0,0.0
SLD11876,8.0,0.0
SLD11877,8.0,0.0
SLD11878,2.0,0.0
SLD11879,9.0,0.0
SLD11880,12.0,0.0
SLD11881,12.0,0.0
SLD11882,9.0,0.0
SLD11883,4.0,0.0
SLD11884,12.0,0.0
SLD11885,4.0,0.0
SLD11886,12.0,0.0
SLD11887,14.0,0.0
SLD11888,12.0,0.0
SLD11889,8.0,0.0
SLD11890,9.0,0.0
SLD11891,9.0,0.0
SLD11892,12.0,0.0
SLD11893,8.0,0.0
SLD11894,12.0,0.0
SLD11895,12.0,0.0
SLD11896,12.0,0.0
SLD11897,12.0,0.0
SLD11898,14.0,0.0
SLD11899,9.0,0.0
SLD11900,4.0,0.0
SLD11901,14.0,0.0
SLD11902,14.0,0.0
SLD11903,8.0,0.0
SLD11904,14.0,0.0
SLD11905,8.0,0.0
SLD11906,8.0,0.0
SLD11907,5.0,0.0
SLD11908,14.0,0.0
SLD11909,2.0,0.0
SLD11910,12.0,0.0
SLD11911,8.0,0.0
SLD11912,12.0,0.0
SLD11913,5.0,0.0
SLD11914,2.0,0.0
SLD11915,9.0,0.0
SLD11916,9.0,0.0
SLD11917,12.0,0.0
SLD11918,12.0,0.0
SLD11919,5.0,0.0
SLD11920,8.0,0.0
SLD11921,12.0,0.0
SLD11922,8.0,0.0
SLD11923,12.0,0.0
SLD11924,9.0,0.0
SLD11925,12.0,0.0
SLD11926,8.0,0.0
SLD11927,5.0,0.0
SLD11928,9.0,0.0
SLD11929,9.0,0.0
SLD11930,9.0,0.0
SLD11931,12.0,0.0
SLD11932,2.0,0.0
SLD11933,8.0,0.0
SLD11934,9.0,0.0
SLD11935,2.0,0.0
SLD11936,2.0,0.0
SLD11937,9.0,0.0
SLD11938,10.0,0.0
SLD11939,5.0,0.0
SLD11940,12.0,0.0
SLD11941,8.0,0.0
SLD11942,8.0,0.0
SLD11943,9.0,0.0
SLD11944,12.0,0.0
SLD11945,12.0,0.0
SLD11946,12.0,0.0
SLD11947,14.0,0.0
SLD11948,2.0,0.0
SLD11949,12.0,0.0
SLD11950,14.0,0.0
SLD11951,12.0,0.0
SLD11952,12.0,0.0
SLD11953,12.0,0.0
SLD11954,14.0,0.0
SLD11955,8.0,0.0
SLD11956,14.0,0.0
SLD11957,9.0,0.0
SLD11958,4.0,0.0
SLD11959,4.0,0.0
SLD11960,12.0,0.0
SLD11961,12.0,0.0
SLD11962,12.0,0.0
SLD11963,8.0,0.0
SLD11964,8.0,0.0
SLD11965,14.0,0.0
SLD11966,12.0,0.0
SLD11967,2.0,0.0
SLD11968,2.0,0.0
SLD11969,2.0,0.0
SLD11970,12.0,0.0
SLD11971,10.0,0.0
SLD11972,12.0,0.0
SLD11973,2.0,0.0
SLD11974,12.0,0.0
SLD11975,5.0,0.0
SLD11976,12.0,0.0
SLD11977,12.0,0.0
SLD11978,12.0,0.0
SLD11979,2.0,0.0
SLD11980,13.0,0.0
SLD11981,12.0,0.0
SLD11982,12.0,0.0
SLD11983,12.0,0.0
SLD11984,12.0,0.0
SLD11985,9.0,0.0
SLD11986,12.0,0.0
SLD11987,12.0,0.0
SLD11988,12.0,0.0
SLD11989,12.0,0.0
SLD11990,12.0,0.0
SLD11991,2.0,0.0
SLD11992,12.0,0.0
SLD11993,12.0,0.0
SLD11994,4.0,0.0
SLD11995,8.0,0.0
SLD11996,12.0,0.0
SLD11997,9.0,0.0
SLD11998,12.0,0.0
SLD11999,9.0,0.0
SLD12000,8.0,0.0
SLD12001,12.0,0.0
SLD12002,12.0,0.0
SLD12003,8.0,0.0
SLD12004,8.0,0.0
SLD12005,14.0,0.0
SLD12006,8.0,0.0
SLD12007,12.0,0.0
SLD12008,12.0,0.0
SLD12009,2.0,0.0
SLD12010,12.0,0.0
SLD12011,9.0,0.0
SLD12012,12.0,0.0
SLD12013,12.0,0.0
SLD12014,8.0,0.0
SLD12015,12.0,0.0
SLD12016,9.0,0.0
SLD12017,12.0,0.0
SLD12018,12.0,0.0
SLD12019,5.0,0.0
SLD12020,12.0,0.0
SLD12021,2.0,0.0
SLD12022,2.0,0.0
SLD12023,12.0,0.0
SLD12024,13.0,0.0
SLD12025,12.0,0.0
SLD12026,12.0,0.0
SLD12027,4.0,0.0
SLD12028,12.0,0.0
SLD12029,2.0,0.0
SLD12030,8.0,0.0
SLD12031,8.0,0.0
SLD12032,8.0,0.0
SLD12033,8.0,0.0
SLD12034,4.0,0.0
SLD12035,12.0,0.0
SLD12036,8.0,0.0
SLD12037,8.0,0.0
SLD12038,9.0,0.0
SLD12039,2.0,0.0
SLD12040,14.0,0.0
SLD12041,9.0,0.0
SLD12042,2.0,0.0
SLD12043,12.0,0.0
SLD12044,9.0,0.0
SLD12045,12.0,0.0
SLD12046,12.0,0.0
SLD12047,9.0,0.0
SLD12048,8.0,0.0
SLD12049,8.0,0.0
SLD12050,8.0,0.0
SLD12051,12.0,0.0
SLD12052,12.0,0.0
SLD12053,2.0,0.0
SLD12054,10.0,0.0
SLD12055,8.0,0.0
SLD12056,12.0,0.0
SLD12057,12.0,0.0
SLD12058,14.0,0.0
SLD12059,12.0,0.0
SLD12060,9.0,0.0
SLD12061,12.0,0.0
SLD12062,10.0,0.0
SLD12063,12.0,0.0
SLD12064,8.0,0.0
SLD12065,12.0,0.0
SLD12066,9.0,0.0
SLD12067,12.0,0.0
SLD12068,12.0,0.0
SLD12069,9.0,0.0
SLD12070,12.0,0.0
SLD12071,8.0,0.0
SLD12072,12.0,0.0
SLD12073,8.0,0.0
SLD12074,12.0,0.0
SLD12075,9.0,0.0
SLD12076,14.0,0.0
SLD12077,12.0,0.0
SLD12078,14.0,0.0
SLD12079,2.0,0.0
SLD12080,8.0,0.0
SLD12081,8.0,0.0
SLD12082,12.0,0.0
SLD12083,12.0,0.0
SLD12084,8.0,0.0
SLD12085,12.0,0.0
SLD12086,9.0,0.0
SLD12087,13.0,9.0
SLD12088,8.0,0.0
SLD12089,12.0,0.0
SLD12090,2.0,0.0
SLD12091,9.0,0.0
SLD12092,2.0,0.0
SLD12093,8.0,0.0
SLD12094,10.0,0.0
SLD12095,11.0,0.0
SLD12096,5.0,0.0
SLD12097,4.0,0.0
SLD12098,4.0,0.0
SLD12099,12.0,0.0
SLD12100,12.0,0.0
SLD12101,12.0,0.0
SLD12102,8.0,0.0
SLD12103,8.0,0.0
SLD12104,8.0,0.0
SLD12105,12.0,0.0
SLD12106,9.0,0.0
SLD12107,12.0,0.0
SLD12108,8.0,0.0
SLD12109,2.0,0.0
SLD12110,8.0,0.0
SLD12111,9.0,0.0
SLD12112,9.0,0.0
SLD12113,4.0,0.0
SLD12114,9.0,0.0
SLD12115,12.0,0.0
SLD12116,9.0,0.0
SLD12117,4.0,0.0
SLD12118,12.0,0.0
SLD12119,4.0,0.0
SLD12120,14.0,0.0
SLD12121,12.0,0.0
SLD12122,9.0,0.0
SLD12123,9.0,0.0
SLD12124,12.0,0.0
SLD12125,2.0,0.0
SLD12126,9.0,0.0
SLD12127,12.0,0.0
SLD12128,12.0,0.0
SLD12129,12.0,0.0
SLD12130,12.0,0.0
SLD12131,2.0,0.0
SLD12132,12.0,0.0
SLD12133,10.0,0.0
SLD12134,12.0,0.0
SLD12135,9.0,0.0
SLD12136,8.0,0.0
SLD12137,8.0,0.0
SLD12138,12.0,0.0
SLD12139,2.0,0.0
SLD12140,10.0,0.0
SLD12141,2.0,0.0
SLD12142,8.0,0.0
SLD12143,12.0,0.0
SLD12144,8.0,0.0
SLD12145,8.0,0.0
SLD12146,4.0,0.0
SLD12147,2.0,0.0
SLD12148,12.0,0.0
SLD12149,12.0,0.0
SLD12150,12.0,0.0
SLD12151,2.0,0.0
SLD12152,12.0,0.0
SLD12153,4.0,0.0
SLD12154,10.0,0.0
SLD12155,10.0,0.0
SLD12156,12.0,0.0
SLD12157,12.0,0.0
SLD12158,2.0,0.0
SLD12159,9.0,0.0
SLD12160,12.0,0.0
SLD12161,9.0,0.0
SLD12162,14.0,0.0
SLD12163,12.0,0.0
SLD12164,14.0,0.0
SLD12165,14.0,0.0
SLD12166,8.0,0.0
SLD12167,9.0,0.0
SLD12168,10.0,0.0
SLD12169,12.0,0.0
SLD12170,12.0,0.0
SLD12171,12.0,0.0
SLD12172,2.0,0.0
SLD12173,12.0,0.0
SLD12174,12.0,0.0
SLD12175,2.0,0.0
SLD12176,8.0,0.0
SLD12177,14.0,0.0
SLD12178,9.0,0.0
SLD12179,12.0,0.0
SLD12180,12.0,0.0
SLD12181,12.0,0.0
SLD12182,8.0,0.0
SLD12183,9.0,0.0
SLD12184,2.0,0.0
SLD12185,2.0,0.0
SLD12186,14.0,0.0
SLD12187,8.0,0.0
SLD12188,8.0,0.0
SLD12189,9.0,0.0
SLD12190,8.0,0.0
SLD12191,2.0,0.0
SLD12192,8.0,0.0
SLD12193,14.0,0.0
SLD12194,8.0,0.0
SLD12195,12.0,0.0
SLD12196,12.0,0.0
SLD12197,12.0,0.0
SLD12198,9.0,0.0
SLD12199,12.0,0.0
SLD12200,12.0,0.0
SLD12201,12.0,0.0
SLD12202,12.0,0.0
SLD12203,2.0,0.0
SLD12204,12.0,0.0
SLD12205,12.0,0.0
SLD12206,9.0,0.0
SLD12207,5.0,0.0
SLD12208,5.0,0.0
SLD12209,8.0,0.0
SLD12210,12.0,0.0
SLD12211,8.0,0.0
SLD12212,12.0,0.0
SLD12213,12.0,0.0
SLD12214,12.0,0.0
SLD12215,12.0,0.0
SLD12216,10.0,0.0
SLD12217,2.0,0.0
SLD12218,12.0,0.0
SLD12219,14.0,0.0
SLD12220,8.0,0.0
SLD12221,12.0,0.0
SLD12222,2.0,0.0
SLD12223,2.0,0.0
SLD12224,12.0,0.0
SLD12225,4.0,0.0
SLD12226,5.0,0.0
SLD12227,14.0,0.0
SLD12228,13.0,9.0
SLD12229,2.0,0.0
SLD12230,8.0,0.0
SLD12231,4.0,0.0
SLD12232,12.0,0.0
SLD12233,12.0,0.0
SLD12234,14.0,0.0
SLD12235,14.0,0.0
SLD12236,12.0,0.0
SLD12237,14.0,0.0
SLD12238,12.0,0.0
SLD12239,9.0,0.0
SLD12240,8.0,0.0
SLD12241,12.0,0.0
SLD12242,13.0,9.0
SLD12243,13.0,0.0
SLD12244,14.0,0.0
SLD12245,14.0,0.0
SLD12246,12.0,0.0
SLD12247,2.0,0.0
SLD12248,12.0,0.0
SLD12249,10.0,0.0
SLD12250,8.0,0.0
SLD12251,8.0,0.0
SLD12252,2.0,0.0
SLD12253,12.0,0.0
SLD12254,12.0,0.0
SLD12255,2.0,0.0
SLD12256,12.0,0.0
SLD12257,10.0,0.0
SLD12258,12.0,0.0
SLD12259,11.0,0.0
SLD12260,14.0,0.0
SLD12261,12.0,0.0
SLD12262,14.0,0.0
SLD12263,2.0,0.0
SLD12264,8.0,0.0
SLD12265,8.0,0.0
SLD12266,10.0,0.0
SLD12267,8.0,0.0
SLD12268,4.0,0.0
SLD12269,12.0,0.0
SLD12270,10.0,0.0
SLD12271,9.0,0.0
SLD12272,8.0,0.0
SLD12273,9.0,0.0
SLD12274,12.0,0.0
SLD12275,12.0,0.0
SLD12276,8.0,0.0
SLD12277,12.0,0.0
SLD12278,2.0,0.0
SLD12279,10.0,0.0
SLD12280,8.0,0.0
SLD12281,12.0,0.0
SLD12282,12.0,0.0
SLD12283,10.0,0.0
SLD12284,12.0,0.0
SLD12285,4.0,0.0
SLD12286,2.0,0.0
SLD12287,8.0,0.0
SLD12288,8.0,0.0
SLD12289,12.0,0.0
SLD12290,12.0,0.0
SLD12291,2.0,0.0
SLD12292,11.0,0.0
SLD12293,12.0,0.0
SLD12294,9.0,0.0
SLD12295,9.0,0.0
SLD12296,14.0,0.0
SLD12297,2.0,0.0
SLD12298,12.0,0.0
SLD12299,12.0,0.0
SLD12300,12.0,0.0
SLD12301,9.0,0.0
SLD12302,12.0,0.0
SLD12303,12.0,0.0
SLD12304,10.0,0.0
SLD12305,12.0,0.0
SLD12306,11.0,0.0
SLD12307,14.0,0.0
SLD12308,9.0,0.0
SLD12309,9.0,0.0
SLD12310,12.0,0.0
SLD12311,9.0,0.0
SLD12312,9.0,0.0
SLD12313,8.0,0.0
SLD12314,8.0,0.0
SLD12315,14.0,0.0
SLD12316,12.0,0.0
SLD12317,8.0,0.0
SLD12318,12.0,0.0
SLD12319,12.0,0.0
SLD12320,8.0,0.0
SLD12321,12.0,0.0
SLD12322,8.0,0.0
SLD12323,10.0,0.0
SLD12324,8.0,0.0
SLD12325,12.0,0.0
SLD12326,12.0,0.0
SLD12327,9.0,0.0
SLD12328,14.0,0.0
SLD12329,12.0,0.0
SLD12330,12.0,0.0
SLD12331,9.0,0.0
SLD12332,12.0,0.0
SLD12333,8.0,0.0
SLD12334,8.0,0.0
SLD12335,12.0,0.0
SLD12336,12.0,0.0
SLD12337,9.0,0.0
SLD12338,12.0,0.0
SLD12339,10.0,0.0
SLD12340,9.0,0.0
SLD12341,9.0,0.0
SLD12342,9.0,0.0
SLD12343,14.0,0.0
SLD12344,9.0,0.0
SLD12345,2.0,0.0
SLD12346,9.0,0.0
SLD12347,8.0,0.0
SLD12348,8.0,0.0
SLD12349,4.0,0.0
SLD12350,12.0,0.0
SLD12351,12.0,0.0
SLD12352,8.0,0.0
SLD12353,12.0,0.0
SLD12354,10.0,0.0
SLD12355,9.0,0.0
SLD12356,10.0,0.0
SLD12357,12.0,0.0
SLD12358,12.0,0.0
SLD12359,2.0,0.0
SLD12360,2.0,0.0
SLD12361,12.0,0.0
SLD12362,8.0,0.0
SLD12363,12.0,0.0
SLD12364,12.0,0.0
SLD12365,12.0,0.0
SLD12366,8.0,0.0
SLD12367,14.0,0.0
SLD12368,12.0,0.0
SLD12369,14.0,0.0
SLD12370,2.0,0.0
SLD12371,9.0,0.0
SLD12372,9.0,0.0
SLD12373,2.0,0.0
SLD12374,9.0,0.0
SLD12375,12.0,0.0
SLD12376,8.0,0.0
SLD12377,9.0,0.0
SLD12378,8.0,0.0
SLD12379,9.0,0.0
SLD12380,12.0,0.0
SLD12381,14.0,0.0
SLD12382,14.0,0.0
SLD12383,2.0,0.0
SLD12384,12.0,0.0
SLD12385,9.0,0.0
SLD12386,14.0,0.0
SLD12387,14.0,0.0
SLD12388,14.0,0.0
SLD12389,12.0,0.0
SLD12390,12.0,0.0
SLD12391,12.0,0.0
SLD12392,12.0,0.0
SLD12393,9.0,0.0
SLD12394,2.0,0.0
SLD12395,8.0,0.0
SLD12396,8.0,0.0
SLD12397,8.0,0.0
SLD12398,12.0,0.0
SLD12399,12.0,0.0
SLD12400,8.0,0.0
SLD12401,12.0,0.0
SLD12402,9.0,0.0
SLD12403,9.0,0.0
SLD12404,2.0,0.0
SLD12405,12.0,0.0
SLD12406,14.0,0.0
SLD12407,12.0,0.0
SLD12408,12.0,0.0
SLD12409,10.0,0.0
SLD12410,9.0,0.0
SLD12411,14.0,0.0
SLD12412,9.0,0.0
SLD12413,12.0,0.0
SLD12414,12.0,0.0
SLD12415,9.0,0.0
SLD12416,8.0,0.0
SLD12417,8.0,0.0
SLD12418,12.0,0.0
SLD12419,12.0,0.0
SLD12420,9.0,0.0
SLD12421,14.0,0.0
SLD12422,2.0,0.0
SLD12423,9.0,0.0
SLD12424,10.0,0.0
SLD12425,12.0,0.0
SLD12426,8.0,0.0
SLD12427,4.0,0.0
SLD12428,8.0,0.0
SLD12429,2.0,0.0
SLD12430,8.0,0.0
SLD12431,12.0,0.0
SLD12432,8.0,0.0
SLD12433,13.0,9.0
SLD12434,8.0,0.0
SLD12435,14.0,0.0
SLD12436,12.0,0.0
SLD12437,12.0,0.0
SLD12438,12.0,0.0
SLD12439,12.0,0.0
SLD12440,12.0,0.0
SLD12441,14.0,0.0
SLD12442,2.0,0.0
SLD12443,12.0,0.0
SLD12444,10.0,0.0
SLD12445,12.0,0.0
SLD12446,12.0,0.0
SLD12447,8.0,0.0
SLD12448,12.0,0.0
SLD12449,2.0,0.0
SLD12450,8.0,0.0
SLD12451,2.0,0.0
SLD12452,9.0,0.0
SLD12453,8.0,0.0
SLD12454,12.0,0.0
SLD12455,14.0,0.0
SLD12456,12.0,0.0
SLD12457,14.0,0.0
SLD12458,12.0,0.0
SLD12459,12.0,0.0
SLD12460,2.0,0.0
SLD12461,12.0,0.0
SLD12462,12.0,0.0
SLD12463,9.0,0.0
SLD12464,12.0,0.0
SLD12465,12.0,0.0
SLD12466,4.0,0.0
SLD12467,12.0,0.0
SLD12468,12.0,0.0
SLD12469,17.0,4.0
SLD12470,14.0,0.0
SLD12471,8.0,0.0
SLD12472,8.0,0.0
SLD12473,8.0,0.0
SLD12474,12.0,0.0
SLD12475,12.0,0.0
SLD12476,12.0,0.0
SLD12477,8.0,0.0
SLD12478,12.0,0.0
SLD12479,12.0,0.0
SLD12480,8.0,0.0
SLD12481,12.0,0.0
SLD12482,12.0,0.0
SLD12483,12.0,0.0
SLD12484,12.0,0.0
SLD12485,2.0,0.0
SLD12486,12.0,0.0
SLD12487,2.0,0.0
SLD12488,9.0,0.0
SLD12489,10.0,0.0
SLD12490,12.0,0.0
SLD12491,12.0,0.0
SLD12492,13.0,9.0
SLD12493,2.0,0.0
SLD12494,14.0,0.0
SLD12495,12.0,0.0
SLD12496,9.0,0.0
SLD12497,12.0,0.0
SLD12498,12.0,0.0
SLD12499,8.0,0.0
SLD12500,8.0,0.0
SLD12501,4.0,0.0
SLD12502,13.0,9.0
SLD12503,12.0,0.0
SLD12504,8.0,0.0
SLD12505,8.0,0.0
SLD12506,9.0,0.0
SLD12507,2.0,0.0
SLD12508,12.0,0.0
SLD12509,12.0,0.0
SLD12510,9.0,0.0
SLD12511,2.0,0.0
SLD12512,8.0,0.0
SLD12513,2.0,0.0
SLD12514,2.0,0.0
SLD12515,12.0,0.0
SLD12516,8.0,0.0
SLD12517,9.0,0.0
SLD12518,2.0,0.0
SLD12519,14.0,0.0
SLD12520,2.0,0.0
SLD12521,12.0,0.0
SLD12522,12.0,0.0
SLD12523,12.0,0.0
SLD12524,10.0,0.0
SLD12525,5.0,0.0
SLD12526,12.0,0.0
SLD12527,12.0,0.0
SLD12528,12.0,0.0
SLD12529,12.0,0.0
SLD12530,12.0,0.0
SLD12531,12.0,0.0
SLD12532,14.0,0.0
SLD12533,12.0,0.0
SLD12534,8.0,0.0
SLD12535,12.0,0.0
SLD12536,12.0,0.0
SLD12537,12.0,0.0
SLD12538,12.0,0.0
SLD12539,10.0,0.0
SLD12540,12.0,0.0
SLD12541,12.0,0.0
SLD12542,9.0,0.0
SLD12543,12.0,0.0
SLD12544,8.0,0.0
SLD12545,8.0,0.0
SLD12546,12.0,0.0
SLD12547,12.0,0.0
SLD12548,10.0,0.0
SLD12549,8.0,0.0
SLD12550,2.0,0.0
SLD12551,12.0,0.0
SLD12552,2.0,0.0
SLD12553,12.0,0.0
SLD12554,2.0,0.0
SLD12555,2.0,0.0
SLD12556,12.0,0.0
SLD12557,8.0,0.0
SLD12558,12.0,0.0
SLD12559,10.0,0.0
SLD12560,8.0,0.0
SLD12561,14.0,0.0
SLD12562,14.0,0.0
SLD12563,12.0,0.0
SLD12564,2.0,0.0
SLD12565,8.0,0.0
SLD12566,9.0,0.0
SLD12567,8.0,0.0
SLD12568,12.0,0.0
SLD12569,2.0,0.0
SLD12570,2.0,0.0
SLD12571,8.0,0.0
SLD12572,5.0,0.0
SLD12573,9.0,0.0
SLD12574,12.0,0.0
SLD12575,9.0,0.0
SLD12576,14.0,0.0
SLD12577,12.0,0.0
SLD12578,2.0,0.0
SLD12579,2.0,0.0
SLD12580,8.0,0.0
SLD12581,2.0,0.0
SLD12582,12.0,0.0
SLD12583,10.0,0.0
SLD12584,12.0,0.0
SLD12585,8.0,0.0
SLD12586,12.0,0.0
SLD12587,12.0,0.0
SLD12588,12.0,0.0
SLD12589,12.0,0.0
SLD12590,12.0,0.0
SLD12591,9.0,0.0
SLD12592,8.0,0.0
SLD12593,4.0,0.0
SLD12594,12.0,0.0
SLD12595,4.0,0.0
SLD12596,12.0,0.0
SLD12597,12.0,0.0
SLD12598,12.0,0.0
SLD12599,2.0,0.0
SLD12600,12.0,0.0
SLD12601,12.0,0.0
SLD12602,4.0,0.0
SLD12603,9.0,0.0
SLD12604,12.0,0.0
SLD12605,14.0,0.0
SLD12606,12.0,0.0
SLD12607,12.0,0.0
SLD12608,9.0,0.0
SLD12609,12.0,0.0
SLD12610,12.0,0.0
SLD12611,12.0,0.0
SLD12612,9.0,0.0
SLD12613,8.0,0.0
SLD12614,12.0,0.0
SLD12615,9.0,0.0
SLD12616,2.0,0.0
SLD12617,14.0,0.0
SLD12618,2.0,0.0
SLD12619,8.0,0.0
SLD12620,12.0,0.0
SLD12621,9.0,0.0
SLD12622,10.0,0.0
SLD12623,8.0,0.0
SLD12624,4.0,0.0
SLD12625,12.0,0.0
SLD12626,2.0,0.0
SLD12627,12.0,0.0
SLD12628,12.0,0.0
SLD12629,12.0,0.0
SLD12630,2.0,0.0
SLD12631,8.0,0.0
SLD12632,2.0,0.0
SLD12633,2.0,0.0
SLD12634,12.0,0.0
SLD12635,12.0,0.0
SLD12636,5.0,0.0
SLD12637,8.0,0.0
SLD12638,12.0,0.0
SLD12639,2.0,0.0
SLD12640,12.0,0.0
SLD12641,12.0,0.0
SLD12642,12.0,0.0
SLD12643,14.0,0.0
SLD12644,9.0,0.0
SLD12645,12.0,0.0
SLD12646,12.0,0.0
SLD12647,9.0,0.0
SLD12648,12.0,0.0
SLD12649,2.0,0.0
SLD12650,8.0,0.0
SLD12651,4.0,0.0
SLD12652,2.0,0.0
SLD12653,8.0,0.0
SLD12654,13.0,0.0
SLD12655,8.0,0.0
SLD12656,12.0,0.0
SLD12657,12.0,0.0
SLD12658,10.0,0.0
SLD12659,8.0,0.0
SLD12660,10.0,0.0
SLD12661,12.0,0.0
SLD12662,12.0,0.0
SLD12663,12.0,0.0
SLD12664,8.0,0.0
SLD12665,2.0,0.0
SLD12666,12.0,0.0
SLD12667,9.0,0.0
SLD12668,17.0,2.0
SLD12669,2.0,0.0
SLD12670,14.0,0.0
SLD12671,8.0,0.0
SLD12672,14.0,0.0
SLD12673,2.0,0.0
SLD12674,9.0,0.0
SLD12675,12.0,0.0
SLD12676,8.0,0.0
SLD12677,10.0,0.0
SLD12678,12.0,0.0
SLD12679,8.0,0.0
SLD12680,12.0,0.0
SLD12681,10.0,0.0
SLD12682,10.0,0.0
SLD12683,9.0,0.0
SLD12684,8.0,0.0
SLD12685,9.0,0.0
SLD12686,12.0,0.0
SLD12687,12.0,0.0
SLD12688,8.0,0.0
SLD12689,14.0,0.0
SLD12690,12.0,0.0
SLD12691,12.0,0.0
SLD12692,12.0,0.0
SLD12693,12.0,0.0
SLD12694,8.0,0.0
SLD12695,12.0,0.0
SLD12696,9.0,0.0
SLD12697,8.0,0.0
SLD12698,2.0,0.0
SLD12699,12.0,0.0
SLD12700,9.0,0.0
SLD12701,10.0,0.0
SLD12702,8.0,0.0
SLD12703,8.0,0.0
SLD12704,9.0,0.0
SLD12705,8.0,0.0
SLD12706,2.0,0.0
SLD12707,9.0,0.0
SLD12708,8.0,0.0
SLD12709,8.0,0.0
SLD12710,9.0,0.0
SLD12711,12.0,0.0
SLD12712,12.0,0.0
SLD12713,10.0,0.0
SLD12714,12.0,0.0
SLD12715,8.0,0.0
SLD12716,12.0,0.0
SLD12717,9.0,0.0
SLD12718,12.0,0.0
SLD12719,14.0,0.0
SLD12720,8.0,0.0
SLD12721,2.0,0.0
SLD12722,8.0,0.0
SLD12723,9.0,0.0
SLD12724,9.0,0.0
SLD12725,2.0,0.0
SLD12726,2.0,0.0
SLD12727,8.0,0.0
SLD12728,2.0,0.0
SLD12729,4.0,0.0
SLD12730,14.0,0.0
SLD12731,14.0,0.0
SLD12732,9.0,0.0
SLD12733,12.0,0.0
SLD12734,12.0,0.0
SLD12735,9.0,0.0
SLD12736,17.0,2.0
SLD12737,2.0,0.0
SLD12738,12.0,0.0
SLD12739,12.0,0.0
SLD12740,9.0,0.0
SLD12741,2.0,0.0
SLD12742,12.0,0.0
SLD12743,12.0,0.0
SLD12744,12.0,0.0
SLD12745,14.0,0.0
SLD12746,14.0,0.0
SLD12747,12.0,0.0
SLD12748,12.0,0.0
SLD12749,9.0,0.0
SLD12750,12.0,0.0
SLD12751,8.0,0.0
SLD12752,4.0,0.0
SLD12753,9.0,0.0
SLD12754,2.0,0.0
SLD12755,9.0,0.0
SLD12756,8.0,0.0
SLD12757,12.0,0.0
SLD12758,2.0,0.0
SLD12759,12.0,0.0
SLD12760,2.0,0.0
SLD12761,10.0,0.0
SLD12762,9.0,0.0
SLD12763,2.0,0.0
SLD12764,12.0,0.0
SLD12765,12.0,0.0
SLD12766,9.0,0.0
SLD12767,12.0,0.0
SLD12768,9.0,0.0
SLD12769,12.0,0.0
SLD12770,2.0,0.0
SLD12771,4.0,0.0
SLD12772,9.0,0.0
SLD12773,12.0,0.0
SLD12774,12.0,0.0
SLD12775,13.0,9.0
SLD12776,9.0,0.0
SLD12777,2.0,0.0
SLD12778,9.0,0.0
SLD12779,12.0,0.0
SLD12780,14.0,0.0
SLD12781,14.0,0.0
SLD12782,14.0,0.0
SLD12783,14.0,0.0
SLD12784,9.0,0.0
SLD12785,2.0,0.0
SLD12786,14.0,0.0
SLD12787,2.0,0.0
SLD12788,12.0,0.0
SLD12789,12.0,0.0
SLD12790,12.0,0.0
SLD12791,12.0,0.0
SLD12792,2.0,0.0
SLD12793,10.0,0.0
SLD12794,12.0,0.0
SLD12795,12.0,0.0
SLD12796,8.0,0.0
SLD12797,9.0,0.0
SLD12798,8.0,0.0
SLD12799,12.0,0.0
SLD12800,8.0,0.0
SLD12801,2.0,0.0
SLD12802,5.0,0.0
SLD12803,14.0,0.0
SLD12804,2.0,0.0
SLD12805,12.0,0.0
SLD12806,14.0,0.0
SLD12807,8.0,0.0
SLD12808,14.0,0.0
SLD12809,12.0,0.0
SLD12810,10.0,0.0
SLD12811,10.0,0.0
SLD12812,14.0,0.0
SLD12813,14.0,0.0
SLD12814,12.0,0.0
SLD12815,12.0,0.0
SLD12816,12.0,0.0
SLD12817,12.0,0.0
SLD12818,12.0,0.0
SLD12819,8.0,0.0
SLD12820,4.0,0.0
SLD12821,14.0,0.0
SLD12822,12.0,0.0
SLD12823,12.0,0.0
SLD12824,2.0,0.0
SLD12825,2.0,0.0
SLD12826,9.0,0.0
SLD12827,12.0,0.0
SLD12828,12.0,0.0
SLD12829,2.0,0.0
SLD12830,12.0,0.0
SLD12831,8.0,0.0
SLD12832,8.0,0.0
SLD12833,2.0,0.0
SLD12834,8.0,0.0
SLD12835,12.0,0.0
SLD12836,2.0,0.0
SLD12837,12.0,0.0
SLD12838,9.0,0.0
SLD12839,12.0,0.0
SLD12840,14.0,0.0
SLD12841,10.0,0.0
SLD12842,12.0,0.0
SLD12843,8.0,0.0
SLD12844,14.0,0.0
SLD12845,9.0,0.0
SLD12846,12.0,0.0
SLD12847,9.0,0.0
SLD12848,8.0,0.0
SLD12849,8.0,0.0
SLD12850,8.0,0.0
SLD12851,8.0,0.0
SLD12852,2.0,0.0
SLD12853,8.0,0.0
SLD12854,12.0,0.0
SLD12855,12.0,0.0
SLD12856,9.0,0.0
SLD12857,8.0,0.0
SLD12858,9.0,0.0
SLD12859,2.0,0.0
SLD12860,12.0,0.0
SLD12861,9.0,0.0
SLD12862,14.0,0.0
SLD12863,8.0,0.0
SLD12864,8.0,0.0
SLD12865,12.0,0.0
SLD12866,4.0,0.0
SLD12867,12.0,0.0
SLD12868,12.0,0.0
SLD12869,2.0,0.0
SLD12870,12.0,0.0
SLD12871,2.0,0.0
SLD12872,8.0,0.0
SLD12873,12.0,0.0
SLD12874,12.0,0.0
SLD12875,14.0,0.0
SLD12876,2.0,0.0
SLD12877,9.0,0.0
SLD12878,12.0,0.0
SLD12879,9.0,0.0
SLD12880,2.0,0.0
SLD12881,2.0,0.0
SLD12882,9.0,0.0
SLD12883,8.0,0.0
SLD12884,9.0,0.0
SLD12885,12.0,0.0
SLD12886,2.0,0.0
SLD12887,8.0,0.0
SLD12888,4.0,0.0
SLD12889,2.0,0.0
SLD12890,12.0,0.0
SLD12891,8.0,0.0
SLD12892,9.0,0.0
SLD12893,12.0,0.0
SLD12894,2.0,0.0
SLD12895,14.0,0.0
SLD12896,9.0,0.0
SLD12897,8.0,0.0
SLD12898,17.0,4.0
SLD12899,8.0,0.0
SLD12900,12.0,0.0
SLD12901,9.0,0.0
SLD12902,8.0,0.0
SLD12903,2.0,0.0
SLD12904,2.0,0.0
SLD12905,2.0,0.0
SLD12906,12.0,0.0
SLD12907,8.0,0.0
SLD12908,8.0,0.0
SLD12909,2.0,0.0
SLD12910,12.0,0.0
SLD12911,12.0,0.0
SLD12912,14.0,0.0
SLD12913,8.0,0.0
SLD12914,9.0,0.0
SLD12915,12.0,0.0
SLD12916,2.0,0.0
SLD12917,9.0,0.0
SLD12918,4.0,0.0
SLD12919,9.0,0.0
SLD12920,14.0,0.0
SLD12921,2.0,0.0
SLD12922,12.0,0.0
SLD12923,12.0,0.0
SLD12924,12.0,0.0
SLD12925,2.0,0.0
SLD12926,13.0,9.0
SLD12927,14.0,0.0
SLD12928,9.0,0.0
SLD12929,4.0,0.0
SLD12930,12.0,0.0
SLD12931,12.0,0.0
SLD12932,9.0,0.0
SLD12933,12.0,0.0
SLD12934,12.0,0.0
SLD12935,8.0,0.0
SLD12936,9.0,0.0
SLD12937,2.0,0.0
SLD12938,14.0,0.0
SLD12939,12.0,0.0
SLD12940,2.0,0.0
SLD12941,12.0,0.0
SLD12942,9.0,0.0
SLD12943,5.0,0.0
SLD12944,12.0,0.0
SLD12945,9.0,0.0
SLD12946,12.0,0.0
SLD12947,8.0,0.0
SLD12948,12.0,0.0
SLD12949,14.0,0.0
SLD12950,12.0,0.0
SLD12951,8.0,0.0
SLD12952,12.0,0.0
SLD12953,12.0,0.0
SLD12954,5.0,0.0
SLD12955,2.0,0.0
SLD12956,9.0,0.0
SLD12957,12.0,0.0
SLD12958,12.0,0.0
SLD12959,12.0,0.0
SLD12960,12.0,0.0
SLD12961,14.0,0.0
SLD12962,12.0,0.0
SLD12963,14.0,0.0
SLD12964,12.0,0.0
SLD12965,8.0,0.0
SLD12966,14.0,0.0
SLD12967,8.0,0.0
SLD12968,8.0,0.0
SLD12969,12.0,0.0
SLD12970,10.0,0.0
SLD12971,12.0,0.0
SLD12972,8.0,0.0
SLD12973,9.0,0.0
SLD12974,9.0,0.0
SLD12975,14.0,0.0
SLD12976,2.0,0.0
SLD12977,8.0,0.0
SLD12978,12.0,0.0
SLD12979,14.0,0.0
SLD12980,12.0,0.0
SLD12981,12.0,0.0
SLD12982,2.0,0.0
SLD12983,9.0,0.0
SLD12984,2.0,0.0
SLD12985,9.0,0.0
SLD12986,9.0,0.0
SLD12987,12.0,0.0
SLD12988,8.0,0.0
SLD12989,2.0,0.0
SLD12990,12.0,0.0
SLD12991,12.0,0.0
SLD12992,9.0,0.0
SLD12993,12.0,0.0
SLD12994,12.0,0.0
SLD12995,14.0,0.0
SLD12996,12.0,0.0
SLD12997,10.0,0.0
SLD12998,4.0,0.0
SLD12999,13.0,0.0
SLD13000,12.0,0.0
SLD13001,14.0,0.0
SLD13002,12.0,0.0
SLD13003,8.0,0.0
SLD13004,9.0,0.0
SLD13005,2.0,0.0
SLD13006,12.0,0.0
SLD13007,12.0,0.0
SLD13008,12.0,0.0
SLD13009,2.0,0.0
SLD13010,9.0,0.0
SLD13011,12.0,0.0
SLD13012,14.0,0.0
SLD13013,8.0,0.0
SLD13014,8.0,0.0
SLD13015,12.0,0.0
SLD13016,14.0,0.0
SLD13017,8.0,0.0
SLD13018,12.0,0.0
SLD13019,12.0,0.0
SLD13020,12.0,0.0
SLD13021,12.0,0.0
SLD13022,12.0,0.0
SLD13023,2.0,0.0
SLD13024,9.0,0.0
SLD13025,8.0,0.0
SLD13026,8.0,0.0
SLD13027,12.0,0.0
SLD13028,12.0,0.0
SLD13029,12.0,0.0
SLD13030,12.0,0.0
SLD13031,12.0,0.0
SLD13032,12.0,0.0
SLD13033,14.0,0.0
SLD13034,12.0,0.0
SLD13035,12.0,0.0
SLD13036,8.0,0.0
SLD13037,12.0,0.0
SLD13038,13.0,9.0
SLD13039,14.0,0.0
SLD13040,2.0,0.0
SLD13041,9.0,0.0
SLD13042,12.0,0.0
SLD13043,8.0,0.0
SLD13044,9.0,0.0
SLD13045,14.0,0.0
SLD13046,13.0,0.0
SLD13047,14.0,0.0
SLD13048,2.0,0.0
SLD13049,12.0,0.0
SLD13050,14.0,0.0
SLD13051,5.0,0.0
SLD13052,9.0,0.0
SLD13053,2.0,0.0
SLD13054,8.0,0.0
SLD13055,12.0,0.0
SLD13056,10.0,0.0
SLD13057,8.0,0.0
SLD13058,9.0,0.0
SLD13059,6.0,0.0
SLD13060,10.0,0.0
SLD13061,2.0,0.0
SLD13062,12.0,0.0
SLD13063,9.0,0.0
SLD13064,2.0,0.0
SLD13065,12.0,0.0
SLD13066,12.0,0.0
SLD13067,8.0,0.0
SLD13068,12.0,0.0
SLD13069,14.0,0.0
SLD13070,8.0,0.0
SLD13071,4.0,0.0
SLD13072,12.0,0.0
SLD13073,4.0,0.0
SLD13074,10.0,0.0
SLD13075,8.0,0.0
SLD13076,8.0,0.0
SLD13077,8.0,0.0
SLD13078,9.0,0.0
SLD13079,12.0,0.0
SLD13080,8.0,0.0
SLD13081,14.0,0.0
SLD13082,12.0,0.0
SLD13083,12.0,0.0
SLD13084,12.0,0.0
SLD13085,2.0,0.0
SLD13086,4.0,0.0
SLD13087,12.0,0.0
SLD13088,2.0,0.0
SLD13089,12.0,0.0
SLD13090,8.0,0.0
SLD13091,8.0,0.0
SLD13092,12.0,0.0
SLD13093,14.0,0.0
SLD13094,12.0,0.0
SLD13095,14.0,0.0
SLD13096,2.0,0.0
SLD13097,9.0,0.0
SLD13098,12.0,0.0
SLD13099,10.0,0.0
SLD13100,12.0,0.0
SLD13101,2.0,0.0
SLD13102,12.0,0.0
SLD13103,8.0,0.0
SLD13104,9.0,0.0
SLD13105,2.0,0.0
SLD13106,8.0,0.0
SLD13107,12.0,0.0
SLD13108,12.0,0.0
SLD13109,8.0,0.0
SLD13110,9.0,0.0
SLD13111,9.0,0.0
SLD13112,2.0,0.0
SLD13113,12.0,0.0
SLD13114,12.0,0.0
SLD13115,8.0,0.0
SLD13116,8.0,0.0
SLD13117,9.0,0.0
SLD13118,12.0,0.0
SLD13119,12.0,0.0
SLD13120,12.0,0.0
SLD13121,8.0,0.0
SLD13122,2.0,0.0
SLD13123,12.0,0.0
SLD13124,8.0,0.0
SLD13125,2.0,0.0
SLD13126,10.0,2.0
SLD13127,12.0,0.0
SLD13128,2.0,0.0
SLD13129,17.0,4.0
SLD13130,12.0,0.0
SLD13131,12.0,0.0
SLD13132,9.0,0.0
SLD13133,14.0,0.0
SLD13134,12.0,0.0
SLD13135,14.0,0.0
SLD13136,17.0,0.0
SLD13137,5.0,0.0
SLD13138,8.0,0.0
SLD13139,12.0,0.0
SLD13140,8.0,0.0
SLD13141,12.0,0.0
SLD13142,2.0,0.0
SLD13143,12.0,0.0
SLD13144,12.0,0.0
SLD13145,12.0,0.0
SLD13146,13.0,9.0
SLD13147,12.0,0.0
SLD13148,9.0,0.0
SLD13149,10.0,0.0
SLD13150,10.0,0.0
SLD13151,12.0,0.0
SLD13152,8.0,0.0
SLD13153,12.0,0.0
SLD13154,12.0,0.0
SLD13155,10.0,0.0
SLD13156,9.0,0.0
SLD13157,8.0,0.0
SLD13158,2.0,0.0
SLD13159,10.0,0.0
SLD13160,12.0,0.0
SLD13161,12.0,0.0
SLD13162,8.0,0.0
SLD13163,9.0,0.0
SLD13164,9.0,0.0
SLD13165,8.0,0.0
SLD13166,12.0,0.0
SLD13167,2.0,0.0
SLD13168,2.0,0.0
SLD13169,2.0,0.0
SLD13170,14.0,0.0
SLD13171,8.0,0.0
SLD13172,8.0,0.0
SLD13173,12.0,0.0
SLD13174,12.0,0.0
SLD13175,12.0,0.0
SLD13176,10.0,0.0
SLD13177,14.0,0.0
SLD13178,8.0,0.0
SLD13179,9.0,0.0
SLD13180,12.0,0.0
SLD13181,2.0,0.0
SLD13182,5.0,0.0
SLD13183,8.0,0.0
SLD13184,8.0,0.0
SLD13185,11.0,2.0
SLD13186,8.0,0.0
SLD13187,9.0,0.0
SLD13188,14.0,0.0
SLD13189,12.0,0.0
SLD13190,4.0,0.0
SLD13191,12.0,0.0
SLD13192,12.0,0.0
SLD13193,12.0,0.0
SLD13194,12.0,0.0
SLD13195,9.0,0.0
SLD13196,2.0,0.0
SLD13197,12.0,0.0
SLD13198,12.0,0.0
SLD13199,14.0,0.0
SLD13200,8.0,0.0
SLD13201,12.0,0.0
SLD13202,2.0,0.0
SLD13203,8.0,0.0
SLD13204,9.0,0.0
SLD13205,12.0,0.0
SLD13206,2.0,0.0
SLD13207,9.0,0.0
SLD13208,9.0,0.0
SLD13209,4.0,0.0
SLD13210,2.0,0.0
SLD13211,2.0,0.0
SLD13212,2.0,0.0
SLD13213,12.0,0.0
SLD13214,9.0,0.0
SLD13215,8.0,0.0
SLD13216,9.0,0.0
SLD13217,4.0,0.0
SLD13218,12.0,0.0
SLD13219,4.0,0.0
SLD13220,12.0,0.0
SLD13221,8.0,0.0
SLD13222,12.0,0.0
SLD13223,12.0,0.0
SLD13224,14.0,0.0
SLD13225,2.0,0.0
SLD13226,10.0,0.0
SLD13227,12.0,0.0
SLD13228,9.0,0.0
SLD13229,12.0,0.0
SLD13230,12.0,0.0
SLD13231,10.0,0.0
SLD13232,12.0,0.0
SLD13233,12.0,0.0
SLD13234,9.0,0.0
SLD13235,12.0,0.0
SLD13236,12.0,0.0
SLD13237,12.0,0.0
SLD13238,9.0,0.0
SLD13239,12.0,0.0
SLD13240,12.0,0.0
SLD13241,12.0,0.0
SLD13242,5.0,0.0
SLD13243,2.0,0.0
SLD13244,14.0,0.0
SLD13245,12.0,0.0
SLD13246,8.0,0.0
SLD13247,2.0,0.0
SLD13248,9.0,0.0
SLD13249,12.0,0.0
SLD13250,9.0,0.0
SLD13251,2.0,0.0
SLD13252,10.0,0.0
SLD13253,8.0,0.0
SLD13254,2.0,0.0
SLD13255,4.0,0.0
SLD13256,5.0,0.0
SLD13257,12.0,0.0
SLD13258,11.0,0.0
SLD13259,12.0,0.0
SLD13260,12.0,0.0
SLD13261,12.0,0.0
SLD13262,10.0,0.0
SLD13263,8.0,0.0
SLD13264,2.0,0.0
SLD13265,9.0,0.0
SLD13266,2.0,0.0
SLD13267,12.0,0.0
SLD13268,2.0,0.0
SLD13269,12.0,0.0
SLD13270,12.0,0.0
SLD13271,8.0,0.0
SLD13272,2.0,0.0
SLD13273,8.0,0.0
SLD13274,8.0,0.0
SLD13275,12.0,0.0
SLD13276,9.0,0.0
SLD13277,8.0,0.0
SLD13278,9.0,0.0
SLD13279,8.0,0.0
SLD13280,8.0,0.0
SLD13281,2.0,0.0
SLD13282,12.0,0.0
SLD13283,14.0,0.0
SLD13284,8.0,0.0
SLD13285,2.0,0.0
SLD13286,2.0,0.0
SLD13287,9.0,0.0
SLD13288,2.0,0.0
SLD13289,12.0,0.0
SLD13290,8.0,0.0
SLD13291,5.0,0.0
SLD13292,12.0,0.0
SLD13293,12.0,0.0
SLD13294,2.0,0.0
SLD13295,14.0,0.0
SLD13296,12.0,0.0
SLD13297,12.0,0.0
SLD13298,2.0,0.0
SLD13299,9.0,0.0
SLD13300,8.0,0.0
SLD13301,9.0,0.0
SLD13302,14.0,0.0
SLD13303,12.0,0.0
SLD13304,14.0,0.0
SLD13305,9.0,0.0
SLD13306,14.0,0.0
SLD13307,12.0,0.0
SLD13308,2.0,0.0
SLD13309,12.0,0.0
SLD13310,4.0,0.0
SLD13311,12.0,0.0
SLD13312,9.0,0.0
SLD13313,4.0,0.0
SLD13314,12.0,0.0
SLD13315,12.0,0.0
SLD13316,9.0,0.0
SLD13317,8.0,0.0
SLD13318,12.0,0.0
SLD13319,12.0,0.0
SLD13320,11.0,2.0
SLD13321,2.0,0.0
SLD13322,8.0,0.0
SLD13323,14.0,0.0
SLD13324,12.0,0.0
SLD13325,12.0,0.0
SLD13326,14.0,0.0
SLD13327,8.0,0.0
SLD13328,12.0,0.0
SLD13329,8.0,0.0
SLD13330,12.0,0.0
SLD13331,9.0,0.0
SLD13332,17.0,2.0
SLD13333,12.0,0.0
SLD13334,12.0,0.0
SLD13335,12.0,0.0
SLD13336,8.0,0.0
SLD13337,14.0,0.0
SLD13338,5.0,0.0
SLD13339,8.0,0.0
SLD13340,12.0,0.0
SLD13341,12.0,0.0
SLD13342,8.0,0.0
SLD13343,14.0,0.0
SLD13344,12.0,0.0
SLD13345,12.0,0.0
SLD13346,9.0,0.0
SLD13347,9.0,0.0
SLD13348,12.0,0.0
SLD13349,2.0,0.0
SLD13350,8.0,0.0
SLD13351,8.0,0.0
SLD13352,9.0,0.0
SLD13353,12.0,0.0
SLD13354,10.0,0.0
SLD13355,13.0,9.0
SLD13356,4.0,0.0
SLD13357,12.0,0.0
SLD13358,8.0,0.0
SLD13359,12.0,0.0
SLD13360,9.0,0.0
SLD13361,2.0,0.0
SLD13362,10.0,0.0
SLD13363,12.0,0.0
SLD13364,9.0,0.0
SLD13365,12.0,0.0
SLD13366,9.0,0.0
SLD13367,8.0,0.0
SLD13368,12.0,0.0
SLD13369,12.0,0.0
SLD13370,10.0,0.0
SLD13371,8.0,0.0
SLD13372,2.0,0.0
SLD13373,9.0,0.0
SLD13374,5.0,0.0
SLD13375,12.0,0.0
SLD13376,5.0,0.0
SLD13377,12.0,0.0
SLD13378,11.0,0.0
SLD13379,12.0,0.0
SLD13380,12.0,0.0
SLD13381,10.0,0.0
SLD13382,9.0,0.0
SLD13383,10.0,0.0
SLD13384,8.0,0.0
SLD13385,9.0,0.0
SLD13386,9.0,0.0
SLD13387,9.0,0.0
SLD13388,9.0,0.0
SLD13389,8.0,0.0
SLD13390,12.0,0.0
SLD13391,12.0,0.0
SLD13392,8.0,0.0
SLD13393,4.0,0.0
SLD13394,12.0,0.0
SLD13395,12.0,0.0
SLD13396,8.0,0.0
SLD13397,2.0,0.0
SLD13398,12.0,0.0
SLD13399,12.0,0.0
SLD13400,8.0,0.0
SLD13401,12.0,0.0
SLD13402,2.0,0.0
SLD13403,10.0,0.0
SLD13404,8.0,0.0
SLD13405,12.0,0.0
SLD13406,9.0,0.0
SLD13407,9.0,0.0
SLD13408,9.0,0.0
SLD13409,12.0,0.0
SLD13410,9.0,0.0
SLD13411,10.0,0.0
SLD13412,10.0,0.0
SLD13413,8.0,0.0
SLD13414,12.0,0.0
SLD13415,8.0,0.0
SLD13416,12.0,0.0
SLD13417,13.0,9.0
SLD13418,12.0,0.0
SLD13419,8.0,0.0
SLD13420,9.0,0.0
SLD13421,12.0,0.0
SLD13422,2.0,0.0
SLD13423,2.0,0.0
SLD13424,14.0,0.0
SLD13425,10.0,0.0
SLD13426,12.0,0.0
SLD13427,12.0,0.0
SLD13428,2.0,0.0
SLD13429,8.0,0.0
SLD13430,2.0,0.0
SLD13431,12.0,0.0
SLD13432,12.0,0.0
SLD13433,9.0,0.0
SLD13434,2.0,0.0
SLD13435,5.0,0.0
SLD13436,12.0,0.0
SLD13437,8.0,0.0
SLD13438,12.0,0.0
SLD13439,12.0,0.0
SLD13440,12.0,0.0
SLD13441,17.0,4.0
SLD13442,4.0,0.0
SLD13443,12.0,0.0
SLD13444,12.0,0.0
SLD13445,8.0,0.0
SLD13446,10.0,0.0
SLD13447,12.0,0.0
SLD13448,12.0,0.0
SLD13449,14.0,0.0
SLD13450,9.0,0.0
SLD13451,14.0,0.0
SLD13452,12.0,0.0
SLD13453,11.0,0.0
SLD13454,9.0,0.0
SLD13455,8.0,0.0
SLD13456,12.0,0.0
SLD13457,12.0,0.0
SLD13458,2.0,0.0
SLD13459,12.0,0.0
SLD13460,8.0,0.0
SLD13461,9.0,0.0
SLD13462,9.0,0.0
SLD13463,9.0,0.0
SLD13464,4.0,0.0
SLD13465,8.0,0.0
SLD13466,9.0,0.0
SLD13467,2.0,0.0
SLD13468,10.0,0.0
SLD13469,14.0,0.0
SLD13470,8.0,0.0
SLD13471,12.0,0.0
SLD13472,2.0,0.0
SLD13473,2.0,0.0
SLD13474,12.0,0.0
SLD13475,5.0,0.0
SLD13476,9.0,0.0
SLD13477,12.0,0.0
SLD13478,12.0,0.0
SLD13479,12.0,0.0
SLD13480,12.0,0.0
SLD13481,9.0,0.0
SLD13482,9.0,0.0
SLD13483,8.0,0.0
SLD13484,2.0,0.0
SLD13485,9.0,0.0
SLD13486,9.0,0.0
SLD13487,12.0,0.0
SLD13488,8.0,0.0
SLD13489,5.0,0.0
SLD13490,4.0,0.0
SLD13491,14.0,0.0
SLD13492,12.0,0.0
SLD13493,8.0,0.0
SLD13494,12.0,0.0
SLD13495,12.0,0.0
SLD13496,10.0,0.0
SLD13497,8.0,0.0
SLD13498,9.0,0.0
SLD13499,8.0,2.0
SLD13500,12.0,0.0
SLD13501,8.0,0.0
SLD13502,12.0,0.0
SLD13503,9.0,0.0
SLD13504,8.0,0.0
SLD13505,12.0,0.0
SLD13506,8.0,0.0
SLD13507,12.0,0.0
SLD13508,8.0,0.0
SLD13509,10.0,0.0
SLD13510,12.0,0.0
SLD13511,14.0,0.0
SLD13512,12.0,0.0
SLD13513,12.0,0.0
SLD13514,14.0,0.0
SLD13515,8.0,0.0
SLD13516,10.0,0.0
SLD13517,12.0,0.0
SLD13518,14.0,0.0
SLD13519,4.0,0.0
SLD13520,10.0,0.0
SLD13521,8.0,0.0
SLD13522,12.0,0.0
SLD13523,9.0,0.0
SLD13524,12.0,0.0
SLD13525,2.0,0.0
SLD13526,12.0,0.0
SLD13527,9.0,0.0
SLD13528,14.0,0.0
SLD13529,8.0,0.0
SLD13530,2.0,0.0
SLD13531,12.0,0.0
SLD13532,12.0,0.0
SLD13533,8.0,0.0
SLD13534,8.0,0.0
SLD13535,14.0,0.0
SLD13536,8.0,0.0
SLD13537,10.0,0.0
SLD13538,12.0,0.0
SLD13539,17.0,4.0
SLD13540,12.0,0.0
SLD13541,8.0,0.0
SLD13542,2.0,0.0
SLD13543,12.0,0.0
SLD13544,8.0,0.0
SLD13545,2.0,0.0
SLD13546,9.0,0.0
SLD13547,4.0,0.0
SLD13548,8.0,0.0
SLD13549,12.0,0.0
SLD13550,14.0,0.0
SLD13551,2.0,0.0
SLD13552,9.0,0.0
SLD13553,12.0,0.0
SLD13554,13.0,9.0
SLD13555,12.0,0.0
SLD13556,12.0,0.0
SLD13557,12.0,0.0
SLD13558,14.0,0.0
SLD13559,2.0,0.0
SLD13560,12.0,0.0
SLD13561,2.0,0.0
SLD13562,10.0,0.0
SLD13563,9.0,0.0
SLD13564,9.0,0.0
SLD13565,5.0,0.0
SLD13566,12.0,0.0
SLD13567,9.0,0.0
SLD13568,8.0,0.0
SLD13569,2.0,0.0
SLD13570,12.0,0.0
SLD13571,12.0,0.0
SLD13572,5.0,0.0
SLD13573,12.0,0.0
SLD13574,9.0,0.0
SLD13575,12.0,0.0
SLD13576,12.0,0.0
SLD13577,2.0,0.0
SLD13578,13.0,0.0
SLD13579,9.0,0.0
SLD13580,9.0,0.0
SLD13581,12.0,0.0
SLD13582,12.0,0.0
SLD13583,14.0,0.0
SLD13584,12.0,0.0
SLD13585,2.0,0.0
SLD13586,5.0,0.0
SLD13587,8.0,0.0
SLD13588,12.0,0.0
SLD13589,9.0,0.0
SLD13590,2.0,0.0
SLD13591,12.0,0.0
SLD13592,14.0,0.0
SLD13593,12.0,0.0
SLD13594,12.0,0.0
SLD13595,12.0,0.0
SLD13596,2.0,0.0
SLD13597,9.0,0.0
SLD13598,2.0,0.0
SLD13599,2.0,0.0
SLD13600,14.0,0.0
SLD13601,14.0,0.0
SLD13602,12.0,0.0
SLD13603,2.0,0.0
SLD13604,8.0,0.0
SLD13605,5.0,0.0
SLD13606,12.0,0.0
SLD13607,12.0,0.0
SLD13608,12.0,0.0
SLD13609,8.0,0.0
SLD13610,12.0,0.0
SLD13611,12.0,0.0
SLD13612,10.0,0.0
SLD13613,9.0,0.0
SLD13614,12.0,0.0
SLD13615,12.0,0.0
SLD13616,2.0,0.0
SLD13617,12.0,0.0
SLD13618,2.0,0.0
SLD13619,12.0,0.0
SLD13620,9.0,0.0
SLD13621,17.0,4.0
SLD13622,10.0,0.0
SLD13623,9.0,0.0
SLD13624,13.0,9.0
SLD13625,12.0,0.0
SLD13626,12.0,0.0
SLD13627,13.0,9.0
SLD13628,8.0,0.0
SLD13629,8.0,0.0
SLD13630,8.0,0.0
SLD13631,14.0,0.0
SLD13632,9.0,0.0
SLD13633,10.0,0.0
SLD13634,12.0,0.0
SLD13635,2.0,0.0
SLD13636,12.0,0.0
SLD13637,8.0,0.0
SLD13638,14.0,0.0
SLD13639,12.0,0.0
SLD13640,14.0,0.0
SLD13641,8.0,0.0
SLD13642,14.0,0.0
SLD13643,12.0,0.0
SLD13644,14.0,0.0
SLD13645,2.0,0.0
SLD13646,8.0,0.0
SLD13647,12.0,0.0
SLD13648,2.0,0.0
SLD13649,2.0,0.0
SLD13650,12.0,0.0
SLD13651,12.0,0.0
SLD13652,8.0,0.0
SLD13653,4.0,0.0
SLD13654,9.0,0.0
SLD13655,8.0,0.0
SLD13656,10.0,0.0
SLD13657,12.0,0.0
SLD13658,8.0,0.0
SLD13659,2.0,0.0
SLD13660,2.0,0.0
SLD13661,12.0,0.0
SLD13662,2.0,0.0
SLD13663,13.0,9.0
SLD13664,2.0,0.0
SLD13665,9.0,0.0
SLD13666,10.0,0.0
SLD13667,4.0,0.0
SLD13668,10.0,0.0
SLD13669,9.0,0.0
SLD13670,12.0,0.0
SLD13671,6.0,0.0
SLD13672,12.0,0.0
SLD13673,14.0,0.0
SLD13674,8.0,0.0
SLD13675,2.0,0.0
SLD13676,12.0,0.0
SLD13677,12.0,0.0
SLD13678,13.0,0.0
SLD13679,8.0,0.0
SLD13680,12.0,0.0
SLD13681,2.0,0.0
SLD13682,12.0,0.0
SLD13683,12.0,0.0
SLD13684,8.0,0.0
SLD13685,8.0,0.0
SLD13686,9.0,0.0
SLD13687,12.0,0.0
SLD13688,12.0,0.0
SLD13689,2.0,0.0
SLD13690,9.0,0.0
SLD13691,2.0,0.0
SLD13692,9.0,0.0
SLD13693,8.0,0.0
SLD13694,12.0,0.0
SLD13695,12.0,0.0
SLD13696,12.0,0.0
SLD13697,12.0,0.0
SLD13698,2.0,0.0
SLD13699,2.0,0.0
SLD13700,12.0,0.0
SLD13701,13.0,9.0
SLD13702,8.0,0.0
SLD13703,14.0,0.0
SLD13704,12.0,0.0
SLD13705,12.0,0.0
SLD13706,8.0,0.0
SLD13707,2.0,0.0
SLD13708,12.0,0.0
SLD13709,5.0,0.0
SLD13710,14.0,0.0
SLD13711,13.0,9.0
SLD13712,12.0,0.0
SLD13713,12.0,0.0
SLD13714,12.0,0.0
SLD13715,9.0,0.0
SLD13716,12.0,0.0
SLD13717,9.0,0.0
SLD13718,8.0,0.0
SLD13719,4.0,0.0
SLD13720,12.0,0.0
SLD13721,14.0,0.0
SLD13722,12.0,0.0
SLD13723,14.0,0.0
SLD13724,14.0,0.0
SLD13725,2.0,0.0
SLD13726,12.0,0.0
SLD13727,12.0,0.0
SLD13728,12.0,0.0
SLD13729,9.0,0.0
SLD13730,10.0,0.0
SLD13731,9.0,0.0
SLD13732,8.0,0.0
SLD13733,12.0,0.0
SLD13734,9.0,0.0
SLD13735,12.0,0.0
SLD13736,12.0,0.0
SLD13737,8.0,0.0
SLD13738,2.0,0.0
SLD13739,2.0,0.0
SLD13740,8.0,0.0
SLD13741,12.0,0.0
SLD13742,10.0,0.0
SLD13743,2.0,0.0
SLD13744,2.0,0.0
SLD13745,8.0,0.0
SLD13746,8.0,0.0
SLD13747,12.0,0.0
SLD13748,12.0,0.0
SLD13749,12.0,0.0
SLD13750,2.0,0.0
SLD13751,9.0,0.0
SLD13752,2.0,0.0
SLD13753,9.0,0.0
SLD13754,14.0,0.0
SLD13755,2.0,0.0
SLD13756,13.0,9.0
SLD13757,8.0,0.0
SLD13758,10.0,0.0
SLD13759,8.0,0.0
SLD13760,12.0,0.0
SLD13761,4.0,0.0
SLD13762,12.0,0.0
SLD13763,12.0,0.0
SLD13764,2.0,0.0
SLD13765,8.0,0.0
SLD13766,8.0,0.0
SLD13767,2.0,0.0
SLD13768,8.0,0.0
SLD13769,9.0,0.0
SLD13770,12.0,0.0
SLD13771,8.0,0.0
SLD13772,12.0,0.0
SLD13773,12.0,0.0
SLD13774,2.0,0.0
SLD13775,10.0,0.0
SLD13776,9.0,0.0
SLD13777,12.0,0.0
SLD13778,12.0,0.0
SLD13779,14.0,0.0
SLD13780,8.0,0.0
SLD13781,14.0,0.0
SLD13782,8.0,0.0
SLD13783,5.0,0.0
SLD13784,2.0,0.0
SLD13785,9.0,0.0
SLD13786,10.0,0.0
SLD13787,2.0,0.0
SLD13788,2.0,0.0
SLD13789,2.0,0.0
SLD13790,14.0,0.0
SLD13791,9.0,0.0
SLD13792,12.0,0.0
SLD13793,14.0,0.0
SLD13794,9.0,0.0
SLD13795,12.0,0.0
SLD13796,2.0,0.0
SLD13797,9.0,0.0
SLD13798,2.0,0.0
SLD13799,2.0,0.0
SLD13800,8.0,0.0
SLD13801,2.0,0.0
SLD13802,8.0,0.0
SLD13803,14.0,0.0
SLD13804,9.0,0.0
SLD13805,14.0,0.0
SLD13806,12.0,0.0
SLD13807,12.0,0.0
SLD13808,2.0,0.0
SLD13809,2.0,0.0
SLD13810,8.0,0.0
SLD13811,12.0,0.0
SLD13812,12.0,0.0
SLD13813,9.0,0.0
SLD13814,2.0,0.0
SLD13815,12.0,0.0
SLD13816,2.0,0.0
SLD13817,8.0,0.0
SLD13818,12.0,0.0
SLD13819,8.0,0.0
SLD13820,12.0,0.0
SLD13821,8.0,0.0
SLD13822,9.0,0.0
SLD13823,12.0,0.0
SLD13824,12.0,0.0
SLD13825,2.0,0.0
SLD13826,12.0,0.0
SLD13827,14.0,0.0
SLD13828,9.0,0.0
SLD13829,12.0,0.0
SLD13830,12.0,0.0
SLD13831,12.0,0.0
SLD13832,2.0,0.0
SLD13833,12.0,0.0
SLD13834,4.0,0.0
SLD13835,10.0,0.0
SLD13836,8.0,0.0
SLD13837,14.0,0.0
SLD13838,12.0,0.0
SLD13839,12.0,0.0
SLD13840,14.0,0.0
SLD13841,12.0,0.0
SLD13842,12.0,0.0
SLD13843,2.0,0.0
SLD13844,8.0,0.0
SLD13845,12.0,0.0
SLD13846,12.0,0.0
SLD13847,8.0,0.0
SLD13848,5.0,0.0
SLD13849,12.0,0.0
SLD13850,14.0,0.0
SLD13851,2.0,0.0
SLD13852,2.0,0.0
SLD13853,12.0,0.0
SLD13854,9.0,0.0
SLD13855,9.0,0.0
SLD13856,8.0,0.0
SLD13857,2.0,0.0
SLD13858,8.0,0.0
SLD13859,14.0,0.0
SLD13860,10.0,0.0
SLD13861,8.0,0.0
SLD13862,8.0,0.0
SLD13863,12.0,0.0
SLD13864,9.0,0.0
SLD13865,12.0,0.0
SLD13866,9.0,0.0
SLD13867,12.0,0.0
SLD13868,12.0,0.0
SLD13869,8.0,0.0
SLD13870,2.0,0.0
SLD13871,12.0,0.0
SLD13872,12.0,0.0
SLD13873,2.0,0.0
SLD13874,2.0,0.0
SLD13875,9.0,0.0
SLD13876,8.0,0.0
SLD13877,8.0,0.0
SLD13878,12.0,0.0
SLD13879,12.0,0.0
SLD13880,12.0,0.0
SLD13881,12.0,0.0
SLD13882,10.0,0.0
SLD13883,4.0,0.0
SLD13884,12.0,0.0
SLD13885,9.0,0.0
SLD13886,9.0,0.0
SLD13887,8.0,0.0
SLD13888,12.0,0.0
SLD13889,12.0,0.0
SLD13890,12.0,0.0
SLD13891,8.0,0.0
SLD13892,12.0,0.0
SLD13893,12.0,0.0
SLD13894,8.0,0.0
SLD13895,12.0,0.0
SLD13896,2.0,0.0
SLD13897,2.0,0.0
SLD13898,12.0,0.0
SLD13899,14.0,0.0
SLD13900,10.0,0.0
SLD13901,12.0,0.0
SLD13902,2.0,0.0
SLD13903,12.0,0.0
SLD13904,12.0,0.0
SLD13905,8.0,0.0
SLD13906,10.0,0.0
SLD13907,8.0,0.0
SLD13908,14.0,0.0
SLD13909,12.0,0.0
SLD13910,14.0,0.0
SLD13911,12.0,0.0
SLD13912,14.0,0.0
SLD13913,4.0,0.0
SLD13914,14.0,0.0
SLD13915,12.0,0.0
SLD13916,2.0,0.0
SLD13917,13.0,9.0
SLD13918,12.0,0.0
SLD13919,8.0,0.0
SLD13920,14.0,0.0
SLD13921,4.0,0.0
SLD13922,12.0,0.0
SLD13923,14.0,0.0
SLD13924,4.0,0.0
SLD13925,11.0,2.0
SLD13926,12.0,0.0
SLD13927,10.0,0.0
SLD13928,9.0,0.0
SLD13929,12.0,0.0
SLD13930,12.0,0.0
SLD13931,12.0,0.0
SLD13932,12.0,0.0
SLD13933,2.0,0.0
SLD13934,9.0,0.0
SLD13935,12.0,0.0
SLD13936,12.0,0.0
SLD13937,9.0,0.0
SLD13938,12.0,0.0
SLD13939,14.0,0.0
SLD13940,9.0,0.0
SLD13941,8.0,0.0
SLD13942,12.0,0.0
SLD13943,12.0,0.0
SLD13944,8.0,0.0
SLD13945,12.0,0.0
SLD13946,12.0,0.0
SLD13947,12.0,0.0
SLD13948,12.0,0.0
SLD13949,12.0,0.0
SLD13950,12.0,0.0
SLD13951,9.0,0.0
SLD13952,14.0,0.0
SLD13953,12.0,0.0
SLD13954,2.0,0.0
SLD13955,14.0,0.0
SLD13956,5.0,0.0
SLD13957,8.0,0.0
SLD13958,4.0,0.0
SLD13959,12.0,0.0
SLD13960,14.0,0.0
SLD13961,12.0,0.0
SLD13962,12.0,0.0
SLD13963,2.0,0.0
SLD13964,9.0,0.0
SLD13965,12.0,0.0
SLD13966,14.0,0.0
SLD13967,12.0,0.0
SLD13968,8.0,0.0
SLD13969,10.0,0.0
SLD13970,12.0,0.0
SLD13971,12.0,0.0
SLD13972,2.0,0.0
SLD13973,12.0,0.0
SLD13974,12.0,0.0
SLD13975,10.0,0.0
SLD13976,9.0,0.0
SLD13977,9.0,0.0
SLD13978,12.0,0.0
SLD13979,12.0,0.0
SLD13980,2.0,0.0
SLD13981,12.0,0.0
SLD13982,2.0,0.0
SLD13983,2.0,0.0
SLD13984,12.0,0.0
SLD13985,9.0,0.0
SLD13986,9.0,0.0
SLD13987,9.0,0.0
SLD13988,9.0,0.0
SLD13989,8.0,2.0
SLD13990,14.0,0.0
SLD13991,12.0,0.0
SLD13992,10.0,0.0
SLD13993,2.0,0.0
SLD13994,10.0,0.0
SLD13995,12.0,0.0
SLD13996,12.0,0.0
SLD13997,9.0,0.0
SLD13998,8.0,0.0
SLD13999,12.0,0.0
SLD14000,12.0,0.0
SLD14001,12.0,0.0
SLD14002,12.0,0.0
SLD14003,9.0,0.0
SLD14004,14.0,0.0
SLD14005,14.0,0.0
SLD14006,12.0,0.0
SLD14007,9.0,0.0
SLD14008,9.0,0.0
SLD14009,12.0,0.0
SLD14010,12.0,0.0
SLD14011,12.0,0.0
SLD14012,12.0,0.0
SLD14013,2.0,0.0
SLD14014,14.0,0.0
SLD14015,12.0,0.0
SLD14016,12.0,0.0
SLD14017,2.0,0.0
SLD14018,14.0,0.0
SLD14019,8.0,0.0
SLD14020,14.0,0.0
SLD14021,2.0,0.0
SLD14022,9.0,0.0
SLD14023,12.0,0.0
SLD14024,2.0,0.0
SLD14025,12.0,0.0
SLD14026,9.0,0.0
SLD14027,8.0,0.0
SLD14028,10.0,0.0
SLD14029,12.0,0.0
SLD14030,12.0,0.0
SLD14031,2.0,0.0
SLD14032,12.0,0.0
SLD14033,14.0,0.0
SLD14034,2.0,0.0
SLD14035,12.0,0.0
SLD14036,5.0,0.0
SLD14037,4.0,0.0
SLD14038,8.0,0.0
SLD14039,2.0,0.0
SLD14040,12.0,0.0
SLD14041,2.0,0.0
SLD14042,2.0,0.0
SLD14043,12.0,0.0
SLD14044,12.0,0.0
SLD14045,5.0,0.0
SLD14046,10.0,0.0
SLD14047,12.0,0.0
SLD14048,2.0,0.0
SLD14049,12.0,0.0
SLD14050,12.0,0.0
SLD14051,12.0,0.0
SLD14052,8.0,0.0
SLD14053,2.0,0.0
SLD14054,2.0,0.0
SLD14055,12.0,0.0
SLD14056,12.0,0.0
SLD14057,8.0,0.0
SLD14058,12.0,0.0
SLD14059,9.0,0.0
SLD14060,8.0,0.0
SLD14061,10.0,0.0
SLD14062,9.0,0.0
SLD14063,4.0,0.0
SLD14064,8.0,0.0
SLD14065,8.0,0.0
SLD14066,9.0,0.0
SLD14067,12.0,0.0
SLD14068,12.0,0.0
SLD14069,13.0,9.0
SLD14070,11.0,0.0
SLD14071,12.0,0.0
SLD14072,12.0,0.0
SLD14073,12.0,0.0
SLD14074,12.0,0.0
SLD14075,12.0,0.0
SLD14076,12.0,0.0
SLD14077,8.0,0.0
SLD14078,12.0,0.0
SLD14079,8.0,0.0
SLD14080,9.0,0.0
SLD14081,12.0,0.0
SLD14082,12.0,0.0
SLD14083,12.0,0.0
SLD14084,8.0,0.0
SLD14085,14.0,0.0
SLD14086,12.0,0.0
SLD14087,12.0,0.0
SLD14088,9.0,0.0
SLD14089,12.0,0.0
SLD14090,9.0,0.0
SLD14091,13.0,9.0
SLD14092,8.0,0.0
SLD14093,8.0,0.0
SLD14094,14.0,0.0
SLD14095,12.0,0.0
SLD14096,14.0,0.0
SLD14097,12.0,0.0
SLD14098,12.0,0.0
SLD14099,12.0,0.0
SLD14100,13.0,9.0
SLD14101,12.0,0.0
SLD14102,9.0,0.0
SLD14103,2.0,0.0
SLD14104,12.0,0.0
SLD14105,12.0,0.0
SLD14106,12.0,0.0
SLD14107,12.0,0.0
SLD14108,12.0,0.0
SLD14109,8.0,0.0
SLD14110,8.0,0.0
SLD14111,12.0,0.0
SLD14112,13.0,9.0
SLD14113,12.0,0.0
SLD14114,12.0,0.0
SLD14115,8.0,0.0
SLD14116,10.0,0.0
SLD14117,9.0,0.0
SLD14118,8.0,0.0
SLD14119,14.0,0.0
SLD14120,14.0,0.0
SLD14121,4.0,0.0
SLD14122,12.0,0.0
SLD14123,12.0,0.0
SLD14124,12.0,0.0
SLD14125,14.0,0.0
SLD14126,8.0,0.0
SLD14127,12.0,0.0
SLD14128,8.0,0.0
SLD14129,14.0,0.0
SLD14130,12.0,0.0
SLD14131,5.0,0.0
SLD14132,10.0,0.0
SLD14133,13.0,9.0
SLD14134,12.0,0.0
SLD14135,10.0,0.0
SLD14136,13.0,9.0
SLD14137,2.0,0.0
SLD14138,12.0,0.0
SLD14139,12.0,0.0
SLD14140,12.0,0.0
SLD14141,12.0,0.0
SLD14142,10.0,0.0
SLD14143,2.0,0.0
SLD14144,2.0,0.0
SLD14145,12.0,0.0
SLD14146,8.0,0.0
SLD14147,12.0,0.0
SLD14148,12.0,0.0
SLD14149,10.0,0.0
SLD14150,12.0,0.0
SLD14151,14.0,0.0
SLD14152,12.0,0.0
SLD14153,8.0,0.0
SLD14154,2.0,0.0
SLD14155,2.0,0.0
SLD14156,14.0,0.0
SLD14157,12.0,0.0
SLD14158,12.0,0.0
SLD14159,2.0,0.0
SLD14160,8.0,0.0
SLD14161,12.0,0.0
SLD14162,17.0,2.0
SLD14163,9.0,0.0
SLD14164,12.0,0.0
SLD14165,14.0,0.0
SLD14166,2.0,0.0
SLD14167,2.0,0.0
SLD14168,10.0,0.0
SLD14169,2.0,0.0
SLD14170,10.0,0.0
SLD14171,12.0,0.0
SLD14172,12.0,0.0
SLD14173,8.0,0.0
SLD14174,12.0,0.0
SLD14175,12.0,0.0
SLD14176,14.0,0.0
SLD14177,8.0,0.0
SLD14178,11.0,0.0
SLD14179,8.0,0.0
SLD14180,12.0,0.0
SLD14181,9.0,0.0
SLD14182,14.0,0.0
SLD14183,12.0,0.0
SLD14184,9.0,0.0
SLD14185,14.0,0.0
SLD14186,12.0,0.0
SLD14187,12.0,0.0
SLD14188,8.0,0.0
SLD14189,8.0,0.0
SLD14190,14.0,0.0
SLD14191,4.0,0.0
SLD14192,12.0,0.0
SLD14193,12.0,0.0
SLD14194,14.0,0.0
SLD14195,2.0,0.0
SLD14196,14.0,0.0
SLD14197,8.0,0.0
SLD14198,12.0,0.0
SLD14199,8.0,0.0
SLD14200,8.0,0.0
SLD14201,9.0,0.0
SLD14202,12.0,0.0
SLD14203,2.0,0.0
SLD14204,14.0,0.0
SLD14205,14.0,0.0
SLD14206,9.0,0.0
SLD14207,12.0,0.0
SLD14208,2.0,0.0
SLD14209,10.0,0.0
SLD14210,12.0,0.0
SLD14211,2.0,0.0
SLD14212,12.0,0.0
SLD14213,12.0,0.0
SLD14214,8.0,0.0
SLD14215,12.0,0.0
SLD14216,10.0,0.0
SLD14217,12.0,0.0
SLD14218,8.0,0.0
SLD14219,12.0,0.0
SLD14220,9.0,0.0
SLD14221,2.0,0.0
SLD14222,12.0,0.0
SLD14223,12.0,0.0
SLD14224,14.0,0.0
SLD14225,12.0,0.0
SLD14226,12.0,0.0
SLD14227,8.0,0.0
SLD14228,12.0,0.0
SLD14229,12.0,0.0
SLD14230,2.0,0.0
SLD14231,8.0,0.0
SLD14232,12.0,0.0
SLD14233,12.0,0.0
SLD14234,12.0,0.0
SLD14235,12.0,0.0
SLD14236,14.0,0.0
SLD14237,2.0,0.0
SLD14238,9.0,0.0
SLD14239,12.0,0.0
SLD14240,8.0,0.0
SLD14241,8.0,0.0
SLD14242,12.0,0.0
SLD14243,12.0,0.0
SLD14244,8.0,0.0
SLD14245,10.0,0.0
SLD14246,8.0,0.0
SLD14247,12.0,0.0
SLD14248,14.0,0.0
SLD14249,2.0,0.0
SLD14250,8.0,0.0
SLD14251,12.0,0.0
SLD14252,11.0,0.0
SLD14253,9.0,0.0
SLD14254,12.0,0.0
SLD14255,8.0,0.0
SLD14256,12.0,0.0
SLD14257,8.0,0.0
SLD14258,12.0,0.0
SLD14259,2.0,0.0
SLD14260,8.0,0.0
SLD14261,2.0,0.0
SLD14262,2.0,0.0
SLD14263,12.0,0.0
SLD14264,9.0,0.0
SLD14265,2.0,0.0
SLD14266,9.0,0.0
SLD14267,9.0,0.0
SLD14268,2.0,0.0
SLD14269,9.0,0.0
SLD14270,2.0,0.0
