S.No,Latitude,Longitude,Soil_clay_0_5cm,Soil_sand_0_5cm,Soil_silt_0_5cm,Soil_soc_0_5cm,Soil_bdod_0_5cm,Soil_phh2o_0_5cm
1,8.49,77.39,25.8,31.7,25.0,41.2,1.02,5.4
2,8.507778,77.189722,27.4,35.3,23.2,30.9,1.25,5.5
3,8.507833,77.189,26.5,35.6,23.7,29.0,1.28,5.4
4,8.508861,77.1575,26.3,39.0,19.3,26.5,1.28,5.4
5,8.509833,77.169139,22.3,35.4,25.5,29.4,1.36,5.4
6,8.510528,77.157944,29.7,38.1,19.5,30.6,1.4,5.4
7,8.519028,77.16775,21.8,35.8,23.8,30.2,1.27,5.4
8,8.54,77.47,24.1,36.7,24.6,32.0,1.28,5.6
9,8.54,77.47,24.1,36.7,24.6,32.0,1.28,5.6
10,8.54,77.47,24.1,36.7,24.6,32.0,1.28,5.6
11,8.56,77.4,27.5,33.5,24.7,65.4,0.78,5.1
12,8.58,77.43,25.9,37.1,21.7,41.5,1.17,5.5
13,8.588778,77.099083,29.7,39.3,18.6,26.5,1.27,5.4
14,8.59,77.35,27.1,33.9,24.2,47.8,1.0,5.3
15,8.59,77.35,27.1,33.9,24.2,47.8,1.0,5.3
16,8.64294,77.0712,30.2,29.7,22.0,25.9,1.18,5.3
17,8.703,77.114472,28.0,32.5,21.4,27.0,1.19,5.3
18,8.711083,77.143339,30.5,37.5,19.3,27.9,1.12,5.4
19,8.74275,77.13425,23.6,36.8,23.2,36.3,1.08,5.2
20,8.742944,77.132194,23.7,37.0,23.0,40.0,1.1,5.1
21,8.743139,77.161028,26.0,32.5,26.3,36.0,1.02,5.2
22,8.747056,77.132944,24.6,36.8,22.6,36.6,1.08,5.1
23,8.747056,77.132944,24.6,36.8,22.6,36.6,1.08,5.1
24,8.74875,77.130722,26.8,37.0,21.4,39.5,1.11,5.2
25,8.751889,77.071,27.5,37.2,19.4,26.4,1.23,5.3
26,8.75475,77.125389,22.8,35.8,24.9,32.7,1.06,5.1
27,8.758972,77.114917,24.8,32.9,24.8,45.1,1.1,5.4
28,8.763333,77.076861,24.5,37.9,21.0,24.0,1.22,5.3
29,8.763333,77.109556,23.2,36.7,26.0,36.5,1.1,5.1
30,8.764472,77.078611,26.5,37.9,21.0,24.2,1.2,5.3
31,8.766997,77.099767,22.2,37.6,22.8,31.9,1.15,5.1
32,8.768111,77.082278,27.6,40.5,19.1,27.0,1.14,5.3
33,8.807056,77.106833,28.5,36.3,21.8,31.0,1.13,5.2
34,8.807833,77.121694,27.7,36.4,21.9,27.9,1.2,5.3
35,8.809139,77.12625,28.3,36.4,21.0,25.9,1.2,5.3
36,8.832028,77.190336,27.4,29.8,23.0,45.6,1.06,5.2
37,8.842944,77.155417,23.2,36.7,23.1,33.9,1.2,5.2
38,8.846797,77.176111,30.5,32.4,20.5,42.2,1.08,5.1
39,8.871111,76.978056,30.8,31.9,21.7,23.7,1.12,5.2
40,8.88925,77.016916,27.4,36.6,20.2,31.1,1.12,5.2
41,8.9,77.3,27.0,42.1,20.2,30.2,1.26,5.5
42,8.913889,76.988889,30.5,31.1,22.0,29.0,1.11,5.2
43,8.944806,77.147503,28.4,35.3,22.1,32.9,1.11,5.3
44,8.951111,77.049444,28.8,35.2,20.5,32.0,1.14,5.2
45,8.96125,77.135342,27.5,42.8,20.4,31.1,1.14,5.4
46,8.964111,77.139056,25.5,41.5,21.3,27.8,1.15,5.5
47,8.965528,77.090472,30.5,34.5,19.9,31.1,1.22,5.4
48,8.968028,77.13825,26.8,40.9,20.2,27.6,1.2,5.5
49,8.971278,77.155222,30.0,40.0,20.1,27.8,1.15,5.4
50,8.984111,77.131806,26.9,39.5,21.4,27.8,1.14,5.3
51,8.984972,77.160667,30.0,39.9,20.2,29.1,1.18,5.4
52,8.999222,77.13325,28.6,36.5,21.7,27.8,1.16,5.3
53,8.999972,77.10525,25.5,35.0,23.7,30.9,1.15,5.3
56,9.000914,77.046006,20.9,38.5,20.6,32.7,1.1,5.2
57,9.002625,77.042514,26.8,32.9,17.8,32.2,1.1,5.2
58,9.003225,77.041883,28.2,32.9,17.8,32.0,1.12,5.2
59,9.011014,77.037508,25.4,31.5,18.5,31.4,1.2,5.2
60,9.019408,77.049903,25.7,37.8,19.8,32.0,1.15,5.4
61,9.022806,77.054992,26.6,38.9,21.1,31.3,1.13,5.3
62,9.031964,77.102208,22.8,33.9,28.3,35.4,1.16,5.1
63,9.041661,77.078336,21.0,34.7,27.0,33.8,1.15,5.1
64,9.044042,77.070014,19.3,35.2,29.0,32.6,1.12,5.1
65,9.07,77.22,35.7,38.8,18.6,31.2,1.27,5.6
66,9.071744,76.997411,27.0,33.9,23.6,25.0,1.14,5.2
67,9.074494,77.133522,31.1,38.9,19.4,32.6,1.18,5.5
68,9.077017,77.170594,30.8,39.5,18.9,27.9,1.14,5.5
69,9.079019,77.123406,26.4,40.2,21.4,24.1,1.19,5.3
70,9.080303,77.165261,32.3,39.3,18.8,31.1,1.24,5.7
71,9.082639,77.160867,29.1,39.6,20.2,28.1,1.13,5.4
72,9.099117,77.100708,23.5,39.3,22.0,27.8,1.18,5.4
73,9.117406,77.018122,22.8,39.0,21.4,31.3,1.15,5.3
74,9.121653,77.040825,29.0,41.1,17.7,30.2,1.14,5.2
75,9.164556,76.873031,29.2,33.2,24.9,24.2,1.15,5.2
76,9.164556,76.873031,29.2,33.2,24.9,24.2,1.15,5.2
77,9.166425,76.879383,33.4,32.3,23.9,25.1,1.16,5.2
78,9.167267,76.861056,30.6,35.4,20.7,24.4,1.12,5.2
79,9.170292,76.873753,30.3,31.5,26.1,24.5,1.11,5.1
80,9.170569,76.875092,32.8,32.4,23.3,27.5,1.15,5.2
81,9.170822,76.873661,30.3,31.5,26.1,24.5,1.11,5.1
82,9.176258,76.859747,30.4,36.3,23.3,25.3,1.11,5.2
83,9.177086,76.863,28.3,37.1,23.4,24.2,1.14,5.3
84,9.178389,76.879028,30.3,32.4,27.3,27.8,1.1,5.2
85,9.183183,76.888167,29.0,32.9,24.9,31.0,1.14,5.3
86,9.18425,76.887844,29.0,32.9,24.9,31.0,1.14,5.3
87,9.184814,76.869028,30.0,34.8,26.5,26.9,1.13,5.2
88,9.233194,76.935817,25.6,29.8,24.2,32.8,1.08,5.1
89,9.2339,76.933897,25.6,29.8,24.2,32.8,1.08,5.1
90,9.260186,76.962403,32.7,30.7,22.2,31.8,1.14,5.2
91,9.268942,76.968072,33.0,31.2,20.5,31.1,1.12,5.2
92,9.269308,76.96805,34.1,30.9,21.0,32.5,1.11,5.1
93,9.272417,76.969258,27.4,33.8,22.7,32.0,1.07,5.1
94,9.298778,76.801817,23.6,38.6,27.7,25.0,1.1,5.2
95,9.30035,76.997306,21.6,37.1,23.1,31.8,1.12,5.2
96,9.301225,76.985617,27.2,35.8,23.5,33.1,1.1,5.1
97,9.301731,76.980503,27.3,35.0,23.9,33.1,1.12,5.1
98,9.302208,76.979242,27.3,35.0,23.9,33.1,1.12,5.1
99,9.302861,76.977833,26.0,33.2,25.4,32.5,1.12,5.2
100,9.303428,76.990983,27.1,36.9,23.0,31.5,1.1,5.2
101,9.304333,76.990425,27.1,36.9,23.0,31.5,1.1,5.2
102,9.304603,76.988392,27.0,36.2,23.5,32.6,1.11,5.1
103,9.305169,76.987244,26.6,36.9,23.0,32.0,1.11,5.2
104,9.309878,76.961369,25.5,33.5,24.9,31.3,1.14,5.3
105,9.31,77.1,26.0,34.1,23.0,33.4,1.09,5.2
106,9.310506,76.996892,24.8,37.1,22.8,31.9,1.12,5.1
107,9.310961,76.979619,29.2,36.3,22.2,30.1,1.13,5.2
108,9.313472,76.990539,29.1,36.4,21.9,31.3,1.11,5.1
109,9.313819,76.956094,26.4,33.9,23.9,29.2,1.15,5.2
110,9.31495,76.986872,23.2,38.5,25.2,28.0,1.12,5.1
111,9.31625,76.949881,26.8,34.5,24.1,29.8,1.1,5.3
112,9.316964,76.743289,26.8,37.8,25.7,26.2,1.12,5.1
113,9.319214,76.952022,29.4,33.1,22.9,31.8,1.1,5.1
114,9.32,77.1,28.6,35.6,22.8,39.0,1.06,5.1
115,9.32,77.1,28.6,35.6,22.8,39.0,1.06,5.1
116,9.3212,77.003772,25.1,36.4,24.5,31.6,1.12,5.2
117,9.321517,76.961139,26.8,34.0,23.4,31.0,1.12,5.2
118,9.324292,76.878439,25.0,36.1,23.9,25.5,1.15,5.2
119,9.324669,76.874817,22.3,35.8,26.1,26.1,1.18,5.2
120,9.326661,76.986664,25.8,35.3,21.4,32.5,1.14,5.2
121,9.327389,76.958711,25.5,35.2,21.3,30.0,1.1,5.1
122,9.328972,76.954578,26.8,34.9,20.8,31.0,1.11,5.1
123,9.332481,76.920175,28.7,32.6,25.1,27.0,1.16,5.3
124,9.332681,76.919267,27.8,33.0,25.8,26.1,1.16,5.3
125,9.335494,76.995597,27.4,36.1,21.9,32.0,1.12,5.2
126,9.340931,76.850644,23.2,34.9,29.7,26.5,1.15,5.1
127,9.343592,76.933786,27.3,32.7,26.7,31.0,1.12,5.1
128,9.343594,76.935444,27.3,32.7,26.7,31.0,1.12,5.1
129,9.34365,76.940406,28.7,32.6,26.6,31.0,1.12,5.1
130,9.347475,76.918508,26.1,32.4,25.1,27.6,1.13,5.1
131,9.411836,76.973325,28.9,30.6,23.7,28.8,1.12,5.2
132,9.418431,76.965742,30.8,29.5,23.9,30.1,1.11,5.2
133,9.437264,76.868906,22.8,32.0,30.7,29.2,1.1,5.2
134,9.45,77.37,31.4,32.3,25.3,42.0,1.09,5.4
135,9.50805,76.981387,22.9,36.6,29.7,32.0,1.14,5.1
136,9.516939,76.982494,22.6,33.4,28.6,36.1,1.07,5.1
137,9.517495,76.983326,22.6,33.4,28.6,36.1,1.07,5.1
138,9.51972,76.983047,23.6,32.5,29.2,39.0,1.06,5.0
139,9.526361,76.980418,21.5,30.7,30.6,39.0,1.04,5.1
140,9.53,77.4,28.8,30.1,25.5,59.0,0.96,5.3
141,9.530667,76.965462,24.2,32.0,28.2,34.1,1.08,5.1
142,9.531556,76.960131,26.2,31.1,27.4,32.8,1.1,5.2
143,9.536662,76.981105,23.2,32.2,29.8,32.0,1.12,5.1
144,9.54,77.37,29.5,34.0,22.3,46.9,1.04,5.3
145,9.55,77.38,30.7,31.9,20.7,35.4,1.1,5.4
146,9.556714,76.972888,21.5,33.5,30.0,35.4,1.07,5.1
147,9.557969,76.97305,21.5,33.5,30.0,35.4,1.07,5.1
148,9.558774,76.995185,29.0,31.3,25.9,39.0,1.1,5.1
149,9.565965,76.943333,26.6,36.9,25.7,32.0,1.14,5.2
150,9.567761,76.950283,27.1,37.6,24.0,32.0,1.12,5.1
151,9.57,77.4,27.4,39.6,21.4,32.5,1.18,5.6
152,9.572091,76.998014,27.8,37.2,23.9,26.1,1.1,5.2
153,9.57226,76.942849,27.5,36.3,23.8,32.7,1.12,5.1
154,9.5725,77.09172,31.2,37.5,21.5,26.4,1.22,5.5
155,9.572847,76.949283,26.6,37.6,23.8,31.0,1.14,5.2
156,9.576489,76.941443,27.6,36.5,23.6,32.5,1.12,5.1
157,9.59,77.41,28.5,36.5,21.9,31.1,1.2,5.6
158,9.608653,77.146307,31.0,36.0,23.6,28.5,1.08,5.3
159,9.608653,77.146307,31.0,36.0,23.6,28.5,1.08,5.3
160,9.608653,77.146307,31.0,36.0,23.6,28.5,1.08,5.3
161,9.608653,77.146307,31.0,36.0,23.6,28.5,1.08,5.3
162,9.608653,77.146307,31.0,36.0,23.6,28.5,1.08,5.3
163,9.608653,77.146307,31.0,36.0,23.6,28.5,1.08,5.3
164,9.609313,77.069258,30.4,36.3,22.7,33.6,1.11,5.3
165,9.61,77.3,30.6,32.5,22.4,39.3,1.08,5.3
166,9.61,77.31,33.2,32.0,20.2,46.8,1.02,5.3
167,9.61,77.42,28.6,40.9,18.2,33.0,1.17,5.5
168,9.611343,77.148419,29.2,33.4,23.6,31.0,1.09,5.3
169,9.616867,77.143727,28.7,30.5,26.6,26.2,1.08,5.2
170,9.618522,76.91768,22.6,35.7,29.2,34.7,1.04,5.1
171,9.62,77.34,31.6,31.9,22.0,52.3,1.06,5.3
172,9.62,77.33,27.6,31.1,24.1,55.2,1.01,5.1
173,9.62,77.31,26.1,32.3,27.0,56.6,1.0,5.1
174,9.62,77.3,29.1,33.4,24.0,46.2,1.02,5.2
175,9.62,77.28,25.6,35.6,24.0,30.2,1.17,5.4
176,9.621675,77.161217,33.0,33.6,22.3,30.0,1.1,5.3
177,9.627685,77.138111,28.5,30.5,27.6,33.5,1.06,5.2
178,9.629002,77.137118,33.4,30.1,26.4,32.6,1.03,5.2
179,9.629116,77.153759,28.9,36.3,25.8,30.4,1.08,5.3
180,9.629298,77.163697,33.2,33.7,23.9,29.9,1.1,5.4
181,9.629553,77.1546,28.9,36.3,25.8,30.4,1.08,5.3
182,9.6306,76.889,23.7,34.4,27.6,29.6,1.16,5.1
183,9.630856,76.87125,22.4,35.5,29.7,35.7,1.1,5.0
184,9.63221,77.156202,28.9,33.4,25.8,37.0,1.06,5.4
185,9.632692,77.162881,29.5,32.9,24.9,35.3,1.06,5.3
186,9.633309,77.156819,33.3,32.8,23.3,37.9,1.04,5.3
187,9.633776,77.157286,33.3,32.8,23.3,37.9,1.04,5.3
188,9.63423,77.154065,30.4,33.3,24.1,37.5,1.05,5.2
189,9.634359,77.157909,28.5,33.3,27.1,41.6,1.04,5.3
190,9.635213,77.152987,31.6,33.1,23.9,38.0,1.06,5.3
191,9.635735,77.151807,30.0,32.4,25.6,32.8,1.05,5.1
192,9.636032,77.163613,27.1,33.5,26.5,34.5,1.06,5.3
193,9.637009,77.163437,27.1,33.5,26.5,34.5,1.06,5.3
194,9.637785,77.170792,25.6,34.8,26.1,30.3,1.12,5.3
195,9.638197,76.887006,23.0,33.3,26.5,32.5,1.12,5.1
196,9.638944,76.868236,21.9,37.4,26.0,35.4,1.1,5.2
197,9.640687,77.166384,29.5,32.6,25.7,31.0,1.1,5.3
198,9.642869,76.893061,23.7,37.4,25.9,30.5,1.09,5.2
199,9.643717,76.868422,22.3,36.6,25.9,35.9,1.06,5.1
200,9.644319,76.896961,23.0,38.9,26.3,32.2,1.12,5.1
201,9.644494,76.867875,22.9,35.3,27.8,35.6,1.06,5.1
202,9.645325,76.905017,22.9,36.2,25.6,30.7,1.12,5.1
203,9.645962,77.076031,29.2,40.0,20.8,29.2,1.2,5.4
204,9.646878,76.902028,23.6,36.3,28.0,32.2,1.12,5.1
205,9.648006,76.889603,23.4,34.2,30.5,32.7,1.12,5.0
206,9.648325,77.094746,29.7,34.0,21.2,32.8,1.06,5.3
207,9.648758,76.888622,23.4,34.2,30.5,32.7,1.12,5.0
208,9.65,77.36,30.1,30.8,24.2,48.0,1.01,5.2
209,9.650014,76.889789,23.0,34.8,27.2,31.6,1.16,5.2
210,9.653094,76.903419,26.8,33.2,25.6,31.5,1.12,5.1
211,9.653403,76.903175,26.8,33.2,25.6,31.5,1.12,5.1
212,9.656433,76.903892,27.7,34.6,26.2,33.6,1.1,5.2
213,9.65845,76.901369,28.3,35.8,27.0,34.3,1.08,5.2
214,9.658569,76.902028,28.8,35.8,26.7,33.9,1.1,5.2
215,9.658686,76.901519,28.8,35.8,26.7,33.9,1.1,5.2
216,9.659356,76.896719,27.5,36.4,26.1,35.8,1.09,5.1
217,9.662285,77.092683,28.5,33.3,23.4,33.2,1.04,5.1
218,9.66703,77.058442,28.5,35.3,23.9,32.7,1.04,5.3
219,9.667328,77.058371,28.5,35.3,23.9,32.7,1.04,5.3
220,9.676364,77.049871,30.1,37.3,21.1,28.0,1.04,5.3
221,9.68,77.39,31.9,30.3,24.1,49.4,1.04,5.2
222,9.685096,77.05283,30.2,36.6,20.5,32.2,1.04,5.1
223,9.69,77.39,32.8,26.8,25.6,58.8,0.97,5.1
224,9.6963,76.8678,27.8,34.6,23.1,30.8,1.12,5.1
225,9.699908,76.834475,23.9,34.7,27.2,29.1,1.1,5.2
226,9.7,77.4,34.1,29.3,23.2,46.6,1.0,5.4
227,9.700267,76.86585,27.3,34.7,24.8,29.1,1.12,5.0
228,9.7005,77.1069,30.4,33.8,24.5,36.2,1.03,5.2
229,9.701489,76.882814,28.5,35.8,24.8,29.0,1.13,5.1
230,9.7015,77.1066,30.4,33.8,24.5,36.2,1.03,5.2
231,9.707703,76.885786,25.2,35.4,26.1,32.2,1.12,5.1
232,9.708394,76.849672,24.3,34.4,26.9,35.0,1.09,5.1
233,9.71,77.41,33.1,31.1,22.7,45.9,1.06,5.4
234,9.715642,77.064433,32.7,37.5,20.2,27.4,1.1,5.2
235,9.715763,77.063932,32.7,37.5,20.2,27.4,1.1,5.2
236,9.72,77.42,28.7,38.2,20.9,45.5,1.14,5.8
237,9.72,77.41,30.1,35.0,23.4,49.3,1.06,5.4
238,9.72,77.74,27.9,37.2,17.9,18.8,1.33,6.6
239,9.728494,76.8422,26.5,33.2,24.8,34.4,1.12,5.2
240,9.73,77.42,24.9,35.6,24.5,42.2,1.14,5.6
241,9.731456,76.815833,25.0,38.8,24.1,35.5,1.09,5.2
242,9.731683,76.821975,26.9,35.6,24.8,34.4,1.09,5.1
243,9.733878,76.822311,25.1,36.0,23.0,34.7,1.08,5.2
244,9.73715,76.825961,25.0,31.8,26.1,32.5,1.1,5.2
245,9.7386,76.8754,25.5,33.7,26.4,32.8,1.08,5.1
246,9.73867,76.87547,25.5,33.7,26.4,32.8,1.08,5.1
247,9.7409,76.8724,24.6,35.6,25.4,32.9,1.06,5.0
248,9.74092,76.87242,24.6,35.6,25.4,32.9,1.06,5.0
249,9.741439,76.841072,24.2,35.0,27.9,35.0,1.15,5.2
250,9.742408,76.871481,25.0,36.5,25.6,34.5,1.07,5.1
251,9.74295,76.820492,25.0,38.5,23.9,31.6,1.09,5.1
252,9.743239,76.819217,25.0,38.5,23.9,31.6,1.09,5.1
253,9.743929,76.871225,25.0,36.5,25.6,34.5,1.07,5.1
254,9.746111,76.867778,24.9,36.5,25.7,32.8,1.12,5.0
255,9.747819,76.865615,24.9,32.3,27.6,32.8,1.1,5.1
256,9.749142,76.865103,24.9,32.3,27.6,32.8,1.1,5.1
257,9.7505,76.8663,25.1,34.9,26.6,32.8,1.12,5.1
258,9.750875,77.129443,27.7,35.2,25.4,30.4,1.08,5.2
259,9.751969,76.888502,25.9,34.0,26.6,35.4,1.02,5.1
260,9.753603,77.135474,27.6,34.2,29.1,31.3,1.1,5.2
261,9.753889,76.862778,24.3,35.4,27.0,32.8,1.1,5.1
262,9.754167,76.863333,26.1,36.2,27.6,32.9,1.1,5.1
263,9.756908,77.125782,28.9,32.4,27.2,28.5,1.16,5.4
264,9.758115,76.887115,26.1,34.9,29.1,37.0,1.02,5.0
265,9.761131,77.112451,31.5,32.5,26.3,27.9,1.13,5.2
266,9.761878,77.11159,33.2,32.7,24.2,26.0,1.11,5.2
267,9.762402,76.886875,27.4,36.7,26.2,32.8,1.08,5.0
268,9.763066,77.082958,29.1,34.5,27.0,32.0,1.1,5.2
269,9.763586,76.882632,28.3,36.0,24.0,33.0,1.12,5.0
270,9.763762,76.836386,23.8,35.2,26.6,35.8,1.04,5.2
271,9.764817,77.109877,31.5,32.8,24.4,26.8,1.14,5.3
272,9.766509,76.881357,28.7,37.6,22.9,31.0,1.1,5.1
273,9.767222,76.855,23.7,35.0,30.2,31.6,1.12,5.1
274,9.767408,76.880724,28.7,37.6,22.9,31.0,1.1,5.1
275,9.768135,77.108294,31.8,34.1,23.1,26.9,1.18,5.4
276,9.768333,76.854722,23.7,35.0,30.2,31.6,1.12,5.1
277,9.768435,77.128288,28.6,34.7,24.4,31.0,1.13,5.1
278,9.769483,77.089057,29.4,34.5,26.1,31.0,1.07,5.2
279,9.769485,76.861242,25.3,36.4,27.1,32.5,1.1,5.3
280,9.770459,76.835165,25.6,38.5,22.8,38.2,1.12,5.2
281,9.770979,77.133498,30.7,29.2,27.6,32.8,1.04,5.0
282,9.7726,76.8275,25.4,37.2,25.6,35.8,1.03,5.1
283,9.774871,77.099124,33.7,32.4,23.4,28.9,1.1,5.2
284,9.775862,77.083611,28.8,33.4,27.2,31.1,1.1,5.3
285,9.777421,76.856547,23.5,38.3,27.2,30.3,1.09,5.2
286,9.7792,76.8503,24.3,38.5,26.6,30.5,1.1,5.2
287,9.7796,76.8499,25.2,37.1,26.5,31.1,1.1,5.2
288,9.7831,76.7858,25.8,37.3,25.4,39.8,1.1,5.1
289,9.786024,77.124144,32.7,34.1,24.4,30.9,1.11,5.1
290,9.788433,77.211174,29.1,35.5,25.6,25.2,1.14,5.3
291,9.789482,77.09414,31.4,33.4,25.2,27.6,1.09,5.2
292,9.789688,77.091498,32.5,33.8,26.2,27.8,1.14,5.3
293,9.789943,77.085321,31.0,33.9,26.9,26.4,1.08,5.2
294,9.790765,77.066116,30.0,32.7,23.7,31.6,1.06,5.3
295,9.792432,76.82916,26.2,35.2,25.6,32.5,1.08,5.1
296,9.792627,77.067686,30.5,32.8,24.0,27.9,1.06,5.3
297,9.793412,77.064957,29.6,32.5,23.8,30.9,1.06,5.2
298,9.794404,77.060807,30.8,33.6,24.9,33.2,1.15,5.4
299,9.794839,77.081397,31.1,30.7,25.9,31.1,1.08,5.2
300,9.795973,77.104232,31.6,35.3,21.5,27.9,1.16,5.3
301,9.796795,77.067566,29.9,33.6,24.2,26.8,1.1,5.2
302,9.796861,76.820806,25.6,37.6,27.6,32.0,1.11,5.1
303,9.796923,77.192568,28.3,36.7,22.6,25.9,1.17,5.2
304,9.797631,77.075655,31.1,34.8,25.1,29.0,1.07,5.2
305,9.798944,77.108953,30.8,35.3,22.5,29.1,1.2,5.4
306,9.799008,77.139263,29.6,36.5,22.1,26.0,1.15,5.2
307,9.799312,77.135392,29.5,36.5,21.9,26.3,1.17,5.2
308,9.801304,77.137756,29.3,37.3,22.9,31.2,1.09,5.2
309,9.801902,77.137459,29.3,37.3,22.9,31.2,1.09,5.2
310,9.8027,76.8477,26.9,39.0,23.1,27.8,1.06,5.1
311,9.803466,77.120209,30.0,35.6,22.0,26.3,1.14,5.2
312,9.805075,77.120256,29.3,35.6,22.1,27.0,1.14,5.2
313,9.805416,77.079731,29.7,33.9,23.9,25.9,1.11,5.2
314,9.805846,77.151282,28.9,35.1,26.0,31.1,1.06,5.1
315,9.806066,77.123588,30.9,36.5,21.2,25.6,1.13,5.3
316,9.806708,77.08415,33.2,32.6,23.7,26.8,1.14,5.2
317,9.80704,77.068331,30.2,35.4,22.9,27.8,1.07,5.1
318,9.807055,77.150241,28.3,35.4,26.3,30.4,1.04,5.1
319,9.809431,77.100034,31.3,34.0,21.7,27.8,1.18,5.4
320,9.809479,77.131411,29.7,36.5,22.9,31.9,1.06,5.3
321,9.81,76.88,26.8,34.5,22.5,29.1,1.1,5.1
322,9.810211,77.064195,26.9,37.6,23.2,25.2,1.1,5.2
323,9.810385,77.106483,29.6,35.6,21.4,23.9,1.15,5.2
324,9.810415,77.063431,26.9,37.6,23.2,25.2,1.1,5.2
325,9.810482,77.101006,30.4,35.1,21.7,27.0,1.17,5.4
326,9.810797,77.099842,31.3,34.0,21.7,27.8,1.18,5.4
327,9.810814,77.099897,31.3,34.0,21.7,27.8,1.18,5.4
328,9.810828,77.106376,29.6,35.6,21.4,23.9,1.15,5.2
329,9.810926,77.099432,31.3,34.0,21.7,27.8,1.18,5.4
330,9.810955,77.059324,27.2,37.2,23.8,25.6,1.1,5.2
331,9.811021,77.078098,28.3,33.7,25.1,27.9,1.14,5.4
332,9.811061,77.131266,29.7,36.5,22.9,31.9,1.06,5.3
333,9.811184,77.09855,29.2,35.4,21.8,24.6,1.14,5.1
334,9.811206,77.098031,29.2,35.4,21.8,24.6,1.14,5.1
335,9.811227,77.111993,29.7,36.0,21.2,26.0,1.14,5.3
336,9.8116,76.8508,27.1,37.4,24.8,32.0,1.04,5.0
337,9.811719,77.076298,28.6,34.3,26.0,27.1,1.16,5.3
338,9.811895,77.077038,28.6,34.3,26.0,27.1,1.16,5.3
339,9.81228,77.077614,28.6,34.3,26.0,27.1,1.16,5.3
340,9.812449,76.853725,25.0,37.1,25.9,33.8,1.04,5.1
341,9.812467,77.07664,28.6,34.3,26.0,27.1,1.16,5.3
342,9.812482,77.110779,30.0,35.8,21.3,24.0,1.14,5.2
343,9.812495,76.85358,25.0,37.1,25.9,33.8,1.04,5.1
344,9.813075,76.876351,27.5,33.2,20.7,30.3,1.12,5.1
345,9.813178,77.056494,29.2,36.4,23.0,24.3,1.11,5.2
346,9.813493,76.875962,27.5,33.2,20.7,30.3,1.12,5.1
347,9.814796,76.875696,27.2,35.8,20.9,30.3,1.12,5.1
348,9.816192,76.838889,27.2,37.8,23.8,28.0,1.06,5.2
349,9.817655,77.079726,27.1,35.5,23.6,25.2,1.09,5.2
350,9.818091,77.127319,31.2,35.8,21.4,25.3,1.13,5.2
351,9.818911,77.129202,31.8,33.3,26.6,27.9,1.1,5.4
352,9.820333,77.082221,29.5,34.7,25.5,24.0,1.1,5.1
353,9.820459,77.127344,30.9,35.4,21.9,28.1,1.1,5.3
354,9.820806,76.871099,26.9,40.7,21.6,29.1,1.09,5.2
355,9.822065,77.143594,30.9,33.9,25.5,29.1,1.19,5.5
356,9.8222,76.8433,27.6,39.5,22.2,31.9,1.06,5.1
357,9.822208,77.143896,30.9,33.9,25.5,29.1,1.19,5.5
358,9.823,76.8397,26.2,40.1,22.9,30.5,1.09,5.2
359,9.826742,77.141574,32.6,31.9,26.8,31.2,1.12,5.3
360,9.826816,77.141255,32.6,31.9,26.8,31.2,1.12,5.3
361,9.828145,76.866473,26.5,39.2,22.1,29.6,1.08,5.2
362,9.82866,76.866659,25.4,39.0,26.1,30.3,1.07,5.2
363,9.828943,77.160772,26.3,31.2,28.6,26.1,1.18,5.5
364,9.829444,76.749722,26.5,38.6,23.4,27.8,1.08,5.3
365,9.837212,77.173549,29.4,31.0,26.1,34.5,1.12,5.4
366,9.83811,77.18514,29.0,32.4,26.5,32.2,1.08,5.4
367,9.838144,77.18461,29.0,32.4,26.5,32.2,1.08,5.4
368,9.838783,76.888009,26.3,38.1,24.3,32.5,1.15,5.1
369,9.83882,77.153524,28.5,33.0,23.8,28.0,1.2,5.6
370,9.839776,76.865554,25.9,35.0,27.6,30.5,1.1,5.2
371,9.839808,76.864707,25.9,35.0,27.6,30.5,1.1,5.2
372,9.840509,76.929767,27.9,35.6,23.5,31.0,1.06,5.1
373,9.840509,76.929767,27.9,35.6,23.5,31.0,1.06,5.1
374,9.840603,76.885914,26.1,36.6,26.7,31.8,1.15,5.1
375,9.840603,76.879387,26.4,36.0,27.9,37.9,1.12,5.1
376,9.840678,76.832971,25.1,38.3,24.5,25.6,1.14,5.2
377,9.840886,76.879006,26.4,36.0,27.9,37.9,1.12,5.1
378,9.841301,77.1688,27.7,34.5,27.0,32.5,1.1,5.3
379,9.841969,76.885748,26.1,36.6,26.7,31.8,1.15,5.1
380,9.842312,77.160549,28.6,32.8,26.8,30.4,1.09,5.2
381,9.842521,76.965072,27.0,35.5,25.2,33.5,1.07,5.0
382,9.842521,76.965072,27.0,35.5,25.2,33.5,1.07,5.0
383,9.842529,77.160514,28.6,32.8,26.8,30.4,1.09,5.2
384,9.842744,76.89423,26.1,37.4,22.8,27.5,1.12,5.1
385,9.843841,76.888867,24.2,37.7,25.6,30.5,1.14,5.1
386,9.844834,76.943246,27.5,36.3,22.3,30.5,1.08,5.1
387,9.844834,76.943246,27.5,36.3,22.3,30.5,1.08,5.1
388,9.846082,76.938568,26.6,36.2,22.4,26.0,1.08,5.1
389,9.846082,76.938568,26.6,36.2,22.4,26.0,1.08,5.1
390,9.846452,76.93383,26.4,36.0,24.6,27.8,1.06,5.1
391,9.846452,76.93383,26.4,36.0,24.6,27.8,1.06,5.1
392,9.846759,76.881117,26.1,36.4,25.5,34.8,1.12,5.1
393,9.847146,77.159369,27.3,33.6,27.2,32.8,1.1,5.2
394,9.84728,76.94079,24.9,37.1,25.4,27.8,1.07,5.2
395,9.84728,76.94079,24.9,37.1,25.4,27.8,1.07,5.2
396,9.8478,76.954074,28.3,36.9,25.3,30.4,1.1,5.2
397,9.8478,76.954074,28.3,36.9,25.3,30.4,1.1,5.2
398,9.848333,77.116667,28.0,35.4,22.4,26.9,1.11,5.3
399,9.848525,77.161483,27.4,34.4,26.7,32.9,1.06,5.3
400,9.848542,76.952419,28.9,36.8,24.1,27.9,1.09,5.2
401,9.848542,76.952419,28.9,36.8,24.1,27.9,1.09,5.2
402,9.848743,76.944208,26.3,36.5,24.0,24.9,1.06,5.1
403,9.848743,76.944208,26.3,36.5,24.0,24.9,1.06,5.1
404,9.84898,76.936032,26.4,36.7,22.4,24.3,1.1,5.1
405,9.84898,76.936032,26.4,36.7,22.4,24.3,1.1,5.1
406,9.8494,76.960355,27.2,38.2,21.9,27.8,1.09,5.2
407,9.8494,76.960355,27.2,38.2,21.9,27.8,1.09,5.2
408,9.849505,76.96103,26.3,37.5,21.7,26.4,1.08,5.2
409,9.849505,76.96103,26.3,37.5,21.7,26.4,1.08,5.2
410,9.849827,77.098365,27.5,37.8,21.8,30.5,1.19,5.2
411,9.849927,77.115583,27.8,34.2,23.4,27.8,1.12,5.2
412,9.850162,76.96138,26.7,37.1,21.6,24.1,1.1,5.2
413,9.850162,76.96138,26.7,37.1,21.6,24.1,1.1,5.2
414,9.850453,76.939204,26.6,36.8,22.5,29.1,1.1,5.2
415,9.850453,76.939204,26.6,36.8,22.5,29.1,1.1,5.2
416,9.850571,76.936078,26.2,37.0,22.6,27.8,1.1,5.2
417,9.850571,76.936078,26.2,37.0,22.6,27.8,1.1,5.2
418,9.85097,76.945232,26.0,37.3,23.3,23.8,1.06,5.1
419,9.85097,76.945232,26.0,37.3,23.3,23.8,1.06,5.1
420,9.851094,77.13268,30.7,31.1,27.2,35.4,1.1,5.3
421,9.851416,76.949474,26.1,37.4,24.6,25.8,1.04,5.1
422,9.851416,76.949474,26.1,37.4,24.6,25.8,1.04,5.1
423,9.85143,76.959391,26.5,37.5,21.5,24.8,1.07,5.2
424,9.85143,76.959391,26.5,37.5,21.5,24.8,1.07,5.2
425,9.851786,76.944836,26.1,37.4,23.0,26.0,1.06,5.2
426,9.851786,76.944836,26.1,37.4,23.0,26.0,1.06,5.2
427,9.851827,77.204249,27.7,33.6,28.4,30.0,1.1,5.2
428,9.852045,76.971874,24.5,38.8,20.8,30.9,1.18,5.1
429,9.852045,76.971874,24.5,38.8,20.8,30.9,1.18,5.1
430,9.852096,77.155627,26.9,33.4,31.5,30.9,1.07,5.3
431,9.852183,76.962158,25.0,40.1,22.2,25.3,1.1,5.1
432,9.852183,76.962158,25.0,40.1,22.2,25.3,1.1,5.1
433,9.852386,77.14712,30.5,32.5,27.8,29.3,1.1,5.2
434,9.852708,77.143254,29.3,33.0,26.8,29.1,1.1,5.3
435,9.852933,77.097437,26.4,41.3,21.4,29.3,1.19,5.2
436,9.852998,77.143156,29.3,33.0,26.8,29.1,1.1,5.3
437,9.853401,76.945411,26.6,37.0,22.9,27.8,1.08,5.3
438,9.853401,76.945411,26.6,37.0,22.9,27.8,1.08,5.3
439,9.853464,77.148017,30.5,32.5,27.8,29.3,1.1,5.2
440,9.8538,76.9681,25.9,39.0,21.4,26.0,1.1,5.2
441,9.853882,76.959077,25.6,40.8,21.7,25.9,1.1,5.2
442,9.853882,76.959077,25.6,40.8,21.7,25.9,1.1,5.2
443,9.853966,76.958668,25.6,40.8,21.7,25.9,1.1,5.2
444,9.853966,76.958668,25.6,40.8,21.7,25.9,1.1,5.2
445,9.854149,76.959872,25.6,40.8,21.7,25.9,1.1,5.2
446,9.854149,76.959872,25.6,40.8,21.7,25.9,1.1,5.2
447,9.854267,76.958114,27.9,38.4,21.7,27.1,1.1,5.1
448,9.854267,76.958114,27.9,38.4,21.7,27.1,1.1,5.1
449,9.854288,76.959153,25.6,40.8,21.7,25.9,1.1,5.2
450,9.854288,76.959153,25.6,40.8,21.7,25.9,1.1,5.2
451,9.854614,77.206592,25.6,30.2,30.9,30.1,1.2,5.5
452,9.854676,76.960933,27.6,37.6,20.8,27.8,1.18,5.3
453,9.854676,76.960933,27.6,37.6,20.8,27.8,1.18,5.3
454,9.854932,76.966613,25.4,37.4,22.1,26.8,1.18,5.4
455,9.854932,76.966613,25.4,37.4,22.1,26.8,1.18,5.4
456,9.854962,77.108269,30.4,34.8,22.7,27.9,1.14,5.2
457,9.855012,76.962183,27.6,37.6,20.8,27.8,1.18,5.3
458,9.855012,76.962183,27.6,37.6,20.8,27.8,1.18,5.3
459,9.855086,77.150333,26.2,34.7,27.7,29.0,1.1,5.2
460,9.855108,76.96903,25.6,37.4,21.9,25.8,1.17,5.2
461,9.855108,76.96903,25.6,37.4,21.9,25.8,1.17,5.2
462,9.855504,76.852807,24.4,40.0,25.9,31.1,1.09,5.1
463,9.855592,76.863036,25.8,37.8,25.9,31.5,1.12,5.1
464,9.855887,76.968706,25.6,37.4,21.9,25.8,1.17,5.2
465,9.855887,76.968706,25.6,37.4,21.9,25.8,1.17,5.2
466,9.855891,76.960293,29.2,39.3,21.0,28.0,1.07,5.2
467,9.855891,76.960293,29.2,39.3,21.0,28.0,1.07,5.2
468,9.85592,76.967758,25.6,37.4,21.9,25.8,1.17,5.2
469,9.85592,76.967758,25.6,37.4,21.9,25.8,1.17,5.2
470,9.855987,76.965553,25.4,37.4,22.1,26.8,1.18,5.4
471,9.855987,76.965553,25.4,37.4,22.1,26.8,1.18,5.4
472,9.856389,76.888333,27.0,34.8,26.3,28.8,1.1,5.1
473,9.856484,76.965492,25.4,37.4,22.1,26.8,1.18,5.4
474,9.856484,76.965492,25.4,37.4,22.1,26.8,1.18,5.4
475,9.856635,76.962904,27.6,37.6,20.8,27.8,1.18,5.3
476,9.856635,76.962904,27.6,37.6,20.8,27.8,1.18,5.3
477,9.856677,76.963387,24.6,37.8,22.1,26.6,1.2,5.4
478,9.856677,76.963387,24.6,37.8,22.1,26.6,1.2,5.4
479,9.856794,76.965038,24.6,37.8,22.1,26.6,1.2,5.4
480,9.856794,76.965038,24.6,37.8,22.1,26.6,1.2,5.4
481,9.856918,76.871813,25.7,39.4,26.8,32.0,1.06,5.2
482,9.856918,76.871813,25.7,39.4,26.8,32.0,1.06,5.2
483,9.85704,77.122966,30.5,31.1,26.5,32.0,1.08,5.3
484,9.857204,76.966152,25.6,36.0,22.9,26.1,1.15,5.4
485,9.857204,76.966152,25.6,36.0,22.9,26.1,1.15,5.4
486,9.857261,77.122211,30.5,31.1,26.5,32.0,1.08,5.3
487,9.857386,76.964303,25.4,35.1,23.0,27.3,1.2,5.3
488,9.857386,76.964303,25.4,35.1,23.0,27.3,1.2,5.3
489,9.8575,76.888889,27.1,33.9,26.1,29.2,1.1,5.2
490,9.858269,77.121561,30.5,31.1,26.5,32.0,1.08,5.3
491,9.858306,76.963114,25.4,35.1,23.0,27.3,1.2,5.3
492,9.858306,76.963114,25.4,35.1,23.0,27.3,1.2,5.3
493,9.858459,76.952313,29.9,38.0,21.5,32.0,1.07,5.1
494,9.858459,76.952313,29.9,38.0,21.5,32.0,1.07,5.1
495,9.858502,76.952642,29.9,38.0,21.5,32.0,1.07,5.1
496,9.858502,76.952642,29.9,38.0,21.5,32.0,1.07,5.1
497,9.858592,76.873099,25.6,39.1,27.1,32.6,1.06,5.2
498,9.858636,76.952998,29.9,38.0,21.5,32.0,1.07,5.1
499,9.858636,76.952998,29.9,38.0,21.5,32.0,1.07,5.1
500,9.858641,76.964611,25.4,35.1,23.0,27.3,1.2,5.3
501,9.858641,76.964611,25.4,35.1,23.0,27.3,1.2,5.3
502,9.858681,76.968641,25.4,36.2,23.4,25.1,1.17,5.2
503,9.858681,76.968641,25.4,36.2,23.4,25.1,1.17,5.2
504,9.85877,76.964138,25.4,35.1,23.0,27.3,1.2,5.3
505,9.85877,76.964138,25.4,35.1,23.0,27.3,1.2,5.3
506,9.858884,76.890384,27.1,33.9,26.1,29.2,1.1,5.2
507,9.858889,76.886111,25.7,35.0,29.2,31.0,1.1,5.2
508,9.859167,76.855556,26.0,39.6,23.9,33.0,1.07,5.1
509,9.859218,76.964916,25.4,35.1,23.0,27.3,1.2,5.3
510,9.859218,76.964916,25.4,35.1,23.0,27.3,1.2,5.3
511,9.859405,76.884858,25.3,34.9,28.0,29.6,1.12,5.2
512,9.859526,76.847944,26.5,39.3,24.0,33.2,1.1,5.1
513,9.85955,76.884399,25.3,34.9,28.0,29.6,1.12,5.2
514,9.859678,76.969604,26.7,35.3,23.7,25.1,1.12,5.2
515,9.859678,76.969604,26.7,35.3,23.7,25.1,1.12,5.2
516,9.859747,76.962467,26.4,35.8,23.7,29.1,1.16,5.2
517,9.859747,76.962467,26.4,35.8,23.7,29.1,1.16,5.2
518,9.859944,76.886817,22.9,34.6,30.0,30.0,1.12,5.2
519,9.859967,76.954255,28.4,37.3,21.9,31.0,1.04,5.2
520,9.859967,76.954255,28.4,37.3,21.9,31.0,1.04,5.2
521,9.860072,76.962541,26.4,35.8,23.7,29.1,1.16,5.2
522,9.860072,76.962541,26.4,35.8,23.7,29.1,1.16,5.2
523,9.860248,76.861385,26.5,39.6,23.0,31.9,1.07,5.1
524,9.860453,76.887968,22.9,34.6,30.0,30.0,1.12,5.2
525,9.860469,77.113791,31.2,33.5,24.1,29.4,1.12,5.3
526,9.860503,76.969244,26.7,35.3,23.7,25.1,1.12,5.2
527,9.860503,76.969244,26.7,35.3,23.7,25.1,1.12,5.2
528,9.860657,76.886985,22.9,34.6,30.0,30.0,1.12,5.2
529,9.860874,76.96612,26.7,35.3,23.7,23.9,1.14,5.2
530,9.860874,76.96612,26.7,35.3,23.7,23.9,1.14,5.2
531,9.860952,76.962091,26.4,35.8,23.7,29.1,1.16,5.2
532,9.860952,76.962091,26.4,35.8,23.7,29.1,1.16,5.2
533,9.861039,76.951718,28.3,37.0,22.3,30.9,1.04,5.1
534,9.861039,76.951718,28.3,37.0,22.3,30.9,1.04,5.1
535,9.861111,76.852778,26.1,40.5,24.4,35.4,1.08,5.1
536,9.86143,76.842083,26.0,38.6,24.6,33.1,1.1,5.1
537,9.861544,76.865667,25.7,37.6,26.5,31.9,1.1,5.1
538,9.861556,77.113324,31.2,33.5,24.1,29.4,1.12,5.3
539,9.861767,76.887365,25.8,34.5,30.0,28.8,1.1,5.2
540,9.861798,76.953318,31.6,36.8,23.2,32.0,1.05,5.2
541,9.861798,76.953318,31.6,36.8,23.2,32.0,1.05,5.2
542,9.8618,77.104758,30.3,34.9,24.2,27.8,1.16,5.4
543,9.861944,76.886944,25.8,34.5,30.0,28.8,1.1,5.2
544,9.862858,76.948292,29.8,36.4,23.1,31.3,1.06,5.1
545,9.862858,76.948292,29.8,36.4,23.1,31.3,1.06,5.1
546,9.863503,76.88732,25.8,34.5,30.0,28.8,1.1,5.2
547,9.864132,77.109066,30.3,33.4,23.6,24.0,1.12,5.3
548,9.864429,76.951665,29.6,39.1,22.2,29.1,1.04,5.2
549,9.864429,76.951665,29.6,39.1,22.2,29.1,1.04,5.2
550,9.864715,76.848018,26.1,37.8,25.0,36.8,1.1,5.1
551,9.864936,76.951604,29.6,39.1,22.2,29.1,1.04,5.2
552,9.864936,76.951604,29.6,39.1,22.2,29.1,1.04,5.2
553,9.865372,76.946557,29.8,37.8,24.4,27.8,1.06,5.1
554,9.865372,76.946557,29.8,37.8,24.4,27.8,1.06,5.1
555,9.8655,76.952483,29.7,37.0,22.7,27.9,1.12,5.2
556,9.8655,76.952483,29.7,37.0,22.7,27.9,1.12,5.2
557,9.865606,76.943504,28.4,38.5,25.0,27.4,1.08,5.1
558,9.865606,76.943504,28.4,38.5,25.0,27.4,1.08,5.1
559,9.865639,76.847577,25.1,39.4,24.2,35.5,1.07,5.1
560,9.865725,76.952684,29.7,37.0,22.7,27.9,1.12,5.2
561,9.865725,76.952684,29.7,37.0,22.7,27.9,1.12,5.2
562,9.866414,76.964794,28.3,37.7,23.0,25.9,1.14,5.2
563,9.866414,76.964794,28.3,37.7,23.0,25.9,1.14,5.2
564,9.866451,76.964658,28.5,37.8,23.4,29.5,1.14,5.1
565,9.866451,76.964658,28.5,37.8,23.4,29.5,1.14,5.1
566,9.866746,77.128843,29.9,30.1,25.9,29.0,1.09,5.2
567,9.86692,76.946165,29.6,37.7,24.4,27.2,1.09,5.0
568,9.86692,76.946165,29.6,37.7,24.4,27.2,1.09,5.0
569,9.867157,76.962939,27.1,38.6,24.0,24.4,1.14,5.1
570,9.867157,76.962939,27.1,38.6,24.0,24.4,1.14,5.1
571,9.86717,76.848688,26.6,39.7,23.9,35.4,1.09,5.1
572,9.867376,76.885008,23.7,38.1,27.2,27.8,1.1,5.1
573,9.867475,76.962613,27.1,38.6,24.0,24.4,1.14,5.1
574,9.867475,76.962613,27.1,38.6,24.0,24.4,1.14,5.1
575,9.867655,76.849283,26.6,39.7,23.9,35.4,1.09,5.1
576,9.868541,76.95024,29.4,39.0,22.0,27.8,1.08,5.1
577,9.868541,76.95024,29.4,39.0,22.0,27.8,1.08,5.1
578,9.868611,76.85,26.6,39.7,23.9,35.4,1.09,5.1
579,9.868634,76.953002,27.2,39.5,22.9,26.6,1.1,5.1
580,9.868634,76.953002,27.2,39.5,22.9,26.6,1.1,5.1
581,9.868821,76.885135,23.7,38.1,27.2,27.8,1.1,5.1
582,9.868878,76.957598,28.5,36.3,22.7,25.1,1.12,5.1
583,9.868878,76.957598,28.5,36.3,22.7,25.1,1.12,5.1
584,9.869147,76.945512,28.4,36.3,25.6,27.8,1.06,5.1
585,9.869147,76.945512,28.4,36.3,25.6,27.8,1.06,5.1
586,9.869201,76.945649,28.4,36.3,25.6,27.8,1.06,5.1
587,9.869201,76.945649,28.4,36.3,25.6,27.8,1.06,5.1
588,9.869258,77.129597,29.4,30.8,25.6,30.0,1.07,5.2
589,9.869548,77.100131,26.6,37.9,22.4,28.9,1.14,5.2
590,9.869572,76.953272,28.4,39.3,22.4,27.9,1.08,5.1
591,9.869572,76.953272,28.4,39.3,22.4,27.9,1.08,5.1
592,9.870136,76.846863,26.3,39.7,24.6,35.4,1.06,5.1
593,9.87027,76.956157,27.8,38.3,22.5,27.5,1.1,5.0
594,9.87027,76.956157,27.8,38.3,22.5,27.5,1.1,5.0
595,9.870606,76.930808,28.7,34.5,24.2,27.0,1.08,5.1
596,9.870606,76.930808,28.7,34.5,24.2,27.0,1.08,5.1
597,9.870638,76.955056,27.8,38.3,22.5,27.5,1.1,5.0
598,9.870638,76.955056,27.8,38.3,22.5,27.5,1.1,5.0
599,9.870913,76.84705,26.3,39.7,24.6,35.4,1.06,5.1
600,9.870957,76.9405,28.4,35.9,23.5,29.2,1.07,5.3
601,9.870957,76.9405,28.4,35.9,23.5,29.2,1.07,5.3
602,9.871007,76.939607,28.5,35.9,24.0,28.2,1.04,5.2
603,9.871007,76.939607,28.5,35.9,24.0,28.2,1.04,5.2
604,9.871133,76.933436,28.7,34.3,24.4,29.6,1.06,5.4
605,9.871133,76.933436,28.7,34.3,24.4,29.6,1.06,5.4
606,9.871323,76.955397,28.6,36.2,21.9,26.6,1.12,5.0
607,9.871323,76.955397,28.6,36.2,21.9,26.6,1.12,5.0
608,9.871423,76.939682,28.4,36.2,22.9,27.0,1.06,5.1
609,9.871423,76.939682,28.4,36.2,22.9,27.0,1.06,5.1
610,9.871444,76.954687,28.6,36.2,21.9,26.6,1.12,5.0
611,9.871444,76.954687,28.6,36.2,21.9,26.6,1.12,5.0
612,9.871462,76.954851,28.6,36.2,21.9,26.6,1.12,5.0
613,9.871462,76.954851,28.6,36.2,21.9,26.6,1.12,5.0
614,9.8716,76.940285,28.4,36.2,22.9,27.0,1.06,5.1
615,9.8716,76.940285,28.4,36.2,22.9,27.0,1.06,5.1
616,9.871783,76.95406,28.6,36.2,21.9,26.6,1.12,5.0
617,9.871783,76.95406,28.6,36.2,21.9,26.6,1.12,5.0
618,9.871863,76.940195,28.4,36.2,22.9,27.0,1.06,5.1
619,9.871863,76.940195,28.4,36.2,22.9,27.0,1.06,5.1
620,9.871944,76.867222,28.2,36.2,21.7,27.8,1.07,5.3
621,9.871991,76.938318,28.4,36.2,22.9,27.0,1.06,5.1
622,9.871991,76.938318,28.4,36.2,22.9,27.0,1.06,5.1
623,9.872103,76.837749,27.8,39.1,24.8,32.6,1.1,5.1
624,9.87211,76.9381,28.6,36.6,22.9,26.5,1.08,5.1
625,9.87211,76.9381,28.6,36.6,22.9,26.5,1.08,5.1
626,9.872142,76.9544,28.6,36.2,21.9,26.6,1.12,5.0
627,9.872142,76.9544,28.6,36.2,21.9,26.6,1.12,5.0
628,9.872172,76.93986,28.4,36.2,22.9,27.0,1.06,5.1
629,9.872172,76.93986,28.4,36.2,22.9,27.0,1.06,5.1
630,9.872202,76.962805,25.4,37.6,23.1,24.2,1.15,5.1
631,9.872202,76.962805,25.4,37.6,23.1,24.2,1.15,5.1
632,9.872228,76.942668,28.6,36.0,23.5,27.8,1.04,5.0
633,9.872228,76.836263,26.9,38.6,25.5,31.0,1.1,5.1
634,9.872228,76.942668,28.6,36.0,23.5,27.8,1.04,5.0
635,9.872696,76.953947,27.3,37.9,22.8,27.8,1.1,5.1
636,9.872696,76.953947,27.3,37.9,22.8,27.8,1.1,5.1
637,9.872726,76.953501,27.3,37.9,22.8,27.8,1.1,5.1
638,9.872726,76.953501,27.3,37.9,22.8,27.8,1.1,5.1
639,9.872755,76.953081,27.3,37.9,22.8,27.8,1.1,5.1
640,9.872755,76.953081,27.3,37.9,22.8,27.8,1.1,5.1
641,9.873292,76.850017,27.8,38.7,22.8,35.5,1.04,5.0
642,9.873421,76.939585,28.4,36.2,22.9,27.0,1.06,5.1
643,9.873421,76.939585,28.4,36.2,22.9,27.0,1.06,5.1
644,9.873529,76.939695,28.4,36.2,22.9,27.0,1.06,5.1
645,9.873529,76.939695,28.4,36.2,22.9,27.0,1.06,5.1
646,9.873797,76.940261,28.5,35.7,24.1,25.9,1.06,5.0
647,9.873797,76.940261,28.5,35.7,24.1,25.9,1.06,5.0
648,9.873817,76.950827,27.8,39.6,21.9,27.8,1.1,5.0
649,9.873817,76.950827,27.8,39.6,21.9,27.8,1.1,5.0
650,9.873823,76.965276,26.1,39.4,23.0,24.2,1.16,5.2
651,9.873823,76.965276,26.1,39.4,23.0,24.2,1.16,5.2
652,9.874293,76.954503,24.4,38.8,22.9,27.8,1.14,5.1
653,9.874293,76.954503,24.4,38.8,22.9,27.8,1.14,5.1
654,9.874488,76.950421,27.8,39.6,21.9,27.8,1.1,5.0
655,9.874488,76.950421,27.8,39.6,21.9,27.8,1.1,5.0
656,9.874508,76.977583,26.4,39.7,22.6,24.4,1.15,5.3
657,9.87465,77.11937,31.3,33.6,25.0,27.8,1.12,5.3
658,9.874873,76.848531,28.8,38.6,21.8,34.4,1.03,5.1
659,9.875297,76.848642,28.8,38.6,21.8,34.4,1.03,5.1
660,9.875604,76.848726,28.8,38.6,21.8,34.4,1.03,5.1
661,9.875848,76.848728,28.8,38.6,21.8,34.4,1.03,5.1
662,9.875872,76.950328,27.8,39.6,21.9,27.8,1.1,5.0
663,9.875872,76.950328,27.8,39.6,21.9,27.8,1.1,5.0
664,9.876083,76.949719,22.7,39.6,22.4,24.2,1.1,5.1
665,9.876083,76.949719,22.7,39.6,22.4,24.2,1.1,5.1
666,9.876283,76.966749,26.0,38.0,23.3,25.6,1.14,5.1
667,9.876283,76.966749,26.0,38.0,23.3,25.6,1.14,5.1
668,9.876301,76.949611,22.7,39.6,22.4,24.2,1.1,5.1
669,9.876301,76.949611,22.7,39.6,22.4,24.2,1.1,5.1
670,9.876945,76.846673,27.0,37.4,23.1,32.6,1.06,5.1
671,9.876967,76.940818,29.5,35.4,23.1,26.4,1.06,5.0
672,9.876967,76.940818,29.5,35.4,23.1,26.4,1.06,5.0
673,9.876984,76.945668,27.5,38.1,22.1,27.9,1.1,5.1
674,9.876984,76.945668,27.5,38.1,22.1,27.9,1.1,5.1
675,9.877183,76.845973,27.0,37.4,23.1,32.6,1.06,5.1
676,9.877324,76.845116,28.4,37.7,21.8,30.0,1.07,5.2
677,9.877425,76.941212,29.5,35.4,23.1,26.4,1.06,5.0
678,9.877425,76.941212,29.5,35.4,23.1,26.4,1.06,5.0
679,9.878588,77.159847,30.5,29.3,27.1,29.8,1.13,5.2
680,9.878944,76.941285,27.6,38.2,21.4,27.1,1.09,5.0
681,9.878944,76.941285,27.6,38.2,21.4,27.1,1.09,5.0
682,9.878974,76.940757,27.6,38.2,21.4,27.1,1.09,5.0
683,9.878974,76.940757,27.6,38.2,21.4,27.1,1.09,5.0
684,9.879103,76.943437,28.8,37.8,21.5,27.8,1.07,5.0
685,9.879103,76.943437,28.8,37.8,21.5,27.8,1.07,5.0
686,9.879456,76.946448,28.6,37.0,22.0,26.4,1.09,5.0
687,9.879456,76.946448,28.6,37.0,22.0,26.4,1.09,5.0
688,9.879456,76.946448,28.6,37.0,22.0,26.4,1.09,5.0
689,9.879456,76.946448,28.6,37.0,22.0,26.4,1.09,5.0
690,9.879549,76.945965,28.6,37.0,22.0,26.4,1.09,5.0
691,9.879549,76.945965,28.6,37.0,22.0,26.4,1.09,5.0
692,9.879757,76.942803,28.8,37.8,21.5,27.8,1.07,5.0
693,9.879757,76.942803,28.8,37.8,21.5,27.8,1.07,5.0
694,9.880267,76.942296,27.6,38.2,21.4,27.1,1.09,5.0
695,9.880267,76.942296,27.6,38.2,21.4,27.1,1.09,5.0
696,9.880439,76.948368,27.6,38.2,22.0,26.3,1.09,5.0
697,9.880439,76.948368,27.6,38.2,22.0,26.3,1.09,5.0
698,9.880616,77.122442,30.9,33.7,24.7,28.5,1.12,5.3
699,9.880659,77.145568,30.4,30.7,26.3,28.0,1.12,5.2
700,9.880789,76.968982,28.2,38.0,23.2,28.8,1.19,5.3
701,9.880789,76.968982,28.2,38.0,23.2,28.8,1.19,5.3
702,9.880827,77.123401,29.8,34.9,23.9,30.2,1.12,5.3
703,9.880875,76.969876,25.4,38.6,23.5,27.8,1.16,5.2
704,9.880875,76.969876,25.4,38.6,23.5,27.8,1.16,5.2
705,9.881019,76.948171,29.2,36.2,21.8,27.8,1.12,5.0
706,9.881019,76.948171,29.2,36.2,21.8,27.8,1.12,5.0
707,9.881126,77.104552,31.1,34.2,22.4,27.9,1.12,5.2
708,9.881169,77.120732,32.8,33.1,24.0,27.8,1.12,5.3
709,9.881424,76.970152,25.3,38.6,23.2,26.4,1.16,5.1
710,9.881424,76.970152,25.3,38.6,23.2,26.4,1.16,5.1
711,9.881785,76.970328,25.3,38.6,23.2,26.4,1.16,5.1
712,9.881785,76.970328,25.3,38.6,23.2,26.4,1.16,5.1
713,9.881933,77.079426,29.7,35.7,22.1,31.0,1.12,5.3
714,9.882046,77.120674,32.8,33.1,24.0,27.8,1.12,5.3
715,9.882223,77.083639,26.0,37.6,21.5,30.2,1.18,5.2
716,9.882247,76.97013,25.3,38.6,23.2,26.4,1.16,5.1
717,9.882247,76.97013,25.3,38.6,23.2,26.4,1.16,5.1
718,9.882807,77.078393,29.7,35.7,22.1,31.0,1.12,5.3
719,9.883033,77.060746,27.7,35.7,23.3,24.1,1.12,5.2
720,9.883046,76.969597,25.4,38.6,23.5,27.8,1.16,5.2
721,9.883046,76.969597,25.4,38.6,23.5,27.8,1.16,5.2
722,9.883072,76.969697,25.4,38.6,23.5,27.8,1.16,5.2
723,9.883072,76.969697,25.4,38.6,23.5,27.8,1.16,5.2
724,9.883159,76.943862,26.7,37.3,22.4,27.5,1.12,5.2
725,9.883159,76.943862,26.7,37.3,22.4,27.5,1.12,5.2
726,9.88321,77.077629,29.2,36.2,22.0,31.1,1.1,5.2
727,9.883218,76.944692,27.9,37.3,22.4,25.2,1.12,5.1
728,9.883218,76.944692,27.9,37.3,22.4,25.2,1.12,5.1
729,9.883414,76.93565,28.6,37.0,22.0,26.3,1.08,5.2
730,9.883414,76.93565,28.6,37.0,22.0,26.3,1.08,5.2
731,9.883748,76.937339,28.3,37.2,23.1,27.8,1.08,5.1
732,9.883748,76.937339,28.3,37.2,23.1,27.8,1.08,5.1
733,9.883958,76.936957,28.3,37.2,23.1,27.8,1.08,5.1
734,9.883958,76.936957,28.3,37.2,23.1,27.8,1.08,5.1
735,9.884433,76.951838,25.9,37.1,22.4,26.0,1.14,5.1
736,9.884433,76.951838,25.9,37.1,22.4,26.0,1.14,5.1
737,9.884641,76.942413,26.7,37.5,22.2,24.4,1.12,5.1
738,9.884641,76.942413,26.7,37.5,22.2,24.4,1.12,5.1
739,9.885022,76.935988,28.3,37.2,23.1,27.8,1.08,5.1
740,9.885022,76.935988,28.3,37.2,23.1,27.8,1.08,5.1
741,9.885613,76.933776,27.9,36.8,23.2,27.4,1.1,5.1
742,9.885613,76.933776,27.9,36.8,23.2,27.4,1.1,5.1
743,9.885736,76.967088,24.4,39.2,23.6,29.4,1.17,5.2
744,9.885736,76.967088,24.4,39.2,23.6,29.4,1.17,5.2
745,9.885829,76.935482,27.9,36.8,23.2,27.4,1.1,5.1
746,9.885829,76.935482,27.9,36.8,23.2,27.4,1.1,5.1
747,9.886038,77.079206,30.0,37.4,21.0,31.2,1.12,5.2
748,9.886111,76.944573,28.3,37.8,22.0,24.6,1.12,5.1
749,9.886111,76.944573,28.3,37.8,22.0,24.6,1.12,5.1
750,9.886185,76.934955,27.9,36.8,23.2,27.4,1.1,5.1
751,9.886185,76.934955,27.9,36.8,23.2,27.4,1.1,5.1
752,9.886393,77.120748,30.7,35.7,22.5,25.9,1.12,5.3
753,9.886451,76.932596,28.2,37.6,23.7,27.8,1.06,5.1
754,9.886451,76.932596,28.2,37.6,23.7,27.8,1.06,5.1
755,9.886474,76.953655,27.2,36.2,23.1,27.0,1.12,5.1
756,9.886474,76.953655,27.2,36.2,23.1,27.0,1.12,5.1
757,9.886497,76.934128,27.9,36.8,23.2,27.4,1.1,5.1
758,9.886497,76.934128,27.9,36.8,23.2,27.4,1.1,5.1
759,9.886582,77.052528,27.9,36.3,23.3,29.4,1.12,5.2
760,9.886722,76.934174,27.9,36.8,23.2,27.4,1.1,5.1
761,9.886722,76.934174,27.9,36.8,23.2,27.4,1.1,5.1
762,9.886859,76.94032,26.3,37.8,22.2,24.4,1.12,5.1
763,9.886859,76.94032,26.3,37.8,22.2,24.4,1.12,5.1
764,9.886914,77.079339,30.0,37.4,21.0,31.2,1.12,5.2
765,9.887022,76.940321,26.3,37.8,22.2,24.4,1.12,5.1
766,9.887022,76.940321,26.3,37.8,22.2,24.4,1.12,5.1
767,9.887064,77.079923,30.0,37.4,21.0,31.2,1.12,5.2
768,9.887515,76.939412,26.3,37.8,22.2,24.4,1.12,5.1
769,9.887515,76.939412,26.3,37.8,22.2,24.4,1.12,5.1
770,9.887748,76.952331,27.2,36.2,23.1,27.0,1.12,5.1
771,9.887748,76.952331,27.2,36.2,23.1,27.0,1.12,5.1
772,9.887827,76.965031,26.2,39.1,22.0,30.3,1.14,5.1
773,9.887827,76.965031,26.2,39.1,22.0,30.3,1.14,5.1
774,9.887905,76.93925,26.3,37.8,22.2,24.4,1.12,5.1
775,9.887905,76.93925,26.3,37.8,22.2,24.4,1.12,5.1
776,9.888201,76.933217,28.1,37.4,23.9,27.8,1.07,5.2
777,9.888201,76.933217,28.1,37.4,23.9,27.8,1.07,5.2
778,9.888258,76.931248,27.7,37.4,23.9,25.9,1.08,5.1
779,9.888258,76.931248,27.7,37.4,23.9,25.9,1.08,5.1
780,9.888332,76.938879,27.4,37.3,23.1,24.1,1.11,5.1
781,9.888332,76.938879,27.4,37.3,23.1,24.1,1.11,5.1
782,9.888335,76.938295,27.4,37.3,23.1,24.1,1.11,5.1
783,9.888335,76.938295,27.4,37.3,23.1,24.1,1.11,5.1
784,9.888496,76.957322,27.6,37.1,22.0,27.8,1.12,5.1
785,9.888496,76.957322,27.6,37.1,22.0,27.8,1.12,5.1
786,9.888631,76.965218,23.9,38.0,23.0,29.4,1.15,5.3
787,9.888631,76.965218,23.9,38.0,23.0,29.4,1.15,5.3
788,9.888654,76.942609,28.2,37.2,22.2,27.8,1.12,5.1
789,9.888654,76.942609,28.2,37.2,22.2,27.8,1.12,5.1
790,9.888716,77.099159,30.9,34.8,22.3,28.3,1.12,5.2
791,9.88877,76.931734,28.1,37.4,23.9,27.8,1.07,5.2
792,9.88877,76.931734,28.1,37.4,23.9,27.8,1.07,5.2
793,9.889013,76.958602,25.6,37.9,22.0,30.0,1.12,5.1
794,9.889013,76.958602,25.6,37.9,22.0,30.0,1.12,5.1
795,9.889026,76.932857,28.1,37.4,23.9,27.8,1.07,5.2
796,9.889026,76.932857,28.1,37.4,23.9,27.8,1.07,5.2
797,9.889151,76.942485,28.2,37.2,22.2,27.8,1.12,5.1
798,9.889151,76.942485,28.2,37.2,22.2,27.8,1.12,5.1
799,9.889203,77.090702,28.1,38.7,21.8,27.8,1.16,5.1
800,9.889244,76.940489,27.4,37.3,23.1,24.1,1.11,5.1
801,9.889244,76.940489,27.4,37.3,23.1,24.1,1.11,5.1
802,9.889363,76.930844,27.7,37.4,23.9,25.9,1.08,5.1
803,9.889363,76.930844,27.7,37.4,23.9,25.9,1.08,5.1
804,9.889611,76.930244,27.7,37.4,23.9,25.9,1.08,5.1
805,9.889611,76.930244,27.7,37.4,23.9,25.9,1.08,5.1
806,9.889817,76.950812,26.6,35.9,22.8,25.9,1.12,5.1
807,9.889817,76.950812,26.6,35.9,22.8,25.9,1.12,5.1
808,9.890075,76.956192,28.4,35.4,22.4,27.8,1.1,5.1
809,9.890075,76.956192,28.4,35.4,22.4,27.8,1.1,5.1
810,9.89009,76.950531,26.6,35.9,22.8,25.9,1.12,5.1
811,9.89009,76.950531,26.6,35.9,22.8,25.9,1.12,5.1
812,9.890111,76.942208,28.2,37.2,22.2,27.8,1.12,5.1
813,9.890111,76.942208,28.2,37.2,22.2,27.8,1.12,5.1
814,9.890173,76.939309,27.4,37.3,23.1,24.1,1.11,5.1
815,9.890173,76.939309,27.4,37.3,23.1,24.1,1.11,5.1
816,9.890327,76.962593,23.7,37.9,22.6,29.1,1.14,5.3
817,9.890327,76.962593,23.7,37.9,22.6,29.1,1.14,5.3
818,9.890661,76.950352,28.1,35.5,21.9,26.4,1.1,5.1
819,9.890661,76.950352,28.1,35.5,21.9,26.4,1.1,5.1
820,9.891325,76.971287,27.5,39.9,21.7,31.0,1.15,5.3
821,9.891325,76.971287,27.5,39.9,21.7,31.0,1.15,5.3
822,9.891448,76.965763,27.0,34.9,24.0,30.9,1.12,5.3
823,9.891448,76.965763,27.0,34.9,24.0,30.9,1.12,5.3
824,9.891689,76.942919,27.3,39.1,23.7,28.1,1.1,5.1
825,9.891689,76.942919,27.3,39.1,23.7,28.1,1.1,5.1
826,9.891847,76.943759,27.3,39.1,23.7,28.1,1.1,5.1
827,9.891847,76.943759,27.3,39.1,23.7,28.1,1.1,5.1
828,9.892251,76.947289,27.2,35.6,22.6,27.8,1.12,5.1
829,9.892251,76.947289,27.2,35.6,22.6,27.8,1.12,5.1
830,9.892362,76.971822,27.5,39.9,21.7,31.0,1.15,5.3
831,9.892362,76.971822,27.5,39.9,21.7,31.0,1.15,5.3
832,9.892668,76.942487,26.6,37.8,25.2,29.3,1.12,5.3
833,9.892668,76.942487,26.6,37.8,25.2,29.3,1.12,5.3
834,9.893084,76.945534,27.5,37.9,22.0,27.1,1.1,5.1
835,9.893084,76.945534,27.5,37.9,22.0,27.1,1.1,5.1
836,9.893104,76.945297,27.5,37.9,22.0,27.1,1.1,5.1
837,9.893104,76.945297,27.5,37.9,22.0,27.1,1.1,5.1
838,9.893207,77.169231,27.3,28.1,29.9,31.5,1.1,5.3
839,9.893219,76.973641,25.4,37.9,21.9,27.1,1.12,5.2
840,9.893219,76.973641,25.4,37.9,21.9,27.1,1.12,5.2
841,9.893499,76.944169,27.3,37.8,22.5,27.0,1.1,5.1
842,9.893499,76.944169,27.3,37.8,22.5,27.0,1.1,5.1
843,9.893513,76.951052,28.2,35.4,22.6,27.4,1.12,5.1
844,9.893513,76.951052,28.2,35.4,22.6,27.4,1.12,5.1
845,9.893592,76.974746,25.5,39.6,22.8,25.2,1.16,5.2
846,9.893592,76.974746,25.5,39.6,22.8,25.2,1.16,5.2
847,9.893601,76.971674,25.7,39.9,21.7,30.3,1.12,5.3
848,9.893601,76.971674,25.7,39.9,21.7,30.3,1.12,5.3
849,9.893845,76.971594,25.7,39.9,21.7,30.3,1.12,5.3
850,9.893845,76.971594,25.7,39.9,21.7,30.3,1.12,5.3
851,9.894011,76.943197,27.3,37.8,22.5,27.0,1.1,5.1
852,9.894011,76.943197,27.3,37.8,22.5,27.0,1.1,5.1
853,9.894803,76.951507,28.2,35.4,22.6,27.4,1.12,5.1
854,9.894803,76.951507,28.2,35.4,22.6,27.4,1.12,5.1
855,9.894891,76.97211,25.7,39.9,21.7,30.3,1.12,5.3
856,9.894891,76.97211,25.7,39.9,21.7,30.3,1.12,5.3
857,9.895093,76.949922,28.2,35.4,22.6,27.4,1.12,5.1
858,9.895093,76.949922,28.2,35.4,22.6,27.4,1.12,5.1
859,9.895342,77.038972,29.0,35.5,25.1,27.4,1.15,5.4
860,9.895524,77.038736,29.0,35.5,25.1,27.4,1.15,5.4
861,9.895908,77.088074,25.2,40.0,20.4,25.9,1.15,5.2
862,9.896096,76.965499,26.8,38.4,22.7,30.9,1.12,5.3
863,9.896096,76.965499,26.8,38.4,22.7,30.9,1.12,5.3
864,9.896136,77.17327,27.9,27.8,29.0,31.6,1.1,5.3
865,9.89615,77.086963,25.2,38.0,20.6,26.1,1.17,5.2
866,9.896158,77.087137,25.2,38.0,20.6,26.1,1.17,5.2
867,9.896226,76.96488,27.8,35.8,23.2,30.5,1.12,5.2
868,9.896226,76.96488,27.8,35.8,23.2,30.5,1.12,5.2
869,9.896287,77.086736,25.2,38.0,20.6,26.1,1.17,5.2
870,9.896374,76.972056,26.4,36.8,21.4,28.2,1.13,5.2
871,9.896374,76.972056,26.4,36.8,21.4,28.2,1.13,5.2
872,9.896606,76.967872,25.6,39.0,22.5,31.0,1.12,5.2
873,9.896606,76.967872,25.6,39.0,22.5,31.0,1.12,5.2
874,9.89722,76.951001,28.2,36.3,21.9,30.9,1.12,5.2
875,9.89722,76.951001,28.2,36.3,21.9,30.9,1.12,5.2
876,9.897462,76.952945,27.2,36.6,21.9,27.8,1.12,5.2
877,9.897462,76.952945,27.2,36.6,21.9,27.8,1.12,5.2
878,9.897695,76.971763,24.3,41.1,20.8,27.8,1.14,5.1
879,9.897695,76.971763,24.3,41.1,20.8,27.8,1.14,5.1
880,9.897713,76.967131,24.4,37.3,24.1,28.4,1.12,5.2
881,9.897713,76.967131,24.4,37.3,24.1,28.4,1.12,5.2
882,9.89775,76.929553,27.2,35.2,25.6,28.6,1.1,5.3
883,9.89775,76.929553,27.2,35.2,25.6,28.6,1.1,5.3
884,9.897864,77.213133,30.4,30.4,28.1,29.2,1.08,5.3
885,9.898077,76.969932,24.3,41.1,20.8,27.8,1.14,5.1
886,9.898077,76.969932,24.3,41.1,20.8,27.8,1.14,5.1
887,9.898321,76.97142,24.3,41.1,20.8,27.8,1.14,5.1
888,9.898321,76.97142,24.3,41.1,20.8,27.8,1.14,5.1
889,9.898322,76.969752,24.3,38.5,22.4,27.8,1.14,5.2
890,9.898322,76.969752,24.3,38.5,22.4,27.8,1.14,5.2
891,9.898434,76.930077,27.2,35.2,25.6,28.6,1.1,5.3
892,9.898434,76.930077,27.2,35.2,25.6,28.6,1.1,5.3
893,9.899932,76.969515,24.3,36.3,22.1,26.3,1.14,5.2
894,9.899932,76.969515,24.3,36.3,22.1,26.3,1.14,5.2
895,9.900049,77.111063,29.6,32.9,23.3,29.1,1.12,5.2
896,9.900904,76.951689,26.3,36.5,22.1,30.9,1.12,5.2
897,9.900904,76.951689,26.3,36.5,22.1,30.9,1.12,5.2
898,9.901601,76.945302,27.2,35.3,24.0,28.0,1.14,5.1
899,9.901601,76.945302,27.2,35.3,24.0,28.0,1.14,5.1
900,9.902491,76.952455,26.2,37.3,21.8,30.9,1.14,5.2
901,9.902491,76.952455,26.2,37.3,21.8,30.9,1.14,5.2
902,9.90259,76.952474,26.2,37.3,21.8,30.9,1.14,5.2
903,9.90259,76.952474,26.2,37.3,21.8,30.9,1.14,5.2
904,9.903223,76.941564,26.2,34.7,25.7,27.8,1.14,5.1
905,9.903223,76.941564,26.2,34.7,25.7,27.8,1.14,5.1
906,9.903484,76.940116,26.6,37.0,25.3,27.8,1.09,5.1
907,9.903484,76.940116,26.6,37.0,25.3,27.8,1.09,5.1
908,9.903901,77.062855,28.4,40.0,21.1,30.2,1.16,5.2
909,9.90445,76.951299,25.0,37.9,22.2,30.4,1.14,5.2
910,9.90445,76.951299,25.0,37.9,22.2,30.4,1.14,5.2
911,9.904679,76.95069,25.0,37.9,22.2,30.4,1.14,5.2
912,9.904679,76.95069,25.0,37.9,22.2,30.4,1.14,5.2
913,9.905261,76.950155,25.3,36.5,22.1,29.3,1.18,5.3
914,9.905261,76.950155,25.3,36.5,22.1,29.3,1.18,5.3
915,9.905364,77.062946,28.7,39.8,20.6,27.8,1.17,5.2
916,9.906263,76.967401,25.6,39.5,20.8,27.4,1.13,5.2
917,9.906342,76.966553,25.6,39.5,20.8,27.4,1.13,5.2
918,9.90637,76.96773,24.3,40.8,20.6,29.9,1.14,5.2
919,9.90641,76.940571,26.1,34.4,26.5,27.8,1.14,5.1
920,9.90641,76.940571,26.1,34.4,26.5,27.8,1.14,5.1
921,9.906852,77.216739,28.8,33.7,26.4,31.6,1.1,5.3
922,9.90698,76.965454,25.6,39.5,20.8,27.4,1.13,5.2
923,9.907523,77.054454,27.0,40.6,20.6,29.4,1.18,5.1
924,9.907864,76.942367,25.1,35.7,23.8,31.0,1.13,5.1
925,9.907864,76.942367,25.1,35.7,23.8,31.0,1.13,5.1
926,9.908188,76.976757,21.8,38.5,24.4,29.6,1.15,5.3
927,9.908326,76.976366,23.3,39.2,22.1,28.3,1.14,5.2
928,9.908482,76.965126,26.1,39.2,21.5,30.9,1.12,5.2
929,9.908645,76.974326,23.7,40.0,21.9,27.8,1.13,5.3
930,9.909008,76.974146,23.7,40.0,21.9,27.8,1.13,5.3
931,9.909309,76.947298,24.3,36.1,23.2,32.0,1.16,5.3
932,9.909309,76.947298,24.3,36.1,23.2,32.0,1.16,5.3
933,9.909522,76.963546,25.2,39.6,21.1,30.5,1.1,5.2
934,9.909755,76.980742,23.6,40.2,23.6,30.6,1.16,5.2
935,9.909894,76.93379,26.2,37.9,22.1,29.5,1.08,5.3
936,9.909894,76.93379,26.2,37.9,22.1,29.5,1.08,5.3
937,9.910149,76.930227,28.9,35.9,20.9,27.8,1.09,5.1
938,9.910149,76.930227,28.9,35.9,20.9,27.8,1.09,5.1
939,9.910368,76.948599,25.2,38.9,22.2,35.3,1.1,5.3
940,9.910368,76.948599,25.2,38.9,22.2,35.3,1.1,5.3
941,9.911005,76.969627,24.2,37.7,22.8,30.5,1.1,5.2
942,9.911038,76.970174,23.2,37.6,24.0,28.0,1.12,5.2
943,9.911125,76.931874,27.5,37.1,20.9,30.0,1.09,5.2
944,9.911125,76.931874,27.5,37.1,20.9,30.0,1.09,5.2
945,9.911372,76.977953,24.0,39.6,23.0,27.8,1.18,5.2
946,9.912153,76.958793,25.2,38.9,22.1,31.5,1.1,5.2
947,9.912176,77.176511,28.8,29.0,30.4,29.2,1.12,5.2
948,9.9123,76.9547,25.9,39.5,22.3,32.4,1.14,5.3
949,9.91231,76.95475,25.9,39.5,22.3,32.4,1.14,5.3
950,9.912635,77.113277,30.7,31.6,25.5,32.5,1.07,5.2
951,9.912778,76.925793,29.7,35.7,23.0,27.9,1.09,5.2
952,9.912778,76.925793,29.7,35.7,23.0,27.9,1.09,5.2
953,9.913103,77.039136,25.9,42.7,21.7,31.6,1.15,5.1
954,9.913112,76.925932,29.7,35.7,23.0,27.9,1.09,5.2
955,9.913112,76.925932,29.7,35.7,23.0,27.9,1.09,5.2
956,9.913123,77.216946,27.0,32.1,28.5,32.0,1.08,5.4
957,9.913159,76.958298,24.9,39.3,22.2,32.4,1.12,5.3
958,9.913188,77.115833,31.0,31.2,26.3,32.5,1.06,5.3
959,9.913324,76.964216,25.7,39.6,21.4,28.0,1.1,5.1
960,9.913768,77.109847,30.6,30.2,24.1,32.0,1.06,5.1
961,9.914051,77.115246,31.0,31.2,26.3,32.5,1.06,5.3
962,9.914315,77.110644,30.4,31.2,26.1,32.8,1.06,5.2
963,9.914315,77.110644,30.4,31.2,26.1,32.8,1.06,5.2
964,9.914739,77.109325,30.7,31.5,24.6,32.2,1.04,5.2
965,9.91488,77.10647,31.1,31.7,24.0,32.7,1.08,5.3
966,9.914919,77.106482,31.1,31.7,24.0,32.7,1.08,5.3
967,9.914976,76.963041,26.7,39.1,20.9,30.9,1.1,5.2
968,9.915106,76.958369,26.4,39.5,22.3,32.0,1.1,5.2
969,9.915236,76.963416,27.5,40.0,20.7,30.5,1.1,5.2
970,9.91551,76.948985,25.1,39.2,22.2,38.0,1.08,5.2
971,9.916531,76.957236,26.4,39.5,22.3,32.0,1.1,5.2
972,9.916541,77.114532,31.1,31.2,25.5,31.6,1.06,5.2
973,9.916688,76.918714,27.1,36.8,23.0,27.9,1.09,5.1
974,9.916688,76.918714,27.1,36.8,23.0,27.9,1.09,5.1
975,9.918204,77.166852,26.4,31.8,29.2,29.2,1.11,5.1
976,9.918976,77.021632,26.6,42.5,20.5,30.9,1.15,5.1
977,9.919152,76.955371,26.2,39.0,21.7,30.5,1.1,5.3
978,9.91931,76.956101,26.2,39.0,21.7,30.5,1.1,5.3
979,9.920033,76.95461,26.2,39.0,21.7,30.5,1.1,5.3
980,9.920187,76.951511,25.8,39.5,22.7,32.5,1.12,5.2
981,9.920498,76.949252,24.7,39.9,24.3,35.9,1.1,5.2
982,9.9208,76.9813,23.3,39.9,22.6,27.8,1.15,5.2
983,9.92086,76.98139,23.3,39.9,22.6,27.8,1.15,5.2
984,9.9211,76.9861,23.7,40.5,21.9,26.4,1.1,5.2
985,9.92114,76.96811,28.5,40.5,19.5,30.7,1.15,5.2
986,9.921815,76.951284,25.3,37.6,23.2,28.0,1.14,5.2
987,9.92214,77.14932,31.9,31.9,26.4,32.8,1.1,5.2
988,9.922275,76.982294,23.6,38.8,22.9,27.8,1.13,5.2
989,9.922648,76.916651,26.3,36.0,24.6,27.4,1.09,5.1
990,9.922648,76.916651,26.3,36.0,24.6,27.4,1.09,5.1
991,9.923021,76.950735,25.3,37.6,23.2,28.0,1.14,5.2
992,9.923082,77.159007,30.3,30.3,29.0,29.7,1.12,5.2
993,9.923119,76.981761,23.6,38.8,22.9,27.8,1.13,5.2
994,9.923232,77.148288,32.0,32.2,26.0,32.0,1.1,5.2
995,9.923593,76.982603,23.6,38.8,22.9,27.8,1.13,5.2
996,9.925144,76.941602,25.3,37.1,25.4,40.4,1.01,5.1
997,9.925294,76.976025,23.2,41.5,22.3,28.6,1.13,5.2
998,9.925442,76.975519,23.2,41.5,22.3,28.6,1.13,5.2
999,9.925703,76.975075,23.2,41.5,22.3,28.6,1.13,5.2
1000,9.925901,76.954399,25.9,39.0,21.4,28.0,1.1,5.1
1001,9.926536,77.126202,30.0,32.5,24.0,32.0,1.11,5.3
1002,9.926579,77.117961,30.7,33.8,23.9,30.9,1.1,5.3
1003,9.92677,76.954112,27.6,39.0,21.9,30.5,1.12,5.1
1004,9.926836,77.123159,30.7,33.7,23.4,30.9,1.1,5.3
1005,9.927042,76.953977,25.1,39.5,23.0,26.4,1.12,5.2
1006,9.927923,77.135537,31.0,30.7,25.4,29.0,1.12,5.2
1007,9.928277,76.939113,26.4,37.7,24.8,33.4,1.05,5.2
1008,9.928599,77.121639,30.8,33.8,23.4,31.0,1.1,5.3
1009,9.928786,76.938506,25.2,39.0,23.8,33.6,1.08,5.1
1010,9.929028,76.966972,27.5,37.6,21.9,32.0,1.12,5.0
1011,9.929417,77.123704,30.7,33.3,24.4,31.2,1.1,5.3
1012,9.929568,77.152422,30.9,31.2,27.1,31.1,1.12,5.4
1013,9.930246,76.953367,25.6,37.6,24.1,28.0,1.12,5.1
1014,9.931077,76.937972,25.3,38.6,22.7,32.5,1.06,5.1
1015,9.932653,76.982092,22.5,41.5,23.1,28.8,1.17,5.3
1016,9.932914,76.9438,26.2,39.0,22.3,29.8,1.12,5.1
1017,9.933582,77.111196,33.1,32.8,24.2,29.2,1.14,5.4
1018,9.933787,76.950753,25.6,38.4,22.3,28.0,1.1,5.1
1019,9.9344,76.9811,24.7,40.0,22.8,27.1,1.18,5.2
1020,9.934419,76.971294,24.5,37.9,22.1,30.5,1.13,5.1
1021,9.93442,76.98117,24.7,40.0,22.8,27.1,1.18,5.2
1022,9.9352,76.9791,24.7,40.0,22.8,27.1,1.18,5.2
1023,9.93528,76.97919,24.7,40.0,22.8,27.1,1.18,5.2
1024,9.935336,76.980959,24.7,40.0,22.8,27.1,1.18,5.2
1025,9.935454,76.97476,23.9,39.5,23.2,27.1,1.17,5.2
1026,9.935634,76.974861,23.9,39.5,23.2,27.1,1.17,5.2
1027,9.936413,76.979233,23.3,38.6,23.3,27.1,1.1,5.2
1028,9.937473,77.218058,27.7,32.1,29.3,29.4,1.06,5.2
1029,9.937797,76.962022,23.8,36.2,22.7,30.9,1.12,5.1
1030,9.9378,76.964606,22.2,36.4,23.2,30.8,1.14,5.2
1031,9.937847,76.973592,22.6,38.8,22.8,30.6,1.13,5.2
1032,9.93918,77.106391,34.3,32.8,22.8,29.0,1.14,5.3
1033,9.939357,77.10125,32.4,34.1,22.3,27.1,1.14,5.3
1034,9.939576,77.103831,32.9,33.8,23.0,27.2,1.14,5.4
1035,9.939981,76.973256,23.7,39.6,22.6,29.6,1.13,5.1
1036,9.940399,76.93293,26.1,37.4,23.0,32.0,1.02,5.1
1037,9.942178,76.95499,27.3,35.6,22.3,28.4,1.1,5.1
1038,9.942424,76.942242,25.9,40.8,21.4,27.8,1.1,5.1
1039,9.947447,76.949208,26.6,36.2,23.7,25.9,1.12,5.1
1040,9.947797,76.950003,26.9,37.4,21.3,30.7,1.12,5.0
1041,9.947933,76.950583,26.9,37.4,21.3,30.7,1.12,5.0
1042,9.949067,77.13799,28.9,29.6,29.8,25.9,1.14,5.3
1043,9.949088,77.169845,27.6,31.6,30.0,31.5,1.1,5.2
1044,9.949778,76.917913,28.1,37.7,22.0,29.9,1.08,5.1
1045,9.949889,76.91754,26.2,37.7,24.1,31.6,1.08,5.2
1046,9.949909,77.133528,30.8,30.5,27.0,27.1,1.12,5.2
1047,9.950146,76.919921,27.5,38.3,22.1,30.6,1.1,5.2
1048,9.9509,77.0795,32.2,33.2,23.4,29.5,1.11,5.2
1049,9.952,77.0521,32.8,33.9,23.0,26.3,1.15,5.2
1050,9.95203,77.02511,27.3,36.4,23.9,30.3,1.04,5.1
1051,9.953476,76.942736,28.1,36.5,22.6,27.8,1.12,5.3
1052,9.953572,76.941889,28.1,36.5,22.6,27.8,1.12,5.3
1053,9.953967,76.974239,22.8,41.4,20.3,29.1,1.12,5.3
1054,9.954503,76.973072,22.8,41.4,20.3,29.1,1.12,5.3
1055,9.954856,76.938605,26.8,36.2,22.4,27.5,1.1,5.2
1056,9.954884,77.078382,32.1,33.6,23.4,32.0,1.1,5.1
1057,9.955435,76.908846,26.5,37.5,24.4,27.8,1.08,5.2
1058,9.95547,77.148699,29.8,30.3,28.9,29.6,1.12,5.2
1059,9.955556,76.936375,26.7,36.3,22.4,27.8,1.14,5.2
1060,9.955812,76.982186,27.8,39.9,20.3,32.5,1.12,5.1
1061,9.956065,76.936058,26.7,36.3,22.4,27.8,1.14,5.2
1062,9.9563,76.980757,27.2,38.9,20.7,32.0,1.12,5.1
1063,9.956363,76.98074,27.2,38.9,20.7,32.0,1.12,5.1
1064,9.956879,77.120527,32.6,32.2,25.1,27.0,1.13,5.2
1065,9.956893,76.927282,26.8,37.6,21.0,24.7,1.12,5.2
1066,9.957552,77.078162,32.3,33.8,23.5,31.3,1.1,5.1
1067,9.957787,77.132604,33.3,30.0,25.8,27.8,1.12,5.2
1068,9.957836,77.120715,30.7,31.7,25.7,27.8,1.12,5.2
1069,9.958153,77.07605,32.4,34.2,22.0,29.9,1.14,5.2
1070,9.958791,77.125526,31.9,31.8,25.6,26.1,1.1,5.2
1071,9.95888,77.129958,31.7,30.7,26.0,27.2,1.12,5.2
1072,9.959079,77.129877,31.7,30.7,26.0,27.2,1.12,5.2
1073,9.959758,76.908442,27.1,36.3,23.7,27.5,1.1,5.1
1074,9.960342,76.91057,28.2,37.1,23.9,27.1,1.1,5.2
1075,9.960538,76.877735,27.0,36.2,23.1,27.1,1.1,5.2
1076,9.964256,77.068385,33.1,33.6,22.8,29.5,1.12,5.1
1077,9.964275,76.947147,30.6,37.9,19.2,31.0,1.1,5.1
1078,9.964335,77.05862,31.0,34.7,22.3,26.8,1.15,5.2
1079,9.96618,76.906191,26.9,37.3,22.5,28.0,1.12,5.2
1080,9.966436,77.063839,33.0,34.6,21.3,27.8,1.14,5.2
1081,9.966702,77.157571,29.6,28.4,30.2,29.0,1.11,5.2
1082,9.966883,76.984058,23.8,41.5,23.2,27.5,1.09,5.1
1083,9.96775,77.02686,26.7,41.0,21.7,31.9,1.15,5.2
1084,9.968324,77.062493,29.5,36.3,21.7,27.8,1.14,5.2
1085,9.969144,76.8991,24.5,37.4,25.6,28.6,1.09,5.3
1086,9.969343,76.983945,25.2,41.0,23.0,32.0,1.16,5.2
1087,9.970397,77.159209,29.4,30.5,27.5,25.2,1.12,5.2
1088,9.970695,76.858999,25.4,37.3,27.0,30.3,1.11,5.2
1089,9.970847,76.894622,24.0,38.2,26.0,30.3,1.17,5.2
1090,9.971439,76.894081,24.0,38.2,26.0,30.3,1.17,5.2
1091,9.972692,76.936361,28.8,38.0,20.6,29.9,1.1,5.2
1092,9.973051,76.856386,25.9,35.6,25.8,28.6,1.1,5.1
1093,9.973333,76.856105,25.9,35.6,25.8,28.6,1.1,5.1
1094,9.9737,76.9992,24.9,41.2,21.7,29.8,1.14,5.2
1095,9.973705,76.85898,25.3,37.7,25.8,29.4,1.12,5.2
1096,9.974,76.9968,25.5,39.7,21.0,29.3,1.14,5.2
1097,9.974056,76.829891,26.7,33.4,22.0,31.9,1.15,5.2
1098,9.975343,76.996319,25.5,39.7,21.0,29.3,1.14,5.2
1099,9.975411,76.838334,28.3,37.8,22.8,32.0,1.07,5.3
1100,9.975805,77.021799,27.0,40.9,20.5,30.1,1.15,5.2
1101,9.975963,76.838301,28.3,37.8,22.8,32.0,1.07,5.3
1102,9.976442,76.927433,28.8,34.0,22.8,31.1,1.1,5.3
1103,9.977168,76.998054,25.3,41.0,20.4,28.4,1.16,5.2
1104,9.979038,76.842868,26.4,41.5,24.0,29.4,1.1,5.1
1105,9.979038,76.842868,26.4,41.5,24.0,29.4,1.1,5.1
1106,9.979167,76.986111,28.3,36.0,25.2,31.2,1.01,5.1
1107,9.979444,76.986111,28.3,36.0,25.2,31.2,1.01,5.1
1109,9.979716,77.034088,28.9,35.9,22.5,31.3,1.14,5.2
1110,9.97984,77.00014,25.3,39.1,21.0,32.0,1.12,5.2
1111,9.980202,77.000142,25.3,39.1,21.0,32.0,1.12,5.2
1112,9.981009,76.993645,22.2,42.9,23.5,30.4,1.07,5.1
1113,9.981403,76.998763,25.3,41.1,21.1,31.1,1.12,5.3
1114,9.981446,77.131882,31.0,30.4,26.5,31.3,1.12,5.2
1115,9.981525,77.133652,32.1,30.4,24.0,31.6,1.12,5.1
1116,9.981667,76.988333,31.0,37.7,20.5,31.9,1.11,5.2
1117,9.98176,77.132331,31.0,30.4,26.5,31.3,1.12,5.2
1118,9.981944,76.988889,31.0,37.7,20.5,31.9,1.11,5.2
1119,9.981957,77.166132,27.7,31.2,30.2,27.4,1.1,5.3
1120,9.982213,76.99182,26.9,38.9,20.4,31.2,1.1,5.2
1121,9.982223,76.853757,29.4,35.9,22.4,26.9,1.09,5.2
1122,9.982321,76.854122,29.4,35.9,22.4,26.9,1.09,5.2
1123,9.982731,76.917017,28.5,39.0,23.3,29.9,1.06,5.2
1124,9.98285,76.851544,29.7,35.7,22.4,27.2,1.09,5.2
1125,9.982914,77.032886,30.4,36.6,21.8,31.3,1.11,5.2
1126,9.983004,76.846657,27.8,38.7,24.0,31.0,1.08,5.1
1127,9.983378,76.836163,27.4,39.7,21.8,28.4,1.08,5.1
1128,9.983651,76.835881,27.0,39.3,21.9,30.5,1.06,5.1
1129,9.983732,77.005334,28.0,37.5,21.1,27.8,1.19,5.4
1130,9.983784,76.998194,25.1,40.6,21.3,31.1,1.14,5.2
1131,9.983798,77.172235,29.3,33.7,27.1,33.0,1.1,5.1
1132,9.984167,77.045,31.5,35.1,23.7,32.0,1.11,5.4
1133,9.984242,76.874223,23.7,35.4,25.2,26.8,1.14,5.2
1134,9.984595,76.984941,24.8,40.1,23.9,32.0,1.06,5.0
1135,9.984653,76.912044,27.5,33.4,26.4,29.9,1.1,5.3
1136,9.984816,77.047131,31.5,35.4,22.3,32.4,1.11,5.1
1137,9.984906,76.911161,27.5,33.4,26.4,29.9,1.1,5.3
1138,9.984948,76.845008,25.8,36.8,25.7,31.1,1.1,5.1
1139,9.985087,76.99036,27.6,40.9,19.8,31.5,1.13,5.2
1140,9.985439,76.910708,27.3,35.8,23.7,28.0,1.1,5.2
1141,9.985506,76.989806,27.6,39.3,20.0,31.3,1.12,5.1
1142,9.985556,76.865278,27.2,34.8,27.1,30.3,1.13,5.2
1143,9.985976,77.007938,28.0,37.4,21.5,27.9,1.15,5.2
1144,9.986016,77.007309,28.0,37.4,21.5,27.9,1.15,5.2
1145,9.986435,76.868536,26.4,34.4,25.8,25.9,1.14,5.2
1146,9.98667,77.172555,30.1,32.3,27.8,32.0,1.04,5.1
1147,9.986824,76.868383,26.4,34.4,25.8,25.9,1.14,5.2
1148,9.986887,77.172548,30.1,32.3,27.8,32.0,1.04,5.1
1149,9.986956,76.908022,26.0,34.1,26.6,28.0,1.09,5.2
1150,9.987717,76.84766,25.6,38.7,24.7,32.0,1.09,5.1
1151,9.987957,77.041953,29.7,34.7,23.5,32.0,1.1,5.1
1152,9.988458,76.844527,30.3,36.6,20.8,28.6,1.1,5.2
1153,9.988547,76.905247,25.3,35.0,23.9,28.9,1.1,5.2
1154,9.989086,76.871241,24.3,36.8,25.1,24.5,1.14,5.2
1155,9.98918,76.852793,27.9,36.1,24.2,30.1,1.13,5.1
1156,9.989474,77.024464,27.2,35.6,22.5,29.5,1.1,5.1
1157,9.990063,77.178833,27.7,33.9,26.9,33.4,1.02,5.3
1158,9.990173,76.838353,27.0,36.9,26.6,31.1,1.08,5.1
1159,9.990991,76.99481,26.7,39.8,21.2,31.0,1.12,5.2
1160,9.991094,77.105694,30.9,32.1,25.6,27.9,1.1,5.2
1161,9.991094,77.105694,30.9,32.1,25.6,27.9,1.1,5.2
1162,9.991283,77.174729,30.5,33.1,25.7,30.8,1.06,5.2
1163,9.991896,77.062741,31.4,32.9,22.9,31.8,1.13,5.2
1164,9.991896,77.062741,31.4,32.9,22.9,31.8,1.13,5.2
1165,9.992094,77.012662,27.5,36.3,22.6,31.2,1.1,5.2
1166,9.992198,77.081172,29.8,31.2,24.5,29.0,1.11,5.2
1167,9.992198,77.081172,29.8,31.2,24.5,29.0,1.11,5.2
1168,9.992667,76.986522,25.6,44.0,21.7,32.0,1.1,5.2
1169,9.992719,76.574842,0.0,0.0,0.0,0.0,0.0,0.0
1170,9.992798,77.180848,26.1,32.7,27.5,33.0,1.02,5.2
1171,9.992937,77.177521,31.0,32.7,26.0,32.0,1.02,5.2
1172,9.993229,76.990911,25.3,41.0,22.1,29.1,1.1,5.1
1173,9.993815,77.01363,27.7,35.3,22.6,29.1,1.1,5.2
1174,9.994212,77.062555,31.2,32.9,22.9,31.1,1.14,5.2
1175,9.994212,77.062555,31.2,32.9,22.9,31.1,1.14,5.2
1176,9.994679,77.062914,31.2,32.9,22.9,31.1,1.14,5.2
1177,9.994679,77.062914,31.2,32.9,22.9,31.1,1.14,5.2
1178,9.994788,77.061374,28.3,32.8,25.7,32.0,1.1,5.1
1179,9.994788,77.061374,28.3,32.8,25.7,32.0,1.1,5.1
1180,9.995144,76.895,27.9,36.1,23.6,30.9,1.04,5.2
1181,9.995305,77.033227,27.7,36.3,21.9,31.8,1.1,5.2
1182,9.995397,77.043295,28.6,35.1,23.6,29.3,1.1,5.3
1183,9.995732,77.076817,31.0,32.9,23.5,30.7,1.12,5.2
1184,9.995732,77.076817,31.0,32.9,23.5,30.7,1.12,5.2
1185,9.995845,77.024741,29.2,36.9,21.1,32.5,1.14,5.2
1186,9.996097,77.02497,29.2,36.9,21.1,32.5,1.14,5.2
1187,9.996409,77.078326,31.0,32.9,23.5,30.7,1.12,5.2
1188,9.996409,77.078326,31.0,32.9,23.5,30.7,1.12,5.2
1189,9.996838,76.857542,27.2,34.9,25.0,27.5,1.14,5.2
1190,9.996919,76.8906,28.3,33.9,24.4,30.7,1.1,5.2
1191,9.99701,76.946049,28.1,33.9,24.4,29.4,1.06,5.2
1192,9.997695,76.944932,27.6,34.0,24.7,27.8,1.07,5.2
1193,9.997778,77.030833,28.9,35.6,22.1,32.8,1.06,5.1
1194,9.997868,76.964767,24.1,39.6,22.0,31.0,1.06,5.0
1195,9.998092,76.888033,26.2,33.9,23.9,31.1,1.08,5.2
1196,9.998155,76.797139,27.9,30.3,25.9,27.8,1.09,5.1
1197,9.998656,76.832847,28.7,34.0,23.1,30.3,1.08,5.3
1198,9.998817,76.886592,26.2,33.9,23.9,31.1,1.08,5.2
1199,9.998928,76.942668,28.5,34.3,23.6,27.7,1.07,5.1
1200,9.999,77.17757,28.9,31.7,27.4,37.1,1.03,5.2
1201,9.999035,77.077568,31.1,32.6,23.9,28.0,1.1,5.2
1202,9.999035,77.077568,31.1,32.6,23.9,28.0,1.1,5.2
1203,9.999279,77.026294,29.3,36.4,21.1,32.6,1.1,5.1
1204,9.999656,76.883772,26.9,34.6,24.0,30.9,1.08,5.4
1205,9.999803,77.063092,31.2,32.1,23.7,32.0,1.12,5.1
1206,9.999803,77.063092,31.2,32.1,23.7,32.0,1.12,5.1
1207,9.999987,76.801134,24.0,34.2,30.6,27.8,1.07,5.2
1221,10.000277,76.992769,26.9,43.7,21.2,31.1,1.04,5.1
1222,10.000428,77.116176,31.0,32.6,26.1,31.2,1.1,5.2
1223,10.000428,77.116176,31.0,32.6,26.1,31.2,1.1,5.2
1224,10.00053,77.00944,28.7,39.2,20.9,30.0,1.13,5.1
1225,10.000597,76.843245,25.7,39.7,25.3,32.0,1.09,5.1
1226,10.000635,76.844468,27.8,39.6,23.4,31.3,1.12,5.1
1227,10.000674,77.062669,30.9,33.2,23.0,31.0,1.14,5.2
1228,10.000674,77.062669,30.9,33.2,23.0,31.0,1.14,5.2
1229,10.000707,77.113543,30.9,32.9,26.3,31.1,1.1,5.4
1230,10.000707,77.113543,30.9,32.9,26.3,31.1,1.1,5.4
1231,10.000774,77.007892,28.1,41.3,21.2,29.8,1.12,5.2
1232,10.001,77.1708,27.5,31.4,28.1,32.0,1.1,5.4
1233,10.001608,76.959035,25.6,40.7,21.4,32.0,1.18,5.2
1234,10.001637,76.833383,28.0,34.4,23.5,30.3,1.08,5.2
1235,10.0018,77.011628,28.3,39.3,20.9,31.3,1.12,5.1
1236,10.002123,76.832146,28.0,34.4,23.5,30.3,1.08,5.2
1237,10.002639,77.119537,30.7,30.9,27.1,31.3,1.12,5.2
1238,10.002639,77.119537,30.7,30.9,27.1,31.3,1.12,5.2
1239,10.00267,76.999222,30.5,39.6,20.8,29.1,1.1,5.1
1240,10.002694,76.998237,30.7,39.3,21.4,27.9,1.12,5.1
1241,10.003116,76.830646,25.7,34.5,25.1,30.3,1.09,5.2
1242,10.003561,76.846591,27.6,38.8,24.0,27.8,1.1,5.1
1243,10.003583,77.097472,33.5,32.6,23.9,29.1,1.08,5.4
1244,10.003583,77.097472,33.5,32.6,23.9,29.1,1.08,5.4
1245,10.00388,76.854317,26.4,36.1,25.2,26.4,1.12,5.3
1246,10.00441,76.812349,23.4,35.4,24.9,26.8,1.1,5.2
1247,10.004935,76.812215,23.4,35.4,24.9,26.8,1.1,5.2
1248,10.004959,76.827638,26.4,37.4,23.9,30.3,1.08,5.2
1249,10.005137,77.064539,29.6,33.7,23.9,31.3,1.13,5.1
1250,10.005137,77.064539,29.6,33.7,23.9,31.3,1.13,5.1
1251,10.005235,76.996611,30.3,37.6,22.8,27.9,1.1,5.2
1252,10.005377,76.992508,30.3,37.7,22.4,29.8,1.1,5.2
1253,10.005418,76.991651,30.3,38.9,21.8,30.9,1.1,5.1
1254,10.007057,76.925216,27.8,34.9,23.9,29.7,1.08,5.3
1255,10.007682,76.822382,25.0,36.1,26.0,27.8,1.1,5.3
1256,10.007979,76.934532,28.3,35.1,23.2,31.0,1.1,5.0
1257,10.008157,76.934999,28.3,35.1,23.2,31.0,1.1,5.0
1258,10.008292,76.821519,25.0,36.1,26.0,27.8,1.1,5.3
1259,10.008478,76.932793,28.2,35.3,23.3,30.5,1.1,5.0
1260,10.009722,76.816667,27.1,35.1,23.9,30.8,1.07,5.3
1261,10.01,77.06,30.8,32.3,25.1,32.8,1.12,5.2
1262,10.01,76.98,24.2,37.0,22.3,27.8,1.1,5.1
1263,10.01,76.98,24.2,37.0,22.3,27.8,1.1,5.1
1264,10.01,76.93,27.0,35.9,21.9,29.9,1.1,5.0
1265,10.01,76.92,27.0,35.3,20.3,27.8,1.1,5.0
1266,10.01,76.95,27.2,42.5,21.3,27.3,1.2,5.4
1267,10.01,76.96,23.5,40.2,23.3,27.5,1.21,5.2
1268,10.01,76.96,23.5,40.2,23.3,27.5,1.21,5.2
1269,10.01,76.96,23.5,40.2,23.3,27.5,1.21,5.2
1270,10.01,76.96,23.5,40.2,23.3,27.5,1.21,5.2
1271,10.01,77.01,28.3,39.5,19.6,31.0,1.17,5.3
1272,10.01,77.09,26.8,31.7,28.3,32.0,1.05,5.1
1273,10.01,77.07,29.0,33.8,22.4,26.4,1.13,5.2
1274,10.01,77.16,34.3,28.4,25.8,30.0,1.1,5.2
1275,10.01,77.17,26.7,30.9,30.0,35.5,1.06,5.2
1276,10.01,77.01,28.3,39.5,19.6,31.0,1.17,5.3
1277,10.01,77.01,28.3,39.5,19.6,31.0,1.17,5.3
1278,10.01,77.03,28.9,35.2,23.9,29.1,1.1,5.1
1279,10.011132,76.965759,23.2,39.8,22.9,29.1,1.13,5.2
1280,10.011209,77.00884,28.3,39.5,19.6,31.0,1.17,5.3
1281,10.011229,77.008421,28.3,39.5,19.6,31.0,1.17,5.3
1282,10.011409,76.979942,24.2,37.0,22.3,27.8,1.1,5.1
1283,10.011485,76.964065,22.9,39.6,23.2,28.9,1.15,5.2
1284,10.011778,76.98086389,24.2,37.0,22.3,27.8,1.1,5.1
1285,10.011862,76.964605,22.9,39.6,23.2,28.9,1.15,5.2
1286,10.011894,76.965253,22.9,39.6,23.2,28.9,1.15,5.2
1287,10.011908,76.964396,22.9,39.6,23.2,28.9,1.15,5.2
1288,10.011914,76.964861,22.9,39.6,23.2,28.9,1.15,5.2
1289,10.012191,76.980621,24.2,37.0,22.3,27.8,1.1,5.1
1290,10.012345,76.980586,25.9,36.3,23.8,31.4,1.1,5.2
1291,10.012398,76.98231,26.0,36.4,23.8,32.2,1.09,5.2
1292,10.013121,76.982378,26.0,36.4,23.8,32.2,1.09,5.2
1293,10.013351,76.960455,23.3,39.6,23.3,30.2,1.21,5.2
1294,10.013917,77.082167,27.9,32.0,26.4,33.0,1.06,5.1
1295,10.013917,77.082167,27.9,32.0,26.4,33.0,1.06,5.1
1296,10.013924,76.964344,23.7,37.2,23.1,27.9,1.18,5.3
1297,10.015845,76.984857,25.4,37.7,22.6,32.1,1.19,5.3
1298,10.015962,76.983426,24.7,34.0,25.4,32.5,1.06,5.2
1299,10.016105,77.052197,29.8,33.2,26.9,32.0,1.1,5.1
1300,10.016105,77.052197,29.8,33.2,26.9,32.0,1.1,5.1
1301,10.016361,77.086639,26.6,31.1,27.0,37.0,1.05,5.1
1302,10.016361,77.086639,26.6,31.1,27.0,37.0,1.05,5.1
1303,10.0172,76.9891,25.1,35.0,25.0,31.9,1.1,5.2
1304,10.017242,76.997651,27.9,36.6,22.4,29.5,1.1,5.1
1305,10.017266,76.984647,24.3,35.0,25.4,31.0,1.05,5.1
1306,10.017426,77.00006,28.7,37.4,21.6,31.1,1.1,5.2
1307,10.0176,77.0472,29.1,32.9,25.8,31.0,1.14,5.1
1308,10.017696,76.99438,28.4,35.1,22.6,30.4,1.1,5.1
1309,10.01781,76.99491,28.4,36.6,22.3,30.9,1.12,5.1
1310,10.01805,76.995549,28.4,36.6,22.3,30.9,1.12,5.1
1311,10.018075,77.016862,32.4,35.7,19.7,27.4,1.14,5.2
1312,10.018075,77.016862,32.4,35.7,19.7,27.4,1.14,5.2
1313,10.018154,77.009831,26.8,36.7,23.5,30.9,1.12,5.2
1314,10.0187,77.259219,29.1,29.7,26.3,48.0,1.06,5.3
1315,10.0191,77.0162,32.4,35.7,19.7,27.4,1.14,5.2
1316,10.019424,76.991062,28.4,33.7,24.1,32.2,1.09,5.3
1317,10.019722,77.265664,28.0,31.8,26.2,45.5,1.05,5.4
1318,10.02,77.05,29.2,34.2,23.2,28.5,1.12,5.1
1319,10.02,77.06,29.8,32.6,23.3,29.9,1.12,5.2
1320,10.02,76.96,25.7,37.9,24.2,32.1,1.15,5.2
1321,10.02,76.96,25.7,37.9,24.2,32.1,1.15,5.2
1322,10.02,76.97,24.5,33.6,28.1,34.0,1.03,5.2
1323,10.02,76.98,25.2,31.9,27.7,33.1,1.05,5.2
1324,10.02,77.06,29.8,32.6,23.3,29.9,1.12,5.2
1325,10.02,77.01,27.1,37.1,23.4,29.9,1.1,5.2
1326,10.02,77.06,29.8,32.6,23.3,29.9,1.12,5.2
1327,10.02,76.96,25.7,37.9,24.2,32.1,1.15,5.2
1328,10.02,76.93,23.2,36.2,24.0,29.6,1.1,5.2
1329,10.02,76.91,25.8,34.8,22.1,27.8,1.11,5.1
1330,10.02,76.89,27.7,35.1,22.0,28.6,1.1,5.2
1331,10.02,76.92,23.3,35.5,23.2,29.6,1.2,5.3
1332,10.02,76.94,25.0,39.3,22.0,30.2,1.07,5.2
1333,10.02,76.93,23.2,36.2,24.0,29.6,1.1,5.2
1334,10.02,76.93,23.2,36.2,24.0,29.6,1.1,5.2
1335,10.02,76.92,23.3,35.5,23.2,29.6,1.2,5.3
1336,10.02,76.94,25.0,39.3,22.0,30.2,1.07,5.2
1337,10.02,76.94,25.0,39.3,22.0,30.2,1.07,5.2
1338,10.02,77.01,27.1,37.1,23.4,29.9,1.1,5.2
1339,10.02,77.17,25.7,32.0,30.8,39.0,1.0,5.2
1340,10.02,77.08,28.6,30.9,25.8,31.9,1.07,5.2
1341,10.02,77.16,28.6,29.7,30.5,33.6,1.09,5.4
1342,10.02,77.24,27.6,34.2,24.6,34.4,1.04,5.2
1343,10.02,77.25,27.3,32.6,25.8,40.8,1.04,5.2
1344,10.02,77.26,29.0,30.6,26.9,45.5,1.04,5.3
1345,10.02,77.26,29.0,30.6,26.9,45.5,1.04,5.3
1346,10.02,77.18,24.9,32.6,29.2,37.0,1.01,5.3
1347,10.02,76.86,25.3,34.4,24.0,30.8,1.1,5.2
1348,10.020022,77.265406,28.0,31.8,26.2,45.5,1.05,5.4
1349,10.020316,76.976311,25.2,32.2,27.8,35.1,1.05,5.1
1350,10.020419,76.53725,23.6,40.7,20.0,22.6,1.18,5.3
1351,10.020811,77.266194,29.1,32.6,24.5,33.9,1.06,5.5
1352,10.021278,77.263808,28.0,31.8,26.2,45.5,1.05,5.4
1353,10.021339,77.264514,28.0,31.8,26.2,45.5,1.05,5.4
1354,10.02155,76.97403,24.8,34.5,26.8,32.5,1.08,5.1
1355,10.021664,77.265714,28.0,31.8,26.2,45.5,1.05,5.4
1356,10.022125,76.970194,25.0,36.9,25.6,32.0,1.16,5.2
1357,10.022416,76.978923,24.9,32.4,26.9,32.0,1.04,5.1
1358,10.022568,76.960903,24.2,36.8,26.0,31.0,1.08,5.1
1359,10.022622,77.264906,28.9,32.9,25.3,45.5,1.02,5.4
1360,10.0236,76.914314,24.8,36.7,22.0,31.1,1.12,5.2
1361,10.0237,77.264536,28.9,32.9,25.3,45.5,1.02,5.4
1362,10.023758,76.953842,26.0,36.6,24.9,31.9,1.08,5.1
1363,10.024,76.908,26.4,34.0,22.3,29.8,1.17,5.3
1364,10.024074,76.976863,24.8,32.7,26.9,32.0,1.07,5.2
1365,10.024114,76.914381,24.8,36.7,22.0,31.1,1.12,5.2
1366,10.02443,76.986861,26.5,35.3,26.4,29.0,1.01,5.1
1367,10.02451,77.022948,27.6,34.0,25.3,31.3,1.1,5.1
1368,10.02451,77.022948,27.6,34.0,25.3,31.3,1.1,5.1
1369,10.024591,76.9962,28.8,36.3,22.5,25.4,1.1,5.1
1370,10.0254,77.0407,28.5,30.6,29.7,31.2,1.06,5.3
1371,10.025678,76.986658,26.5,35.3,26.4,29.0,1.01,5.1
1372,10.025909,76.993454,28.8,35.6,22.6,26.4,1.05,5.1
1373,10.0262,77.0635,26.4,31.2,28.2,32.8,1.04,5.1
1374,10.02625,77.06356,26.4,31.2,28.2,32.8,1.04,5.1
1375,10.026848,76.992101,26.6,37.3,24.9,27.8,1.05,5.1
1376,10.027278,76.991246,26.6,37.3,24.9,27.8,1.05,5.1
1377,10.027647,77.265528,27.0,33.7,25.7,42.0,1.06,5.4
1378,10.027981,76.386672,23.7,34.4,23.4,24.6,1.21,5.1
1379,10.028027,76.98991,27.8,37.1,25.0,27.9,1.04,5.1
1380,10.028356,76.817311,25.6,33.1,23.8,27.8,1.08,5.2
1381,10.028489,76.3865,23.7,34.4,23.4,24.6,1.21,5.1
1382,10.028576,76.933742,28.2,32.4,25.6,31.1,1.08,5.4
1383,10.028624,76.986795,24.8,32.4,28.3,30.8,1.04,5.3
1384,10.028983,77.265719,27.8,35.2,24.8,43.1,1.1,5.4
1385,10.029138,77.031887,28.3,32.1,27.8,31.1,1.08,5.2
1386,10.029138,77.031887,28.3,32.1,27.8,31.1,1.08,5.2
1387,10.029819,76.90015,28.3,34.6,22.0,32.2,1.1,5.3
1388,10.03,77.03,27.8,33.3,26.8,31.2,1.1,5.2
1389,10.03,77.04,30.7,30.7,26.7,31.6,1.06,5.2
1390,10.03,77.04,30.7,30.7,26.7,31.6,1.06,5.2
1391,10.03,77.05,26.9,33.6,28.5,31.0,1.12,5.3
1392,10.03,76.98,24.7,31.5,31.6,29.4,1.01,5.1
1393,10.03,77.0,29.0,37.6,22.0,27.8,1.1,5.2
1394,10.03,77.06,25.5,30.9,29.9,32.8,1.04,5.1
1395,10.03,77.06,25.5,30.9,29.9,32.8,1.04,5.1
1396,10.03,77.06,25.5,30.9,29.9,32.8,1.04,5.1
1397,10.03,76.94,27.4,32.2,27.0,30.8,1.04,5.1
1398,10.03,76.95,27.7,32.3,25.2,31.5,1.08,5.3
1399,10.03,76.97,25.9,31.8,30.0,24.5,1.06,5.1
1400,10.03,76.97,25.9,31.8,30.0,24.5,1.06,5.1
1401,10.03,76.93,28.4,31.5,25.1,32.0,1.04,5.1
1402,10.03,77.12,29.4,29.9,26.9,36.8,1.02,5.4
1403,10.03,76.92,27.0,34.4,25.0,33.0,1.04,5.3
1404,10.03,77.12,29.4,29.9,26.9,36.8,1.02,5.4
1405,10.03,76.9,28.3,34.6,22.0,32.2,1.1,5.3
1406,10.03,76.88,27.3,35.2,22.4,27.8,1.14,5.3
1407,10.03,76.86,27.2,37.0,22.4,27.4,1.14,5.2
1408,10.03,77.12,29.4,29.9,26.9,36.8,1.02,5.4
1409,10.03,77.12,29.4,29.9,26.9,36.8,1.02,5.4
1410,10.03,77.07,28.1,28.4,31.0,38.0,1.1,5.3
1411,10.03,77.21,27.7,36.1,25.2,27.3,1.1,5.3
1412,10.030003,77.267081,27.0,35.9,25.8,45.8,1.13,5.4
1413,10.030008,77.266225,27.0,35.9,25.8,45.8,1.13,5.4
1414,10.030213,76.900791,28.3,34.6,22.0,32.2,1.1,5.3
1415,10.030556,76.9338,27.7,32.3,26.2,32.1,1.04,5.1
1416,10.030575,77.034915,28.3,31.5,28.4,31.2,1.07,5.2
1417,10.030575,77.034915,28.3,31.5,28.4,31.2,1.07,5.2
1418,10.030773,76.88974,28.5,35.4,22.0,29.8,1.1,5.2
1419,10.030794,77.034469,28.3,31.5,28.4,31.2,1.07,5.2
1420,10.030794,77.034469,28.3,31.5,28.4,31.2,1.07,5.2
1421,10.030843,76.94035,27.4,32.2,27.0,30.8,1.04,5.1
1422,10.0309,76.900786,28.3,34.6,22.0,32.2,1.1,5.3
1423,10.031173,76.933329,28.6,32.5,24.5,31.9,1.04,5.1
1424,10.031347,76.900022,28.3,34.6,22.0,32.2,1.1,5.3
1425,10.031718,76.912574,25.8,35.8,23.9,32.5,1.14,5.3
1426,10.031732,76.933624,27.4,33.7,27.1,31.5,1.01,5.0
1427,10.03203,76.933708,27.4,33.7,27.1,31.5,1.01,5.0
1428,10.032249,76.942529,26.7,31.7,26.6,28.5,1.04,5.1
1429,10.032275,76.942702,26.7,31.7,26.6,28.5,1.04,5.1
1430,10.032608,76.935362,28.1,33.4,26.2,30.8,1.01,5.1
1431,10.033208,77.266333,27.1,34.8,25.0,44.0,1.13,5.3
1432,10.033387,76.948911,26.6,31.3,27.3,30.1,1.02,5.1
1433,10.033634,76.936135,26.8,31.0,29.6,31.4,1.04,5.3
1434,10.033883,77.265406,28.3,32.1,25.5,46.1,1.13,5.4
1435,10.034431,77.278042,31.0,36.8,19.4,31.4,1.23,5.8
1436,10.034806,76.80675,25.1,32.9,23.2,30.9,1.08,5.1
1437,10.03499,76.99247,30.7,33.8,24.5,33.1,1.08,5.4
1438,10.03499,76.99247,30.7,33.8,24.5,33.1,1.08,5.4
1439,10.035131,77.279533,28.6,39.2,20.7,31.4,1.23,5.8
1440,10.03529,76.948184,26.6,29.4,27.1,30.1,1.02,5.1
1441,10.036551,76.941205,27.3,29.9,28.1,31.6,1.1,5.3
1442,10.036719,77.266644,29.2,34.3,25.5,40.7,1.08,5.4
1443,10.036908,77.276147,28.9,33.2,23.3,34.4,1.21,5.8
1444,10.0372,77.0068,30.5,31.7,26.8,31.2,1.02,5.1
1445,10.037483,77.2708,29.8,33.2,25.4,32.8,1.16,5.6
1446,10.037706,77.279914,29.1,34.8,21.9,33.1,1.2,5.8
1447,10.037978,77.273086,29.0,32.2,26.2,36.6,1.19,5.7
1448,10.038717,77.005599,30.8,30.4,25.9,35.3,1.01,5.1
1449,10.038717,77.005599,30.8,30.4,25.9,35.3,1.01,5.1
1450,10.03885,77.001514,31.0,30.4,23.9,33.6,1.03,5.1
1451,10.03885,77.001514,31.0,30.4,23.9,33.6,1.03,5.1
1452,10.04,77.04,32.2,29.4,24.4,34.4,1.04,5.2
1453,10.04,77.04,32.2,29.4,24.4,34.4,1.04,5.2
1454,10.04,77.03,31.3,29.0,27.0,35.3,1.0,5.1
1455,10.04,77.03,31.3,29.0,27.0,35.3,1.0,5.1
1456,10.04,77.03,31.3,29.0,27.0,35.3,1.0,5.1
1457,10.04,77.02,31.4,29.0,25.9,32.4,1.0,5.1
1458,10.04,77.02,31.4,29.0,25.9,32.4,1.0,5.1
1459,10.04,77.01,30.7,29.5,27.5,33.0,1.02,5.1
1460,10.04,76.95,29.5,30.5,24.8,28.5,1.04,5.0
1461,10.04,76.95,29.5,30.5,24.8,28.5,1.04,5.0
1462,10.04,76.95,29.5,30.5,24.8,28.5,1.04,5.0
1463,10.04,76.99,30.7,30.6,26.1,39.3,1.06,5.1
1464,10.04,76.99,30.7,30.6,26.1,39.3,1.06,5.1
1465,10.04,77.04,32.2,29.4,24.4,34.4,1.04,5.2
1466,10.04,76.85,26.1,38.6,20.2,31.2,1.1,5.1
1467,10.04,76.85,26.1,38.6,20.2,31.2,1.1,5.1
1468,10.04,77.11,29.2,26.7,28.8,57.8,1.0,5.1
1469,10.04,77.12,31.1,28.4,25.3,40.1,1.0,5.1
1470,10.04,77.17,26.2,31.7,31.4,46.2,1.0,5.3
1471,10.04,77.14,26.5,29.2,27.1,64.0,0.96,5.1
1472,10.04,77.16,27.4,30.8,28.4,39.5,1.02,5.3
1473,10.04,77.04,32.2,29.4,24.4,34.4,1.04,5.2
1474,10.040128,77.290631,21.4,39.4,20.6,32.8,1.3,6.2
1475,10.040314,77.291872,21.0,39.4,21.5,30.6,1.3,6.2
1476,10.041179,76.945875,27.6,32.0,24.8,28.5,1.04,5.1
1477,10.041342,76.842965,27.1,38.7,20.1,28.1,1.1,5.1
1478,10.04169,76.910918,27.3,34.0,27.0,31.1,1.04,5.1
1479,10.041862,76.914002,27.1,33.5,27.1,30.8,1.06,5.1
1480,10.041956,76.919657,27.0,32.5,27.5,30.8,1.07,5.2
1481,10.042083,77.04025,28.6,29.9,27.6,35.4,1.02,5.3
1482,10.042103,76.912845,28.0,33.2,27.8,30.8,1.05,5.1
1483,10.042117,77.301367,21.8,41.3,20.8,27.4,1.31,6.4
1484,10.042142,77.301744,21.8,41.3,20.8,27.4,1.31,6.4
1485,10.042278,76.912363,28.0,33.2,27.8,30.8,1.05,5.1
1486,10.042353,77.293164,19.5,39.1,21.9,35.5,1.3,6.2
1487,10.042678,77.304019,21.6,39.5,21.1,24.1,1.32,6.3
1488,10.042933,76.924169,25.8,34.9,28.1,32.6,1.01,5.1
1489,10.043192,77.303367,21.6,39.5,21.1,24.1,1.32,6.3
1490,10.043547,76.548719,20.0,40.6,20.6,24.7,1.15,5.2
1491,10.043597,77.300431,21.8,40.5,19.7,26.8,1.3,6.3
1492,10.043702,76.88945,27.2,35.3,24.5,32.8,1.03,5.1
1493,10.043981,77.2935,22.2,38.2,21.3,32.3,1.25,6.1
1494,10.044303,77.277003,26.9,31.1,26.4,35.7,1.2,5.6
1495,10.044442,77.299331,21.4,40.4,19.9,28.0,1.3,6.3
1496,10.044731,76.839075,26.1,36.5,21.3,29.0,1.12,5.2
1497,10.044856,77.306169,21.6,38.2,20.5,24.5,1.3,6.2
1498,10.045336,77.295475,22.4,39.1,20.3,30.9,1.26,6.1
1499,10.045443,76.901089,28.0,33.8,24.7,32.0,1.0,5.0
1500,10.045444,77.04986111,28.2,35.2,23.6,35.7,1.0,5.4
1501,10.0455,76.8472,28.7,36.7,20.5,27.3,1.1,5.1
1502,10.045503,77.302472,21.8,40.5,19.1,24.4,1.31,6.3
1503,10.045611,77.3037,21.8,40.5,19.1,24.4,1.31,6.3
1504,10.046692,77.308981,22.1,40.6,21.0,27.7,1.32,6.4
1505,10.046953,77.306408,25.9,37.0,17.3,27.1,1.3,6.2
1506,10.047849,76.840083,25.7,38.4,20.7,26.5,1.12,5.2
1507,10.04814,76.945716,30.3,32.8,24.1,27.9,1.04,5.3
1508,10.048843,76.838474,27.7,38.6,20.7,27.8,1.08,5.1
1509,10.048972,77.310464,23.7,39.2,20.5,26.9,1.32,6.4
1510,10.049483,76.771525,28.1,30.5,23.1,31.1,1.06,5.2
1511,10.05,77.05,29.9,33.7,24.6,35.9,1.02,5.4
1512,10.05,77.05,29.9,33.7,24.6,35.9,1.02,5.4
1513,10.05,77.05,29.9,33.7,24.6,35.9,1.02,5.4
1514,10.05,77.05,29.9,33.7,24.6,35.9,1.02,5.4
1515,10.05,76.96,29.5,32.6,25.8,27.8,1.04,5.1
1516,10.05,76.95,29.2,33.0,23.9,29.9,1.04,5.2
1517,10.05,76.94,28.6,34.4,25.9,35.0,1.08,5.1
1518,10.05,76.87,27.3,32.8,22.0,30.1,1.12,5.3
1519,10.05,77.21,28.5,31.7,28.5,35.9,1.02,5.4
1520,10.05,77.22,27.7,32.9,28.1,44.0,1.0,5.3
1521,10.05,76.76,27.9,33.7,24.4,27.4,1.07,5.3
1522,10.05,77.12,29.1,29.9,25.5,32.4,1.08,5.2
1523,10.05,77.13,30.5,27.6,26.8,36.0,1.0,5.0
1524,10.050389,76.835281,27.1,39.6,20.9,31.3,1.07,5.2
1525,10.052144,76.831825,28.4,38.4,22.0,31.1,1.08,5.2
1526,10.052865,76.830616,27.5,37.4,22.0,27.8,1.1,5.1
1527,10.053132,76.942389,27.7,34.9,25.7,32.8,1.06,5.1
1528,10.053444,76.82972222,27.5,38.1,22.0,27.8,1.07,5.2
1529,10.053878,76.82912222,27.5,38.1,22.0,27.8,1.07,5.2
1530,10.054453,76.763889,25.7,31.7,27.0,27.9,1.07,5.4
1531,10.055321,77.05,27.3,32.0,28.4,35.3,1.08,5.5
1532,10.055321,77.05,27.3,32.0,28.4,35.3,1.08,5.5
1533,10.057205,77.053833,30.3,34.4,26.2,32.8,1.02,5.4
1534,10.057205,77.053833,30.3,34.4,26.2,32.8,1.02,5.4
1535,10.058025,76.809075,27.8,35.5,25.2,29.1,1.08,5.2
1536,10.058896,76.941338,28.0,33.3,26.9,30.5,1.06,5.0
1537,10.059519,76.955288,27.2,34.1,29.5,30.0,1.1,5.1
1538,10.06,77.06,29.9,36.3,24.6,39.0,0.98,5.2
1539,10.06,77.05,27.6,32.1,27.1,36.4,1.07,5.2
1540,10.06,77.05,27.6,32.1,27.1,36.4,1.07,5.2
1541,10.06,76.96,25.3,33.5,29.2,29.2,1.1,5.1
1542,10.06,76.96,25.3,33.5,29.2,29.2,1.1,5.1
1543,10.06,76.94,27.2,34.3,27.5,32.0,1.06,5.0
1544,10.06,76.94,27.2,34.3,27.5,32.0,1.06,5.0
1545,10.06,76.96,25.3,33.5,29.2,29.2,1.1,5.1
1546,10.06,76.96,25.3,33.5,29.2,29.2,1.1,5.1
1547,10.06,76.96,25.3,33.5,29.2,29.2,1.1,5.1
1548,10.06,76.82,28.7,36.6,22.1,30.9,1.07,5.2
1549,10.06,77.0,28.7,32.5,25.0,39.0,0.93,5.0
1550,10.06,77.01,30.5,30.9,24.0,44.0,1.0,5.1
1551,10.06,77.01,30.5,30.9,24.0,44.0,1.0,5.1
1552,10.06,77.01,30.5,30.9,24.0,44.0,1.0,5.1
1553,10.06,77.01,30.5,30.9,24.0,44.0,1.0,5.1
1554,10.06,77.02,26.8,33.7,25.3,36.0,1.0,5.2
1555,10.06,77.03,27.5,32.6,27.8,33.5,1.04,5.3
1556,10.06,77.04,25.6,30.6,29.5,34.5,0.97,5.1
1557,10.06,77.04,25.6,30.6,29.5,34.5,0.97,5.1
1558,10.06,77.04,25.6,30.6,29.5,34.5,0.97,5.1
1559,10.06,77.22,24.6,32.3,29.3,47.0,1.0,5.3
1560,10.06,77.23,26.9,31.1,28.6,49.6,1.0,5.3
1561,10.06,77.13,27.5,30.0,25.2,40.2,1.02,5.3
1562,10.06,77.13,27.5,30.0,25.2,40.2,1.02,5.3
1563,10.06,77.13,27.5,30.0,25.2,40.2,1.02,5.3
1564,10.06,77.16,29.9,29.1,28.3,48.0,0.95,5.0
1565,10.06,77.16,29.9,29.1,28.3,48.0,0.95,5.0
1566,10.06,77.13,27.5,30.0,25.2,40.2,1.02,5.3
1567,10.06,77.14,28.9,30.0,28.1,45.8,1.0,5.1
1568,10.06,77.14,28.9,30.0,28.1,45.8,1.0,5.1
1569,10.06,77.07,28.5,34.8,26.1,34.3,1.0,5.4
1570,10.060082,76.928721,28.1,33.7,24.2,29.2,1.1,5.1
1571,10.060098,76.928977,28.1,33.7,24.2,29.2,1.1,5.1
1572,10.060128,76.930063,27.9,34.0,26.3,29.8,1.1,5.2
1573,10.060258,76.758456,25.9,35.3,21.5,26.4,1.1,5.3
1574,10.060444,77.05783333,28.9,29.4,27.2,34.3,1.06,5.5
1575,10.060595,76.925942,29.5,32.8,22.5,27.8,1.1,5.2
1576,10.060891,76.926327,29.5,32.8,22.5,27.8,1.1,5.2
1577,10.060927,76.830843,29.8,37.8,20.3,29.4,1.09,5.2
1578,10.060998,77.03537,25.2,31.9,30.8,34.1,1.04,5.1
1579,10.060998,77.03537,25.2,31.9,30.8,34.1,1.04,5.1
1580,10.06168,77.105447,31.6,27.7,24.8,27.9,1.08,5.3
1581,10.06168,77.105447,31.6,27.7,24.8,27.9,1.08,5.3
1582,10.062068,76.830604,29.8,37.8,20.3,29.4,1.09,5.2
1583,10.062302,77.10432,31.6,27.7,24.8,27.9,1.08,5.3
1584,10.062302,77.10432,31.6,27.7,24.8,27.9,1.08,5.3
1585,10.063173,76.931832,28.2,34.2,24.6,27.9,1.1,5.2
1586,10.063557,77.103033,30.6,27.7,25.2,27.0,1.09,5.4
1587,10.063557,77.103033,30.6,27.7,25.2,27.0,1.09,5.4
1588,10.063931,76.958224,30.7,35.3,23.4,32.8,1.05,5.1
1589,10.065194,77.102944,30.6,27.7,25.0,31.0,1.04,5.1
1590,10.065194,77.102944,30.6,27.7,25.0,31.0,1.04,5.1
1591,10.066496,77.065576,30.5,31.1,24.4,33.0,1.02,5.2
1592,10.066496,77.065576,30.5,31.1,24.4,33.0,1.02,5.2
1593,10.06665,77.109875,29.5,27.7,25.9,31.0,1.05,5.4
1594,10.06665,77.109875,29.5,27.7,25.9,31.0,1.05,5.4
1595,10.066667,76.782275,28.3,34.3,23.3,28.0,1.06,5.2
1596,10.067254,77.105921,29.4,27.8,26.2,35.6,1.04,5.1
1597,10.067254,77.105921,29.4,27.8,26.2,35.6,1.04,5.1
1598,10.06755,77.109936,29.0,28.8,26.1,31.0,1.08,5.2
1599,10.06755,77.109936,29.0,28.8,26.1,31.0,1.08,5.2
1600,10.068238,77.106092,29.4,27.8,26.2,35.6,1.04,5.1
1601,10.068238,77.106092,29.4,27.8,26.2,35.6,1.04,5.1
1602,10.06897,77.106735,29.4,27.8,26.2,35.6,1.04,5.1
1603,10.06897,77.106735,29.4,27.8,26.2,35.6,1.04,5.1
1604,10.07,77.04,30.4,32.0,26.8,33.8,1.04,5.2
1605,10.07,77.04,30.4,32.0,26.8,33.8,1.04,5.2
1606,10.07,77.05,28.5,32.0,25.6,31.0,1.05,5.3
1607,10.07,77.04,30.4,32.0,26.8,33.8,1.04,5.2
1608,10.07,77.04,30.4,32.0,26.8,33.8,1.04,5.2
1609,10.07,77.04,30.4,32.0,26.8,33.8,1.04,5.2
1610,10.07,77.04,30.4,32.0,26.8,33.8,1.04,5.2
1611,10.07,77.04,30.4,32.0,26.8,33.8,1.04,5.2
1612,10.07,77.03,25.6,32.4,30.4,32.9,1.04,5.2
1613,10.07,77.03,25.6,32.4,30.4,32.9,1.04,5.2
1614,10.07,77.03,25.6,32.4,30.4,32.9,1.04,5.2
1615,10.07,77.02,25.2,33.3,29.8,33.5,1.04,5.2
1616,10.07,77.01,27.6,32.6,26.0,39.1,1.0,5.2
1617,10.07,77.01,27.6,32.6,26.0,39.1,1.0,5.2
1618,10.07,76.96,30.7,34.7,24.5,31.4,1.02,5.1
1619,10.07,76.99,28.8,30.2,26.8,44.0,0.98,5.0
1620,10.07,76.99,28.8,30.2,26.8,44.0,0.98,5.0
1621,10.07,76.99,28.8,30.2,26.8,44.0,0.98,5.0
1622,10.07,77.01,27.6,32.6,26.0,39.1,1.0,5.2
1623,10.07,77.04,30.4,32.0,26.8,33.8,1.04,5.2
1624,10.07,77.05,28.5,32.0,25.6,31.0,1.05,5.3
1625,10.07,77.05,28.5,32.0,25.6,31.0,1.05,5.3
1626,10.07,77.05,28.5,32.0,25.6,31.0,1.05,5.3
1627,10.07,77.06,29.9,32.3,25.0,28.4,1.09,5.4
1628,10.07,77.09,33.6,28.6,25.0,34.5,1.04,5.2
1629,10.07,77.11,32.0,29.8,24.2,35.5,1.03,5.1
1630,10.07,77.14,30.3,30.4,29.0,35.2,0.97,5.1
1631,10.07,77.15,27.7,29.7,28.6,34.8,1.0,5.2
1632,10.07,77.16,30.4,30.4,27.2,37.1,1.01,5.2
1633,10.07,77.16,30.4,30.4,27.2,37.1,1.01,5.2
1634,10.07,77.17,28.8,30.0,28.3,43.5,1.0,5.1
1635,10.07,77.07,28.2,29.5,27.0,30.0,1.02,5.3
1636,10.07,77.07,28.2,29.5,27.0,30.0,1.02,5.3
1637,10.07,77.07,28.2,29.5,27.0,30.0,1.02,5.3
1638,10.07,77.07,28.2,29.5,27.0,30.0,1.02,5.3
1639,10.07,77.08,28.9,27.4,27.1,34.2,1.0,5.2
1640,10.07,77.07,28.2,29.5,27.0,30.0,1.02,5.3
1641,10.07,77.16,30.4,30.4,27.2,37.1,1.01,5.2
1642,10.07,77.15,27.7,29.7,28.6,34.8,1.0,5.2
1643,10.07,77.15,27.7,29.7,28.6,34.8,1.0,5.2
1644,10.07,77.07,28.2,29.5,27.0,30.0,1.02,5.3
1645,10.076472,77.255686,26.8,41.6,20.7,32.0,1.19,5.7
1646,10.076961,77.255369,27.2,41.2,18.5,32.9,1.2,5.8
1647,10.08,77.04,29.5,29.4,29.6,35.1,1.07,5.3
1648,10.08,77.04,29.5,29.4,29.6,35.1,1.07,5.3
1649,10.08,77.04,29.5,29.4,29.6,35.1,1.07,5.3
1650,10.08,77.05,28.6,30.4,30.9,31.6,1.04,5.2
1651,10.08,77.05,28.6,30.4,30.9,31.6,1.04,5.2
1652,10.08,77.05,28.6,30.4,30.9,31.6,1.04,5.2
1653,10.08,77.05,28.6,30.4,30.9,31.6,1.04,5.2
1654,10.08,77.05,28.6,30.4,30.9,31.6,1.04,5.2
1655,10.08,77.05,28.6,30.4,30.9,31.6,1.04,5.2
1656,10.08,77.05,28.6,30.4,30.9,31.6,1.04,5.2
1657,10.08,77.06,25.7,33.5,30.3,31.0,1.06,5.2
1658,10.08,76.96,29.6,32.1,28.1,33.4,1.03,5.2
1659,10.08,76.96,29.6,32.1,28.1,33.4,1.03,5.2
1660,10.08,76.96,29.6,32.1,28.1,33.4,1.03,5.2
1661,10.08,76.96,29.6,32.1,28.1,33.4,1.03,5.2
1662,10.08,76.97,31.0,31.6,25.4,35.5,0.98,5.1
1663,10.08,77.08,31.0,28.0,27.4,35.6,1.02,5.2
1664,10.08,77.09,31.3,29.5,25.8,36.3,0.97,5.2
1665,10.08,77.08,31.0,28.0,27.4,35.6,1.02,5.2
1666,10.08,77.08,31.0,28.0,27.4,35.6,1.02,5.2
1667,10.08,77.13,28.5,29.2,29.5,31.6,0.97,5.3
1668,10.08,76.98,27.2,30.6,30.4,38.4,0.97,5.1
1669,10.08,76.98,27.2,30.6,30.4,38.4,0.97,5.1
1670,10.08,77.08,31.0,28.0,27.4,35.6,1.02,5.2
1671,10.08,77.08,31.0,28.0,27.4,35.6,1.02,5.2
1672,10.08,77.08,31.0,28.0,27.4,35.6,1.02,5.2
1673,10.08,77.16,27.8,30.3,29.8,45.7,1.04,5.1
1674,10.08,77.16,27.8,30.3,29.8,45.7,1.04,5.1
1675,10.08,77.17,30.4,30.7,28.3,32.4,1.04,5.2
1676,10.08,77.18,28.1,31.2,29.1,53.0,0.93,5.1
1677,10.08,77.18,28.1,31.2,29.1,53.0,0.93,5.1
1678,10.08,77.05,28.6,30.4,30.9,31.6,1.04,5.2
1679,10.08,77.05,28.6,30.4,30.9,31.6,1.04,5.2
1680,10.081212,76.950995,29.1,31.9,25.9,27.8,1.1,5.2
1681,10.08124,77.129361,28.5,29.2,29.5,31.6,0.97,5.3
1682,10.08124,77.129361,28.5,29.2,29.5,31.6,0.97,5.3
1683,10.082256,77.074825,28.9,29.3,28.5,32.2,1.02,5.2
1684,10.082256,77.074825,28.9,29.3,28.5,32.2,1.02,5.2
1685,10.083534,77.067098,27.8,29.4,27.8,32.8,1.04,5.2
1686,10.083534,77.067098,27.8,29.4,27.8,32.8,1.04,5.2
1687,10.083806,77.06194444,25.2,33.5,31.5,35.1,1.06,5.2
1688,10.084287,77.062369,26.8,33.0,28.2,27.1,1.09,5.2
1689,10.084287,77.062369,26.8,33.0,28.2,27.1,1.09,5.2
1690,10.084472,77.06336111,28.9,32.6,28.5,30.4,1.1,5.4
1691,10.08512,77.077962,31.4,30.2,26.5,32.0,1.0,5.2
1692,10.08512,77.077962,31.4,30.2,26.5,32.0,1.0,5.2
1693,10.0852,77.079596,33.1,29.1,24.6,34.2,1.0,5.2
1694,10.0852,77.079596,33.1,29.1,24.6,34.2,1.0,5.2
1695,10.08551,77.063362,28.9,32.6,28.5,30.4,1.1,5.4
1696,10.08551,77.063362,28.9,32.6,28.5,30.4,1.1,5.4
1697,10.087052,77.059477,0.0,0.0,0.0,0.0,0.0,0.0
1698,10.087052,77.059477,0.0,0.0,0.0,0.0,0.0,0.0
1699,10.08743,77.094322,30.6,28.9,26.8,39.2,0.92,5.1
1700,10.08743,77.094322,30.6,28.9,26.8,39.2,0.92,5.1
1701,10.088594,77.026604,33.3,29.4,25.5,47.6,0.97,5.1
1702,10.088594,77.026604,33.3,29.4,25.5,47.6,0.97,5.1
1703,10.089504,77.030066,31.6,32.1,26.5,39.5,1.0,5.2
1704,10.089504,77.030066,31.6,32.1,26.5,39.5,1.0,5.2
1705,10.089618,77.061226,29.4,30.8,28.2,29.1,1.08,5.3
1706,10.089618,77.061226,29.4,30.8,28.2,29.1,1.08,5.3
1707,10.089716,77.059886,28.7,30.7,28.5,29.2,1.05,5.3
1708,10.089716,77.059886,28.7,30.7,28.5,29.2,1.05,5.3
1709,10.09,76.93,29.9,36.2,22.7,29.7,1.1,5.1
1710,10.09,76.93,29.9,36.2,22.7,29.7,1.1,5.1
1711,10.09,77.06,28.7,30.7,28.5,29.2,1.05,5.3
1712,10.09,77.08,30.9,28.8,29.4,32.9,1.02,5.3
1713,10.09,77.09,27.6,30.2,28.7,41.5,0.93,5.1
1714,10.09,77.06,28.7,30.7,28.5,29.2,1.05,5.3
1715,10.09,77.07,29.0,29.7,30.1,32.9,1.05,5.2
1716,10.09,77.07,29.0,29.7,30.1,32.9,1.05,5.2
1717,10.09,77.09,27.6,30.2,28.7,41.5,0.93,5.1
1718,10.09,77.09,27.6,30.2,28.7,41.5,0.93,5.1
1719,10.09,77.1,27.2,30.4,28.8,35.3,0.92,5.0
1720,10.09,77.11,30.4,30.2,27.3,32.2,1.0,5.3
1721,10.09,77.11,30.4,30.2,27.3,32.2,1.0,5.3
1722,10.09,77.11,30.4,30.2,27.3,32.2,1.0,5.3
1723,10.09,77.11,30.4,30.2,27.3,32.2,1.0,5.3
1724,10.09,77.02,31.9,31.3,25.5,47.6,0.96,5.2
1725,10.09,77.0,32.6,30.4,25.5,36.0,0.97,5.3
1726,10.09,76.98,32.3,29.4,27.9,40.7,0.97,5.0
1727,10.09,76.98,32.3,29.4,27.9,40.7,0.97,5.0
1728,10.09,77.17,28.9,28.6,29.6,59.0,0.96,5.2
1729,10.09,77.17,28.9,28.6,29.6,59.0,0.96,5.2
1730,10.09,77.17,28.9,28.6,29.6,59.0,0.96,5.2
1731,10.09,77.06,28.7,30.7,28.5,29.2,1.05,5.3
1732,10.09,77.06,28.7,30.7,28.5,29.2,1.05,5.3
1733,10.09,77.07,29.0,29.7,30.1,32.9,1.05,5.2
1734,10.09,77.07,29.0,29.7,30.1,32.9,1.05,5.2
1735,10.09,77.07,29.0,29.7,30.1,32.9,1.05,5.2
1736,10.09,77.07,29.0,29.7,30.1,32.9,1.05,5.2
1737,10.09,77.07,29.0,29.7,30.1,32.9,1.05,5.2
1738,10.09,77.05,28.0,32.2,30.8,32.9,1.01,5.2
1739,10.09,77.05,28.0,32.2,30.8,32.9,1.01,5.2
1740,10.091,76.9477,29.7,35.6,26.0,31.9,1.06,5.0
1741,10.092545,77.059904,28.3,30.5,29.8,35.4,1.0,5.2
1742,10.092545,77.059904,28.3,30.5,29.8,35.4,1.0,5.2
1743,10.093601,77.053015,29.2,31.3,28.6,32.8,0.97,5.4
1744,10.093601,77.053015,29.2,31.3,28.6,32.8,0.97,5.4
1745,10.094928,77.048864,26.4,31.7,32.3,32.4,0.98,5.4
1746,10.094928,77.048864,26.4,31.7,32.3,32.4,0.98,5.4
1747,10.097387,77.057618,28.8,31.4,30.3,32.0,0.97,5.3
1748,10.097387,77.057618,28.8,31.4,30.3,32.0,0.97,5.3
1749,10.098874,76.928149,26.6,39.0,23.1,30.8,1.12,5.2
1750,10.1,76.8,27.3,39.7,21.2,31.2,1.06,5.1
1751,10.1,76.93,27.0,38.2,22.8,28.5,1.12,5.1
1752,10.1,76.93,27.0,38.2,22.8,28.5,1.12,5.1
1753,10.1,77.06,29.2,30.7,30.4,35.7,0.98,5.1
1754,10.1,77.12,30.3,30.9,26.9,33.6,0.97,5.2
1755,10.1,77.16,25.9,30.2,31.4,47.1,0.96,5.2
1756,10.1,77.16,25.9,30.2,31.4,47.1,0.96,5.2
1757,10.1,77.16,25.9,30.2,31.4,47.1,0.96,5.2
1758,10.1,77.05,29.4,30.6,27.1,35.5,0.97,5.3
1759,10.1,77.06,29.2,30.7,30.4,35.7,0.98,5.1
1760,10.1,77.07,30.4,29.6,30.5,44.0,0.96,5.1
1761,10.1,77.08,29.8,28.5,29.3,49.4,0.94,5.1
1762,10.1,77.09,31.5,28.9,27.8,57.8,0.93,5.1
1763,10.1,77.09,31.5,28.9,27.8,57.8,0.93,5.1
1764,10.1,77.09,31.5,28.9,27.8,57.8,0.93,5.1
1765,10.100944,76.928171,26.3,39.3,22.8,27.5,1.12,5.1
1766,10.105038,76.919146,29.1,37.3,22.8,28.4,1.09,5.2
1767,10.108727,76.918985,29.5,38.1,20.7,29.6,1.14,5.4
1768,10.11,76.93,28.3,37.3,21.1,29.1,1.1,5.3
1769,10.11,76.93,28.3,37.3,21.1,29.1,1.1,5.3
1770,10.11,76.8,27.4,40.0,22.1,31.0,1.04,5.2
1771,10.11,76.7,23.4,39.1,19.2,22.0,1.11,5.2
1772,10.11,77.13,0.0,0.0,0.0,0.0,0.0,0.0
1773,10.11,77.13,0.0,0.0,0.0,0.0,0.0,0.0
1774,10.11,77.13,0.0,0.0,0.0,0.0,0.0,0.0
1775,10.11,77.13,0.0,0.0,0.0,0.0,0.0,0.0
1776,10.11,77.13,0.0,0.0,0.0,0.0,0.0,0.0
1777,10.11,77.13,0.0,0.0,0.0,0.0,0.0,0.0
1778,10.11,77.16,27.1,33.5,28.6,38.1,0.96,5.1
1779,10.11,77.16,27.1,33.5,28.6,38.1,0.96,5.1
1780,10.11,77.16,27.1,33.5,28.6,38.1,0.96,5.1
1781,10.11,77.16,27.1,33.5,28.6,38.1,0.96,5.1
1782,10.11,77.14,30.1,31.6,25.1,37.5,1.0,5.2
1783,10.11,77.15,31.5,30.7,25.3,35.8,0.97,5.1
1784,10.11,77.15,31.5,30.7,25.3,35.8,0.97,5.1
1785,10.11,77.15,31.5,30.7,25.3,35.8,0.97,5.1
1786,10.11,77.06,29.2,31.1,27.1,31.1,1.04,5.3
1787,10.11,77.06,29.2,31.1,27.1,31.1,1.04,5.3
1788,10.11,77.06,29.2,31.1,27.1,31.1,1.04,5.3
1789,10.11,77.05,31.6,30.0,25.5,39.1,0.99,5.2
1790,10.11,77.04,34.0,28.4,26.1,41.0,0.96,5.2
1791,10.11,77.04,34.0,28.4,26.1,41.0,0.96,5.2
1792,10.11,77.04,34.0,28.4,26.1,41.0,0.96,5.2
1793,10.11,77.04,34.0,28.4,26.1,41.0,0.96,5.2
1794,10.11,77.04,34.0,28.4,26.1,41.0,0.96,5.2
1795,10.11,77.06,29.2,31.1,27.1,31.1,1.04,5.3
1796,10.11,77.06,29.2,31.1,27.1,31.1,1.04,5.3
1797,10.11,77.09,28.2,30.7,28.2,64.0,0.9,5.0
1798,10.11,77.08,28.7,30.5,27.6,44.0,0.93,5.1
1799,10.11,77.06,29.2,31.1,27.1,31.1,1.04,5.3
1800,10.112005,76.933446,28.3,37.4,20.7,29.1,1.12,5.4
1801,10.113122,77.043332,32.0,28.4,26.4,36.3,0.95,5.1
1802,10.113122,77.043332,32.0,28.4,26.4,36.3,0.95,5.1
1803,10.115896,76.918882,29.1,36.6,22.2,27.9,1.09,5.4
1804,10.117258,76.7474,26.6,36.9,23.5,31.0,1.05,5.3
1805,10.12,76.93,29.5,36.3,18.9,28.9,1.14,5.2
1806,10.12,76.93,29.5,36.3,18.9,28.9,1.14,5.2
1807,10.12,77.16,28.9,31.2,26.7,35.7,1.02,5.4
1808,10.12,77.16,28.9,31.2,26.7,35.7,1.02,5.4
1809,10.12,77.16,28.9,31.2,26.7,35.7,1.02,5.4
1810,10.12,77.16,28.9,31.2,26.7,35.7,1.02,5.4
1811,10.12,77.17,29.5,29.4,31.0,49.6,0.96,5.1
1812,10.12,77.17,29.5,29.4,31.0,49.6,0.96,5.1
1813,10.12,77.16,28.9,31.2,26.7,35.7,1.02,5.4
1814,10.12,77.06,31.4,29.9,27.6,34.0,1.0,5.3
1815,10.12,77.16,28.9,31.2,26.7,35.7,1.02,5.4
1816,10.12,77.16,28.9,31.2,26.7,35.7,1.02,5.4
1817,10.12,77.06,31.4,29.9,27.6,34.0,1.0,5.3
1818,10.12,77.13,30.3,31.6,27.9,40.8,0.97,5.2
1819,10.120112,76.932126,28.3,36.3,21.2,32.8,1.1,5.2
1820,10.120504,76.911538,28.7,33.4,22.1,31.1,1.14,5.3
1821,10.1222,76.9161,29.5,35.9,21.8,31.1,1.06,5.1
1822,10.122906,76.964036,29.3,35.9,19.5,30.2,1.12,5.3
1823,10.1243,76.9131,28.3,34.6,22.3,32.2,1.04,5.3
1824,10.124435,76.962431,29.6,35.7,18.9,31.1,1.14,5.5
1825,10.125427,77.051547,27.6,31.0,28.2,35.5,1.0,5.3
1826,10.125427,77.051547,27.6,31.0,28.2,35.5,1.0,5.3
1827,10.125486,77.052214,27.6,31.0,28.2,35.5,1.0,5.3
1828,10.125486,77.052214,27.6,31.0,28.2,35.5,1.0,5.3
1829,10.125511,77.054084,28.5,30.2,31.2,30.7,1.07,5.3
1830,10.125511,77.054084,28.5,30.2,31.2,30.7,1.07,5.3
1831,10.125573,77.054303,28.5,30.2,31.2,30.7,1.07,5.3
1832,10.125573,77.054303,28.5,30.2,31.2,30.7,1.07,5.3
1833,10.126571,77.055094,28.5,30.2,31.2,30.7,1.07,5.3
1834,10.126571,77.055094,28.5,30.2,31.2,30.7,1.07,5.3
1835,10.128558,76.931656,28.7,41.5,18.8,31.3,1.13,5.2
1836,10.1294,76.9186,25.0,38.6,22.0,32.8,1.1,5.2
1837,10.129477,77.055897,30.5,30.7,26.1,35.5,1.0,5.4
1838,10.129477,77.055897,30.5,30.7,26.1,35.5,1.0,5.4
1839,10.13,76.93,29.5,40.6,18.8,28.4,1.12,5.2
1840,10.13,76.94,28.8,39.6,18.7,31.8,1.09,5.2
1841,10.13,76.95,28.2,39.4,18.8,27.8,1.14,5.3
1842,10.13,76.96,30.4,36.3,20.2,29.8,1.12,5.4
1843,10.13,76.94,28.8,39.6,18.7,31.8,1.09,5.2
1844,10.13,76.92,25.0,38.6,22.0,32.8,1.1,5.2
1845,10.13,77.05,29.0,30.6,26.4,39.0,0.95,5.3
1846,10.13,77.04,28.7,28.4,29.5,39.6,0.94,5.2
1847,10.13,77.04,28.7,28.4,29.5,39.6,0.94,5.2
1848,10.13,77.05,29.0,30.6,26.4,39.0,0.95,5.3
1849,10.13,77.01,27.4,29.0,30.3,35.5,0.99,5.2
1850,10.13,77.02,31.0,28.2,27.3,32.9,0.97,5.2
1851,10.13,77.04,28.7,28.4,29.5,39.6,0.94,5.2
1852,10.13,77.04,28.7,28.4,29.5,39.6,0.94,5.2
1853,10.13,77.06,31.6,30.2,27.2,34.6,0.97,5.4
1854,10.13,77.06,31.6,30.2,27.2,34.6,0.97,5.4
1855,10.13,77.06,31.6,30.2,27.2,34.6,0.97,5.4
1856,10.13,77.06,31.6,30.2,27.2,34.6,0.97,5.4
1857,10.13,77.17,29.4,32.5,26.2,46.6,0.97,5.1
1858,10.13,77.15,29.9,29.9,28.4,44.0,1.0,5.4
1859,10.13,77.17,29.4,32.5,26.2,46.6,0.97,5.1
1860,10.13,77.24,28.1,30.8,29.7,48.0,1.06,5.2
1861,10.13,77.07,30.7,29.0,30.4,36.7,0.97,5.2
1862,10.13,77.07,30.7,29.0,30.4,36.7,0.97,5.2
1863,10.13,77.08,30.6,28.8,29.6,44.0,0.94,5.1
1864,10.13,77.1,30.6,27.6,27.0,58.9,0.93,5.1
1865,10.131041,76.925988,25.3,38.1,21.9,27.5,1.1,5.1
1866,10.133082,77.022549,32.8,28.0,26.0,36.6,0.98,5.2
1867,10.133082,77.022549,32.8,28.0,26.0,36.6,0.98,5.2
1868,10.134463,77.003319,31.0,29.1,30.1,44.0,0.98,5.1
1869,10.134463,77.003319,31.0,29.1,30.1,44.0,0.98,5.1
1870,10.135492,77.004949,31.5,28.3,28.5,43.1,0.99,5.1
1871,10.135492,77.004949,31.5,28.3,28.5,43.1,0.99,5.1
1872,10.137396,77.060126,29.8,28.7,28.4,37.0,0.98,5.3
1873,10.137396,77.060126,29.8,28.7,28.4,37.0,0.98,5.3
1874,10.137426,76.923973,27.7,42.5,19.3,27.5,1.15,5.4
1875,10.138144,77.190308,26.0,32.1,28.8,49.8,0.98,5.2
1876,10.138144,77.190308,26.0,32.1,28.8,49.8,0.98,5.2
1877,10.14,76.92,25.7,41.3,19.6,27.5,1.13,5.3
1878,10.14,76.94,28.4,36.4,20.1,32.0,1.12,5.4
1879,10.14,76.94,28.4,36.4,20.1,32.0,1.12,5.4
1880,10.14,76.92,25.7,41.3,19.6,27.5,1.13,5.3
1881,10.14,76.91,25.6,37.7,20.9,30.5,1.1,5.3
1882,10.14,76.92,25.7,41.3,19.6,27.5,1.13,5.3
1883,10.14,77.01,33.5,26.5,26.7,41.4,1.06,5.6
1884,10.14,77.04,29.6,31.8,26.6,40.5,1.08,5.4
1885,10.14,77.04,29.6,31.8,26.6,40.5,1.08,5.4
1886,10.14,77.02,34.2,27.8,27.2,40.9,1.06,5.6
1887,10.14,77.18,29.4,32.8,27.9,31.6,1.05,5.3
1888,10.14,77.18,29.4,32.8,27.9,31.6,1.05,5.3
1889,10.14,77.19,23.4,32.5,31.8,38.6,0.98,5.2
1890,10.14,77.19,23.4,32.5,31.8,38.6,0.98,5.2
1891,10.14,77.03,30.8,28.5,28.8,46.1,1.04,5.4
1892,10.14,77.03,30.8,28.5,28.8,46.1,1.04,5.4
1893,10.14,77.03,30.8,28.5,28.8,46.1,1.04,5.4
1894,10.14,77.07,33.1,27.2,25.7,39.1,0.96,5.1
1895,10.14,77.07,33.1,27.2,25.7,39.1,0.96,5.1
1896,10.14,77.07,33.1,27.2,25.7,39.1,0.96,5.1
1897,10.14,77.09,28.9,30.5,27.6,63.0,0.86,5.0
1898,10.14,77.1,29.9,28.4,28.4,59.5,0.92,5.1
1899,10.14,77.11,33.6,27.8,25.6,48.6,0.93,5.0
1900,10.14,77.11,33.6,27.8,25.6,48.6,0.93,5.0
1901,10.14,77.1,29.9,28.4,28.4,59.5,0.92,5.1
1902,10.14,76.96,31.0,31.9,24.5,43.5,1.01,5.1
1903,10.143453,77.028015,35.0,28.8,26.4,55.8,0.93,5.2
1904,10.143453,77.028015,35.0,28.8,26.4,55.8,0.93,5.2
1905,10.14353,77.027277,35.0,28.8,26.4,55.8,0.93,5.2
1906,10.14353,77.027277,35.0,28.8,26.4,55.8,0.93,5.2
1907,10.149373,77.10974,28.1,28.7,29.7,42.4,0.97,5.1
1908,10.149373,77.10974,28.1,28.7,29.7,42.4,0.97,5.1
1909,10.15,76.91,24.5,44.8,19.9,30.4,1.1,5.3
1910,10.15,76.73,25.0,33.8,24.1,28.0,1.18,5.2
1911,10.15,77.06,30.8,30.5,31.1,38.9,1.02,5.3
1912,10.15,77.07,30.9,30.6,30.1,46.6,0.99,5.2
1913,10.15,77.08,29.1,28.8,30.5,47.0,0.96,5.1
1914,10.15,77.08,29.1,28.8,30.5,47.0,0.96,5.1
1915,10.15,77.08,29.1,28.8,30.5,47.0,0.96,5.1
1916,10.15,77.08,29.1,28.8,30.5,47.0,0.96,5.1
1917,10.15,77.09,30.4,26.0,31.4,51.5,0.96,5.1
1918,10.15,77.09,30.4,26.0,31.4,51.5,0.96,5.1
1919,10.15,77.11,28.1,28.7,29.7,42.4,0.97,5.1
1920,10.15,77.11,28.1,28.7,29.7,42.4,0.97,5.1
1921,10.15,77.03,36.8,29.3,24.8,45.0,0.93,5.2
1922,10.15,77.02,34.2,28.9,26.8,44.0,0.93,5.1
1923,10.15,77.02,34.2,28.9,26.8,44.0,0.93,5.1
1924,10.15,77.08,29.1,28.8,30.5,47.0,0.96,5.1
1925,10.15,77.06,30.8,30.5,31.1,38.9,1.02,5.3
1926,10.15,77.08,29.1,28.8,30.5,47.0,0.96,5.1
1927,10.15,77.08,29.1,28.8,30.5,47.0,0.96,5.1
1928,10.15,77.14,33.1,29.2,23.8,64.0,0.86,5.1
1929,10.15,77.08,29.1,28.8,30.5,47.0,0.96,5.1
1930,10.15,77.12,30.0,30.2,29.2,57.0,0.9,5.0
1931,10.15,77.11,28.1,28.7,29.7,42.4,0.97,5.1
1932,10.15,77.05,25.2,29.6,30.8,46.1,1.06,5.4
1933,10.15,77.11,28.1,28.7,29.7,42.4,0.97,5.1
1934,10.150059,77.073107,32.0,30.1,29.3,41.3,0.97,5.2
1935,10.150059,77.073107,32.0,30.1,29.3,41.3,0.97,5.2
1936,10.15021,77.082094,28.7,26.2,32.5,49.6,0.96,5.1
1937,10.15021,77.082094,28.7,26.2,32.5,49.6,0.96,5.1
1938,10.152672,77.112599,24.9,29.9,31.6,40.7,0.96,5.1
1939,10.152672,77.112599,24.9,29.9,31.6,40.7,0.96,5.1
1940,10.16,76.91,25.7,42.0,19.1,26.8,1.1,5.3
1941,10.16,77.08,30.7,29.3,27.3,50.7,0.92,5.1
1942,10.16,77.08,30.7,29.3,27.3,50.7,0.92,5.1
1943,10.16,77.18,24.8,30.8,30.4,46.2,1.0,5.4
1944,10.16,77.11,28.9,29.5,31.1,35.5,1.01,5.1
1945,10.16,77.11,28.9,29.5,31.1,35.5,1.01,5.1
1946,10.16,77.1,28.3,31.4,27.3,41.5,0.98,5.2
1947,10.16,77.1,28.3,31.4,27.3,41.5,0.98,5.2
1948,10.165603,76.75545,26.0,33.7,21.5,24.0,1.12,5.4
1949,10.166275,77.363056,28.7,29.2,24.8,52.7,1.04,5.1
1950,10.17,76.92,28.2,42.0,16.5,30.9,1.1,5.2
1951,10.17,76.75,25.1,35.5,23.8,25.7,1.08,5.3
1952,10.17,77.1,27.6,30.7,33.6,44.0,0.93,5.2
1953,10.17,77.25,27.7,30.2,25.9,53.0,0.93,5.2
1954,10.17,77.25,27.7,30.2,25.9,53.0,0.93,5.2
1955,10.17,77.25,27.7,30.2,25.9,53.0,0.93,5.2
1956,10.17,77.0,27.6,27.2,30.9,56.5,0.98,5.2
1957,10.17,77.02,29.7,28.9,29.7,64.0,0.92,5.0
1958,10.17,77.1,27.6,30.7,33.6,44.0,0.93,5.2
1959,10.173418,77.128062,27.0,27.5,31.3,57.9,0.92,5.0
1960,10.173418,77.128062,27.0,27.5,31.3,57.9,0.92,5.0
1961,10.177358,77.387694,25.1,30.0,28.2,48.5,1.04,5.4
1962,10.178886,77.258451,27.2,35.0,28.1,33.1,0.98,5.3
1963,10.178886,77.258451,27.2,35.0,28.1,33.1,0.98,5.3
1964,10.18,77.11,29.5,30.2,29.9,37.9,0.96,5.2
1965,10.18,77.24,30.2,27.5,27.4,45.6,1.04,5.2
1966,10.18,77.25,27.2,34.4,30.1,30.4,1.04,5.4
1967,10.18,76.99,33.8,28.0,27.4,43.2,0.96,5.1
1968,10.18,77.19,31.4,31.2,22.9,64.0,0.9,5.0
1969,10.18,77.11,29.5,30.2,29.9,37.9,0.96,5.2
1970,10.18,77.12,27.8,32.5,29.5,35.3,1.0,5.3
1971,10.182786,77.108874,28.7,30.3,29.9,37.5,0.96,5.2
1972,10.182786,77.108874,28.7,30.3,29.9,37.5,0.96,5.2
1973,10.182917,77.109595,28.7,30.3,29.9,37.5,0.96,5.2
1974,10.182917,77.109595,28.7,30.3,29.9,37.5,0.96,5.2
1975,10.19,77.11,27.9,32.2,30.5,32.0,1.05,5.4
1976,10.19,77.27,31.2,28.9,25.1,69.0,0.92,5.1
1977,10.19,77.24,30.5,29.6,24.7,50.2,0.94,5.2
1978,10.19,76.69,24.2,40.1,24.5,27.4,1.11,5.3
1979,10.19,76.97,32.6,27.5,25.8,40.0,1.02,5.2
1980,10.191944,77.333889,21.8,33.8,31.6,32.9,1.11,5.4
1981,10.19375,77.320056,26.0,33.0,28.0,52.1,1.02,5.2
1982,10.197261,77.660056,23.5,40.5,22.6,23.0,1.34,6.1
1983,10.199722,77.314528,23.2,33.2,28.9,32.8,1.08,5.4
1984,10.2,77.12,28.3,34.5,28.3,34.3,1.04,5.4
1985,10.2,77.13,27.0,33.6,26.7,32.0,1.04,5.3
1986,10.2,77.12,28.3,34.5,28.3,34.3,1.04,5.4
1987,10.2,77.25,26.1,35.3,26.7,50.5,0.96,5.4
1988,10.2,77.24,24.8,33.8,28.5,53.6,0.96,5.2
1989,10.2,77.26,24.5,35.8,29.5,35.0,1.0,5.4
1990,10.2,76.71,26.6,38.0,20.4,23.4,1.11,5.2
1991,10.2,76.71,26.6,38.0,20.4,23.4,1.11,5.2
1992,10.200222,77.31475,23.2,33.2,28.9,32.8,1.08,5.4
1993,10.20375,77.650556,26.3,38.7,19.5,29.5,1.26,6.0
1994,10.205333,77.347556,21.9,33.2,31.5,33.1,1.12,5.4
1995,10.20825,77.645306,22.2,37.3,23.0,27.4,1.26,6.0
1996,10.21,77.19,28.3,33.2,27.7,42.0,1.0,5.3
1997,10.21,77.25,25.6,36.4,27.8,44.1,1.0,5.4
1998,10.21,77.24,27.2,33.7,27.1,46.5,0.93,5.3
1999,10.210583,77.638222,23.5,40.7,21.0,27.8,1.26,6.4
2000,10.21225,77.372311,23.4,34.6,29.3,49.6,1.0,5.3
2001,10.212639,77.634417,24.4,40.9,20.1,30.3,1.25,5.9
2002,10.213778,77.631111,27.5,42.6,17.8,27.1,1.26,5.9
2003,10.216639,77.356167,21.6,36.9,30.2,34.3,1.1,5.4
2004,10.218472,77.631167,27.2,41.2,19.0,27.8,1.2,5.7
2005,10.219,77.483833,24.9,31.2,29.0,49.8,1.02,5.2
2006,10.219111,77.355722,24.5,35.1,28.6,34.4,1.1,5.4
2007,10.219444,77.348889,19.6,34.1,33.2,39.1,1.04,5.4
2008,10.22,77.24,29.8,35.0,26.6,44.7,0.94,5.3
2009,10.220333,77.3565,22.4,34.8,30.2,30.1,1.11,5.4
2010,10.220444,77.357806,22.4,34.8,30.2,30.1,1.11,5.4
2011,10.220556,77.349722,20.3,33.6,33.3,36.0,1.06,5.4
2012,10.220836,77.483703,24.9,31.0,29.2,52.4,1.02,5.2
2013,10.22095,77.48355,24.9,31.0,29.2,52.4,1.02,5.2
2014,10.221917,77.482989,24.9,31.0,29.2,52.4,1.02,5.2
2015,10.223278,77.632722,26.6,38.1,22.0,26.2,1.19,5.7
2016,10.226694,77.561167,23.3,38.7,23.7,38.8,1.1,5.8
2017,10.228528,77.636694,24.5,37.8,23.5,27.8,1.16,5.7
2018,10.23,77.2,27.9,35.2,25.6,39.0,1.0,5.3
2019,10.23,77.2,27.9,35.2,25.6,39.0,1.0,5.3
2020,10.23,76.94,33.1,35.6,18.5,31.3,1.1,5.2
2021,10.23,76.94,33.1,35.6,18.5,31.3,1.1,5.2
2022,10.230444,77.640361,25.1,37.8,23.8,27.2,1.17,5.7
2023,10.231833,77.642778,23.6,37.2,24.6,27.8,1.19,5.7
2024,10.231861,77.350194,23.5,35.0,30.9,41.9,1.0,5.3
2025,10.231972,77.644389,23.2,36.7,23.2,29.9,1.17,5.8
2026,10.233333,77.640444,24.0,37.1,22.2,29.8,1.19,5.8
2027,10.233778,77.565056,25.8,35.4,24.8,41.3,1.06,5.8
2028,10.235917,77.509972,22.3,37.4,24.9,34.0,1.08,5.4
2029,10.236556,77.512194,20.9,33.5,28.4,34.0,1.1,5.3
2030,10.236778,77.640111,23.1,38.4,21.7,30.9,1.18,5.7
2031,10.237,77.554806,20.5,36.1,26.5,34.0,1.08,5.8
2032,10.238875,77.523114,21.5,33.8,28.1,46.5,1.12,5.5
2033,10.2389,77.4958,0.0,0.0,0.0,0.0,0.0,0.0
2034,10.239389,77.350889,24.0,32.8,31.6,46.1,1.05,5.4
2035,10.239417,77.519611,21.1,33.9,27.8,37.6,1.05,5.3
2036,10.239444,77.519972,21.1,33.9,27.8,37.6,1.05,5.3
2037,10.240167,77.37825,25.8,32.2,28.2,58.5,1.0,5.2
2038,10.240769,77.5049,0.0,0.0,0.0,0.0,0.0,0.0
2039,10.240806,77.366222,24.2,33.6,31.5,41.9,1.0,5.4
2040,10.241139,77.528889,21.6,35.1,26.8,42.2,1.09,5.4
2041,10.241372,77.504561,0.0,0.0,0.0,0.0,0.0,0.0
2042,10.241861,77.527833,21.1,33.0,28.1,34.3,1.12,5.5
2043,10.242028,77.527361,21.1,33.0,28.1,34.3,1.12,5.5
2044,10.2422,77.5237,19.2,33.0,30.9,34.0,1.12,5.4
2045,10.243444,77.33425,21.9,36.7,28.8,55.8,1.02,5.3
2046,10.245033,77.643522,23.0,38.1,21.4,32.0,1.17,5.7
2047,10.246278,77.557194,24.0,33.4,27.1,39.4,1.06,5.8
2048,10.246556,77.556861,23.0,33.0,29.0,34.8,1.06,5.6
2049,10.246922,76.477153,25.7,42.3,16.3,22.4,1.1,5.4
2050,10.248917,77.52025,20.4,35.2,30.3,32.0,1.05,5.5
2051,10.249,77.49075,29.2,32.8,26.2,38.9,1.14,5.5
2052,10.249417,77.490833,29.2,32.8,26.2,38.9,1.14,5.5
2053,10.249722,77.333611,23.8,35.9,28.6,52.7,1.0,5.3
2054,10.249944,77.491806,29.2,32.8,26.2,38.9,1.14,5.5
2055,10.25,77.21,25.0,37.3,25.3,38.9,1.06,5.6
2056,10.250417,77.188778,30.3,32.4,22.5,26.9,1.18,5.7
2057,10.250556,77.412556,22.1,32.4,32.7,54.5,1.02,5.4
2058,10.251528,77.187472,30.0,32.7,21.8,27.0,1.19,5.7
2059,10.251778,77.32975,22.4,37.4,28.2,38.3,1.0,5.4
2060,10.252194,77.187583,30.0,32.7,21.8,27.0,1.19,5.7
2061,10.252222,77.333056,22.4,37.4,28.2,38.3,1.0,5.4
2062,10.252306,77.522833,21.6,36.7,31.0,37.0,1.02,5.3
2063,10.253,77.194667,27.9,34.1,24.7,29.6,1.16,5.7
2064,10.253194,77.187083,30.0,32.7,21.8,27.0,1.19,5.7
2065,10.253611,77.524139,21.0,37.3,28.9,39.9,1.02,5.3
2066,10.253694,77.175222,28.8,36.3,22.4,27.1,1.3,5.8
2067,10.254028,77.5245,22.5,37.0,29.4,33.0,1.02,5.3
2068,10.254944,77.186528,27.2,33.8,24.3,27.6,1.18,5.7
2069,10.255056,77.528611,22.3,36.8,29.7,34.4,1.02,5.3
2070,10.255194,77.483361,28.4,32.0,29.6,41.4,1.11,5.4
2071,10.255556,77.177972,28.1,36.8,22.5,27.1,1.15,5.8
2072,10.256417,77.332389,23.1,38.3,27.1,44.0,1.02,5.4
2073,10.256639,77.531139,21.3,39.5,31.4,33.4,1.01,5.3
2074,10.257167,77.185639,27.5,33.3,22.0,26.1,1.15,5.7
2075,10.257556,77.531556,21.3,39.5,31.4,33.4,1.01,5.3
2076,10.257667,77.491278,27.0,31.1,28.0,44.8,1.08,5.5
2077,10.257889,77.373028,20.0,33.6,31.3,60.0,1.0,5.3
2078,10.257944,77.492139,27.0,31.1,28.0,44.8,1.08,5.5
2079,10.258028,77.491778,27.0,31.1,28.0,44.8,1.08,5.5
2080,10.258056,77.3315,25.0,38.1,26.2,31.9,1.06,5.4
2081,10.258571,77.4924049,23.0,33.6,28.4,45.9,1.09,5.3
2082,10.258611,77.4875277,22.1,33.1,29.1,43.6,1.11,5.3
2083,10.25925,77.492361,23.0,33.6,28.4,45.9,1.09,5.3
2084,10.259694,77.492667,23.0,33.6,28.4,45.9,1.09,5.3
2085,10.260194,77.405333,19.6,33.0,34.5,32.5,1.1,5.6
2086,10.260222,77.535278,26.3,33.5,26.2,37.6,1.06,5.3
2087,10.260444,77.554889,25.3,36.6,25.2,39.0,1.0,5.4
2088,10.2612,76.9346,31.6,34.7,23.9,27.0,1.1,5.4
2089,10.261444,77.552639,28.3,37.6,24.2,37.5,1.0,5.4
2090,10.261444,77.493444,22.8,33.6,28.4,46.8,1.1,5.3
2091,10.261667,77.554083,24.5,37.1,25.2,38.9,1.03,5.4
2092,10.262289,77.4889793,22.3,32.4,28.2,60.0,1.02,5.4
2093,10.262583,77.537194,25.8,34.3,27.6,38.8,1.07,5.3
2094,10.262667,77.547083,27.6,33.8,26.4,37.6,1.04,5.4
2095,10.263667,77.404222,20.6,36.0,32.0,30.7,1.1,5.6
2096,10.263833,77.494028,22.7,32.9,28.0,45.6,1.11,5.5
2097,10.264333,77.535667,25.6,34.7,27.6,33.6,1.06,5.3
2098,10.264361,77.493889,22.7,32.9,28.0,45.6,1.11,5.5
2099,10.264667,77.193472,31.3,34.5,22.4,24.9,1.27,5.8
2100,10.265444,77.493889,22.7,32.9,28.0,45.6,1.11,5.5
2101,10.265639,77.494028,22.4,32.6,29.1,44.9,1.13,5.5
2102,10.265722,77.194417,30.3,34.7,20.8,25.5,1.19,5.9
2103,10.26608,77.49361,22.4,32.6,29.1,44.9,1.13,5.5
2104,10.26625,77.152028,32.0,29.8,24.6,29.4,1.11,5.4
2105,10.266472,77.534917,25.8,36.1,28.2,32.8,1.04,5.3
2106,10.266572,77.535944,26.1,35.6,29.0,34.6,1.06,5.3
2107,10.266861,77.126333,27.8,34.8,26.7,34.3,1.05,5.5
2108,10.267333,77.280389,20.6,43.0,21.2,25.1,1.14,5.8
2109,10.26815,77.4944,24.7,35.5,26.9,36.5,1.13,5.7
2110,10.268417,77.558611,26.0,37.4,24.5,32.5,1.04,5.5
2111,10.269194,77.128639,27.6,33.1,27.3,33.0,1.05,5.5
2112,10.269278,77.554333,26.7,37.3,24.9,36.8,1.07,5.4
2113,10.269969,76.967114,29.5,37.2,21.7,28.2,1.08,5.3
2114,10.269972,77.4945,24.7,35.5,26.9,36.5,1.13,5.7
2115,10.2703,77.4503,24.9,38.1,25.7,39.7,1.06,5.4
2116,10.270361,77.135278,28.6,32.2,29.2,31.9,1.05,5.6
2117,10.270417,77.451417,23.9,37.0,24.9,33.8,1.08,5.6
2118,10.270417,77.495639,24.3,35.3,27.0,32.6,1.13,5.7
2119,10.270444,77.396361,20.7,33.1,31.9,45.6,1.08,5.5
2120,10.2718,76.896231,30.9,29.6,25.8,29.1,1.05,5.1
2121,10.271972,77.45325,23.9,37.0,24.9,33.8,1.08,5.6
2122,10.272111,77.396389,20.7,33.1,31.9,45.6,1.08,5.5
2123,10.272192,77.4808806,24.5,33.6,28.9,32.0,1.14,5.8
2124,10.272297,76.9226,33.5,32.5,23.6,24.2,1.1,5.4
2125,10.272486,76.976197,27.7,37.1,22.2,28.9,1.09,5.1
2126,10.2725,77.498194,23.9,35.3,28.6,34.3,1.12,5.7
2127,10.272556,77.560667,25.3,35.7,23.4,32.4,1.06,5.5
2128,10.272675,76.974933,27.7,37.1,22.2,28.9,1.09,5.1
2129,10.27275,77.572278,24.6,38.6,24.8,31.0,1.13,5.8
2130,10.272758,76.980692,28.2,37.9,23.5,32.2,1.04,5.1
2131,10.272861,77.454472,25.9,37.1,24.3,32.9,1.1,5.6
2132,10.273417,77.533861,26.3,35.8,28.4,32.6,1.02,5.4
2133,10.274317,76.974889,27.7,37.5,23.4,27.9,1.08,5.1
2134,10.274667,77.395944,19.9,34.6,32.9,39.6,1.1,5.6
2135,10.274778,77.3935,21.3,35.6,30.8,41.2,1.06,5.3
2136,10.274917,77.567694,25.1,36.6,24.6,31.7,1.06,5.5
2137,10.275,77.56625,25.7,35.7,24.1,31.9,1.06,5.5
2138,10.275083,77.138472,27.9,33.3,29.9,31.4,1.05,5.6
2139,10.275444,77.395889,21.3,36.8,32.1,36.8,1.1,5.6
2140,10.275511,76.924528,34.3,32.9,21.5,23.9,1.12,5.4
2141,10.275833,77.55975,26.0,37.5,24.4,36.5,1.03,5.4
2142,10.275972,77.533528,27.3,36.2,26.2,35.1,1.04,5.4
2143,10.276083,77.150333,32.1,32.8,22.4,31.0,1.06,5.4
2144,10.276111,77.144667,29.1,32.9,28.2,32.3,1.05,5.2
2145,10.277056,77.449389,27.6,35.5,26.9,31.0,1.08,5.6
2146,10.277167,77.471444,26.3,36.7,26.1,32.9,1.1,5.8
2147,10.277639,77.467361,26.2,36.8,25.6,33.5,1.12,5.8
2148,10.277736,76.978353,30.0,34.9,25.3,32.2,1.04,5.2
2149,10.277889,77.155861,31.7,32.3,26.3,32.0,1.05,5.4
2150,10.278056,77.149278,29.9,32.7,28.2,32.8,1.04,5.4
2151,10.278472,77.142111,27.9,34.0,27.1,30.2,1.05,5.6
2152,10.278611,77.565778,28.3,38.9,24.0,32.0,1.04,5.5
2153,10.279656,77.7847,20.5,38.8,22.1,30.1,1.27,6.6
2154,10.280017,76.864919,26.1,34.3,29.7,30.8,1.07,5.2
2155,10.280178,76.977636,30.1,35.2,25.4,34.5,1.01,5.3
2156,10.281278,77.449222,27.3,36.0,24.4,35.8,1.06,5.6
2157,10.281333,77.448889,26.5,34.8,24.8,33.8,1.08,5.5
2158,10.281583,77.533722,27.7,36.5,25.2,32.7,1.04,5.5
2159,10.281583,77.449,26.5,34.8,24.8,33.8,1.08,5.5
2160,10.282194,77.45125,27.3,36.0,24.4,35.8,1.06,5.6
2161,10.282361,77.16725,34.3,30.4,22.1,31.0,1.07,5.4
2162,10.283389,77.165278,33.4,29.7,22.7,27.8,1.07,5.4
2163,10.28375,77.165528,33.4,29.7,22.7,27.8,1.07,5.4
2164,10.283972,77.015556,28.4,27.9,29.8,32.8,1.0,5.2
2165,10.284361,77.456,29.3,37.0,24.5,38.1,1.02,5.4
2166,10.284389,77.166139,33.4,29.7,22.7,27.8,1.07,5.4
2167,10.284806,77.361944,21.2,33.1,29.2,39.7,1.11,5.6
2168,10.285694,77.3765,21.7,36.4,28.7,38.8,1.06,5.2
2169,10.285833,77.376694,21.7,36.4,28.7,38.8,1.06,5.2
2170,10.285889,77.3945,21.0,33.6,31.4,30.9,1.1,5.5
2171,10.286,77.457444,26.3,36.2,24.8,36.5,1.04,5.6
2172,10.286206,76.484781,26.7,42.0,19.4,24.8,1.07,5.3
2173,10.286917,77.396306,19.7,33.8,33.9,30.7,1.1,5.4
2174,10.287006,77.530047,24.4,36.7,24.4,29.7,1.07,5.7
2175,10.287306,77.009028,26.8,28.7,27.0,32.5,1.04,5.1
2176,10.287333,77.007722,27.9,30.3,24.5,32.2,1.07,5.1
2177,10.287556,77.009583,26.8,28.7,27.0,32.5,1.04,5.1
2178,10.287722,77.009139,26.8,28.7,27.0,32.5,1.04,5.1
2179,10.288083,77.398389,22.3,37.4,30.2,25.5,1.12,5.6
2180,10.28825,77.001222,25.6,34.9,22.9,33.5,1.01,5.1
2181,10.288333,77.0,25.6,34.9,22.9,33.5,1.01,5.1
2182,10.288408,76.841694,25.1,35.4,29.5,30.8,1.08,5.1
2183,10.288528,77.00225,26.6,33.1,24.8,33.0,1.01,5.1
2184,10.288611,77.171861,31.7,34.1,21.7,26.7,1.12,5.6
2185,10.288778,77.009417,26.8,28.7,27.0,32.5,1.04,5.1
2186,10.288833,77.005333,27.5,28.7,25.0,32.6,1.0,5.1
2187,10.288889,77.002833,26.6,33.1,24.8,33.0,1.01,5.1
2188,10.289111,77.005889,27.5,28.7,25.0,32.6,1.0,5.1
2189,10.289417,77.173639,31.8,33.2,21.3,27.9,1.16,5.8
2190,10.289806,77.1745,30.3,28.9,24.0,32.0,1.12,5.5
2191,10.290103,76.986164,29.8,35.0,24.2,42.2,0.98,5.2
2192,10.290111,77.175333,30.3,28.9,24.0,32.0,1.12,5.5
2193,10.290353,76.677881,28.8,43.2,17.4,25.1,1.12,5.3
2194,10.290389,76.674694,28.2,42.1,19.6,24.2,1.12,5.2
2195,10.290417,77.008611,27.9,28.7,25.9,32.0,1.01,5.1
2196,10.290756,77.77765,20.8,40.5,23.2,30.0,1.26,6.4
2197,10.290861,77.008639,27.9,28.7,25.9,32.0,1.01,5.1
2198,10.291667,77.012639,27.7,28.6,25.5,32.0,1.0,5.1
2199,10.291833,77.177139,32.6,30.6,19.8,30.6,1.12,5.6
2200,10.293278,77.17825,30.4,31.2,22.4,31.0,1.14,5.7
2201,10.293314,76.876094,26.0,31.4,30.6,30.7,1.08,5.1
2202,10.293461,76.840075,25.7,35.4,27.7,31.6,1.04,5.1
2203,10.293639,77.178417,30.4,31.2,22.4,31.0,1.14,5.7
2204,10.293864,77.776428,21.4,39.7,23.1,29.9,1.21,6.0
2205,10.293944,77.152333,30.2,33.6,26.6,31.5,1.05,5.4
2206,10.294189,77.548397,23.8,37.1,26.6,39.9,1.04,5.3
2207,10.294911,77.774781,24.5,42.2,21.5,27.0,1.25,6.0
2208,10.295222,77.179944,28.7,34.1,24.5,32.4,1.15,5.8
2209,10.295556,77.017306,28.5,28.7,26.8,36.5,1.0,5.2
2210,10.296417,77.017333,28.5,28.7,26.8,36.5,1.0,5.2
2211,10.297194,77.181306,25.5,32.6,26.2,30.9,1.14,5.6
2212,10.297458,76.968019,32.1,35.7,21.3,29.9,1.06,5.4
2213,10.297958,76.826036,26.9,35.9,25.6,31.9,1.1,5.1
2214,10.298056,77.019083,28.5,29.7,26.7,32.9,1.01,5.1
2215,10.298472,76.458306,27.6,41.3,18.0,24.4,1.12,5.2
2216,10.298947,76.832175,26.0,38.5,27.2,32.0,1.06,5.1
2217,10.299047,77.55115,25.9,37.0,25.7,38.0,1.06,5.4
2218,10.299242,76.831867,0.0,0.0,0.0,0.0,0.0,0.0
2219,10.299583,77.197306,27.6,34.5,21.4,27.3,1.22,5.7
2220,10.29965,77.551875,25.9,37.0,25.7,38.0,1.06,5.4
2221,10.299944,77.182667,23.9,34.1,23.5,33.0,1.16,5.5
2222,10.300208,76.944544,31.1,34.6,24.8,24.2,1.08,5.3
2223,10.300283,76.946444,30.4,35.0,24.5,23.9,1.09,5.3
2224,10.300331,77.768722,21.9,38.5,23.4,30.9,1.14,5.8
2225,10.300531,76.829131,26.3,36.1,25.8,29.9,1.11,5.1
2226,10.300608,77.769753,21.9,38.5,23.4,30.9,1.14,5.8
2227,10.301,77.020722,28.6,30.2,26.7,32.9,1.01,5.1
2228,10.301111,77.020861,28.6,30.2,26.7,32.9,1.01,5.1
2229,10.301278,76.949597,29.4,34.3,25.3,29.4,1.12,5.4
2230,10.301333,76.419556,26.5,41.6,19.6,24.4,1.13,5.2
2231,10.301378,76.443125,24.9,40.5,20.7,26.7,1.09,5.2
2232,10.301383,76.783394,30.2,34.4,22.0,33.1,1.1,5.2
2233,10.301614,76.783903,29.5,34.2,20.6,44.6,1.08,5.3
2234,10.301622,76.493058,27.3,40.1,20.0,25.9,1.12,5.3
2235,10.301875,76.751358,27.3,38.2,24.2,31.6,1.03,5.2
2236,10.302417,77.181889,25.8,35.2,23.2,30.9,1.16,5.5
2237,10.302667,77.712683,22.1,39.1,22.4,30.9,1.1,5.8
2238,10.302903,76.757969,28.1,36.6,23.6,29.8,1.06,5.2
2239,10.302983,77.757842,26.3,39.1,21.3,27.8,1.14,5.7
2240,10.303325,76.579431,28.1,39.0,16.8,23.0,1.12,5.3
2241,10.30335,77.763042,21.6,38.5,23.4,27.2,1.15,5.7
2242,10.303481,76.705925,25.7,42.3,22.6,30.9,1.12,5.2
2243,10.30375,76.433897,25.9,41.2,18.7,22.0,1.12,5.4
2244,10.304078,76.867225,33.1,32.6,21.7,27.4,1.15,5.4
2245,10.304292,76.86725,33.1,32.6,21.7,27.4,1.15,5.4
2246,10.3056,76.8584,27.6,35.4,27.6,31.6,1.08,5.3
2247,10.305733,76.745436,26.5,39.5,22.3,29.9,1.1,5.2
2248,10.305747,76.943708,32.1,34.8,23.4,26.0,1.1,5.4
2249,10.306119,76.744978,26.5,39.5,22.3,29.9,1.1,5.2
2250,10.306172,77.554861,27.2,37.8,24.1,33.2,1.1,5.4
2251,10.306778,76.744869,27.0,39.5,22.1,39.4,1.1,5.2
2252,10.307453,76.720789,28.1,40.4,21.0,27.8,1.12,5.2
2253,10.307786,76.947572,29.3,32.8,24.5,26.5,1.1,5.3
2254,10.308175,76.625056,23.8,42.0,21.7,23.3,1.1,5.2
2255,10.308794,76.722217,26.6,40.1,21.8,31.0,1.12,5.2
2256,10.309331,76.978678,28.4,35.4,26.0,33.2,1.0,5.3
2257,10.309508,76.910206,30.5,35.2,24.7,27.1,1.1,5.2
2258,10.309697,76.706328,27.7,38.9,21.8,32.0,1.12,5.1
2259,10.309886,76.897606,28.3,33.9,26.9,28.1,1.1,5.3
2260,10.310044,77.562853,20.2,39.5,29.4,45.5,1.0,5.4
2261,10.311542,77.566256,19.7,34.8,30.8,39.3,1.04,5.4
2262,10.312428,76.73735,27.9,39.5,21.4,36.4,1.1,5.1
2263,10.312467,76.717233,26.1,39.3,22.0,27.8,1.1,5.2
2264,10.312653,76.982281,28.9,32.3,24.5,32.0,1.0,5.2
2265,10.31375,77.192167,27.6,34.9,19.6,27.1,1.22,5.8
2266,10.313836,76.892428,27.8,34.5,27.0,31.8,1.1,5.2
2267,10.313947,76.892933,27.8,34.5,27.0,31.8,1.1,5.2
2268,10.314283,76.979111,27.7,37.0,25.5,27.9,1.02,5.3
2269,10.314319,76.633278,25.4,46.9,19.2,30.8,1.12,5.3
2270,10.314694,76.893206,0.0,0.0,0.0,0.0,0.0,0.0
2271,10.315097,76.7335,27.1,38.3,22.2,46.3,1.04,5.2
2272,10.315139,77.196389,27.9,36.9,20.0,27.5,1.3,5.9
2273,10.315153,76.893475,0.0,0.0,0.0,0.0,0.0,0.0
2274,10.31525,77.566206,24.6,37.0,28.4,39.0,1.03,5.4
2275,10.315453,77.577625,25.1,34.3,26.5,48.8,1.02,5.4
2276,10.316919,76.897617,0.0,0.0,0.0,0.0,0.0,0.0
2277,10.317633,77.565611,25.2,36.3,24.8,44.2,1.06,5.6
2278,10.318242,77.565142,24.8,37.0,25.4,45.4,1.05,5.6
2279,10.319008,76.981919,28.2,35.0,25.4,27.8,1.0,5.3
2280,10.320264,77.559425,25.1,37.0,28.2,38.6,1.04,5.5
2281,10.320331,76.844325,27.4,32.9,27.8,33.1,1.12,5.4
2282,10.320611,76.466183,26.2,41.4,20.7,25.1,1.1,5.3
2283,10.321139,77.565797,24.9,35.6,27.5,41.3,1.09,5.7
2284,10.322528,77.20825,25.0,38.6,18.3,29.7,1.27,5.9
2285,10.32335,76.9826,27.8,37.5,24.6,31.4,1.08,5.3
2286,10.323417,77.566197,25.0,34.2,26.8,42.4,1.06,5.4
2287,10.325528,77.028722,33.5,26.8,26.4,38.7,1.0,5.4
2288,10.326347,76.984431,28.9,36.9,24.2,31.1,1.08,5.3
2289,10.326444,77.031333,33.1,27.0,26.7,37.0,0.96,5.4
2290,10.326639,77.031889,33.1,27.0,26.7,37.0,0.96,5.4
2291,10.327861,77.052111,30.2,26.4,32.1,35.4,1.05,5.5
2292,10.329167,77.036917,30.2,27.5,29.0,51.5,0.93,5.3
2293,10.329381,76.961111,29.5,35.0,25.5,23.1,1.15,5.4
2294,10.329467,76.935039,27.1,35.6,25.5,24.8,1.15,5.3
2295,10.3295,77.037139,30.2,27.5,29.0,51.5,0.93,5.3
2296,10.329806,77.039278,31.1,27.9,29.0,45.2,0.94,5.2
2297,10.329944,77.021972,31.5,27.2,28.5,40.6,0.96,5.1
2298,10.330167,77.041972,28.8,27.9,31.3,47.3,0.95,5.2
2299,10.330444,77.039556,28.3,27.2,32.5,52.9,0.96,5.2
2300,10.331056,77.020361,29.3,27.4,30.7,44.2,0.96,5.3
2301,10.33165,77.563944,23.9,34.7,24.8,45.3,1.05,5.5
2302,10.331694,77.041444,28.8,27.9,31.3,47.3,0.95,5.2
2303,10.331786,76.958731,29.9,34.9,23.9,23.8,1.13,5.6
2304,10.331972,77.047139,30.9,27.6,29.8,39.1,0.97,5.3
2305,10.332,77.039556,28.3,27.2,32.5,52.9,0.96,5.2
2306,10.33225,77.039278,28.3,27.2,32.5,52.9,0.96,5.2
2307,10.332528,77.03975,28.1,28.7,33.0,43.4,1.06,5.4
2308,10.332778,77.0435,28.1,26.3,33.9,61.5,1.0,5.2
2309,10.332833,77.043917,28.1,26.3,33.9,61.5,1.0,5.2
2310,10.332889,77.044333,28.1,26.3,33.9,61.5,1.0,5.2
2311,10.332972,77.043,28.1,26.3,33.9,61.5,1.0,5.2
2312,10.333422,76.9614,27.4,36.5,24.6,26.9,1.08,5.3
2313,10.334858,77.576389,23.5,36.2,25.7,31.5,1.0,5.4
2314,10.335672,76.962867,28.6,35.7,23.5,27.1,1.09,5.3
2315,10.336119,77.578139,24.7,37.8,23.5,31.5,1.04,5.7
2316,10.340708,76.912872,24.3,35.1,26.5,33.6,1.2,5.4
2317,10.340856,77.572733,25.8,35.8,25.3,34.9,1.02,5.6
2318,10.340994,76.911064,24.7,36.3,26.7,35.4,1.16,5.3
2319,10.341633,76.903489,24.6,36.3,27.2,30.1,1.05,5.3
2320,10.342139,76.916631,23.9,34.0,27.3,32.8,1.04,5.2
2321,10.342422,76.916044,23.9,34.0,27.3,32.8,1.04,5.2
2322,10.342442,76.918139,24.4,32.7,27.3,32.0,1.06,5.3
2323,10.342506,76.903153,26.2,33.2,26.5,35.5,1.01,5.1
2324,10.342689,76.918153,24.4,32.7,27.3,32.0,1.06,5.3
2325,10.343769,77.574058,26.2,35.5,24.6,41.9,1.08,5.9
2326,10.346594,77.574575,26.2,35.3,24.3,43.4,1.06,5.8
2327,10.347058,76.454839,27.3,43.0,18.7,23.0,1.1,5.3
2328,10.348139,77.781022,20.9,39.7,23.3,29.7,1.19,5.9
2329,10.349056,77.574342,25.6,35.4,24.9,45.6,1.06,5.7
2330,10.3496,76.997897,25.7,30.3,30.1,32.9,1.0,5.2
2331,10.349728,76.375636,23.8,48.9,18.9,27.8,1.12,5.2
2332,10.34985,76.934947,24.3,37.9,26.9,27.0,1.04,5.1
2333,10.350047,76.935408,24.3,37.9,26.9,27.0,1.04,5.1
2334,10.350214,76.935136,24.3,37.9,26.9,27.0,1.04,5.1
2335,10.350692,77.778092,23.6,39.5,23.2,29.8,1.2,5.8
2336,10.350936,76.897556,25.6,33.5,26.8,32.0,1.06,5.1
2337,10.35105,76.935903,24.3,37.9,26.9,27.0,1.04,5.1
2338,10.351622,76.898169,27.1,35.1,25.6,32.0,1.06,5.2
2339,10.351717,76.936442,23.1,37.1,26.8,32.0,1.04,5.1
2340,10.351944,76.966111,24.3,38.1,24.6,29.6,1.08,5.4
2341,10.352011,76.936617,23.1,37.1,26.8,32.0,1.04,5.1
2342,10.352294,77.774639,25.9,37.7,22.3,29.8,1.15,5.7
2343,10.352725,77.573764,22.4,40.1,20.0,36.0,1.02,5.6
2344,10.352907,76.819293,27.1,37.5,24.2,44.0,1.0,5.1
2345,10.352997,76.999106,26.0,31.2,29.6,35.4,1.0,5.2
2346,10.353233,77.572361,23.1,39.8,21.4,35.6,1.04,5.6
2347,10.353306,77.185528,22.4,41.8,18.8,27.9,1.18,5.7
2348,10.353361,77.216706,23.1,44.4,17.0,23.6,1.28,6.3
2349,10.354106,77.593025,22.3,36.5,24.1,38.6,1.06,5.6
2350,10.354333,76.972683,28.0,35.7,23.0,26.8,1.09,5.4
2351,10.354714,76.972575,28.0,35.7,23.0,26.8,1.09,5.4
2352,10.354944,76.963183,26.9,35.8,22.3,25.8,1.1,5.4
2353,10.355205,76.811528,26.1,39.5,24.4,35.5,1.0,5.2
2354,10.355561,76.972572,28.0,35.7,23.0,26.8,1.09,5.4
2355,10.355887,76.819293,27.4,38.9,22.3,37.0,1.0,5.2
2356,10.356444,76.972536,28.4,34.7,23.0,25.6,1.09,5.3
2357,10.356811,76.960642,26.8,35.8,22.9,26.4,1.09,5.4
2358,10.357117,76.960231,26.8,35.8,22.9,26.4,1.09,5.4
2359,10.358003,77.556419,20.6,42.5,24.0,32.8,1.06,5.6
2360,10.359469,77.769122,24.1,35.7,24.8,30.5,1.13,5.7
2361,10.360361,77.184222,22.6,38.5,20.9,27.8,1.3,6.4
2362,10.360675,76.994706,24.6,34.9,24.6,35.6,1.0,5.3
2363,10.3608,77.528139,23.2,42.4,20.1,30.7,1.14,5.5
2364,10.361656,77.533794,24.0,40.2,19.8,30.8,1.15,5.6
2365,10.361797,77.535025,23.3,42.9,20.1,30.8,1.2,5.6
2366,10.362906,77.529744,24.5,37.8,21.3,30.3,1.18,5.6
2367,10.363356,76.981175,26.1,33.7,24.8,30.1,1.05,5.4
2368,10.363389,76.995825,27.2,35.5,24.9,33.5,1.0,5.2
2369,10.363467,77.539144,21.5,37.8,21.0,32.9,1.19,5.7
2370,10.363958,77.757472,27.8,36.2,21.2,44.1,1.05,5.7
2371,10.364092,77.530231,25.7,38.5,20.8,29.1,1.17,5.8
2372,10.364186,77.547044,24.3,40.5,19.7,32.3,1.14,5.7
2373,10.364683,77.539483,22.0,38.0,21.6,32.9,1.19,5.6
2374,10.365706,76.99165,27.2,35.8,25.0,30.4,1.04,5.3
2375,10.3659,76.9478,25.2,36.3,25.1,27.8,1.08,5.2
2376,10.3667,76.9515,26.0,37.3,24.5,27.0,1.08,5.2
2377,10.3669,76.9514,26.0,37.3,24.5,27.0,1.08,5.2
2378,10.367647,77.631219,24.3,38.0,21.6,31.6,1.08,5.5
2379,10.367658,77.539,22.2,40.3,20.7,30.2,1.2,5.8
2380,10.367822,77.756367,26.8,36.8,19.7,44.0,1.01,5.7
2381,10.367825,77.538181,22.2,40.3,20.7,30.2,1.2,5.8
2382,10.368411,76.99395,31.7,28.3,25.9,35.5,0.99,5.2
2383,10.36865,76.992614,31.7,28.3,25.9,35.5,0.99,5.2
2384,10.369194,77.753939,25.7,36.8,19.9,44.7,1.0,5.7
2385,10.369325,76.992967,31.7,28.3,25.9,35.5,0.99,5.2
2386,10.371014,76.994111,30.9,27.9,27.6,35.5,0.99,5.1
2387,10.371364,76.994128,30.9,27.9,27.6,35.5,0.99,5.1
2388,10.371556,77.751583,25.7,37.1,19.6,42.3,1.06,5.6
2389,10.371606,76.994097,30.9,27.9,27.6,35.5,0.99,5.1
2390,10.378392,76.997217,28.7,28.5,29.4,44.0,0.93,5.3
2391,10.380053,76.997308,28.7,28.5,29.4,44.0,0.93,5.3
2392,10.382806,77.049389,27.8,32.9,29.4,31.9,1.02,5.1
2393,10.383017,76.997128,30.1,30.9,26.1,35.3,0.96,5.3
2394,10.383186,76.997114,30.1,30.9,26.1,35.3,0.96,5.3
2395,10.383917,77.662003,21.8,43.9,21.0,32.1,1.06,5.9
2396,10.383942,76.988792,24.7,32.8,29.1,35.8,1.0,5.3
2397,10.384472,76.988072,24.7,32.8,29.1,35.8,1.0,5.3
2398,10.384506,76.994653,27.7,29.1,29.1,35.8,0.97,5.2
2399,10.384525,76.989269,24.7,32.8,29.1,35.8,1.0,5.3
2400,10.384944,76.991008,25.0,32.8,30.3,37.1,0.99,5.3
2401,10.385033,76.989908,24.7,32.8,29.1,35.8,1.0,5.3
2402,10.385083,76.989794,29.0,28.2,28.9,37.0,0.97,5.4
2403,10.385575,76.996517,31.0,29.1,27.0,35.3,1.0,5.3
2404,10.386417,77.049417,28.8,33.9,28.4,32.8,1.0,5.2
2405,10.388494,76.769186,0.0,0.0,0.0,0.0,0.0,0.0
2406,10.389861,77.005111,28.4,29.2,29.8,34.3,0.95,5.3
2407,10.391014,76.998797,31.1,28.9,27.4,44.0,0.92,5.2
2408,10.391533,76.999431,29.7,29.3,27.9,44.0,0.91,5.2
2409,10.391556,77.003278,28.7,29.5,28.1,40.6,0.93,5.2
2410,10.392083,77.001806,28.7,29.5,28.1,40.6,0.93,5.2
2411,10.393472,77.009667,28.9,29.8,28.2,44.0,0.96,5.2
2412,10.393528,77.000167,29.8,29.3,28.2,35.8,0.97,5.3
2413,10.393667,77.000556,29.8,29.3,28.2,35.8,0.97,5.3
2414,10.393944,77.000194,29.8,29.3,28.2,35.8,0.97,5.3
2415,10.394833,76.973944,30.1,30.7,24.8,44.6,0.97,5.1
2416,10.395039,76.991733,28.9,27.5,29.3,40.3,0.93,5.1
2417,10.395222,77.010111,29.0,31.1,27.9,44.0,0.94,5.2
2418,10.397167,77.045111,29.0,32.2,25.5,33.1,1.04,5.4
2419,10.398639,77.045222,29.0,32.2,25.5,33.1,1.04,5.4
2420,10.398778,77.012333,28.7,31.8,29.1,39.0,0.95,5.2
2421,10.398917,77.012583,28.7,31.8,29.1,39.0,0.95,5.2
2422,10.401694,77.010917,29.7,32.6,27.1,36.0,1.0,5.3
2423,10.404611,77.043083,27.5,27.6,29.6,31.2,1.04,5.4
2424,10.405183,76.957953,24.6,35.9,27.8,44.0,1.0,5.1
2425,10.405375,76.957264,24.6,35.9,27.8,44.0,1.0,5.1
2426,10.405542,76.957083,24.6,35.9,27.8,44.0,1.0,5.1
2427,10.405756,76.956897,24.6,35.9,27.8,44.0,1.0,5.1
2428,10.405792,76.956944,24.6,35.9,27.8,44.0,1.0,5.1
2429,10.406667,76.955633,22.7,35.8,28.2,44.0,1.0,5.1
2430,10.407228,76.831808,30.4,39.8,17.4,23.9,1.14,5.2
2431,10.407583,77.046111,27.7,31.2,28.5,32.2,1.05,5.4
2432,10.408278,77.042833,27.7,31.0,28.1,32.2,1.05,5.4
2433,10.409028,77.044694,29.3,31.4,25.6,31.2,1.08,5.4
2434,10.414558,76.950028,29.4,31.2,27.9,48.0,0.94,5.1
2435,10.414911,76.995531,26.4,33.7,25.9,33.3,1.0,5.3
2436,10.415111,76.949639,29.4,31.2,27.9,48.0,0.94,5.1
2437,10.415278,77.043722,27.9,34.1,25.4,30.9,1.12,5.4
2438,10.415981,76.948419,29.4,31.2,27.9,48.0,0.94,5.1
2439,10.416625,76.948019,29.6,30.5,28.5,48.0,0.93,5.1
2440,10.418444,77.039194,27.4,32.3,25.3,30.7,1.1,5.4
2441,10.418444,77.039194,27.4,32.3,25.3,30.7,1.1,5.4
2442,10.418611,77.038944,28.8,31.8,25.4,42.4,1.14,5.6
2443,10.41895,76.761278,26.8,39.8,21.1,29.9,1.14,5.3
2444,10.418997,76.992547,26.6,34.0,26.3,36.2,1.0,5.2
2445,10.419278,77.037944,28.8,31.8,25.4,42.4,1.14,5.6
2446,10.419972,77.036528,26.8,32.4,25.6,33.1,1.1,5.4
2447,10.420275,76.771125,26.6,37.3,23.4,31.2,1.12,5.3
2448,10.420694,77.035944,26.8,32.4,25.6,33.1,1.1,5.4
2449,10.421347,76.767208,26.6,37.6,22.0,30.9,1.16,5.3
2450,10.421417,77.035139,26.1,35.7,26.4,35.4,1.1,5.4
2451,10.421672,76.767213,26.6,37.6,22.0,30.9,1.16,5.3
2452,10.421786,76.767506,26.6,37.6,22.0,30.9,1.16,5.3
2453,10.421888,76.766492,26.6,37.6,22.0,30.9,1.16,5.3
2454,10.422528,77.03175,24.6,35.9,28.5,42.0,1.1,5.4
2455,10.422583,77.031556,24.6,35.9,28.5,42.0,1.1,5.4
2456,10.422722,77.031806,24.6,35.9,28.5,42.0,1.1,5.4
2457,10.424639,77.020139,26.7,33.7,27.5,30.9,1.06,5.4
2458,10.425,77.02025,26.7,33.7,27.5,30.9,1.06,5.4
2459,10.427972,77.018278,26.3,33.7,27.8,29.8,1.1,5.4
2460,10.428,77.018083,26.3,33.7,27.8,29.8,1.1,5.4
2461,10.428306,77.022625,28.9,35.4,25.0,30.9,1.1,5.5
2462,10.428444,77.022111,28.9,35.4,25.0,30.9,1.1,5.5
2463,10.428694,77.022222,28.9,35.4,25.0,30.9,1.1,5.5
2464,10.429889,77.022889,28.9,35.4,25.0,30.9,1.1,5.5
2465,10.434222,77.003972,27.9,33.4,26.2,27.8,1.11,5.4
2466,10.436056,77.01075,27.8,35.7,26.2,26.4,1.14,5.4
2467,10.436056,77.011139,27.8,35.7,26.2,26.4,1.14,5.4
2468,10.437361,77.012444,27.8,35.7,26.2,26.4,1.14,5.4
2469,10.437972,77.011139,29.5,34.8,27.4,27.5,1.15,5.5
2470,10.438278,77.011806,29.5,34.8,27.4,27.5,1.15,5.5
2471,10.438858,76.362567,25.7,43.9,19.7,24.7,1.11,5.3
2472,10.439167,77.013056,29.4,34.9,27.1,25.6,1.14,5.5
2473,10.439975,76.437939,25.0,45.4,19.0,22.8,1.12,5.3
2474,10.44625,77.028806,25.8,34.8,27.3,27.8,1.12,5.4
2475,10.447361,77.026222,23.4,33.8,30.2,25.5,1.18,5.5
2476,10.449658,76.982583,24.2,38.6,23.0,35.5,1.12,5.5
2477,10.450786,76.838131,26.8,40.4,17.6,25.9,1.1,5.3
2478,10.451009,76.66347,29.8,38.2,19.6,32.0,1.02,5.1
2479,10.451523,76.666232,29.7,38.2,20.9,33.2,1.02,5.0
2480,10.452069,76.825522,25.5,42.9,18.3,24.0,1.19,5.3
2481,10.452206,76.832933,25.0,43.1,18.3,25.3,1.1,5.3
2482,10.452394,76.833617,25.0,43.1,18.3,25.3,1.1,5.3
2483,10.45264,76.668505,27.5,38.2,22.1,34.0,1.03,5.1
2484,10.45275,76.668552,27.5,38.2,22.1,34.0,1.03,5.1
2485,10.45312,76.669093,27.5,38.2,22.1,34.0,1.03,5.1
2486,10.453812,76.66986,26.1,36.9,23.2,35.3,1.04,5.1
2487,10.454117,76.834178,25.0,43.1,18.3,25.3,1.1,5.3
2488,10.4563,76.66926,28.5,38.4,21.2,32.0,1.02,5.1
2489,10.456635,76.67035,27.5,36.9,22.3,33.0,1.04,5.1
2490,10.4576,76.6655,29.3,39.0,21.6,29.6,1.06,5.1
2491,10.465139,77.061556,20.5,40.5,22.2,25.4,1.25,5.7
2492,10.465636,77.739114,19.9,47.3,15.0,27.0,1.27,6.5
2493,10.46591,76.5648,28.3,44.7,15.5,32.0,1.03,5.3
2494,10.466567,77.740492,18.4,44.6,17.8,23.2,1.17,6.1
2495,10.466972,77.059361,20.7,41.1,21.5,24.9,1.23,5.8
2496,10.467083,77.059278,20.7,41.1,21.5,24.9,1.23,5.8
2497,10.467801,76.565078,26.0,46.2,18.2,31.1,1.06,5.3
2498,10.4695,77.059167,20.4,43.5,21.8,25.0,1.23,5.8
2499,10.4698,76.5641,27.4,45.9,16.7,26.7,1.06,5.3
2500,10.47005,77.745292,17.3,46.3,18.7,20.9,1.28,6.9
2501,10.470528,77.057444,20.2,42.1,22.0,26.2,1.23,5.7
2502,10.471278,77.059528,19.7,43.3,22.4,27.0,1.23,5.8
2503,10.471642,77.746044,18.6,45.1,18.5,23.8,1.27,6.2
2504,10.471917,77.059083,19.7,43.3,22.4,27.0,1.23,5.8
2505,10.472278,77.741753,18.9,42.2,20.3,21.9,1.27,6.3
2506,10.478986,77.754986,17.1,45.2,18.7,19.0,1.31,6.5
2507,10.479217,76.323517,25.3,44.8,16.5,23.0,1.1,5.2
2508,10.479383,77.755372,17.1,45.2,18.7,19.0,1.31,6.5
2509,10.479529,76.512323,28.2,44.8,14.0,32.3,1.06,5.4
2510,10.479628,76.323519,25.3,44.8,16.5,23.0,1.1,5.2
2511,10.479694,76.323317,24.8,44.3,16.7,21.9,1.12,5.2
2512,10.479755,76.528452,28.1,42.1,15.1,27.8,1.1,5.4
2513,10.479972,77.092056,24.6,40.2,19.1,24.3,1.19,5.6
2514,10.480033,76.323953,25.3,44.8,16.5,23.0,1.1,5.2
2515,10.480044,77.756742,16.4,45.5,19.4,18.0,1.33,7.0
2516,10.480558,76.320931,23.9,47.1,16.6,21.9,1.12,5.3
2517,10.4808,76.5356,28.0,43.7,14.1,27.1,1.1,5.3
2518,10.481158,77.758258,16.5,42.4,20.3,19.0,1.33,6.8
2519,10.4813,76.5261,28.3,41.8,14.1,27.5,1.08,5.4
2520,10.481833,76.512625,27.8,44.1,14.0,30.3,1.1,5.3
2521,10.481861,77.093861,26.1,39.1,18.6,27.1,1.19,5.7
2522,10.483,76.5286,28.3,41.7,13.5,26.8,1.09,5.4
2523,10.483532,76.510802,25.2,42.8,14.7,30.1,1.1,5.4
2524,10.483917,77.096056,24.6,39.4,20.6,27.1,1.17,5.8
2525,10.484014,77.761886,17.1,44.3,17.9,16.6,1.4,7.4
2526,10.484317,76.491312,28.8,43.2,16.0,32.2,1.1,5.2
2527,10.484514,76.321833,26.2,46.1,16.9,21.9,1.14,5.3
2528,10.486194,77.120694,21.4,43.4,17.6,19.0,1.3,6.4
2529,10.48721,76.502767,27.1,45.2,17.7,31.0,1.1,5.3
2530,10.487661,76.322006,25.2,46.9,17.6,21.5,1.13,5.4
2531,10.487814,76.322603,25.2,46.9,17.6,21.5,1.13,5.4
2532,10.487994,76.321703,24.3,49.6,17.0,21.6,1.16,5.4
2533,10.488847,76.501153,27.6,43.3,15.9,30.3,1.1,5.4
2534,10.490861,77.120806,21.0,45.0,16.5,22.0,1.3,6.4
2535,10.492222,77.113056,19.5,43.7,23.5,21.0,1.3,6.0
2536,10.493,76.5618,27.2,48.0,15.6,23.0,1.09,5.3
2537,10.493417,77.116222,20.5,42.3,18.5,23.0,1.29,6.3
2538,10.494,76.4994,25.9,44.3,16.8,30.3,1.1,5.2
2539,10.494222,77.118,20.2,44.5,18.1,23.0,1.3,6.3
2540,10.500578,76.286672,24.8,53.4,13.3,23.4,1.16,5.2
2541,10.507833,76.337714,26.1,47.2,14.4,24.4,1.14,5.4
2542,10.507912,76.509617,27.4,45.3,15.8,27.9,1.16,5.4
2543,10.50813,76.627101,30.9,40.5,15.9,32.0,1.03,5.3
2544,10.509711,76.338167,26.6,46.1,15.7,22.9,1.11,5.4
2545,10.511741,76.630045,26.6,41.0,17.9,30.5,1.1,5.2
2546,10.5125,76.70548,23.6,33.8,27.9,31.9,1.06,5.1
2547,10.512772,76.706638,23.6,33.8,27.9,31.9,1.06,5.1
2548,10.513072,76.340317,25.7,47.8,16.2,27.9,1.12,5.3
2549,10.513337,76.523822,21.7,47.6,17.1,23.0,1.14,5.4
2550,10.513456,76.705238,26.5,35.5,24.9,26.9,1.17,5.4
2551,10.514386,76.708769,26.1,34.0,24.2,26.1,1.09,5.2
2552,10.514672,76.336389,26.4,48.9,14.6,21.1,1.18,5.4
2553,10.514767,76.336564,26.4,48.9,14.6,21.1,1.18,5.4
2554,10.514844,76.714898,27.8,34.5,24.1,30.0,1.03,5.2
2555,10.514993,76.722541,30.0,37.3,19.1,31.6,1.0,5.2
2556,10.515619,76.338414,25.6,48.0,16.0,24.6,1.14,5.3
2557,10.515897,76.308169,25.3,50.7,14.0,26.2,1.16,5.3
2558,10.516015,76.707017,27.2,34.4,24.4,29.0,1.09,5.3
2559,10.516108,76.714738,27.8,34.5,24.1,30.0,1.03,5.2
2560,10.51619,76.714973,27.8,34.5,24.1,30.0,1.03,5.2
2561,10.516308,76.310019,25.3,50.8,14.7,21.9,1.12,5.4
2562,10.517512,76.706842,26.0,33.1,24.7,27.8,1.11,5.3
2563,10.517591,76.635992,24.6,43.3,15.7,31.0,1.09,5.2
2564,10.518439,76.707104,26.0,33.1,24.7,27.8,1.11,5.3
2565,10.5185,76.6306,27.0,42.9,16.5,30.4,1.09,5.3
2566,10.518808,76.629248,27.0,42.9,16.5,30.4,1.09,5.3
2567,10.519083,76.704987,26.7,33.4,24.6,26.1,1.12,5.3
2568,10.5192,76.72935,26.9,35.8,25.3,35.4,1.0,5.2
2569,10.519324,76.728593,26.9,35.8,25.3,35.4,1.0,5.2
2570,10.519469,76.70468,26.7,33.4,24.6,26.1,1.12,5.3
2571,10.520022,76.629233,25.7,43.3,16.8,29.1,1.1,5.2
2572,10.520291,76.63457,26.4,46.7,15.6,29.6,1.1,5.3
2573,10.52186,76.628728,24.4,44.0,16.2,28.2,1.1,5.2
2574,10.522207,76.64859,26.1,42.9,16.6,31.0,1.09,5.2
2575,10.522236,76.649148,29.0,41.9,16.1,31.6,1.04,5.1
2576,10.52281,76.648173,26.1,42.9,16.6,31.0,1.09,5.2
2577,10.523018,76.648022,26.1,42.9,16.6,31.0,1.09,5.2
2578,10.523363,76.635342,24.8,46.1,16.1,30.1,1.1,5.2
2579,10.523663,76.639443,27.4,43.1,16.2,31.0,1.05,5.2
2580,10.523668,76.642289,25.0,42.1,17.6,30.6,1.1,5.3
2581,10.523768,76.6528,28.4,41.9,16.5,31.1,1.06,5.2
2582,10.523999,76.730808,27.8,36.4,25.1,32.6,1.0,5.2
2583,10.524095,76.63604,23.5,44.2,17.4,29.6,1.1,5.3
2584,10.524426,76.653293,28.4,41.9,16.5,31.1,1.06,5.2
2585,10.52445,76.627285,25.0,46.2,16.2,29.1,1.1,5.3
2586,10.5248,76.6413,27.4,41.7,15.1,31.9,1.04,5.2
2587,10.5249,76.6414,27.4,41.7,15.1,31.9,1.04,5.2
2588,10.525045,76.627113,25.0,46.2,16.2,29.1,1.1,5.3
2589,10.525053,76.653811,28.3,41.6,17.0,32.7,1.06,5.2
2590,10.52508,76.636973,23.5,44.2,17.4,29.6,1.1,5.3
2591,10.5252,76.6391,27.2,42.9,16.2,32.0,1.04,5.2
2592,10.525205,76.64719,26.9,42.9,16.3,32.3,1.02,5.2
2593,10.525447,76.6469,26.9,42.9,16.3,32.3,1.02,5.2
2594,10.525573,76.65591,27.3,41.9,17.3,34.3,1.06,5.0
2595,10.525735,76.62619,27.0,41.8,17.0,28.7,1.11,5.4
2596,10.5259,76.6566,27.3,41.9,17.3,34.3,1.06,5.0
2597,10.526197,76.639938,24.2,46.0,17.2,29.8,1.05,5.3
2598,10.52625,76.640712,24.2,46.0,17.2,29.8,1.05,5.3
2599,10.526352,76.656767,27.2,44.2,16.4,31.2,1.06,5.2
2600,10.526381,76.720458,26.2,33.4,26.9,33.0,1.06,5.4
2601,10.526457,76.637498,23.7,44.5,16.8,30.8,1.1,5.3
2602,10.52648,76.639218,24.2,46.0,17.2,29.8,1.05,5.3
2603,10.52658,76.638208,24.2,46.0,17.2,29.8,1.05,5.3
2604,10.526703,76.704183,26.0,35.6,25.2,30.8,1.1,5.4
2605,10.526765,76.625365,25.3,43.1,17.1,29.9,1.09,5.4
2606,10.52681,76.65506,26.5,44.7,16.2,31.0,1.04,5.2
2607,10.526982,76.725932,25.0,35.4,27.3,35.8,1.0,5.2
2608,10.526998,76.656787,27.2,44.2,16.4,31.2,1.06,5.2
2609,10.527,76.6603,27.0,42.0,16.8,32.7,1.08,5.1
2610,10.527023,76.62514,25.3,43.1,17.1,29.9,1.09,5.4
2611,10.527033,76.646188,25.3,37.9,16.3,32.0,1.0,5.3
2612,10.527178,76.65542,26.5,44.7,16.2,31.0,1.04,5.2
2613,10.527178,76.657258,27.2,44.2,16.4,31.2,1.06,5.2
2614,10.528,76.6587,27.0,44.6,16.0,33.3,1.04,5.1
2615,10.528,76.6675,26.8,36.3,24.3,30.9,1.1,5.2
2616,10.528409,76.72551,25.3,34.1,27.5,32.0,1.08,5.5
2617,10.52845,76.644182,26.1,43.3,15.4,30.8,1.02,5.2
2618,10.528565,76.656988,25.3,40.6,19.4,32.0,1.1,5.2
2619,10.52859,76.643365,24.6,40.2,20.7,29.3,1.1,5.4
2620,10.52886,76.659552,27.4,42.7,17.2,32.0,1.06,5.1
2621,10.528954,76.744945,27.6,33.2,27.3,35.8,1.01,5.3
2622,10.52909,76.66085,27.4,42.3,17.2,32.2,1.04,5.1
2623,10.529327,76.662737,26.9,42.9,17.2,32.8,1.06,5.1
2624,10.529373,76.666168,26.7,43.1,17.2,32.2,1.09,5.2
2625,10.529405,76.658323,27.4,42.7,17.2,32.0,1.06,5.1
2626,10.529522,76.622937,24.6,39.8,22.6,31.1,1.12,5.4
2627,10.529618,76.74376,26.9,34.0,27.2,30.7,1.01,5.4
2628,10.529733,76.66361,26.9,42.9,17.2,32.8,1.06,5.1
2629,10.52995,76.66664,26.7,43.1,17.2,32.2,1.09,5.2
2630,10.530195,76.622477,24.6,39.8,22.6,31.1,1.12,5.4
2631,10.530427,76.702402,26.1,34.5,24.0,31.1,1.09,5.4
2632,10.530468,76.66702,27.0,41.6,17.9,31.2,1.1,5.1
2633,10.531615,76.621292,23.0,42.6,17.7,32.3,1.1,5.3
2634,10.531677,76.668657,26.3,41.4,16.6,31.1,1.1,5.2
2635,10.533772,76.666526,27.2,43.6,18.1,28.1,1.09,5.2
2636,10.533957,76.672943,26.8,41.5,19.8,28.7,1.08,5.1
2637,10.534028,76.360936,24.0,47.9,15.2,21.2,1.2,5.4
2638,10.53409,76.673132,26.8,41.5,19.8,28.7,1.08,5.1
2639,10.535607,76.67363,26.8,41.5,19.8,28.7,1.08,5.1
2640,10.535642,76.673373,27.8,41.4,19.8,27.4,1.07,5.2
2641,10.53592,76.670983,27.2,41.8,20.0,27.8,1.07,5.2
2642,10.536065,76.613566,25.6,42.0,16.8,28.6,1.12,5.2
2643,10.536253,76.670532,27.2,41.8,20.0,27.8,1.07,5.2
2644,10.536482,76.668683,26.6,41.0,18.4,30.1,1.09,5.1
2645,10.536763,76.665423,27.9,43.2,16.7,29.8,1.09,5.2
2646,10.536985,76.667702,26.6,41.0,18.4,30.1,1.09,5.1
2647,10.536993,76.668405,26.6,41.0,18.4,30.1,1.09,5.1
2648,10.537015,76.668252,26.6,41.0,18.4,30.1,1.09,5.1
2649,10.537323,76.728492,29.7,35.2,26.3,37.6,1.04,5.4
2650,10.53758,76.67444,25.7,40.1,23.2,29.4,1.08,5.1
2651,10.53852,76.620628,24.8,40.9,19.4,25.1,1.24,5.4
2652,10.538607,76.667587,24.5,43.4,20.8,30.9,1.08,5.1
2653,10.538953,76.672063,25.8,41.8,22.2,28.1,1.09,5.3
2654,10.539537,76.72348,22.4,34.5,28.3,36.1,1.0,5.2
2655,10.540594,76.55919722,22.7,47.9,16.4,25.6,1.12,5.2
2656,10.541594,76.724785,26.6,33.5,27.8,39.0,1.0,5.2
2657,10.541962,76.66618,24.2,43.3,17.6,27.8,1.12,5.2
2658,10.542128,76.666089,24.2,43.3,17.6,27.8,1.12,5.2
2659,10.543345,76.666954,23.5,43.3,18.6,27.8,1.16,5.3
2660,10.544467,76.56024167,23.2,46.5,16.1,27.8,1.15,5.4
2661,10.545428,76.55467778,22.9,47.2,17.8,30.3,1.12,5.2
2662,10.547115,76.675578,23.7,41.3,25.2,32.1,1.11,5.4
2663,10.547612,76.664617,24.7,39.1,18.6,30.3,1.14,5.2
2664,10.547777,76.675724,23.0,40.5,25.3,32.5,1.09,5.3
2665,10.547798,76.665388,23.5,39.8,22.2,35.0,1.14,5.2
2666,10.5481,76.5671,22.5,49.3,17.1,29.8,1.12,5.3
2667,10.5483,76.5622,23.5,47.7,16.5,28.8,1.12,5.4
2668,10.548475,76.54886389,24.6,50.9,15.7,26.4,1.12,5.3
2669,10.548483,76.66505,23.5,39.8,22.2,35.0,1.14,5.2
2670,10.548547,76.675041,23.0,40.5,25.3,32.5,1.09,5.3
2671,10.5494,76.5612,23.5,47.7,16.5,28.8,1.12,5.4
2672,10.550603,76.680796,24.5,42.2,21.8,28.2,1.19,5.5
2673,10.551872,76.56173056,21.4,50.9,17.1,27.4,1.12,5.2
2674,10.551925,76.56581111,24.6,46.9,16.6,29.8,1.12,5.4
2675,10.552392,76.54815,24.0,51.1,15.7,24.8,1.14,5.4
2676,10.55266,76.657883,27.4,41.4,16.6,29.4,1.19,5.2
2677,10.552925,76.56031944,21.6,50.7,16.5,27.8,1.11,5.2
2678,10.553,76.5578,21.2,51.0,16.2,25.2,1.12,5.2
2679,10.553422,76.55888333,21.6,50.7,16.5,27.8,1.11,5.2
2680,10.553458,76.57000278,28.0,44.4,13.9,31.0,1.12,5.4
2681,10.554097,76.370192,26.0,47.2,16.4,23.9,1.12,5.3
2682,10.554211,76.55907778,21.6,50.7,16.5,27.8,1.11,5.2
2683,10.554486,76.57206667,28.0,44.4,13.9,31.0,1.12,5.4
2684,10.554778,76.57425,27.9,39.8,17.1,28.8,1.13,5.3
2685,10.556079,76.63704,21.6,45.2,17.8,24.4,1.18,5.4
2686,10.556614,76.55623333,21.0,51.4,16.5,21.8,1.18,5.3
2687,10.556922,76.57566667,25.4,41.8,17.6,28.8,1.12,5.4
2688,10.558317,76.57376944,24.4,43.7,18.3,28.0,1.13,5.4
2689,10.558536,76.57314722,24.4,43.7,18.3,28.0,1.13,5.4
2690,10.559597,76.54235278,24.7,51.3,15.2,21.2,1.12,5.4
2691,10.559736,76.341814,25.5,45.9,16.4,21.9,1.19,5.3
2692,10.563528,76.342806,25.7,46.9,16.4,24.3,1.15,5.3
2693,10.563561,76.343364,25.7,46.9,16.4,24.3,1.15,5.3
2694,10.5641,76.6729,22.7,43.8,18.6,27.2,1.15,5.4
2695,10.5643,76.307272,25.5,49.9,13.4,21.5,1.14,5.2
2696,10.565367,76.302197,24.0,48.6,15.3,21.8,1.16,5.3
2697,10.570097,76.375089,26.3,48.9,13.1,19.6,1.17,5.4
2698,10.570156,76.298106,24.9,47.8,16.2,24.2,1.14,5.2
2699,10.570556,76.375444,26.3,48.9,13.1,19.6,1.17,5.4
2700,10.572111,76.403667,22.4,53.8,14.7,23.9,1.17,5.4
2701,10.572111,76.403667,22.4,53.8,14.7,23.9,1.17,5.4
2702,10.572344,76.35405,22.5,49.3,14.7,21.0,1.15,5.3
2703,10.572508,76.62551389,17.7,46.9,20.6,20.7,1.23,5.2
2704,10.573286,76.385664,25.5,46.9,16.0,22.4,1.13,5.4
2705,10.574439,76.62656389,17.9,50.0,20.1,21.7,1.2,5.4
2706,10.575928,76.378956,25.0,49.4,14.4,22.4,1.18,5.4
2707,10.576722,76.380022,24.6,49.8,15.2,22.9,1.17,5.3
2708,10.577158,76.406072,22.4,54.0,15.0,27.2,1.16,5.4
2709,10.577431,76.62233611,17.7,52.5,18.9,18.6,1.23,5.2
2710,10.580564,76.352325,26.5,51.6,14.0,26.1,1.09,5.2
2711,10.582369,76.63025556,21.2,47.7,17.5,25.4,1.23,5.2
2712,10.582519,76.62156667,21.1,54.4,16.7,24.6,1.25,5.4
2713,10.583536,76.62397222,21.8,47.4,16.6,25.9,1.2,5.4
2714,10.586383,76.62147778,21.1,50.5,16.7,23.7,1.18,5.2
2715,10.586453,76.62202222,21.2,51.2,16.9,24.0,1.16,5.2
2716,10.586837,76.614269,24.5,45.3,16.0,28.7,1.23,5.4
2717,10.586928,76.60411111,20.7,51.2,17.6,24.4,1.23,5.3
2718,10.587136,76.614962,24.5,45.3,16.0,28.7,1.23,5.4
2719,10.58755,76.61244167,24.1,45.7,16.1,30.0,1.23,5.5
2720,10.587817,76.6136,24.5,45.3,16.0,28.7,1.23,5.4
2721,10.588025,76.60669167,20.2,50.3,17.9,26.2,1.19,5.3
2722,10.588114,76.611825,24.1,45.7,16.1,30.0,1.23,5.5
2723,10.588392,76.60893611,23.7,47.4,17.1,25.5,1.19,5.2
2724,10.58975,76.61396944,23.0,48.9,16.5,27.0,1.19,5.4
2725,10.592108,76.305956,25.1,45.3,17.5,25.7,1.12,5.3
2726,10.594794,76.242333,24.7,46.3,16.4,22.7,1.16,5.4
2727,10.615008,76.2926,23.7,49.1,15.8,19.0,1.2,5.4
2728,10.616386,76.53024444,21.1,53.3,15.5,24.6,1.2,5.4
2729,10.618728,76.55516944,24.8,47.5,15.9,21.8,1.18,5.4
2730,10.618942,76.55425,24.8,47.5,15.9,21.8,1.18,5.4
2731,10.619327,76.554523,25.1,47.8,16.5,22.0,1.15,5.4
2732,10.621085,76.537792,25.1,49.6,15.0,30.7,1.19,5.4
2733,10.621086,76.53286389,21.2,54.5,16.3,27.5,1.19,5.4
2734,10.621236,76.53498056,25.6,50.5,15.2,29.5,1.19,5.4
2735,10.622357,76.525052,21.9,54.9,16.0,22.7,1.19,5.4
2736,10.622833,76.54113889,25.1,50.2,14.9,27.9,1.15,5.4
2737,10.623613,76.542127,25.1,50.2,14.9,27.9,1.15,5.4
2738,10.624725,76.553375,22.1,52.0,15.4,21.1,1.23,5.4
2739,10.625319,76.55210278,22.1,52.0,15.4,21.1,1.23,5.4
2740,10.625742,76.513723,21.3,55.8,14.7,19.0,1.23,5.3
2741,10.625883,76.53450556,25.8,49.6,14.0,31.3,1.19,5.4
2742,10.625922,76.5395,26.2,47.9,14.7,29.4,1.15,5.4
2743,10.626364,76.53525556,25.8,49.6,14.0,31.3,1.19,5.4
2744,10.626847,76.53284722,24.5,51.0,15.2,31.2,1.16,5.4
2745,10.627114,76.53220833,24.5,51.0,15.2,31.2,1.16,5.4
2746,10.6272,76.5355,25.5,51.1,14.9,27.8,1.15,5.4
2747,10.6273,76.5347,25.5,51.1,14.9,27.8,1.15,5.4
2748,10.6276,76.5327,24.5,51.0,15.2,31.2,1.16,5.4
2749,10.627675,76.53075,25.2,49.8,15.1,30.1,1.16,5.4
2750,10.627883,76.536593,25.1,47.4,15.4,24.0,1.15,5.4
2751,10.628661,76.52623056,23.1,51.3,15.6,22.9,1.15,5.4
2752,10.6288,76.5319,24.5,51.0,15.2,31.2,1.16,5.4
2753,10.629437,76.532611,22.2,54.5,15.2,24.0,1.2,5.4
2754,10.6295,76.5258,23.2,51.7,15.6,22.7,1.19,5.3
2755,10.629778,76.230778,23.7,43.2,19.0,22.1,1.13,5.3
2756,10.630083,76.52505556,23.2,51.7,15.6,22.7,1.19,5.3
2757,10.6316,76.52089444,21.8,54.6,15.2,22.0,1.21,5.4
2758,10.632358,76.52025278,21.8,54.6,15.2,22.0,1.21,5.4
2759,10.633653,76.51764722,20.7,55.8,15.4,21.2,1.25,5.4
2760,10.634153,76.517673,20.7,55.8,15.4,21.2,1.25,5.4
2761,10.672875,76.338056,23.4,53.1,16.5,24.2,1.16,5.4
2762,10.740397,76.235328,21.0,41.8,22.4,25.2,1.15,5.3
2763,10.740731,76.234878,20.9,41.1,22.4,26.9,1.15,5.4
2764,10.740731,76.234878,20.9,41.1,22.4,26.9,1.15,5.4
2765,10.825098,76.734842,20.8,47.5,18.4,20.2,1.24,5.8
2766,10.827618,76.776995,29.0,41.9,19.0,23.0,1.24,5.8
2767,10.827964,76.778161,27.5,43.4,19.1,23.3,1.24,5.8
2768,10.828658,76.777358,29.0,41.9,19.0,23.0,1.24,5.8
2769,10.833003,76.775271,23.3,43.8,20.7,26.1,1.25,5.5
2770,10.833465,76.774026,23.3,43.8,20.7,26.1,1.25,5.5
2771,10.833542,76.760691,24.3,42.6,19.0,28.2,1.25,5.7
2772,10.834661,76.76178,21.6,37.3,21.7,28.3,1.24,5.7
2773,10.834695,76.356393,21.7,51.1,16.6,25.5,1.16,5.2
2774,10.836851,76.778284,24.2,40.0,20.7,29.0,1.14,5.5
2775,10.837669,76.773925,22.2,41.8,20.9,27.1,1.23,5.5
2776,10.843375,76.728583,16.3,51.0,19.9,21.9,1.18,5.5
2777,10.848643,76.319883,23.8,51.6,14.3,20.8,1.19,5.2
2778,10.8505,76.2711,21.7,54.5,15.4,22.9,1.2,5.3
2779,10.8508,76.2712,21.7,54.5,15.4,22.9,1.2,5.3
2780,10.851405,76.31827,24.1,50.8,15.0,22.4,1.2,5.2
2781,10.853375,76.732537,21.6,45.0,20.5,25.1,1.16,5.4
2782,10.853934,76.738145,19.0,43.3,23.2,26.6,1.14,5.4
2783,10.854766,76.458106,22.3,43.0,21.0,19.4,1.21,5.4
2784,10.855047,76.453408,20.6,47.4,19.9,21.9,1.21,5.4
2785,10.860338,76.637864,21.6,46.5,18.7,22.9,1.17,5.4
2786,10.860838,76.636159,20.4,45.9,21.9,23.9,1.18,5.4
2787,10.862806,76.630816,21.3,45.5,20.6,26.8,1.15,5.3
2788,10.863184,76.629953,22.1,45.1,20.2,26.8,1.12,5.3
2789,10.863736,76.602972,25.9,42.7,19.8,27.8,1.09,5.3
2790,10.864489,76.604869,25.1,42.0,20.2,29.9,1.15,5.2
2791,10.867341,76.602978,24.8,42.3,21.1,29.7,1.05,5.2
2792,10.868686,76.619767,21.2,43.3,20.4,27.3,1.1,5.3
2793,10.879596,76.687949,17.9,47.8,21.0,27.8,1.2,5.5
2794,10.887625,76.57727,23.4,42.0,22.8,30.4,1.16,5.5
2795,10.888613,76.579875,21.6,43.3,21.9,30.4,1.15,5.4
2796,10.88897,76.581677,21.6,43.3,21.9,30.4,1.15,5.4
2797,10.890288,76.675562,27.5,38.8,19.5,30.5,1.1,5.4
2798,10.897276,76.638435,23.7,41.5,22.1,31.1,1.04,5.3
2799,10.903957,76.625793,27.0,34.2,22.9,32.5,1.04,5.2
2800,10.90562,76.648398,27.3,36.3,23.7,30.9,1.05,5.3
2801,10.906467,76.679003,26.0,32.6,26.4,34.0,1.02,5.2
2802,10.909665,76.62285,25.3,34.2,22.9,35.2,1.06,5.3
2803,10.911788,76.551438,25.7,44.9,19.7,24.1,1.14,5.4
2804,10.912111,76.554256,25.1,42.8,20.4,26.3,1.1,5.4
2805,10.921922,76.64107,21.0,38.5,27.2,31.2,1.08,5.2
2806,10.930498,76.647171,24.5,33.2,28.4,37.8,1.06,5.4
2807,10.930683,76.641218,24.1,31.8,28.5,33.9,1.05,5.6
2808,10.931878,76.644311,24.1,33.4,26.9,37.0,1.01,5.4
2809,10.937644,76.558936,24.8,47.9,17.5,27.3,1.1,5.4
2810,10.94636,76.505947,20.9,43.6,23.3,22.7,1.22,5.4
2811,10.956021,76.571908,22.3,45.5,20.7,27.8,1.08,5.3
2812,10.957348,76.5438,23.9,43.3,21.6,27.6,1.16,5.4
2813,10.962203,76.609662,24.0,33.2,27.7,35.5,1.02,5.3
2814,10.965332,76.610375,22.5,34.7,29.7,32.8,1.03,5.3
2815,10.97039,76.57454,24.0,39.8,21.5,27.4,1.12,5.4
2816,10.97039,76.57454,24.0,39.8,21.5,27.4,1.12,5.4
2817,10.974537,76.627582,26.2,41.1,22.2,27.8,1.1,5.3
2818,10.975952,76.585579,23.5,40.7,24.2,27.4,1.1,5.4
2819,10.975989,76.572928,24.5,36.5,22.0,27.0,1.18,5.5
2820,10.97659,76.55491,24.4,43.1,21.0,23.9,1.12,5.4
2821,10.976649,76.58429,23.5,40.7,24.2,27.4,1.1,5.4
2822,10.977277,76.622685,24.3,40.5,23.5,27.8,1.12,5.4
2823,10.977286,76.574889,24.3,36.3,21.0,27.0,1.19,5.5
2824,10.977561,76.570944,24.7,39.6,21.0,27.8,1.17,5.4
2825,10.979529,76.607141,21.5,40.3,24.8,29.7,1.04,5.3
2826,10.979793,76.606535,21.5,40.3,24.8,29.7,1.04,5.3
2827,10.98023,76.605667,21.7,40.6,24.8,31.0,1.1,5.3
2828,10.980788,76.604885,21.7,40.6,24.8,31.0,1.1,5.3
2829,10.981403,76.579403,24.2,39.5,22.6,26.8,1.17,5.5
2830,10.982088,76.599834,22.1,40.9,22.5,29.7,1.07,5.3
2831,10.982469,76.599359,22.1,40.9,22.5,29.7,1.07,5.3
2832,10.982903,76.595173,22.8,39.3,22.2,27.8,1.11,5.3
2833,10.983786,76.589808,25.6,38.3,22.0,28.5,1.14,5.4
2834,10.984006,76.592178,23.5,41.3,22.4,27.8,1.15,5.4
2835,10.984604,76.587805,24.9,38.8,22.1,28.0,1.16,5.4
2836,10.984642,76.588747,25.6,38.3,22.0,28.5,1.14,5.4
2837,11.0008,76.2455,27.6,49.4,14.1,25.1,1.16,5.2
2838,11.011778,76.5562,23.3,38.8,23.9,24.6,1.09,5.3
2839,11.012586,76.531503,23.3,45.7,22.2,23.0,1.1,5.4
2840,11.017189,76.664061,28.8,35.8,21.4,27.3,1.08,5.3
2841,11.018503,76.664311,28.5,35.8,21.5,27.1,1.06,5.4
2842,11.018786,76.554092,25.7,37.6,21.6,28.0,1.1,5.4
2843,11.019092,76.664319,28.5,35.8,21.5,27.1,1.06,5.4
2844,11.020853,76.665867,27.6,36.7,22.5,27.3,1.08,5.4
2845,11.022908,76.616231,26.6,38.5,22.8,28.6,1.14,5.4
2846,11.024278,76.666142,27.3,36.8,23.5,27.3,1.07,5.4
2847,11.024417,76.617081,29.6,37.0,21.9,27.1,1.14,5.4
2848,11.024856,76.626281,29.0,40.4,22.2,26.2,1.18,5.6
2849,11.026083,76.626261,27.4,40.7,22.4,27.8,1.18,5.4
2850,11.026772,76.517839,19.6,46.8,21.0,21.5,1.2,5.3
2851,11.027011,76.616214,29.4,37.5,22.1,25.8,1.1,5.4
2852,11.027433,76.617458,25.7,38.3,22.4,27.9,1.1,5.3
2853,11.027444,76.617342,25.7,38.3,22.4,27.9,1.1,5.3
2854,11.027631,76.662803,27.9,37.9,23.8,27.1,1.08,5.5
2855,11.027736,76.661681,27.7,36.0,24.5,27.3,1.06,5.4
2856,11.028469,76.604719,22.6,38.5,24.3,27.8,1.1,5.4
2857,11.028483,76.528773,24.7,45.5,20.4,27.3,1.12,5.3
2858,11.029068,76.531518,24.1,45.6,20.5,27.3,1.1,5.3
2859,11.029352,76.523,23.2,43.9,21.8,23.9,1.17,5.4
2860,11.029556,76.521189,21.1,45.6,22.7,22.6,1.18,5.4
2861,11.029777,76.522575,23.2,43.9,21.8,23.9,1.17,5.4
2862,11.031553,76.653478,27.1,40.0,22.4,27.5,1.14,5.4
2863,11.032022,76.657136,29.5,40.9,21.6,23.5,1.14,5.5
2864,11.032267,76.527796,23.1,47.6,21.3,27.0,1.14,5.3
2865,11.032583,76.551617,25.9,42.3,20.1,27.3,1.14,5.4
2866,11.032677,76.527807,23.1,47.6,21.3,27.0,1.14,5.3
2867,11.033492,76.657797,27.0,40.9,21.0,27.1,1.12,5.4
2868,11.033667,76.656164,27.0,40.9,21.0,27.1,1.12,5.4
2869,11.033892,76.656672,27.0,40.9,21.0,27.1,1.12,5.4
2870,11.03475,76.653756,27.1,41.4,21.3,27.8,1.12,5.3
2871,11.035232,76.527483,22.6,47.2,23.4,29.7,1.14,5.4
2872,11.036503,76.529053,22.6,47.2,23.4,29.7,1.14,5.4
2873,11.037277,76.528927,22.6,47.2,23.4,29.7,1.14,5.4
2874,11.03747,76.52758,22.6,47.2,23.4,29.7,1.14,5.4
2875,11.038569,76.608647,20.6,39.3,24.7,26.9,1.19,5.5
2876,11.038603,76.662889,29.6,40.0,21.7,30.7,1.07,5.3
2877,11.038639,76.674542,27.4,40.5,22.2,27.8,1.08,5.3
2878,11.038653,76.530202,23.3,45.9,22.5,30.0,1.15,5.4
2879,11.038792,76.553531,24.4,43.3,21.7,25.4,1.16,5.4
2880,11.039302,76.530795,23.3,45.9,22.5,30.0,1.15,5.4
2881,11.039831,76.663894,29.6,40.0,21.7,30.7,1.07,5.3
2882,11.039889,76.601875,25.1,38.6,23.4,23.9,1.18,5.5
2883,11.040092,76.608094,21.9,41.1,23.9,27.1,1.19,5.5
2884,11.040111,76.604944,21.9,41.1,23.1,26.0,1.18,5.6
2885,11.040144,76.431199,20.9,43.9,21.3,26.8,1.16,5.4
2886,11.040533,76.675072,27.1,33.6,24.6,26.9,1.11,5.4
2887,11.040947,76.532897,24.0,45.6,20.4,27.0,1.16,5.4
2888,11.041635,76.53334,24.0,45.6,20.4,27.0,1.16,5.4
2889,11.041933,76.534018,24.1,44.9,22.0,27.3,1.15,5.4
2890,11.042363,76.440553,23.2,45.0,20.6,27.5,1.17,5.3
2891,11.043258,76.603611,25.4,40.6,22.5,24.9,1.17,5.5
2892,11.043378,76.639231,22.3,40.7,22.8,27.0,1.14,5.4
2893,11.045365,76.580602,28.8,38.0,18.7,26.2,1.14,5.4
2894,11.04543,76.539902,24.7,44.1,19.7,28.4,1.16,5.4
2895,11.046358,76.540755,25.1,43.6,19.2,27.8,1.14,5.4
2896,11.046392,76.594039,22.7,40.7,21.8,23.1,1.14,5.5
2897,11.046744,76.583922,24.3,40.4,20.4,25.9,1.19,5.4
2898,11.046935,76.540858,25.1,43.6,19.2,27.8,1.14,5.4
2899,11.047271,76.399846,21.6,42.0,22.0,23.0,1.13,5.4
2900,11.047383,76.596222,23.4,39.6,22.9,23.9,1.16,5.4
2901,11.047615,76.58101,26.4,38.4,19.0,25.6,1.18,5.4
2902,11.04794,76.400202,21.6,42.0,22.0,23.0,1.13,5.4
2903,11.04922,76.53708,24.2,45.0,19.2,27.6,1.1,5.4
2904,11.050725,76.430832,24.3,46.7,20.6,30.5,1.13,5.3
2905,11.0511,76.0703,23.6,46.1,16.9,24.0,1.23,5.4
2906,11.0512,76.0709,24.0,47.1,16.5,26.2,1.25,5.4
2907,11.054544,76.686006,22.2,33.6,27.9,24.1,1.12,5.4
2908,11.055747,76.548056,22.3,42.9,19.7,23.0,1.18,5.4
2909,11.057151,76.384281,24.6,43.0,21.4,25.9,1.1,5.3
2910,11.061407,76.389548,24.2,41.0,21.2,28.4,1.1,5.4
2911,11.062219,76.551442,23.1,47.9,18.5,24.9,1.2,5.6
2912,11.063095,76.37715,23.4,42.9,19.9,23.0,1.16,5.4
2913,11.06427,76.389909,24.8,43.0,20.6,27.0,1.1,5.4
2914,11.066278,76.652389,24.5,35.6,23.2,25.7,1.2,5.6
2915,11.066597,76.576697,23.0,41.5,23.3,27.8,1.19,5.4
2916,11.0667,76.0666,26.0,53.9,15.1,22.0,1.2,5.4
2917,11.067167,76.653944,21.2,38.6,23.5,26.5,1.2,5.6
2918,11.067333,76.654139,21.2,38.6,23.5,26.5,1.2,5.6
2919,11.067875,76.599547,23.8,42.6,20.6,22.6,1.19,5.5
2920,11.069694,76.653333,25.9,37.1,23.2,26.9,1.19,5.8
2921,11.069944,76.653567,21.9,38.3,23.3,27.4,1.2,5.6
2922,11.070167,76.641556,25.6,36.5,23.9,24.4,1.14,5.6
2923,11.070222,76.653306,25.9,37.1,23.2,26.9,1.19,5.8
2924,11.07025,76.642528,25.9,36.5,24.3,23.8,1.18,5.6
2925,11.070667,76.641389,25.6,36.5,23.9,24.4,1.14,5.6
2926,11.070917,76.641583,25.6,36.5,23.9,24.4,1.14,5.6
2927,11.071614,76.658361,22.5,38.3,23.1,27.6,1.23,5.8
2928,11.071944,76.655056,24.5,36.1,24.6,23.9,1.19,5.6
2929,11.072083,76.640861,23.1,38.9,24.4,23.8,1.2,5.8
2930,11.072628,76.600061,23.0,43.6,21.5,22.6,1.21,5.6
2931,11.073681,76.599097,23.6,42.8,20.9,22.8,1.21,5.6
2932,11.0747,75.9013,26.1,54.8,14.9,21.1,1.23,5.3
2933,11.075386,76.573469,26.3,40.6,18.3,27.8,1.19,5.4
2934,11.0755,76.640972,21.8,41.7,23.1,24.8,1.21,5.8
2935,11.075972,76.641972,19.5,42.9,23.6,23.8,1.19,5.7
2936,11.076028,76.643944,20.3,41.1,23.1,23.8,1.21,5.7
2937,11.076167,76.641472,19.5,42.9,23.6,23.8,1.19,5.7
2938,11.076194,76.642111,19.5,42.9,23.6,23.8,1.19,5.7
2939,11.076278,76.642083,19.5,42.9,23.6,23.8,1.19,5.7
2940,11.0766,76.1606,26.0,48.6,16.8,22.0,1.16,5.4
2941,11.076611,76.641167,19.5,42.9,23.6,23.8,1.19,5.7
2942,11.077222,76.639056,20.1,42.7,23.0,23.8,1.18,5.8
2943,11.077361,76.659667,26.2,38.8,23.9,23.1,1.23,5.9
2944,11.077833,76.639,20.1,42.7,23.0,23.8,1.18,5.8
2945,11.077833,76.640694,19.5,42.9,23.6,23.8,1.19,5.7
2946,11.078111,76.644222,20.3,41.1,23.1,23.8,1.21,5.7
2947,11.078111,76.641556,19.5,42.9,23.6,23.8,1.19,5.7
2948,11.078136,76.676211,23.9,36.2,24.2,23.8,1.2,5.8
2949,11.078167,76.641944,22.4,39.9,23.5,23.0,1.2,5.8
2950,11.078278,76.661444,27.3,37.3,22.8,23.4,1.22,5.9
2951,11.078735,76.587101,26.3,42.1,21.2,27.2,1.19,5.6
2952,11.079833,76.642833,22.4,39.7,23.1,22.1,1.23,5.8
2953,11.081056,76.662917,25.9,38.0,21.6,23.0,1.23,5.8
2954,11.081139,76.644806,22.8,38.5,22.6,23.8,1.2,5.6
2955,11.081464,76.566964,26.3,42.1,20.3,27.1,1.2,5.6
2956,11.082806,76.663083,25.9,38.0,21.6,23.0,1.23,5.8
2957,11.084028,76.647694,21.2,39.2,24.6,23.5,1.23,5.7
2958,11.084665,76.367865,22.9,42.9,20.6,26.9,1.14,5.4
2959,11.087961,76.629497,23.3,41.7,22.3,23.7,1.24,5.9
2960,11.088633,76.088633,26.0,53.1,14.8,20.4,1.18,5.4
2961,11.090833,76.696414,24.1,40.8,21.2,20.5,1.23,5.9
2962,11.096811,76.556542,23.7,38.1,27.4,30.1,1.13,5.7
2963,11.113531,76.379928,28.4,45.2,17.3,31.7,1.02,5.4
2964,11.120462,76.390819,26.9,44.7,17.8,31.9,1.0,5.4
2965,11.123769,76.551275,21.1,38.2,31.7,29.9,1.08,5.4
2966,11.131156,76.386475,26.2,45.1,17.1,26.8,1.1,5.4
2967,11.131156,76.386108,26.2,45.1,17.1,26.8,1.1,5.4
2968,11.131272,76.557142,23.1,36.5,29.7,29.2,1.08,5.4
2969,11.133542,76.3733,24.3,44.5,18.1,23.2,1.12,5.4
2970,11.134228,76.527867,28.1,36.7,19.4,27.8,1.1,5.4
2971,11.134331,76.528272,28.1,36.7,19.4,27.8,1.1,5.4
2972,11.134606,76.527867,28.1,36.7,19.4,27.8,1.1,5.4
2973,11.135039,76.390575,26.0,45.7,16.4,26.6,1.09,5.4
2974,11.135264,76.528203,28.1,36.7,19.4,27.8,1.1,5.4
2975,11.144656,76.369289,24.1,44.5,18.8,27.8,1.12,5.4
2976,11.1501,75.9666,27.6,53.3,12.7,21.0,1.1,5.4
2977,11.156797,76.522697,26.3,36.4,26.8,28.6,1.06,5.4
2978,11.158969,76.607192,29.0,36.1,24.0,24.7,1.23,5.8
2979,11.159825,76.599622,24.4,40.4,24.2,23.9,1.2,5.7
2980,11.168286,76.523019,24.1,35.6,25.2,31.0,1.12,5.4
2981,11.168853,76.531131,23.4,33.9,26.0,29.2,1.12,5.5
2982,11.169219,76.357925,24.8,44.3,18.9,25.9,1.17,5.6
2983,11.169656,76.358575,24.8,44.3,18.9,25.9,1.17,5.6
2984,11.170097,76.568175,24.2,37.8,27.0,27.8,1.06,5.3
2985,11.17035,76.350019,24.0,45.0,18.9,23.1,1.16,5.5
2986,11.184089,76.644386,26.2,33.8,26.2,27.8,1.14,5.5
2987,11.197336,76.327117,25.4,41.3,18.4,27.6,1.17,5.4
2988,11.198311,76.327311,25.4,40.9,20.3,29.8,1.15,5.4
2989,11.199392,76.328681,25.7,41.1,18.0,30.0,1.18,5.4
2990,11.208333,76.785,23.4,40.7,21.6,23.7,1.26,6.4
2991,11.208889,76.786222,23.4,40.7,21.6,23.7,1.26,6.4
2992,11.209639,76.781,28.0,36.0,20.4,23.2,1.3,6.2
2993,11.210556,76.644722,31.8,31.3,26.6,32.3,1.04,5.4
2994,11.210556,76.645,31.8,31.3,26.6,32.3,1.04,5.4
2995,11.210639,76.785861,23.2,40.9,22.0,24.1,1.27,6.3
2996,11.211111,76.629167,25.8,33.0,28.4,36.6,0.96,5.5
2997,11.211389,76.643889,29.9,32.7,25.8,30.7,1.05,5.4
2998,11.213278,76.329528,25.3,47.5,18.0,23.0,1.14,5.4
2999,11.213278,76.329528,25.3,47.5,18.0,23.0,1.14,5.4
3000,11.2133,76.1456,24.4,49.0,17.3,18.9,1.22,5.4
3001,11.213333,76.626111,27.0,34.8,23.1,45.0,0.99,5.5
3002,11.215833,76.606111,24.6,33.1,27.9,46.5,0.98,5.4
3003,11.216111,76.606667,24.6,33.1,27.9,46.5,0.98,5.4
3004,11.216442,76.679189,27.3,34.2,27.1,30.5,1.06,5.9
3005,11.217222,76.608889,25.7,34.0,25.0,55.1,0.98,5.4
3006,11.218889,76.610278,25.7,34.0,25.0,55.1,0.98,5.4
3007,11.219444,76.596667,21.3,33.9,27.8,59.0,1.0,5.4
3008,11.228333,76.615278,25.8,35.5,26.9,32.6,1.0,5.6
3009,11.229167,76.635556,30.7,34.0,23.6,31.1,1.02,5.4
3010,11.229444,76.619444,24.9,34.8,30.5,32.9,0.98,5.3
3011,11.229722,76.634722,29.6,33.9,24.1,31.1,0.99,5.3
3012,11.23,76.620278,24.1,33.8,30.6,35.4,0.93,5.4
3013,11.232778,76.613889,27.6,33.5,26.7,37.2,0.96,5.5
3014,11.233611,76.625278,24.7,33.7,30.2,36.0,0.96,5.5
3015,11.248333,76.664167,30.7,30.9,24.3,27.1,1.12,5.8
3016,11.249167,76.663889,30.7,30.9,24.3,27.1,1.12,5.8
3017,11.25,76.665278,30.2,31.0,23.7,26.1,1.12,5.8
3018,11.250197,76.143406,23.7,49.0,16.6,30.5,1.1,5.5
3019,11.250644,76.140344,25.9,48.3,16.2,26.5,1.11,5.4
3020,11.250753,76.133883,24.6,52.2,16.4,25.0,1.15,5.4
3021,11.25106,76.13881,25.9,48.3,16.2,26.5,1.11,5.4
3022,11.251086,76.1388,25.9,48.3,16.2,26.5,1.11,5.4
3023,11.251667,76.691111,30.7,28.6,28.6,28.9,1.17,5.6
3024,11.25171,76.181,23.3,43.7,20.9,20.1,1.24,5.6
3025,11.251944,76.626944,26.5,30.5,31.9,32.0,1.0,5.3
3026,11.251983,76.141508,25.1,48.5,16.4,30.0,1.12,5.3
3027,11.252528,76.099139,27.0,53.6,14.3,24.3,1.15,5.4
3028,11.253333,76.626111,26.4,32.1,31.7,28.1,1.01,5.6
3029,11.254444,76.626667,27.4,32.0,29.0,27.4,1.05,5.6
3030,11.254444,76.626667,27.4,32.0,29.0,27.4,1.05,5.6
3031,11.254722,76.6275,27.4,32.0,29.0,27.4,1.05,5.6
3032,11.255278,76.628611,25.2,31.7,30.5,29.6,1.08,5.8
3033,11.255647,76.140431,24.4,52.2,16.4,26.1,1.12,5.4
3034,11.255661,76.140269,24.7,49.8,16.8,27.3,1.12,5.4
3035,11.255972,76.135144,25.6,50.4,16.6,27.4,1.12,5.4
3036,11.256389,76.631389,25.8,33.1,31.2,29.9,1.08,5.6
3037,11.257603,76.139097,25.0,49.5,16.2,26.5,1.1,5.4
3038,11.257608,76.258714,22.7,43.7,21.2,21.6,1.21,5.6
3039,11.258333,76.619444,26.7,29.6,29.9,28.4,1.05,5.6
3040,11.258611,76.574444,24.0,34.6,31.7,47.4,1.03,5.5
3041,11.26152,76.13833,25.9,48.5,15.9,28.6,1.1,5.4
3042,11.26155,76.138336,25.9,48.5,15.9,28.6,1.1,5.4
3043,11.261864,76.138353,25.9,48.5,15.9,28.6,1.1,5.4
3044,11.26246,76.11503,25.0,51.6,16.2,27.1,1.15,5.4
3045,11.263214,76.114975,25.0,51.6,16.2,27.1,1.15,5.4
3046,11.265792,76.112658,26.2,49.6,16.8,26.8,1.1,5.4
3047,11.266814,76.090939,25.8,52.2,16.0,25.6,1.1,5.4
3048,11.266885,76.110803,25.9,49.5,16.8,27.6,1.1,5.4
3049,11.27061,76.14651,27.1,47.1,15.8,27.3,1.1,5.4
3050,11.271553,76.116892,24.2,49.0,17.6,27.8,1.1,5.4
3051,11.271806,76.131028,25.6,48.2,16.7,27.8,1.1,5.4
3052,11.27212,76.15036,27.1,49.5,14.7,27.6,1.15,5.3
3053,11.272246,76.095465,25.8,49.2,15.5,27.9,1.1,5.4
3054,11.272253,76.129928,25.6,48.2,16.7,27.8,1.1,5.4
3055,11.272404,76.097809,25.3,50.7,15.7,28.1,1.09,5.4
3056,11.2726,76.14928,26.1,48.4,15.0,27.3,1.1,5.4
3057,11.275,76.123,26.0,48.5,16.1,27.6,1.13,5.4
3058,11.275861,76.088361,25.1,49.6,16.7,27.4,1.14,5.4
3059,11.275861,76.088361,25.1,49.6,16.7,27.4,1.14,5.4
3060,11.275861,76.087778,25.1,49.6,16.7,27.4,1.14,5.4
3061,11.275861,76.087222,25.1,49.6,16.7,27.4,1.14,5.4
3062,11.275869,76.086897,25.1,49.6,16.7,27.4,1.14,5.4
3063,11.27603,76.14553,25.4,49.7,14.9,27.8,1.15,5.3
3064,11.276033,76.145531,25.4,49.7,14.9,27.8,1.15,5.3
3065,11.276042,76.087517,25.1,49.6,16.7,27.4,1.14,5.4
3066,11.276111,76.621111,23.7,29.5,33.2,31.7,1.02,5.6
3067,11.276556,76.135058,27.7,47.8,15.5,27.8,1.12,5.4
3068,11.278033,76.140303,27.3,48.9,15.0,27.8,1.1,5.4
3069,11.278622,76.116367,25.6,48.3,17.8,27.2,1.16,5.4
3070,11.280036,76.125064,24.4,48.6,16.7,27.8,1.08,5.4
3071,11.280556,76.651111,24.4,33.1,31.4,25.3,1.05,5.5
3072,11.280833,76.656667,27.6,32.8,28.7,26.1,1.04,5.5
3073,11.281389,76.658611,25.9,33.1,30.2,29.6,1.08,5.6
3074,11.282696,76.092205,27.0,48.2,17.6,29.1,1.14,5.5
3075,11.282728,76.089281,27.3,48.0,17.4,29.5,1.16,5.4
3076,11.283233,76.08965,27.3,48.0,17.4,29.5,1.16,5.4
3077,11.283333,76.65,25.6,33.7,28.9,29.4,1.09,5.6
3078,11.283614,76.0912,27.0,48.2,17.6,29.1,1.14,5.5
3079,11.284139,76.076333,27.1,48.6,16.7,27.3,1.09,5.4
3080,11.284139,76.076333,27.1,48.6,16.7,27.3,1.09,5.4
3081,11.284369,76.151261,27.6,49.6,13.2,24.9,1.14,5.4
3082,11.284369,76.151261,27.6,49.6,13.2,24.9,1.14,5.4
3083,11.284722,76.579167,24.6,32.6,26.6,56.9,0.92,5.5
3084,11.285,76.575556,22.3,33.1,28.0,56.9,0.9,5.4
3085,11.286111,76.690278,27.8,34.3,28.1,27.1,1.08,5.7
3086,11.288056,76.585278,20.5,32.1,29.0,45.8,0.88,5.4
3087,11.288333,76.668333,22.8,35.8,32.3,31.1,0.98,5.4
3088,11.288889,76.578611,23.7,31.4,27.1,49.0,0.88,5.5
3089,11.289722,76.646667,27.2,34.8,27.5,27.9,1.08,5.6
3090,11.291667,76.575,21.6,33.2,30.2,41.9,1.0,5.6
3091,11.292778,76.581667,22.9,33.8,29.5,45.0,0.92,5.4
3092,11.293611,76.679722,26.0,34.6,29.8,32.0,1.0,5.4
3093,11.293611,76.679722,26.0,34.6,29.8,32.0,1.0,5.4
3094,11.2937,76.0504,27.5,52.8,13.2,27.3,1.12,5.4
3095,11.293778,76.050417,27.5,52.8,13.2,27.3,1.12,5.4
3096,11.295278,76.049333,27.6,51.6,13.5,27.5,1.14,5.4
3097,11.295833,76.595833,24.8,34.6,27.2,44.0,1.0,5.4
3098,11.296111,76.679444,24.6,31.3,33.6,34.5,1.04,5.6
3099,11.2965,76.087589,26.0,49.5,16.4,27.4,1.09,5.4
3100,11.300098,76.056775,27.7,51.0,13.0,27.5,1.16,5.6
3101,11.301528,76.094389,28.6,48.6,15.5,27.8,1.08,5.4
3102,11.302222,76.688611,30.4,33.1,24.2,31.4,1.0,5.9
3103,11.302222,76.647778,26.3,30.6,31.2,31.2,1.04,5.6
3104,11.3025,76.69,29.3,33.6,24.8,33.0,1.0,5.6
3105,11.302778,76.745833,27.7,35.9,26.3,29.9,1.0,5.5
3106,11.303025,76.05896,27.9,49.3,13.4,27.0,1.14,5.4
3107,11.303611,76.731667,27.5,33.4,26.3,30.0,1.08,5.7
3108,11.303889,76.631944,23.3,34.6,31.0,33.6,1.04,5.5
3109,11.3041,76.0441,27.4,53.2,15.0,23.7,1.09,5.4
3110,11.304167,76.681944,28.3,33.3,26.4,43.9,0.93,5.6
3111,11.305278,76.626111,23.8,32.7,30.6,30.8,1.08,5.6
3112,11.3065,76.0442,27.7,51.7,14.8,27.1,1.08,5.4
3113,11.308333,76.653056,27.3,33.3,30.4,36.6,1.02,5.4
3114,11.308333,76.623611,23.8,32.0,30.0,29.7,1.08,5.6
3115,11.309722,76.748611,27.7,34.7,26.9,29.0,1.1,6.0
3116,11.309722,76.6575,26.4,34.1,30.4,36.9,1.03,5.3
3117,11.310278,76.642778,27.6,33.6,28.7,32.6,1.06,5.6
3118,11.310556,76.661944,27.3,34.2,26.9,33.2,1.08,5.8
3119,11.3114,76.0335,27.3,53.1,13.8,24.9,1.13,5.4
3120,11.311417,76.033556,27.3,53.1,13.8,24.9,1.13,5.4
3121,11.311667,76.691111,32.1,31.9,25.4,37.0,1.02,5.8
3122,11.311667,76.661944,27.3,34.2,26.9,33.2,1.08,5.8
3123,11.311944,76.625556,25.9,32.0,27.7,31.1,1.05,5.6
3124,11.311944,76.698056,29.4,34.9,23.5,28.4,1.02,5.6
3125,11.312778,76.712222,28.5,33.7,25.2,30.5,1.01,5.6
3126,11.3131,76.114791,27.8,44.0,15.7,25.3,1.03,5.4
3127,11.313106,76.115744,27.8,44.1,16.2,26.4,1.04,5.4
3128,11.313611,76.648333,27.4,33.5,29.3,35.6,1.04,5.5
3129,11.313686,76.115844,27.8,44.1,16.2,26.4,1.04,5.4
3130,11.313889,76.650278,27.3,33.6,29.1,31.2,1.05,5.5
3131,11.313889,76.648611,27.4,33.5,29.3,35.6,1.04,5.5
3132,11.313897,76.079019,27.4,49.6,15.0,26.9,1.13,5.4
3133,11.314158,76.114358,27.8,44.0,15.7,25.3,1.03,5.4
3134,11.314444,76.648333,27.4,33.5,29.3,35.6,1.04,5.5
3135,11.31472,76.64861,27.4,33.5,29.3,35.6,1.04,5.5
3136,11.314722,76.686944,27.1,32.4,27.3,37.0,1.0,5.6
3137,11.315556,76.65,27.3,35.0,29.1,29.1,1.04,5.7
3138,11.315589,76.11565,28.5,43.1,16.0,27.8,1.03,5.4
3139,11.315833,76.622222,22.3,33.8,32.0,34.7,1.08,5.6
3140,11.316389,76.688333,29.1,32.7,25.3,35.1,1.0,5.6
3141,11.316389,76.688333,29.1,32.7,25.3,35.1,1.0,5.6
3142,11.3175,76.69,30.2,32.5,25.4,30.0,1.06,5.8
3143,11.3175,76.690833,30.2,32.5,25.4,30.0,1.06,5.8
3144,11.318333,76.624444,22.0,33.4,32.0,28.1,1.1,5.7
3145,11.318333,76.691111,30.2,32.5,25.4,30.0,1.06,5.8
3146,11.318333,76.678611,26.8,35.7,27.8,37.0,1.0,5.7
3147,11.318572,76.111157,28.2,47.5,15.6,27.8,1.06,5.4
3148,11.318611,76.663889,28.0,35.2,28.0,28.2,1.05,5.6
3149,11.31864,76.112463,28.2,47.5,15.6,27.8,1.06,5.4
3150,11.318889,76.666389,26.6,33.3,30.1,35.1,1.08,5.7
3151,11.3191,76.1109,27.9,47.5,15.4,27.4,1.08,5.4
3152,11.319444,76.622222,23.3,33.6,31.3,33.0,1.06,5.6
3153,11.319722,76.680278,26.8,34.1,30.6,37.8,1.04,5.8
3154,11.320833,76.726389,27.1,35.1,26.7,27.0,1.04,5.6
3155,11.320833,76.726389,27.1,35.1,26.7,27.0,1.04,5.6
3156,11.321111,76.75,26.0,37.7,25.3,30.0,1.03,5.6
3157,11.321667,76.726389,27.1,35.1,26.7,27.0,1.04,5.6
3158,11.321944,76.741389,27.7,37.8,25.1,26.0,1.1,6.1
3159,11.3221,76.0883,27.8,49.0,15.1,29.9,1.14,5.4
3160,11.322642,76.129572,27.5,46.2,16.0,29.9,1.06,5.4
3161,11.322778,76.747222,26.3,36.0,25.8,26.5,1.1,6.0
3162,11.322839,76.129483,27.5,46.2,16.0,29.9,1.06,5.4
3163,11.322878,76.111882,27.7,48.6,14.5,29.9,1.12,5.4
3164,11.323611,76.629167,23.3,31.8,27.9,31.1,1.08,5.8
3165,11.323611,76.739167,27.8,37.5,26.4,26.4,1.11,5.9
3166,11.323611,76.791389,23.7,40.0,25.3,31.9,1.04,5.6
3167,11.323822,76.130306,27.5,46.2,16.0,29.9,1.06,5.4
3168,11.324444,76.748333,26.2,36.1,25.5,28.5,1.06,5.7
3169,11.324444,76.793056,23.4,37.4,28.5,32.7,1.04,5.5
3170,11.324444,76.790278,28.7,34.7,24.4,30.0,1.05,5.7
3171,11.325278,76.665556,24.7,37.5,29.6,43.5,1.02,5.6
3172,11.325394,76.129297,27.5,46.5,14.6,29.5,1.06,5.4
3173,11.325556,76.790833,28.7,34.7,24.4,30.0,1.05,5.7
3174,11.325833,76.790556,28.7,34.7,24.4,30.0,1.05,5.7
3175,11.326111,76.075639,27.3,49.8,13.7,27.8,1.2,5.6
3176,11.32625,76.127094,27.9,46.2,15.3,27.9,1.06,5.4
3177,11.326389,76.7275,28.2,33.5,25.9,30.0,1.06,5.9
3178,11.326389,76.798333,24.6,36.8,27.9,30.5,1.05,5.5
3179,11.32639,76.08017,27.7,53.6,12.4,27.6,1.14,5.4
3180,11.326678,76.126256,28.5,48.1,14.8,27.8,1.1,5.4
3182,11.327222,76.804167,27.7,35.6,23.9,28.9,1.08,5.7
3183,11.3275,76.793889,25.1,37.5,25.7,28.4,1.1,5.7
3184,11.327778,76.804167,27.7,35.6,23.9,28.9,1.08,5.7
3185,11.328333,76.749722,24.5,40.1,27.0,25.8,1.12,5.6
3186,11.328333,76.801111,27.9,35.4,24.3,27.9,1.08,5.8
3187,11.328611,76.735278,27.5,35.5,26.4,24.9,1.08,5.7
3188,11.329033,76.127083,27.9,47.7,14.9,27.8,1.1,5.4
3189,11.329167,76.630556,20.1,35.2,31.5,33.2,1.09,5.8
3190,11.329167,76.747778,26.8,38.0,25.0,28.1,1.15,5.8
3191,11.33,76.645833,22.4,34.0,31.3,34.5,1.08,5.9
3192,11.330181,76.12263,28.9,47.2,15.2,29.8,1.1,5.4
3193,11.330181,76.125727,27.0,46.5,15.2,27.6,1.06,5.4
3194,11.330278,76.800556,27.0,37.7,25.7,26.0,1.08,5.6
3195,11.330278,76.788889,29.0,37.4,23.2,27.6,1.1,5.7
3196,11.330431,76.165575,25.0,49.1,16.4,23.3,1.14,5.4
3197,11.330556,76.088278,27.7,49.1,13.4,29.9,1.09,5.4
3198,11.330556,76.088278,27.7,49.1,13.4,29.9,1.09,5.4
3199,11.330556,76.633333,20.1,35.3,31.9,31.2,1.1,5.8
3200,11.330833,76.795,27.0,37.2,24.9,28.1,1.06,5.5
3201,11.330833,76.808611,27.7,36.0,24.1,27.8,1.08,5.7
3202,11.331111,76.739444,28.5,37.3,25.4,26.4,1.07,5.7
3203,11.331245,76.100913,26.9,49.8,14.3,29.8,1.1,5.4
3204,11.331389,76.793889,27.0,37.2,24.9,28.1,1.06,5.5
3205,11.331389,76.7875,29.0,37.4,23.2,27.6,1.1,5.7
3206,11.331389,76.786667,29.1,37.5,23.0,28.4,1.08,5.7
3207,11.331609,76.808422,28.5,35.1,23.9,28.7,1.08,5.8
3208,11.331667,76.784722,30.1,37.3,22.9,27.0,1.11,5.7
3209,11.331944,76.785,30.1,37.3,22.9,27.0,1.11,5.7
3210,11.332222,76.798056,25.8,38.7,23.5,26.0,1.07,5.8
3211,11.332222,76.779167,27.9,36.6,23.6,28.1,1.04,5.6
3212,11.332222,76.7675,25.9,37.6,24.9,27.2,1.15,6.0
3213,11.33245,76.125011,26.8,46.8,14.9,27.8,1.08,5.4
3214,11.3325,76.791667,28.3,37.8,24.6,27.0,1.11,5.8
3215,11.3325,76.787778,28.6,37.6,23.1,25.9,1.12,6.0
3216,11.3325,76.784722,30.1,37.3,22.9,27.0,1.11,5.7
3217,11.332594,76.124258,27.7,46.2,15.3,27.8,1.1,5.4
3218,11.33272,76.793978,24.9,40.3,23.9,28.0,1.08,5.7
3219,11.332778,76.785278,30.1,37.3,22.9,27.0,1.11,5.7
3220,11.332778,76.783333,28.7,36.6,24.5,28.4,1.08,5.7
3221,11.332778,76.7825,28.7,36.6,24.5,28.4,1.08,5.7
3222,11.332778,76.763889,24.1,39.7,26.0,26.2,1.15,6.0
3223,11.333889,76.821389,29.6,35.8,22.4,25.8,1.1,5.5
3224,11.333889,76.753333,26.4,38.7,26.9,26.1,1.1,6.2
3225,11.334167,76.82,27.5,35.2,27.2,27.8,1.1,5.8
3226,11.334444,76.793333,29.8,36.9,23.5,26.6,1.13,6.0
3227,11.334665,76.818422,27.0,35.4,27.5,29.0,1.06,5.6
3228,11.334722,76.736389,26.3,36.4,27.4,31.7,1.07,5.7
3229,11.334722,76.813611,27.4,36.0,26.6,27.9,1.08,5.7
3230,11.334722,76.799722,26.1,38.5,23.1,27.0,1.1,5.8
3231,11.335,76.665833,22.0,35.0,28.9,32.0,1.02,5.6
3232,11.335278,76.822222,29.6,35.8,22.4,25.8,1.1,5.5
3233,11.335364,76.138392,27.6,48.6,13.6,28.6,1.12,5.3
3234,11.335458,76.144136,27.4,46.8,13.7,27.8,1.12,5.3
3235,11.335498,76.818422,27.0,35.4,27.5,29.0,1.06,5.6
3236,11.336054,76.825922,31.4,36.2,21.7,23.1,1.12,5.5
3237,11.336054,76.827867,31.3,36.2,21.6,23.9,1.12,5.5
3238,11.336111,76.663889,22.2,34.2,30.2,34.0,1.07,5.9
3239,11.336111,76.756944,26.7,38.4,26.3,27.3,1.1,6.1
3240,11.336332,76.827033,31.0,35.9,22.3,27.8,1.1,5.6
3241,11.336389,76.818611,26.6,36.9,27.8,26.2,1.06,5.6
3242,11.336667,76.827778,32.0,36.2,21.4,25.8,1.12,5.6
3243,11.336667,76.839722,31.7,36.3,21.4,23.9,1.18,5.9
3244,11.336719,76.138156,26.1,48.4,15.4,27.4,1.12,5.4
3245,11.336887,76.825922,31.0,35.9,22.3,27.8,1.1,5.6
3246,11.336944,76.837222,32.1,38.3,20.8,25.9,1.14,5.5
3247,11.337264,76.135661,27.9,45.9,14.4,27.8,1.1,5.4
3248,11.337443,76.825089,29.1,36.8,22.5,25.8,1.1,5.6
3249,11.3375,76.843333,31.1,36.3,21.2,23.2,1.19,5.7
3250,11.337636,76.122914,29.1,46.4,13.8,29.2,1.1,5.4
3251,11.33772,76.8237,29.1,36.8,22.5,25.8,1.1,5.6
3252,11.33772,76.832033,30.4,39.5,21.0,26.2,1.14,5.6
3253,11.33772,76.860089,26.5,36.9,22.5,24.6,1.21,6.2
3254,11.337744,76.121489,28.0,45.0,14.3,29.1,1.08,5.4
3255,11.337961,76.148764,25.9,44.1,16.3,27.6,1.08,5.4
3256,11.338,76.0904,27.6,50.4,12.4,29.8,1.06,5.4
3257,11.338389,76.129556,29.3,47.3,14.0,28.0,1.09,5.4
3258,11.338433,76.145994,25.6,45.0,16.8,25.1,1.08,5.4
3259,11.338554,76.827867,32.0,36.2,21.4,25.8,1.12,5.6
3260,11.338554,76.798422,27.2,35.0,23.1,28.4,1.04,5.7
3261,11.338889,76.801667,27.0,35.0,22.9,25.3,1.07,5.8
3262,11.339387,76.857589,26.8,35.9,21.3,26.7,1.19,5.8
3263,11.339444,76.682222,19.8,35.6,33.5,31.0,1.07,5.9
3264,11.339665,76.855089,26.6,36.8,21.5,25.1,1.19,6.2
3265,11.339722,76.635,20.0,35.1,30.6,36.2,1.08,5.8
3266,11.339943,76.8437,29.6,36.7,21.1,25.7,1.18,5.6
3267,11.339943,76.863978,26.5,36.8,22.6,26.7,1.2,6.0
3268,11.339943,76.868144,26.4,37.0,22.6,25.9,1.2,5.9
3269,11.339943,76.852589,24.6,38.1,21.4,24.1,1.19,5.8
3270,11.339943,76.8537,24.6,38.1,21.4,24.1,1.19,5.8
3271,11.340013,76.071157,28.6,51.1,12.1,27.4,1.08,5.4
3272,11.34022,76.864811,26.5,36.8,22.6,26.7,1.2,6.0
3273,11.34022,76.849811,32.4,35.6,20.2,24.2,1.19,5.6
3274,11.340278,76.797222,26.7,36.8,22.9,27.0,1.06,5.8
3275,11.340278,76.797778,26.7,36.8,22.9,27.0,1.06,5.8
3276,11.3404,76.0681,28.0,50.7,14.1,27.9,1.06,5.4
3277,11.340472,76.068194,28.0,50.7,14.1,27.9,1.06,5.4
3278,11.340498,76.862311,26.1,36.8,22.4,26.7,1.21,6.1
3279,11.340556,76.796667,26.7,36.8,22.9,27.0,1.06,5.8
3280,11.340776,76.857033,26.8,35.9,21.3,26.7,1.19,5.8
3281,11.341054,76.797867,28.0,36.4,21.9,25.3,1.1,5.7
3282,11.341111,76.632222,20.2,36.5,30.4,34.3,1.02,5.7
3283,11.341111,76.935556,23.9,42.8,22.2,21.9,1.24,6.4
3284,11.341111,76.938889,20.7,44.7,21.9,23.5,1.26,6.4
3285,11.341489,76.179072,27.1,46.9,16.5,25.1,1.1,5.4
3286,11.341564,76.108111,27.3,46.8,16.0,30.8,1.06,5.4
3287,11.342165,76.850089,25.1,38.1,21.4,25.0,1.19,5.7
3288,11.342222,76.850833,25.1,38.1,21.4,25.0,1.19,5.7
3289,11.3425,76.596389,23.2,35.3,28.3,37.2,1.06,5.9
3290,11.3425,76.775833,26.3,37.6,24.5,24.7,1.12,5.7
3291,11.3425,76.849444,29.3,37.3,20.7,25.0,1.18,5.6
3292,11.342778,76.853889,23.6,39.1,21.6,25.4,1.19,6.0
3293,11.342778,76.850833,25.1,38.1,21.4,25.0,1.19,5.7
3294,11.343056,76.855556,26.4,37.7,21.0,27.1,1.2,6.1
3295,11.343086,76.159575,27.2,43.3,16.3,30.5,1.13,5.4
3296,11.343276,76.846755,28.8,36.7,20.9,25.4,1.18,5.8
3297,11.343554,76.847311,27.7,36.7,21.8,26.9,1.18,5.9
3298,11.343727,76.873724,22.8,39.4,23.7,25.7,1.24,6.2
3299,11.343889,76.863333,24.8,38.6,22.4,27.7,1.22,6.0
3300,11.344167,76.861111,25.3,37.6,22.2,27.7,1.2,6.2
3301,11.344167,76.756944,27.7,35.5,25.4,29.8,1.04,5.7
3302,11.3454,76.09737,27.4,48.9,15.0,27.8,1.04,5.4
3303,11.345444,76.097378,27.4,48.9,15.0,27.8,1.04,5.4
3304,11.3458,76.0593,27.6,50.9,14.9,27.6,1.1,5.4
3305,11.345861,76.059361,27.6,50.9,14.9,27.6,1.1,5.4
3306,11.346667,76.878333,30.9,36.6,20.3,26.1,1.2,6.2
3307,11.346944,76.641389,22.7,35.6,29.6,40.6,1.0,5.7
3308,11.34772,76.09553,27.6,46.5,15.4,30.1,1.1,5.4
3309,11.347728,76.095533,27.6,46.5,15.4,30.1,1.1,5.4
3310,11.347778,76.666944,20.9,35.7,31.8,40.8,1.0,5.5
3311,11.348333,76.577778,20.6,34.5,28.1,57.3,0.95,5.6
3312,11.348889,76.643333,22.9,35.6,29.6,49.1,1.0,5.6
3313,11.349444,76.6425,22.9,35.6,29.6,49.1,1.0,5.6
3314,11.3495,76.0622,27.8,48.6,15.2,28.2,1.09,5.4
3315,11.349528,76.062222,27.8,48.6,15.2,28.2,1.09,5.4
3316,11.35,76.786389,26.4,32.8,25.2,23.4,1.17,6.1
3317,11.350556,76.763889,26.6,32.2,26.1,28.9,1.11,6.1
3318,11.35099,76.05894,27.7,48.6,14.6,27.4,1.1,5.4
3319,11.3514,76.0758,31.1,48.1,12.7,31.1,1.08,5.4
3320,11.351944,76.578611,22.4,33.9,28.0,40.6,1.0,5.5
3321,11.352108,76.077271,29.0,48.1,13.0,33.3,1.06,5.4
3322,11.3524,76.0583,27.7,48.6,14.6,27.4,1.1,5.4
3323,11.354191,76.058962,27.4,49.3,15.1,27.6,1.18,5.4
3324,11.355278,76.693611,21.9,35.0,28.0,36.0,1.05,5.9
3325,11.356303,76.202531,26.9,49.3,13.0,27.8,1.14,5.4
3326,11.356433,76.205125,26.1,48.8,12.9,24.9,1.13,5.4
3327,11.3565,76.202111,26.9,49.3,13.0,27.8,1.14,5.4
3328,11.357003,76.200072,27.6,51.7,12.1,27.3,1.15,5.4
3329,11.357222,76.650833,21.5,35.0,30.3,35.6,1.04,5.9
3330,11.357669,76.196267,27.9,51.0,12.7,27.8,1.1,5.4
3331,11.357778,76.696944,20.5,34.1,28.4,37.0,1.1,6.0
3332,11.358058,76.196861,27.9,51.8,12.1,27.8,1.18,5.5
3333,11.358233,76.075022,28.4,49.1,12.7,30.9,1.06,5.4
3334,11.358333,76.668056,22.9,35.1,30.4,28.1,1.11,5.9
3335,11.358333,76.606111,0.0,0.0,0.0,0.0,0.0,0.0
3336,11.358986,76.195258,27.9,51.8,12.1,27.8,1.18,5.5
3337,11.359444,76.781667,24.4,38.3,26.0,32.5,1.08,5.8
3338,11.359444,76.808889,24.2,37.2,24.1,32.6,1.09,5.7
3339,11.359794,76.060058,27.4,48.5,15.6,28.1,1.1,5.4
3340,11.36,76.775833,0.0,0.0,0.0,0.0,0.0,0.0
3341,11.360142,76.192817,28.1,50.9,12.2,27.8,1.15,5.4
3342,11.360278,76.703056,21.7,35.1,27.9,40.5,1.06,5.9
3343,11.360278,76.705833,22.3,34.7,27.4,36.5,1.1,5.9
3344,11.361711,76.070767,28.0,48.6,15.6,29.1,1.15,5.4
3345,11.361944,76.078469,28.0,49.5,13.4,28.8,1.06,5.4
3346,11.362178,76.211794,26.7,48.5,15.5,26.8,1.19,5.7
3347,11.3625,76.834167,25.0,39.5,24.0,27.7,1.1,6.0
3348,11.362646,76.069801,28.6,48.2,15.0,29.8,1.08,5.4
3349,11.362778,76.605,20.4,37.1,29.5,37.2,1.0,5.6
3350,11.362778,76.761389,26.6,37.8,23.8,29.4,1.05,5.9
3351,11.363333,76.903611,24.5,39.1,25.6,29.4,1.16,6.0
3352,11.363342,76.210686,27.7,50.1,12.2,27.6,1.15,5.4
3353,11.363889,76.722222,23.7,36.5,25.8,33.8,1.1,5.8
3354,11.364317,76.071747,29.3,48.2,15.3,31.1,1.08,5.4
3355,11.365278,76.708611,22.9,35.6,25.0,40.6,1.1,5.8
3356,11.365278,76.818056,24.2,36.7,24.6,33.0,1.04,5.6
3357,11.365556,76.708056,22.9,35.6,25.0,40.6,1.1,5.8
3358,11.366194,76.072064,29.3,48.2,15.5,30.0,1.06,5.4
3359,11.366667,76.6625,19.9,36.7,32.0,23.9,1.14,6.0
3360,11.367528,76.071781,28.9,48.0,15.0,31.7,1.1,5.4
3361,11.368889,76.748056,24.1,37.5,26.7,34.9,1.08,5.9
3362,11.368889,76.855556,24.1,38.2,25.5,32.9,1.06,5.6
3363,11.369444,76.748889,24.0,37.6,26.8,35.2,1.08,5.9
3364,11.369736,76.109981,28.4,44.1,15.6,30.8,1.0,5.4
3365,11.3725,76.664167,25.5,34.3,29.3,26.0,1.15,6.0
3366,11.3725,76.664167,25.5,34.3,29.3,26.0,1.15,6.0
3367,11.373611,76.817222,24.1,39.0,24.8,35.2,1.02,5.7
3368,11.374444,76.711111,23.1,35.0,26.5,42.5,1.02,5.6
3369,11.374665,76.758422,24.8,36.2,26.4,36.0,1.1,5.8
3370,11.374722,76.741389,24.4,35.6,26.6,33.1,1.1,5.8
3371,11.375,76.572222,0.0,0.0,0.0,0.0,0.0,0.0
3372,11.375,76.710278,22.1,35.4,26.0,36.0,1.1,5.9
3373,11.375,76.897222,25.2,38.6,27.0,30.1,1.14,6.2
3374,11.37522,76.755922,24.0,35.6,27.0,35.5,1.11,6.2
3375,11.376111,76.578889,25.2,31.8,28.7,55.9,1.02,5.6
3376,11.376125,76.036006,26.8,47.1,15.2,26.2,1.18,5.4
3377,11.377078,76.209178,26.5,50.6,13.6,28.4,1.12,5.4
3378,11.37724,76.21258,27.6,51.2,12.2,27.9,1.12,5.4
3379,11.377778,76.743056,23.8,35.0,25.9,31.8,1.1,5.8
3380,11.378056,76.740278,24.7,35.0,25.9,31.0,1.02,5.8
3381,11.378056,76.740278,24.7,35.0,25.9,31.0,1.02,5.8
3382,11.378056,76.833056,21.0,38.6,29.0,37.9,1.05,5.7
3383,11.378889,76.899444,25.2,38.5,27.0,30.0,1.15,6.3
3384,11.379167,76.7025,23.4,35.2,23.9,35.6,1.11,5.8
3385,11.379444,76.715278,22.2,35.0,29.6,34.0,1.1,5.8
3386,11.380556,76.824444,22.4,37.8,26.8,36.0,1.1,5.8
3387,11.381111,76.641944,20.6,35.0,32.6,35.6,1.02,5.8
3388,11.381389,76.642778,20.2,35.2,30.2,34.3,1.02,5.6
3389,11.381632,76.083944,28.5,46.0,14.7,31.6,1.01,5.4
3390,11.381667,76.706111,23.2,35.1,24.4,40.6,1.06,5.6
3391,11.381944,76.788611,21.5,35.8,26.7,31.9,1.1,5.9
3392,11.382778,76.891944,25.1,39.6,25.8,29.4,1.14,6.0
3393,11.383056,76.706389,23.2,35.1,24.4,40.6,1.06,5.6
3394,11.383336,76.014775,24.3,47.3,17.8,24.8,1.17,5.4
3395,11.384167,76.735278,19.5,35.0,28.1,44.1,1.0,5.6
3396,11.384442,76.067714,27.7,48.1,14.8,27.9,1.04,5.4
3397,11.385,76.734167,19.4,35.0,28.4,40.6,1.01,5.8
3398,11.385833,76.674444,22.8,34.2,28.2,40.9,1.02,5.6
3399,11.386389,76.734722,19.4,35.0,28.4,40.6,1.01,5.8
3400,11.386667,76.733333,19.7,34.3,28.4,43.4,1.0,5.7
3401,11.387222,76.723333,20.6,35.6,27.9,34.9,1.1,6.0
3402,11.389033,76.355147,22.8,46.1,23.0,23.8,1.15,5.5
3403,11.389444,76.674444,23.4,34.2,28.0,44.0,1.01,5.7
3404,11.389817,76.356447,22.8,46.1,23.0,23.8,1.15,5.5
3405,11.39,76.718611,19.4,37.2,26.1,37.0,1.09,5.9
3406,11.39,76.718611,19.4,37.2,26.1,37.0,1.09,5.9
3407,11.390106,76.357256,22.8,46.1,23.0,23.8,1.15,5.5
3408,11.390439,76.074742,28.9,48.0,13.7,30.0,1.07,5.4
3409,11.390911,76.068761,28.4,47.9,13.1,27.9,1.06,5.4
3410,11.391111,76.675556,23.4,34.2,28.0,44.0,1.01,5.7
3411,11.391389,76.713889,17.9,37.3,26.2,35.6,1.1,5.8
3412,11.391389,76.719444,18.6,37.2,26.9,39.5,1.05,5.8
3413,11.3925,76.676667,23.4,34.3,27.2,48.1,1.01,5.6
3414,11.392778,76.676667,23.4,34.3,27.2,48.1,1.01,5.6
3415,11.392986,76.077699,27.7,48.1,15.0,27.9,1.04,5.4
3416,11.393056,76.6775,23.4,34.3,27.2,48.1,1.01,5.6
3417,11.393056,76.815556,21.4,40.5,26.7,32.8,1.12,6.0
3418,11.393333,76.6775,23.4,34.3,27.2,48.1,1.01,5.6
3419,11.393611,76.678056,23.2,34.5,28.6,33.0,1.05,5.8
3420,11.394964,76.362556,22.9,47.3,22.0,24.1,1.13,5.4
3421,11.395306,76.067806,29.0,46.3,14.3,32.9,1.07,5.4
3422,11.396256,76.226561,27.1,49.6,16.1,27.5,1.15,5.5
3423,11.396989,76.082361,28.8,45.4,14.1,29.7,1.01,5.4
3424,11.397517,76.081975,28.8,45.4,14.1,29.7,1.01,5.4
3425,11.398056,76.718333,16.9,38.1,28.3,36.2,1.1,6.0
3426,11.398222,76.226583,27.1,49.6,16.1,27.5,1.15,5.5
3427,11.398611,76.708056,17.9,36.6,26.4,46.0,1.04,5.5
3428,11.398711,76.366186,24.0,46.2,20.0,29.1,1.1,5.4
3429,11.4,76.708333,17.9,36.6,26.4,46.0,1.04,5.5
3430,11.400278,76.800556,19.3,36.4,28.0,56.0,1.06,5.6
3431,11.400556,76.813056,23.4,38.7,25.0,37.2,1.04,5.7
3432,11.401389,76.721389,17.6,37.1,32.6,41.5,1.1,6.0
3433,11.401672,76.017956,27.1,46.1,15.0,24.6,1.06,5.4
3434,11.404167,76.744444,19.3,38.8,29.3,59.8,1.0,5.6
3435,11.404606,76.025594,26.8,47.3,15.3,23.0,1.16,5.4
3436,11.405026,76.056631,27.2,48.8,16.5,29.9,1.07,5.4
3437,11.405556,76.742778,20.0,39.0,27.7,45.5,1.0,5.7
3438,11.4075,76.820833,20.5,40.4,27.6,33.8,1.12,5.9
3439,11.4075,76.808611,22.1,36.2,27.9,35.0,1.12,5.9
3440,11.407778,76.808889,22.1,36.2,27.9,35.0,1.12,5.9
3441,11.407861,76.23675,26.6,49.8,17.1,23.5,1.15,5.4
3442,11.408056,76.807778,23.3,36.5,27.0,35.0,1.09,5.9
3443,11.408521,76.884438,23.1,41.0,28.0,29.9,1.1,6.0
3444,11.409086,76.769849,27.6,33.0,23.1,40.6,1.04,5.6
3445,11.409314,76.374719,24.8,44.8,21.0,26.8,1.12,5.4
3446,11.409364,76.772626,27.4,32.6,23.1,38.3,1.04,5.9
3447,11.409444,76.880833,24.2,40.1,27.8,29.4,1.1,6.0
3448,11.410278,76.565833,21.4,32.6,31.0,38.9,1.02,5.6
3449,11.410653,76.375231,25.8,44.1,20.9,28.7,1.13,5.4
3450,11.410833,76.813889,24.0,36.5,26.1,32.1,1.14,6.0
3451,11.411389,76.6275,19.7,36.5,30.4,49.0,1.0,5.6
3452,11.411389,76.814722,23.5,36.7,27.4,33.4,1.14,6.0
3453,11.411586,76.777349,26.8,33.8,24.0,53.0,1.0,5.5
3454,11.4125,76.726389,19.4,39.3,28.1,44.0,1.0,5.7
3455,11.412556,76.375736,22.1,43.5,20.3,30.0,1.1,5.4
3456,11.413058,76.373731,25.0,43.3,21.0,24.1,1.13,5.4
3457,11.413253,76.79596,25.6,35.6,24.4,37.0,1.04,5.8
3458,11.413809,76.77846,27.4,34.0,23.5,52.0,1.02,5.5
3459,11.413889,76.816667,24.3,38.6,25.9,34.2,1.1,5.9
3460,11.414364,76.78096,27.4,34.0,23.5,52.0,1.02,5.5
3461,11.414406,76.035175,26.5,49.3,16.1,27.8,1.08,5.4
3462,11.414642,76.786515,27.1,34.4,23.9,43.1,1.0,5.7
3463,11.414706,76.364936,22.0,46.1,22.1,23.0,1.12,5.5
3464,11.41492,76.788738,26.5,34.8,24.2,43.1,1.0,5.5
3465,11.41492,76.792626,25.6,34.9,24.4,47.0,1.02,5.5
3466,11.41495,76.374356,25.0,43.3,21.0,24.1,1.13,5.4
3467,11.415,76.809444,24.7,36.8,26.4,29.6,1.1,5.9
3468,11.415556,76.744167,23.7,37.6,23.9,44.5,1.03,5.6
3469,11.415753,76.789571,27.4,35.9,23.1,51.7,1.02,5.5
3470,11.415844,76.374567,23.7,43.8,22.7,23.0,1.12,5.4
3471,11.415869,76.375533,22.3,42.3,20.7,30.9,1.06,5.4
3472,11.415881,76.365456,21.8,45.6,22.4,23.0,1.13,5.6
3473,11.416403,76.377125,22.3,42.3,20.7,30.9,1.06,5.4
3474,11.416489,76.016078,24.9,50.6,15.6,26.8,1.1,5.4
3475,11.416564,76.377689,22.3,42.3,20.7,30.9,1.06,5.4
3476,11.416586,76.796238,26.0,35.0,23.8,36.1,1.08,5.9
3477,11.417075,76.377922,22.4,42.7,20.7,30.7,1.06,5.4
3478,11.4175,76.722778,20.0,39.2,26.4,40.6,1.0,6.0
3479,11.418414,76.378483,22.2,42.8,22.6,27.8,1.12,5.4
3480,11.418883,76.378483,22.2,42.8,22.6,27.8,1.12,5.4
3481,11.418889,76.740833,22.5,37.8,25.3,42.7,1.03,5.6
3482,11.419386,76.378781,22.2,42.8,22.6,27.8,1.12,5.4
3483,11.419444,76.720833,0.0,0.0,0.0,0.0,0.0,0.0
3484,11.419836,76.379117,22.2,42.8,22.6,27.8,1.12,5.4
3485,11.419903,76.23705,25.3,48.4,17.4,20.4,1.16,5.5
3486,11.420208,76.380039,23.0,43.2,21.8,27.0,1.12,5.4
3487,11.420556,76.830278,23.1,38.1,28.1,36.0,1.04,5.6
3488,11.421669,76.382539,23.1,42.9,20.9,28.7,1.1,5.4
3489,11.422797,76.382883,24.4,42.6,20.1,28.7,1.1,5.4
3490,11.422892,76.060725,28.7,49.1,13.4,31.0,1.06,5.4
3491,11.424114,76.036125,27.1,48.7,16.0,28.1,1.1,5.4
3492,11.424848,76.077212,28.7,42.4,14.7,40.2,1.03,5.4
3493,11.425,76.780556,26.5,34.5,25.9,36.4,1.1,5.9
3494,11.425556,76.6275,22.5,34.7,28.0,58.0,1.0,5.5
3495,11.425556,76.779167,27.1,34.9,25.4,37.4,1.1,5.9
3496,11.426836,76.382994,24.1,42.0,20.2,29.7,1.1,5.4
3497,11.427123,76.083067,27.6,47.0,15.8,33.6,1.06,5.4
3498,11.427636,76.384067,26.6,39.0,20.7,30.0,1.1,5.4
3499,11.428333,76.628333,21.9,34.7,30.8,47.8,1.0,5.5
3500,11.4302,76.0854,28.6,46.6,15.1,33.1,1.1,5.4
3501,11.4311,76.386519,26.2,40.4,20.0,31.1,1.08,5.4
3502,11.431297,76.386825,25.4,43.4,18.1,35.5,1.08,5.5
3503,11.431389,76.74475,26.8,34.8,23.6,35.2,1.14,6.0
3504,11.4315,76.389,25.4,43.4,18.1,35.5,1.08,5.5
3505,11.432222,76.738889,22.9,37.2,25.4,42.5,1.01,5.5
3506,11.4335,76.0802,29.0,45.4,13.5,31.2,1.1,5.4
3507,11.4337,75.9931,27.3,48.6,15.7,27.5,1.12,5.4
3508,11.434772,76.072452,29.4,46.1,13.4,27.8,1.08,5.4
3509,11.435264,76.390853,27.3,42.3,17.0,31.1,1.08,5.5
3510,11.435833,76.742222,23.1,35.7,25.0,40.6,1.03,5.8
3511,11.436314,76.391783,26.6,42.5,17.1,30.8,1.05,5.5
3512,11.436944,76.885556,20.2,37.3,28.0,35.2,1.05,5.7
3513,11.437222,76.8,25.6,40.0,24.0,32.9,1.13,5.9
3514,11.437447,76.067175,27.6,49.1,14.3,27.8,1.07,5.4
3515,11.437911,76.392803,25.6,45.1,17.2,30.9,1.1,5.4
3516,11.438214,76.064961,27.7,49.1,14.1,27.8,1.08,5.4
3517,11.438889,76.747778,25.4,35.1,26.2,33.1,1.14,6.0
3518,11.439,76.0881,29.6,47.0,12.3,27.1,1.09,5.4
3519,11.439406,76.038903,27.7,50.2,15.1,29.1,1.08,5.4
3520,11.44,76.800833,25.9,38.3,24.2,30.0,1.17,6.0
3521,11.4404,76.0889,29.6,46.7,12.3,25.7,1.1,5.4
3522,11.442778,76.873611,22.1,40.1,27.4,40.0,1.05,5.6
3523,11.442981,76.056111,26.8,51.4,14.9,27.8,1.06,5.4
3524,11.444064,76.102036,28.5,46.6,15.7,35.0,1.06,5.2
3525,11.4441,76.0709,28.6,50.6,13.5,27.8,1.06,5.4
3526,11.444172,76.074897,28.7,50.6,12.4,27.8,1.06,5.4
3527,11.444314,76.056078,27.4,51.4,14.4,27.8,1.05,5.4
3528,11.445,76.0739,28.7,50.3,12.7,27.3,1.08,5.4
3529,11.445556,76.744444,25.6,36.8,23.2,31.4,1.14,6.0
3530,11.447025,76.064183,28.8,49.8,14.2,27.3,1.07,5.5
3531,11.4475,76.900556,20.5,36.6,28.3,33.0,1.04,5.8
3532,11.4475,76.0959,28.5,47.7,13.4,27.9,1.06,5.4
3533,11.448076,76.066732,28.8,49.3,13.6,26.5,1.07,5.4
3534,11.4492,76.1014,28.5,48.2,14.5,33.1,1.05,5.4
3535,11.449386,76.101167,28.5,48.2,14.5,33.1,1.05,5.4
3536,11.450278,76.904167,23.3,37.5,27.8,34.0,1.02,5.7
3537,11.450278,76.904167,23.3,37.5,27.8,34.0,1.02,5.7
3538,11.4516,76.0604,27.6,51.8,15.0,27.8,1.08,5.5
3539,11.452778,76.641667,23.2,34.4,28.9,37.0,1.02,5.6
3540,11.453056,76.757222,27.0,35.4,23.9,36.3,1.04,5.6
3541,11.454167,76.645,24.1,33.8,28.1,36.5,1.04,5.5
3542,11.454444,76.765556,23.7,35.4,29.4,40.4,1.06,5.6
3543,11.454722,76.646111,24.1,33.8,28.1,36.5,1.04,5.5
3544,11.455278,76.678056,27.2,34.2,25.4,36.8,1.14,6.0
3545,11.455592,76.034178,27.3,50.6,15.6,27.8,1.08,5.4
3546,11.4562,76.0429,27.6,50.4,15.0,25.2,1.09,5.4
3547,11.456779,76.109086,28.6,44.4,16.4,31.5,1.0,5.4
3548,11.457222,76.678056,26.9,33.1,25.0,36.2,1.12,6.1
3549,11.457566,76.097791,27.5,46.9,16.4,30.8,1.09,5.4
3550,11.457868,75.93616,28.3,52.0,11.8,27.0,1.11,5.4
3551,11.458361,76.063011,28.7,48.7,13.7,29.7,1.04,5.5
3552,11.4589,76.063204,28.7,48.7,13.7,29.7,1.04,5.5
3553,11.459056,76.056292,28.6,49.6,13.9,29.9,1.04,5.4
3554,11.46,76.0382,27.7,50.1,15.4,27.8,1.08,5.4
3555,11.46051,75.91222,27.8,53.5,12.5,27.1,1.13,5.4
3556,11.461323,75.931758,28.0,53.1,12.4,26.1,1.1,5.4
3557,11.4616,76.0379,27.8,50.3,14.9,27.1,1.1,5.4
3558,11.4618,76.029,27.6,50.5,14.9,27.8,1.03,5.4
3559,11.4625,76.583889,23.9,35.3,29.1,33.6,1.13,5.8
3560,11.4628,76.0259,27.6,50.5,14.9,28.2,1.06,5.4
3561,11.4633,75.9248,27.7,52.1,12.1,27.3,1.12,5.4
3562,11.465,76.0321,27.7,49.9,15.9,27.1,1.06,5.4
3563,11.4653,75.9337,28.4,50.9,12.1,27.4,1.1,5.4
3564,11.466111,76.577778,23.9,33.8,30.6,34.1,1.04,5.6
3565,11.4675,76.575,24.1,33.5,30.5,34.5,1.04,5.6
3566,11.4675,76.0281,27.0,49.6,16.4,25.7,1.06,5.4
3567,11.469539,76.049333,27.9,50.3,14.2,26.3,1.07,5.4
3568,11.469722,76.4125,19.2,43.0,23.7,21.2,1.22,5.4
3570,11.470611,76.031028,27.1,50.3,16.0,23.9,1.04,5.4
3571,11.4708,75.9213,28.6,50.4,12.1,27.3,1.11,5.4
3572,11.4747,75.9306,28.7,51.3,12.3,28.1,1.07,5.4
3573,11.475014,76.16935,21.6,39.4,22.3,33.1,1.05,5.4
3574,11.475556,76.358333,23.9,38.3,26.2,30.0,1.08,5.5
3575,11.476256,76.039217,27.9,48.1,15.7,27.5,1.06,5.4
3576,11.476742,75.930898,27.7,53.8,12.4,25.7,1.1,5.4
3577,11.477667,76.04075,27.2,48.1,15.8,27.8,1.06,5.4
3578,11.477667,76.04075,27.2,48.1,15.8,27.8,1.06,5.4
3579,11.477667,76.04075,27.2,48.1,15.8,27.8,1.06,5.4
3580,11.48,76.36,23.6,39.3,25.8,33.6,1.05,5.4
3581,11.484167,76.441667,21.2,42.4,21.7,22.4,1.18,5.4
3582,11.4891,76.0235,27.7,50.3,13.2,27.0,1.04,5.4
3583,11.489694,76.002278,27.1,52.4,15.2,22.0,1.09,5.4
3584,11.4926,75.8665,28.4,48.2,14.3,29.1,1.07,5.4
3585,11.4937,75.8901,28.1,48.2,12.3,27.8,1.07,5.4
3586,11.493889,75.868056,28.4,46.9,13.9,32.2,1.06,5.4
3587,11.494167,76.885,23.7,38.7,23.4,34.4,1.06,5.6
3588,11.495833,76.360556,20.2,42.5,24.6,22.2,1.11,5.5
3589,11.4978,75.8647,28.8,47.3,14.0,30.5,1.06,5.4
3590,11.498056,76.334167,21.4,39.1,24.3,23.2,1.14,5.6
3591,11.500222,76.585917,21.2,36.5,30.2,55.0,1.06,5.6
3592,11.501078,76.003206,27.3,52.8,15.0,26.9,1.06,5.4
3593,11.501625,76.004372,27.7,50.9,14.9,27.8,1.04,5.4
3594,11.502122,76.007044,27.7,50.2,14.5,27.5,1.04,5.4
3595,11.502222,76.164722,26.9,40.3,18.4,28.1,1.06,5.4
3596,11.502222,76.164722,26.9,40.3,18.4,28.1,1.06,5.4
3597,11.5025,75.842222,28.0,45.8,15.0,35.2,1.06,5.4
3598,11.503183,76.006814,27.7,50.2,14.5,27.5,1.04,5.4
3599,11.505794,76.135806,21.7,41.9,24.3,28.1,1.08,5.2
3600,11.505833,75.867778,27.6,47.2,14.1,27.5,1.12,5.4
3601,11.506867,76.030142,28.5,48.5,15.3,30.7,1.1,5.4
3602,11.5075,75.990833,27.6,51.8,14.3,26.6,1.08,5.4
3603,11.5076,75.8817,27.7,47.3,14.9,29.4,1.06,5.4
3604,11.507778,75.878333,27.3,50.4,15.2,27.8,1.04,5.4
3605,11.508611,75.994167,27.9,49.9,12.5,27.5,1.07,5.4
3606,11.509167,75.991667,27.9,50.2,12.4,27.8,1.08,5.4
3607,11.509444,75.858889,28.6,47.2,13.5,27.8,1.06,5.4
3608,11.509722,75.97,28.2,48.2,13.6,29.9,1.1,5.4
3609,11.509792,76.024886,28.5,48.5,15.6,27.8,1.04,5.4
3610,11.51,76.28,20.2,43.3,24.1,23.0,1.14,5.3
3611,11.51,76.3,20.7,41.9,23.7,23.3,1.14,5.5
3612,11.51,76.32,23.5,38.1,24.7,25.2,1.12,5.4
3613,11.51,76.32,23.5,38.1,24.7,25.2,1.12,5.4
3614,11.51,76.31,24.9,38.3,23.9,24.2,1.12,5.4
3615,11.51,76.32,23.5,38.1,24.7,25.2,1.12,5.4
3616,11.51,76.32,23.5,38.1,24.7,25.2,1.12,5.4
3617,11.51,76.33,23.0,39.0,25.4,29.0,1.1,5.4
3618,11.513611,75.846667,27.9,48.4,13.8,27.8,1.08,5.4
3619,11.514444,75.816389,27.3,53.4,13.4,27.3,1.1,5.4
3620,11.5148,76.0151,28.9,47.9,12.6,27.8,1.08,5.4
3621,11.515833,75.8975,27.9,47.6,13.7,30.2,1.1,5.4
3622,11.516111,75.843889,27.7,51.1,13.5,26.4,1.06,5.4
3623,11.516353,76.909694,22.9,38.4,25.6,32.9,1.14,6.0
3624,11.516389,75.893333,27.7,47.5,14.0,29.4,1.06,5.4
3625,11.5169,75.8992,28.7,47.3,13.1,29.7,1.14,5.4
3626,11.518056,75.983056,28.7,47.9,14.0,29.1,1.09,5.4
3627,11.518333,75.899444,29.0,47.3,13.1,31.0,1.04,5.4
3628,11.518705,75.877626,28.4,46.7,15.0,31.0,1.02,5.4
3629,11.518889,75.8875,27.7,46.4,13.6,27.8,1.03,5.4
3630,11.519206,76.135783,20.6,41.5,24.5,26.6,1.08,5.3
3631,11.519444,75.885,27.9,46.4,14.3,31.6,1.06,5.4
3632,11.52,76.5,25.4,40.5,22.6,23.4,1.16,5.4
3633,11.520556,75.859167,28.5,47.2,13.2,32.6,1.03,5.4
3634,11.520556,75.8725,28.0,46.7,14.6,30.1,1.03,5.4
3635,11.523333,75.886667,27.7,50.7,12.2,27.8,1.06,5.4
3636,11.524853,76.169294,25.2,42.2,18.6,23.3,1.12,5.3
3637,11.525,75.821667,27.7,52.1,12.4,22.6,1.12,5.4
3638,11.525275,76.145222,26.0,43.4,19.3,23.4,1.07,5.3
3639,11.525278,75.878333,27.8,50.1,13.0,26.9,1.07,5.4
3640,11.526181,76.163231,27.1,42.1,17.3,23.0,1.08,5.3
3641,11.526258,76.154406,27.1,42.9,18.6,23.0,1.08,5.3
3642,11.526589,76.144019,27.3,43.0,18.3,24.2,1.08,5.3
3643,11.526944,75.890556,28.6,48.7,12.8,27.4,1.06,5.4
3644,11.527778,75.878333,27.6,50.9,14.4,26.9,1.1,5.4
3645,11.528111,76.023417,28.1,45.8,15.4,27.4,1.13,5.4
3646,11.52815,76.157156,26.8,43.0,18.0,23.0,1.09,5.3
3647,11.5294,76.0293,27.6,46.2,16.6,30.2,1.1,5.4
3648,11.529611,76.044556,27.7,43.7,18.5,26.6,1.09,5.3
3649,11.529722,75.876111,27.7,50.3,14.0,27.8,1.1,5.4
3650,11.53,76.47,24.2,40.6,23.8,22.1,1.19,5.4
3651,11.53,76.47,24.2,40.6,23.8,22.1,1.19,5.4
3652,11.53,76.47,24.2,40.6,23.8,22.1,1.19,5.4
3653,11.53,76.47,24.2,40.6,23.8,22.1,1.19,5.4
3654,11.53,76.47,24.2,40.6,23.8,22.1,1.19,5.4
3655,11.53,76.46,20.9,42.9,24.1,21.1,1.16,5.5
3656,11.53,76.46,20.9,42.9,24.1,21.1,1.16,5.5
3657,11.53,76.4,22.7,36.9,26.0,27.8,1.08,5.5
3658,11.53,76.4,22.7,36.9,26.0,27.8,1.08,5.5
3659,11.53,76.26,18.5,44.9,24.1,21.9,1.16,5.3
3660,11.530277,76.14,25.0,46.3,19.9,24.2,1.1,5.4
3661,11.531108,76.187719,25.3,43.9,20.0,26.9,1.2,5.4
3662,11.531636,76.182614,21.8,44.1,20.9,23.0,1.2,5.4
3663,11.533056,75.896667,27.9,51.0,13.3,22.0,1.07,5.4
3664,11.534194,76.228447,24.9,38.6,20.4,23.7,1.12,5.3
3665,11.534444,76.026472,28.2,46.9,15.2,25.6,1.12,5.4
3666,11.534597,76.189739,24.0,44.1,20.9,23.0,1.14,5.3
3667,11.5346,76.0244,28.1,45.2,16.2,27.5,1.15,5.3
3668,11.534744,76.228631,21.1,39.8,23.6,25.1,1.1,5.3
3669,11.535417,76.018278,29.4,40.5,19.1,30.0,1.1,5.4
3670,11.5356,76.0215,28.5,44.1,16.9,25.9,1.16,5.4
3671,11.536361,76.041528,28.4,45.5,15.8,28.6,1.1,5.4
3672,11.536478,76.229122,21.1,39.8,23.6,25.1,1.1,5.3
3673,11.536667,76.035778,27.5,46.7,15.7,25.9,1.12,5.4
3674,11.5375,76.0275,27.9,45.8,16.1,23.4,1.12,5.4
3675,11.537861,76.059,26.4,46.5,19.7,32.5,1.08,5.2
3676,11.538517,76.151192,25.9,42.1,17.2,23.7,1.1,5.3
3677,11.538819,76.150189,25.9,42.1,17.2,23.7,1.1,5.3
3678,11.53888,76.02722,28.8,43.9,16.5,23.8,1.12,5.4
3679,11.539167,75.905278,28.6,49.0,13.0,23.2,1.06,5.4
3680,11.539194,76.004222,30.1,40.3,19.9,33.0,1.04,5.3
3681,11.539444,75.903056,27.8,50.6,13.1,23.3,1.04,5.4
3682,11.539444,75.913056,28.6,48.5,12.7,27.8,1.08,5.4
3683,11.54,76.027222,28.5,45.5,16.0,27.8,1.12,5.4
3684,11.54,76.48,22.1,44.1,22.7,19.0,1.21,5.5
3685,11.54,76.41,21.0,39.4,26.7,27.8,1.08,5.5
3686,11.54,76.41,21.0,39.4,26.7,27.8,1.08,5.5
3687,11.54,76.41,21.0,39.4,26.7,27.8,1.08,5.5
3688,11.54,76.41,21.0,39.4,26.7,27.8,1.08,5.5
3689,11.540061,76.153442,25.7,42.9,18.5,21.8,1.12,5.3
3690,11.540444,76.010611,31.0,41.1,16.8,27.8,1.08,5.4
3691,11.540461,76.172875,24.2,42.4,20.6,22.5,1.14,5.5
3692,11.540794,76.154522,25.8,42.1,18.4,23.3,1.12,5.4
3693,11.540817,76.172769,24.2,42.4,20.6,22.5,1.14,5.5
3694,11.541958,76.137411,26.8,40.5,18.3,28.7,1.08,5.4
3695,11.541972,76.000389,25.2,43.6,21.9,35.8,1.03,5.3
3696,11.542717,76.121397,23.3,40.2,23.7,28.7,1.14,5.4
3697,11.543053,76.156533,26.7,42.3,18.4,25.9,1.12,5.3
3698,11.54315,76.154031,25.7,42.9,18.4,23.0,1.12,5.3
3699,11.543167,76.178,23.9,43.0,21.4,22.2,1.16,5.4
3700,11.543214,76.154,25.7,42.9,18.4,23.0,1.12,5.3
3701,11.543583,76.013528,29.6,42.5,16.8,24.0,1.11,5.3
3702,11.543631,76.122139,23.3,40.2,23.7,28.7,1.14,5.4
3703,11.543989,76.1553,25.7,42.9,18.4,23.0,1.12,5.3
3704,11.544128,76.055258,28.4,40.7,20.4,31.1,1.08,5.2
3705,11.544167,75.939722,31.3,41.8,15.7,32.1,1.03,5.3
3706,11.544592,76.178569,22.7,43.5,20.6,22.4,1.14,5.4
3707,11.544722,75.936667,30.5,43.0,15.9,32.9,1.04,5.4
3708,11.544833,76.011694,27.2,44.7,17.0,25.9,1.09,5.3
3709,11.544944,76.044917,31.1,39.5,16.1,26.0,1.12,5.3
3710,11.545028,76.010833,31.3,42.1,16.2,25.7,1.09,5.3
3711,11.545167,76.043198,30.6,40.2,16.3,26.1,1.12,5.3
3712,11.545375,76.155881,21.7,43.1,20.6,22.9,1.12,5.4
3713,11.546028,76.046303,31.1,40.6,15.7,25.9,1.1,5.4
3714,11.546194,76.008861,30.9,41.0,18.3,30.0,1.08,5.3
3715,11.547167,76.224153,19.1,43.1,23.7,23.1,1.1,5.3
3716,11.547694,76.009222,31.0,41.4,17.2,26.8,1.09,5.3
3717,11.547778,76.008778,31.0,41.4,17.2,26.8,1.09,5.3
3718,11.548056,75.926944,29.0,44.3,14.4,30.9,1.06,5.3
3719,11.548056,75.927222,29.0,44.3,14.4,30.9,1.06,5.3
3720,11.548194,76.207722,21.3,44.8,22.5,23.3,1.14,5.4
3721,11.548333,75.926667,29.0,44.3,14.4,30.9,1.06,5.3
3722,11.548611,75.926944,29.0,44.3,14.4,30.9,1.06,5.3
3723,11.54888,76.39166,20.5,41.1,24.0,22.5,1.12,5.4
3724,11.549,76.002583,27.2,43.7,20.2,31.2,1.08,5.3
3725,11.549444,75.896111,27.8,49.9,13.0,21.6,1.1,5.4
3726,11.5495,75.9143,28.9,46.7,14.9,29.5,1.06,5.4
3727,11.5495,75.9143,28.9,46.7,14.9,29.5,1.06,5.4
3728,11.549694,76.055778,30.5,40.4,17.2,27.8,1.09,5.2
3729,11.55,75.919167,29.2,46.2,15.6,29.7,1.06,5.4
3730,11.55,76.0386,28.4,42.4,16.6,26.9,1.2,5.3
3731,11.55,76.43,22.4,40.9,23.3,21.9,1.17,5.4
3732,11.55,76.43,22.4,40.9,23.3,21.9,1.17,5.4
3733,11.55,76.41,20.4,39.2,27.6,28.7,1.08,5.3
3734,11.550339,76.136878,24.9,44.4,19.2,23.0,1.08,5.3
3735,11.55055,76.035,28.4,42.0,16.3,27.5,1.2,5.3
3736,11.551778,75.916111,29.0,45.5,14.4,32.0,1.06,5.3
3737,11.552222,75.904722,29.4,47.7,13.6,23.5,1.06,5.4
3738,11.552333,76.101278,29.0,41.5,17.5,26.3,1.06,5.2
3739,11.552339,76.101264,29.0,41.5,17.5,26.3,1.06,5.2
3740,11.552539,76.0895,22.9,40.3,22.2,29.7,1.1,5.4
3741,11.552778,76.038889,29.3,44.0,16.6,24.5,1.16,5.4
3742,11.552833,75.998972,30.4,40.0,19.9,31.6,1.06,5.3
3743,11.553164,76.085942,24.1,41.3,21.0,28.9,1.05,5.3
3744,11.553283,76.101244,29.0,41.5,17.5,26.3,1.06,5.2
3745,11.5535,76.086278,22.5,40.4,22.2,27.5,1.04,5.3
3746,11.553583,75.996028,30.4,39.0,19.9,27.8,1.04,5.3
3747,11.553778,76.089389,24.0,41.0,20.8,29.9,1.06,5.3
3748,11.554086,76.097822,29.2,40.3,17.4,26.8,1.08,5.2
3749,11.554256,76.0928,23.8,40.3,21.2,29.9,1.04,5.2
3750,11.5543,76.127939,25.9,45.2,18.9,22.0,1.1,5.3
3751,11.554431,76.131517,27.1,44.2,18.2,24.2,1.14,5.4
3752,11.554556,76.090528,24.0,41.0,20.8,29.9,1.06,5.3
3753,11.554583,76.094833,24.1,41.0,21.6,28.9,1.02,5.2
3754,11.5548,76.083589,25.6,41.6,19.5,29.5,1.04,5.2
3755,11.555083,76.001472,30.7,39.1,19.2,30.0,1.06,5.2
3756,11.555278,75.908611,29.2,47.9,13.7,26.5,1.06,5.4
3757,11.555806,76.001417,30.7,39.1,19.2,30.0,1.06,5.2
3758,11.556389,75.813611,27.7,50.0,13.5,27.3,1.13,5.4
3759,11.556667,75.918889,30.1,43.7,15.6,31.0,1.06,5.2
3760,11.556833,76.129639,25.8,44.0,18.7,24.6,1.14,5.4
3761,11.556978,76.198161,20.9,45.0,22.7,22.5,1.14,5.3
3762,11.557,75.9132,30.2,46.8,14.3,27.8,1.08,5.4
3763,11.55711,75.913033,30.2,46.8,14.3,27.8,1.08,5.4
3764,11.557222,75.910278,30.2,46.8,14.3,27.8,1.08,5.4
3765,11.557222,75.916611,28.9,45.5,14.8,31.0,1.06,5.4
3766,11.557389,75.998472,30.5,40.4,18.8,27.8,1.06,5.3
3767,11.55746,76.912113,23.2,40.2,24.3,21.4,1.3,6.4
3768,11.557778,75.916111,28.9,45.5,14.8,31.0,1.06,5.4
3769,11.558333,75.795,27.5,50.3,13.6,20.8,1.16,5.4
3770,11.558333,76.0375,29.3,44.6,16.6,22.4,1.16,5.3
3771,11.558611,75.899167,29.2,48.5,12.6,27.6,1.08,5.4
3772,11.55875,76.001361,30.2,40.4,19.9,32.7,1.08,5.4
3773,11.559383,76.135828,25.9,45.9,18.0,22.8,1.1,5.4
3774,11.559564,76.136561,26.7,43.8,17.5,23.8,1.1,5.4
3775,11.560225,76.136717,26.7,43.8,17.5,23.8,1.1,5.4
3776,11.560278,75.916111,29.7,43.7,15.6,32.9,1.06,5.2
3777,11.56103,75.91486,29.7,45.0,15.3,32.9,1.05,5.3
3778,11.561111,76.128583,27.1,44.1,18.5,23.3,1.14,5.4
3779,11.561389,75.929722,29.4,42.4,16.0,32.9,1.08,5.2
3780,11.562956,76.132781,27.2,44.4,18.1,25.9,1.11,5.3
3781,11.563889,75.899722,28.8,48.1,14.4,29.5,1.1,5.4
3782,11.564583,76.009056,29.3,43.4,17.8,23.9,1.12,5.3
3783,11.565806,76.118333,27.9,41.6,18.3,22.2,1.19,5.4
3784,11.566111,76.03111,30.4,43.8,15.6,22.9,1.15,5.4
3785,11.566122,76.054333,29.4,41.7,18.4,23.0,1.14,5.3
3786,11.566583,76.043389,31.0,43.6,17.2,23.7,1.12,5.3
3787,11.566694,76.117778,28.1,42.1,18.1,22.0,1.15,5.4
3788,11.566717,76.115653,28.1,42.1,18.1,22.0,1.15,5.4
3789,11.5675,75.898889,28.8,48.7,13.4,29.9,1.1,5.4
3790,11.567777,76.028333,29.7,44.2,16.0,23.6,1.15,5.4
3791,11.568611,76.019722,29.2,45.5,17.1,23.1,1.14,5.3
3792,11.56875,76.043972,30.9,43.6,17.9,23.0,1.12,5.3
3793,11.568888,76.126666,27.4,43.0,18.0,22.8,1.14,5.4
3794,11.568944,76.080278,31.2,39.4,16.8,24.2,1.12,5.3
3795,11.569444,76.019166,29.2,45.5,17.1,23.1,1.14,5.3
3796,11.571278,76.044167,29.3,42.5,17.5,22.7,1.15,5.3
3797,11.572056,76.077556,27.1,41.4,18.4,23.5,1.18,5.4
3798,11.572944,76.045,29.3,42.7,17.3,22.6,1.18,5.4
3799,11.577869,76.060242,28.5,40.4,18.8,21.7,1.17,5.3
3800,11.578055,76.110833,24.5,43.3,20.4,22.5,1.14,5.3
3801,11.579583,76.094083,25.7,44.0,18.1,23.1,1.14,5.3
3802,11.580555,76.0625,27.4,41.0,19.3,23.5,1.2,5.4
3803,11.581167,76.095472,25.8,44.2,20.1,23.0,1.14,5.3
3804,11.581388,76.062777,27.4,41.0,19.3,23.5,1.2,5.4
3805,11.582222,76.063055,27.4,41.0,19.3,23.5,1.2,5.4
3806,11.583722,76.195,27.4,41.1,17.5,23.0,1.14,5.3
3807,11.58425,76.195889,27.4,41.1,17.5,23.0,1.14,5.3
3808,11.584278,76.067917,28.7,41.6,19.5,26.9,1.14,5.3
3809,11.584306,76.050833,28.6,40.1,20.0,22.6,1.15,5.3
3810,11.584556,76.038361,29.3,46.0,16.9,23.0,1.14,5.4
3811,11.584778,76.034278,29.6,45.4,15.6,22.6,1.15,5.3
3812,11.585,76.06333,28.8,41.9,18.7,23.0,1.2,5.4
3813,11.585167,76.047861,29.2,40.7,17.5,22.6,1.18,5.4
3814,11.585194,76.039,28.9,44.1,17.3,22.7,1.14,5.3
3815,11.5855,76.038333,28.1,43.6,18.2,24.6,1.14,5.3
3816,11.585556,76.048306,29.2,40.7,17.5,22.6,1.18,5.4
3817,11.58583,76.018055,30.3,44.3,14.8,24.0,1.14,5.4
3818,11.588728,76.018258,30.3,44.8,14.8,23.0,1.16,5.4
3819,11.590028,76.2085,26.2,43.2,17.8,23.0,1.1,5.3
3820,11.591111,76.068333,28.5,44.9,17.9,23.0,1.13,5.4
3821,11.591389,76.088,26.5,41.0,19.9,21.8,1.15,5.3
3822,11.592694,76.037361,28.4,43.6,17.2,22.5,1.15,5.4
3823,11.593167,76.034417,29.3,43.7,16.9,22.5,1.16,5.4
3824,11.594833,76.080028,26.6,40.7,20.0,22.2,1.2,5.4
3825,11.596528,76.028273,28.6,42.9,16.1,23.0,1.19,5.4
3826,11.597833,76.015028,29.2,40.2,16.8,22.5,1.19,5.4
3827,11.598889,75.823889,27.8,50.6,13.2,19.9,1.14,5.4
3828,11.599166,76.084166,26.9,42.3,18.4,20.3,1.2,5.5
3829,11.600278,75.819722,27.3,48.6,15.7,22.2,1.2,5.5
3830,11.601694,76.069083,29.1,40.4,19.2,23.0,1.14,5.3
3831,11.601778,76.069944,29.1,40.4,19.2,23.0,1.14,5.3
3832,11.604167,75.857222,28.7,49.5,13.3,23.5,1.1,5.4
3833,11.605556,76.052417,28.8,41.4,17.4,22.6,1.15,5.4
3834,11.6066,76.0077,30.3,43.8,15.8,23.1,1.13,5.4
3835,11.613778,75.997056,27.2,44.1,18.2,25.1,1.13,5.3
3836,11.613889,75.813611,28.6,50.6,12.4,24.3,1.14,5.4
3837,11.614889,76.065944,26.5,41.2,19.6,21.2,1.18,5.4
3838,11.623222,76.106417,25.8,48.8,19.5,23.0,1.12,5.3
3839,11.624944,76.1033,25.0,47.9,20.1,24.6,1.12,5.3
3840,11.625503,76.10069,25.8,47.5,20.1,27.1,1.1,5.3
3841,11.6275,75.817222,27.3,48.9,15.7,26.8,1.12,5.4
3842,11.627778,76.027861,29.9,43.4,15.9,21.9,1.17,5.4
3843,11.628889,75.831944,27.7,49.0,15.0,26.2,1.12,5.4
3844,11.630833,75.959167,28.3,43.8,15.9,30.9,1.11,5.4
3845,11.631666,76.193055,26.0,45.9,18.6,22.5,1.12,5.4
3846,11.631778,75.987944,31.6,43.8,15.9,23.3,1.12,5.3
3847,11.631944,75.987444,31.6,43.8,15.9,23.3,1.12,5.3
3848,11.632222,75.947778,30.0,40.3,19.2,28.8,1.06,5.3
3849,11.632778,75.955,28.8,44.1,16.0,29.9,1.09,5.4
3850,11.633333,75.856667,28.8,48.0,13.1,23.9,1.1,5.4
3851,11.636239,76.201533,20.5,43.7,21.2,23.3,1.18,5.4
3852,11.636389,75.870833,30.3,47.2,13.2,25.9,1.1,5.4
3853,11.638056,75.850833,28.7,48.5,14.8,29.0,1.09,5.4
3854,11.638333,75.873056,30.4,44.2,12.6,31.2,1.06,5.4
3855,11.638611,75.856944,29.0,47.3,12.6,27.0,1.1,5.4
3856,11.639167,75.864444,30.4,47.1,12.7,27.8,1.08,5.4
3857,11.640556,75.855556,29.0,47.2,12.4,27.8,1.08,5.4
3858,11.642778,75.856389,29.0,46.2,12.4,27.4,1.08,5.4
3859,11.64625,76.030889,28.7,38.8,16.5,19.1,1.2,5.5
3860,11.647222,75.847778,28.7,48.0,12.5,27.8,1.1,5.4
3861,11.6475,75.846389,27.7,49.7,14.8,27.8,1.1,5.4
3862,11.648056,75.857222,29.3,47.0,12.3,23.7,1.07,5.4
3863,11.648611,75.827778,28.1,48.5,13.1,26.3,1.11,5.4
3864,11.65,75.874722,29.3,43.8,13.6,27.8,1.06,5.4
3865,11.650278,75.874167,29.3,43.8,13.6,27.8,1.06,5.4
3866,11.650556,75.873056,30.0,44.2,12.6,25.9,1.08,5.4
3867,11.650556,75.873889,29.3,43.8,13.6,27.8,1.06,5.4
3868,11.650833,75.871667,30.0,44.2,12.6,25.9,1.08,5.4
3869,11.655833,75.843889,28.6,50.2,12.7,27.3,1.08,5.4
3870,11.664722,75.843611,29.4,48.2,12.2,30.4,1.1,5.4
3871,11.666667,75.833611,30.4,49.2,12.4,30.4,1.1,5.4
3872,11.666667,75.833611,30.4,49.2,12.4,30.4,1.1,5.4
3873,11.666667,75.857778,29.4,48.9,13.1,29.9,1.06,5.4
3874,11.666886,75.8525,29.4,48.0,12.0,30.5,1.06,5.4
3875,11.668528,75.96925,29.2,46.2,14.9,26.9,1.14,5.4
3876,11.668611,75.967778,29.4,45.9,15.6,30.3,1.1,5.4
3877,11.67075,75.936833,30.3,44.0,15.7,29.5,1.04,5.4
3878,11.670833,75.811111,27.8,51.1,14.3,26.9,1.14,5.4
3879,11.670833,75.878056,28.8,45.8,14.4,31.1,1.06,5.3
3880,11.673056,75.934722,31.3,43.6,15.9,27.8,1.06,5.4
3881,11.673056,75.840833,30.4,48.0,11.7,30.0,1.07,5.4
3882,11.673889,75.967778,28.8,47.5,14.0,24.6,1.14,5.4
3883,11.673889,75.841667,29.9,48.0,13.1,32.0,1.08,5.4
3884,11.678611,75.821111,28.1,51.0,13.6,26.8,1.1,5.4
3885,11.678889,75.893056,28.9,42.1,17.8,33.1,1.02,5.3
3886,11.680556,75.937222,31.2,43.1,16.2,30.9,1.06,5.4
3887,11.681944,75.808056,26.3,50.0,14.9,26.0,1.12,5.4
3888,11.682222,75.894167,28.6,43.3,16.5,32.9,1.01,5.3
3889,11.682778,75.943611,31.3,43.7,16.2,31.1,1.06,5.4
3890,11.683056,75.943611,31.3,43.7,16.2,31.1,1.06,5.4
3891,11.685,75.942222,31.3,43.7,16.2,31.1,1.06,5.4
3892,11.688611,75.944722,29.0,46.2,16.1,25.1,1.09,5.4
3893,11.691667,75.777222,27.2,49.0,14.5,28.3,1.09,5.4
3894,11.691778,75.943111,30.5,44.0,16.6,29.2,1.06,5.4
3895,11.6925,75.806389,27.3,49.5,15.0,27.8,1.13,5.4
3896,11.6925,75.806389,27.3,49.5,15.0,27.8,1.13,5.4
3897,11.6941,75.9371,28.5,43.3,17.7,31.1,1.05,5.4
3898,11.696944,75.8075,27.8,48.2,15.6,27.9,1.12,5.4
3899,11.699598,75.772301,28.8,49.2,15.0,31.6,1.01,5.4
3900,11.7013,75.9359,32.4,43.3,13.9,27.8,1.05,5.4
3901,11.7034,75.9369,31.7,41.1,17.2,29.7,1.06,5.4
3902,11.703473,75.829247,28.8,44.5,13.9,30.0,1.08,5.4
3903,11.704444,75.788438,31.2,45.1,13.6,29.0,1.1,5.4
3904,11.705278,75.940278,30.4,44.2,16.4,31.1,1.04,5.4
3905,11.705823,75.830149,28.3,46.4,14.0,30.1,1.06,5.3
3906,11.706389,75.761111,27.9,48.8,16.2,30.4,1.06,5.4
3907,11.706667,75.936389,28.9,45.5,17.1,29.8,1.05,5.4
3908,11.711389,75.798611,28.7,49.3,14.2,24.0,1.1,5.4
3909,11.715556,75.765833,27.0,44.8,15.2,30.7,1.06,5.4
3910,11.715833,75.766111,27.0,44.8,15.2,30.7,1.06,5.4
3911,11.715833,75.770278,27.0,45.1,14.7,27.9,1.06,5.4
3912,11.7175,75.815278,28.9,43.2,14.7,30.5,1.06,5.4
3913,11.720833,75.806944,27.5,48.2,14.2,30.3,1.1,5.4
3914,11.721667,75.8925,29.1,42.1,20.2,31.2,1.06,5.4
3915,11.721944,75.8975,28.5,39.4,20.7,34.5,1.04,5.4
3916,11.722222,75.809167,27.8,46.8,15.2,25.2,1.08,5.4
3917,11.722778,75.7725,28.7,45.2,13.2,29.3,1.09,5.4
3918,11.723056,75.799722,28.8,46.8,12.5,27.9,1.06,5.4
3919,11.723611,75.809444,27.5,42.7,16.0,29.4,1.02,5.4
3920,11.726111,75.798889,29.7,44.1,13.5,31.1,1.0,5.5
3921,11.726389,75.812222,28.6,41.6,14.6,29.9,1.0,5.4
3922,11.729444,75.813889,29.0,42.5,14.6,32.8,1.02,5.4
3923,11.731667,75.764722,27.2,41.4,18.5,35.4,1.02,5.3
3924,11.732778,75.8025,29.4,42.5,13.5,30.2,1.0,5.4
3925,11.735833,75.828333,30.3,43.7,15.7,27.8,1.08,5.3
3926,11.736611,76.27,22.4,36.8,27.2,25.8,1.1,5.5
3927,11.747778,75.790556,29.7,44.8,16.9,31.0,1.06,5.3
3928,11.751803,75.920864,31.0,43.3,16.0,24.4,1.13,5.4
3929,11.759833,76.014583,24.1,41.4,19.5,17.6,1.18,5.5
3930,11.768833,76.002667,24.7,43.3,19.6,20.2,1.16,5.4
3931,11.781242,75.715686,27.4,45.1,16.8,27.4,1.08,5.4
3932,11.786389,75.902964,29.3,46.0,14.9,23.0,1.14,5.4
3933,11.786736,75.703153,28.8,46.2,14.9,27.8,1.1,5.4
3934,11.789481,75.784236,27.2,44.4,14.2,29.7,1.1,5.4
3935,11.794806,75.695872,26.9,44.3,17.1,27.3,1.07,5.3
3936,11.798486,75.685531,24.2,46.3,17.4,30.9,1.06,5.4
3937,11.801975,75.907781,27.7,43.0,17.5,25.9,1.13,5.4
3938,11.8112,75.91385,27.4,39.6,17.5,26.0,1.15,5.4
3939,11.811678,75.929156,28.1,43.3,17.3,24.2,1.13,5.4
3940,11.812206,75.901883,24.4,43.1,18.9,26.0,1.14,5.4
3941,11.812283,75.931206,28.7,43.6,17.5,24.0,1.12,5.4
3942,11.813381,75.899742,26.9,43.6,16.1,27.8,1.09,5.4
3943,11.817508,76.031861,25.3,43.9,19.5,23.0,1.14,5.4
3944,11.818889,75.910019,25.9,43.0,17.7,27.5,1.1,5.4
3945,11.825406,75.899028,23.8,44.0,18.9,30.8,1.1,5.4
3946,11.826019,75.927853,28.4,46.2,16.3,25.9,1.1,5.4
3947,11.8297,75.9298,28.0,45.3,18.0,29.2,1.08,5.4
3948,11.832556,75.969861,24.5,48.8,17.5,23.5,1.15,5.4
3949,11.834306,75.946917,28.7,44.3,15.9,24.0,1.15,5.4
3950,11.834778,75.936361,28.8,47.0,15.7,29.5,1.07,5.4
3951,11.835667,75.889422,24.5,42.5,20.0,27.0,1.13,5.4
3952,11.836444,75.932583,28.7,46.1,16.8,27.3,1.08,5.4
3953,11.836583,75.932,27.5,47.5,17.1,27.8,1.08,5.4
3954,11.837028,75.940194,27.7,45.1,17.0,25.4,1.16,5.3
3955,11.838278,75.9175,28.1,47.0,16.1,25.6,1.1,5.4
3956,11.838306,75.926722,27.2,46.4,17.4,25.2,1.06,5.4
3957,11.839139,75.943944,28.8,45.4,15.1,21.9,1.17,5.3
3958,11.839139,75.925778,27.2,46.4,17.4,25.2,1.06,5.4
3959,11.839389,75.955889,27.7,44.5,16.1,26.1,1.18,5.4
3960,11.839639,75.915944,27.5,47.0,16.1,25.2,1.1,5.4
3961,11.840444,75.952028,28.3,43.3,16.0,22.1,1.17,5.4
3962,11.840611,75.951444,28.4,44.0,17.0,24.0,1.17,5.5
3963,11.840667,75.945278,28.8,43.6,15.0,22.9,1.14,5.4
3964,11.842194,76.03925,24.1,42.9,20.3,21.4,1.2,5.4
3965,11.843739,75.916814,27.2,45.7,17.0,30.3,1.04,5.4
3966,11.846342,75.915697,26.9,45.4,16.9,30.7,1.05,5.4
3967,11.8475,76.013944,26.1,41.7,19.6,24.0,1.13,5.4
3968,11.847919,75.819531,26.9,43.9,18.5,27.8,1.06,5.4
3969,11.848186,75.915678,27.6,46.9,14.1,27.0,1.08,5.4
3970,11.849431,75.792311,25.9,46.5,15.7,29.9,1.06,5.3
3971,11.850106,75.797714,26.7,46.6,15.8,29.1,1.06,5.4
3972,11.8502,75.8592,25.1,44.1,18.1,29.9,1.1,5.3
3973,11.850508,75.907461,28.6,48.7,15.3,24.8,1.08,5.4
3974,11.850967,75.755111,27.9,43.3,15.8,27.8,1.07,5.4
3975,11.851636,75.910939,27.4,48.0,14.5,26.9,1.1,5.4
3976,11.8517,75.912286,27.7,48.0,14.2,25.9,1.07,5.4
3977,11.852275,75.7982,26.7,46.6,15.8,29.1,1.06,5.4
3978,11.852914,75.856247,27.2,45.7,15.7,27.8,1.1,5.3
3979,11.853167,75.785297,27.2,46.2,16.2,29.2,1.1,5.4
3980,11.854789,75.784144,27.2,46.2,16.2,29.2,1.1,5.4
3981,11.855547,75.863803,27.2,45.8,15.2,30.4,1.06,5.4
3982,11.855917,75.675744,24.3,45.2,17.9,26.4,1.1,5.4
3983,11.856686,75.678053,24.3,45.2,18.0,27.9,1.12,5.4
3984,11.858356,75.874158,27.2,49.0,15.0,30.4,1.02,5.4
3985,11.860389,75.873972,27.3,48.7,15.0,31.9,1.04,5.4
3986,11.860683,75.874097,27.3,48.7,15.0,31.9,1.04,5.4
3987,11.860844,75.863964,27.9,47.3,15.0,30.7,1.06,5.4
3988,11.86155,75.814519,24.3,43.4,20.0,29.4,1.04,5.4
3989,11.862047,75.871094,27.7,48.9,16.1,29.9,1.09,5.4
3990,11.863694,75.774333,29.3,46.3,14.7,27.0,1.04,5.4
3991,11.864342,75.814706,26.6,46.9,16.8,27.9,1.06,5.4
3992,11.866622,75.890267,28.3,48.7,14.8,27.6,1.08,5.4
3993,11.867217,75.824861,28.6,47.7,14.9,30.1,1.04,5.3
3994,11.867225,75.793769,24.5,49.0,15.7,30.4,1.1,5.4
3995,11.867667,75.802511,24.6,47.9,16.4,32.4,1.07,5.3
3996,11.869411,75.794333,27.7,48.2,13.5,29.2,1.1,5.4
3997,11.869542,75.826903,27.8,48.2,16.1,29.9,1.03,5.4
3998,11.869667,75.757442,27.5,48.6,15.9,24.8,1.11,5.3
3999,11.872861,76.010278,29.6,36.3,21.5,29.7,1.06,5.3
4000,11.875272,75.831086,28.1,48.2,17.0,27.8,1.01,5.4
4001,11.879583,76.032611,25.0,42.1,18.9,26.1,1.12,5.3
4002,11.879906,75.832717,27.3,48.1,16.8,28.8,1.04,5.4
4003,11.883569,75.821064,25.9,48.7,16.6,24.9,1.1,5.4
4004,11.884139,75.783347,27.7,47.9,15.4,24.4,1.07,5.4
4005,11.886719,75.802694,28.7,47.2,15.4,27.0,1.08,5.4
4006,11.887533,75.804572,27.5,49.6,14.8,26.4,1.09,5.4
4007,11.887897,75.803164,28.7,47.2,15.4,27.0,1.08,5.4
4008,11.894175,75.856547,29.4,47.9,13.7,27.0,1.1,5.4
4009,11.8942,75.8558,29.4,47.9,13.7,27.0,1.1,5.4
4010,11.898089,75.855908,30.8,46.2,13.1,30.7,1.1,5.2
4011,11.899281,75.838217,27.3,49.0,16.0,27.8,1.07,5.4
4012,11.900006,75.836356,27.5,48.9,15.9,27.8,1.06,5.4
4013,11.902147,75.846008,31.0,46.6,14.3,29.9,1.09,5.4
4014,11.902889,76.011806,26.9,42.3,20.2,30.2,1.08,5.4
4015,11.903256,75.846667,27.9,47.0,14.7,30.7,1.07,5.4
4016,11.903667,75.999722,27.7,42.3,18.4,22.7,1.12,5.4
4017,11.904111,76.016444,26.3,42.5,19.2,25.5,1.12,5.4
4018,11.904389,76.01625,26.3,42.5,19.2,25.5,1.12,5.4
4019,11.909194,75.999583,28.2,42.0,18.3,24.2,1.1,5.4
4020,11.910056,75.998889,27.7,41.8,18.5,28.9,1.12,5.4
4021,11.910208,75.861494,29.5,48.2,14.9,27.8,1.06,5.4
4022,11.9106,75.861,29.5,48.2,14.9,27.8,1.06,5.4
4023,11.912092,75.859483,29.0,48.9,13.8,27.8,1.06,5.4
4024,11.912678,75.843178,28.8,49.0,13.5,27.9,1.09,5.3
4025,11.9127,75.8405,28.2,49.1,12.9,30.4,1.1,5.3
4026,11.914067,75.839586,27.5,48.9,13.3,31.1,1.11,5.3
4027,11.915508,75.836161,28.8,49.0,13.4,30.1,1.1,5.3
4028,11.918083,76.016539,26.9,37.6,22.9,31.1,1.04,5.4
4029,11.979094,75.647503,23.7,49.3,14.4,31.0,1.16,5.4
4030,11.989228,75.779136,28.7,47.0,15.9,27.5,1.06,5.4
4830,12.69,75.07,25.4,50.1,15.8,28.3,1.14,5.5
4834,12.7207,75.8521,18.0,43.5,22.9,17.9,1.26,5.7
4835,12.7315,75.8191,18.6,40.4,26.6,23.4,1.12,5.3
4836,12.75,75.2,24.9,48.7,16.2,25.6,1.1,5.6
4837,12.75,75.03,30.7,48.8,12.9,24.0,1.18,5.5
4838,12.76,75.2,0.0,0.0,0.0,0.0,0.0,0.0
4839,12.77,75.05,29.1,49.3,11.8,21.0,1.22,5.6
4840,12.8035,75.7657,21.1,45.8,21.3,25.9,1.19,5.6
4841,12.82291,75.46516,22.7,53.4,14.9,16.0,1.25,5.4
4842,12.82631,75.42779,25.7,55.5,14.1,18.0,1.15,5.3
4843,12.82783,75.59866,24.8,53.5,14.4,25.5,1.15,5.4
4844,12.828,75.64,24.7,49.6,16.6,23.1,1.15,5.4
4845,12.82864,75.59741,24.8,53.7,14.7,24.7,1.18,5.4
4846,12.82868,75.6013,26.5,51.9,15.3,25.5,1.18,5.4
4847,12.8287,75.61331,26.8,50.3,15.6,28.8,1.19,5.4
4848,12.82874,75.61061,24.3,51.7,15.9,28.0,1.2,5.4
4849,12.82891,75.61145,24.3,51.7,15.9,28.0,1.2,5.4
4850,12.82893,75.61404,24.9,49.3,15.5,28.3,1.2,5.4
4851,12.829,75.63,30.2,48.8,13.5,29.4,1.14,5.4
4852,12.829083,75.645417,27.8,48.6,16.7,24.8,1.16,5.4
4853,12.82911,75.61095,24.3,51.7,15.9,28.0,1.2,5.4
4854,12.82913,75.62238,31.6,46.2,12.8,29.4,1.15,5.4
4855,12.82917,75.62067,31.6,46.2,12.8,29.4,1.15,5.4
4856,12.82936,75.48357,24.8,54.6,14.9,16.7,1.23,5.4
4857,12.82988,75.49436,24.0,52.3,16.8,15.7,1.22,5.4
4858,12.83,75.635,30.5,47.0,13.2,27.9,1.12,5.5
4859,12.83,75.635,30.5,47.0,13.2,27.9,1.12,5.5
4860,12.83015,75.64713,30.6,47.1,14.2,26.0,1.1,5.4
4861,12.83057,75.59327,24.9,53.5,14.9,23.9,1.15,5.4
4862,12.83079,75.64701,30.6,47.1,14.2,26.0,1.1,5.4
4863,12.83083,75.59396,26.3,53.4,14.4,25.2,1.18,5.4
4864,12.83087,75.59372,26.3,53.4,14.4,25.2,1.18,5.4
4865,12.83139,75.64685,30.6,47.1,14.2,26.0,1.1,5.4
4866,12.83193,75.64689,30.6,47.1,14.2,26.0,1.1,5.4
4867,12.83244,75.64711,30.7,48.6,14.1,27.4,1.1,5.4
4868,12.833,75.65,30.5,47.4,14.2,26.4,1.11,5.4
4869,12.833,75.648,30.7,48.6,14.1,27.4,1.1,5.4
4870,12.833,75.648,30.7,48.6,14.1,27.4,1.1,5.4
4871,12.8334,75.65279,30.5,47.1,14.1,27.1,1.15,5.4
4872,12.834,75.654,30.5,47.1,14.1,27.1,1.15,5.4
4873,12.83408,75.65329,30.5,47.1,14.1,27.1,1.15,5.4
4874,12.83437,75.65434,30.5,47.1,14.1,27.1,1.15,5.4
4875,12.835,75.656,30.5,47.2,14.2,27.1,1.15,5.4
4876,12.835,75.588,25.7,53.5,14.9,24.8,1.12,5.4
4877,12.839,75.66,28.6,48.1,14.0,28.0,1.16,5.5
4878,12.83957,75.66188,30.5,47.7,13.3,25.9,1.14,5.5
4879,12.8396,75.66058,30.0,48.4,13.7,26.8,1.14,5.4
4880,12.83969,75.66936,28.1,49.1,14.5,27.6,1.15,5.4
4881,12.83985,75.66091,30.0,48.4,13.7,26.8,1.14,5.4
4882,12.83994,75.66534,30.0,47.9,13.7,25.9,1.18,5.4
4883,12.83998,75.66656,28.2,48.6,14.2,27.4,1.14,5.4
4884,12.841,75.675,31.2,47.2,13.7,28.0,1.14,5.4
4885,12.841,75.674,28.1,49.0,14.1,27.4,1.16,5.4
4886,12.84108,75.67449,28.1,49.0,14.1,27.4,1.16,5.4
4887,12.84211,75.6757,31.0,46.3,13.4,27.0,1.17,5.4
4888,12.84257,75.67643,31.0,46.3,13.4,27.0,1.17,5.4
4889,12.843,75.677,31.0,46.3,13.4,27.0,1.17,5.4
4890,12.843,75.677,31.0,46.3,13.4,27.0,1.17,5.4
4891,12.84348,75.67706,31.0,46.3,13.4,27.0,1.17,5.4
4892,12.84444,75.67841,31.2,45.0,13.9,27.8,1.18,5.4
4893,12.84467,75.67905,31.2,45.0,13.9,27.8,1.18,5.4
4894,12.84468,75.68052,31.0,47.0,13.6,27.8,1.18,5.4
4895,12.84469,75.68011,31.0,47.0,13.6,27.8,1.18,5.4
4896,12.84483,75.68119,31.0,47.0,13.6,27.8,1.18,5.4
4897,12.84484,75.6833,29.8,46.2,14.2,27.8,1.14,5.4
4898,12.84527,75.67783,31.2,45.0,13.9,27.8,1.18,5.4
4899,12.84544,75.67722,31.2,45.0,13.9,27.8,1.18,5.4
4900,12.8457,75.68489,30.2,46.8,14.1,27.8,1.18,5.4
4901,12.84591,75.68635,27.0,46.8,14.3,27.3,1.18,5.5
4902,12.84612,75.68552,30.2,46.8,14.1,27.8,1.18,5.4
4903,12.84621,75.68771,27.0,46.8,14.3,27.3,1.18,5.5
4904,12.84649,75.69245,27.0,46.7,15.0,27.8,1.15,5.4
4905,12.84682,75.69028,30.1,45.6,14.7,26.8,1.2,5.6
4906,12.84701,75.69511,30.3,44.1,15.8,27.6,1.18,5.4
4907,12.84805,75.69583,28.8,43.5,16.4,27.8,1.18,5.4
4908,12.84855,75.6927,30.0,45.6,15.0,27.6,1.18,5.4
4909,12.8488,75.69242,30.0,45.6,15.0,27.6,1.18,5.4
4910,12.84938,75.69102,29.2,44.2,15.1,27.2,1.18,5.5
4911,12.85,75.21,32.6,48.7,12.8,21.4,1.2,5.5
4912,12.85246,75.69637,29.3,42.7,15.7,27.0,1.2,5.5
4913,12.85384,75.69534,28.6,45.1,14.9,27.4,1.14,5.5
4914,12.85487,75.69511,26.7,45.7,15.3,27.6,1.1,5.4
4915,12.8569,75.69862,30.0,44.1,15.0,26.0,1.2,5.6
4916,12.85771,75.6988,30.0,44.1,15.0,26.0,1.2,5.6
4917,12.85808,75.69647,30.4,45.8,14.7,27.3,1.14,5.4
4918,12.85817,75.69868,30.0,44.1,15.0,26.0,1.2,5.6
4919,12.85993,75.69973,29.8,46.5,14.7,27.8,1.2,5.4
4920,12.86106,75.70058,30.3,45.2,14.6,26.9,1.14,5.5
4921,12.86216,75.70042,30.3,45.2,14.6,26.9,1.14,5.5
4922,12.86233,75.70183,30.3,45.2,14.6,26.9,1.14,5.5
4923,12.86249,75.70238,29.1,44.8,14.7,27.1,1.13,5.4
4924,12.8625,75.70113,30.3,45.2,14.6,26.9,1.14,5.5
4925,12.8643,75.70242,23.7,46.8,17.3,27.9,1.14,5.6
4926,12.86814,75.70387,23.6,46.4,18.2,27.9,1.1,5.4
4927,12.86818,75.7033,23.6,45.9,19.3,29.0,1.13,5.4
4928,12.86944,75.70451,23.5,46.5,18.2,26.9,1.13,5.4
4929,12.8699,75.70908,23.6,43.7,17.7,26.0,1.16,5.5
4930,12.87,74.98,34.3,49.1,10.0,20.9,1.25,5.8
4931,12.87195,75.70739,23.0,46.3,18.8,27.8,1.13,5.4
4932,12.87234,75.70673,23.0,46.3,18.8,27.8,1.13,5.4
4933,12.87245,75.70773,23.0,46.3,18.8,27.8,1.13,5.4
4934,12.87357,75.70705,23.5,43.4,19.1,28.1,1.14,5.4
4935,12.88,75.15,32.3,49.1,10.8,24.4,1.2,5.6
4936,12.89,75.11,31.3,49.3,11.9,20.9,1.18,5.5
4937,12.89351,75.72949,25.4,44.0,21.4,26.4,1.13,5.6
4938,12.89494,75.73035,25.4,43.4,21.2,26.4,1.14,5.6
4939,12.89557,75.73109,25.4,43.4,21.2,26.4,1.14,5.6
4940,12.89697,75.73264,21.0,44.8,21.8,24.2,1.19,5.6
4941,12.89868,75.73492,21.0,47.2,21.0,26.5,1.16,5.5
4942,12.89997,75.735,18.2,46.7,22.8,23.9,1.2,5.6
4943,12.90027,75.73516,18.2,46.7,22.8,23.9,1.2,5.6
4944,12.90691,75.73678,21.0,45.2,21.7,24.0,1.23,5.4
4945,12.91,75.04,35.6,49.4,9.6,23.7,1.21,5.5
4946,12.91222,75.73727,20.6,44.8,21.2,23.9,1.21,5.4
4947,12.91473,75.73981,20.8,44.1,21.4,23.2,1.23,5.5
4948,12.918733,75.756387,22.4,43.6,21.6,19.2,1.2,5.4
4949,12.91875,75.75809,22.4,43.6,21.6,19.2,1.2,5.4
4950,12.91919,75.75709,22.4,43.6,21.6,19.2,1.2,5.4
4951,12.91989,75.74757,23.7,45.4,19.3,21.6,1.16,5.4
4952,12.92,75.04,32.1,48.0,11.5,26.4,1.19,5.5
4953,12.92,75.1,32.1,48.0,11.8,25.1,1.19,5.4
4954,12.92468,75.76192,22.3,43.8,20.6,22.3,1.18,5.6
4955,12.92762,75.7637,19.9,42.6,21.9,19.1,1.19,5.6
4956,12.9454,75.7746,22.4,44.6,17.0,18.8,1.21,5.9
4957,12.946,75.403,25.3,54.6,14.0,22.3,1.18,5.4
4958,12.95,75.19,28.9,43.6,15.3,21.9,1.22,5.7
4959,12.95,75.17,26.9,43.1,16.3,26.8,1.23,5.7
4960,12.98,75.15,31.8,47.5,13.3,24.6,1.2,5.5
4961,12.99,75.05,31.4,46.7,11.9,21.5,1.23,5.8
4962,13.000633,75.010503,35.8,48.0,10.3,21.7,1.25,5.5
4963,13.031792,75.109283,29.5,48.0,13.5,21.4,1.2,5.5
4964,13.032206,75.101083,29.5,47.4,12.8,20.8,1.2,5.6
4965,13.04,74.91,34.5,48.6,10.2,22.0,1.25,5.7
4966,13.04,74.91,34.5,48.6,10.2,22.0,1.25,5.7
4967,13.04,74.91,34.5,48.6,10.2,22.0,1.25,5.7
4968,13.041958,75.562714,22.9,39.6,20.9,26.6,1.17,5.4
4969,13.05,74.97,35.9,48.9,9.7,21.6,1.2,5.9
4970,13.05,75.0,34.1,48.2,10.4,23.5,1.2,5.4
4971,13.059447,75.5541,23.8,41.5,24.0,23.9,1.11,5.4
4972,13.059447,75.5541,23.8,41.5,24.0,23.9,1.11,5.4
4973,13.06,74.98,35.2,48.0,9.4,19.2,1.25,5.8
4974,13.06,74.97,35.3,48.1,9.2,20.8,1.2,5.8
4975,13.065758,75.435336,24.3,52.9,17.3,26.1,1.16,5.4
4976,13.066495,75.435351,24.3,52.9,17.3,26.1,1.16,5.4
4977,13.067444,75.472,27.8,50.0,13.9,30.0,1.07,5.4
4978,13.067861,75.47311111,27.8,50.0,13.9,30.0,1.07,5.4
4979,13.068361,75.47297222,27.8,50.0,13.9,30.0,1.07,5.4
4980,13.068444,75.46966667,28.2,49.2,14.1,30.0,1.08,5.4
4981,13.068972,75.47333333,29.0,50.2,13.6,27.9,1.07,5.4
4982,13.07,74.92,33.3,49.1,12.0,21.5,1.2,5.6
4983,13.070123,75.445311,31.3,47.0,13.7,31.1,1.09,5.4
4984,13.071889,75.46511111,30.0,48.3,13.6,30.0,1.08,5.4
4985,13.072583,75.46263889,30.9,47.7,13.6,30.8,1.07,5.4
4986,13.072806,75.47608333,30.1,46.4,13.6,27.9,1.07,5.4
4987,13.072806,75.47383333,28.6,48.9,13.7,29.7,1.06,5.4
4988,13.073528,75.47678333,30.1,46.4,13.6,27.9,1.07,5.4
4989,13.073728,75.47702778,32.2,45.5,13.3,27.8,1.06,5.4
4990,13.073861,75.46244444,31.2,47.9,13.5,30.1,1.09,5.4
4991,13.074028,75.47705556,32.2,45.5,13.3,27.8,1.06,5.4
4992,13.074473,75.449953,27.7,49.2,14.2,28.5,1.1,5.4
4993,13.074591,75.449367,27.7,49.2,14.2,28.5,1.1,5.4
4994,13.074694,75.46266667,31.2,47.9,13.5,30.1,1.09,5.4
4995,13.074781,75.457356,30.3,49.0,13.4,32.6,1.07,5.4
4996,13.074944,75.46152778,30.5,48.0,13.4,30.4,1.09,5.4
4997,13.074956,75.456846,30.3,49.0,13.4,32.6,1.07,5.4
4998,13.075007,75.457789,30.3,49.0,13.4,32.6,1.07,5.4
4999,13.075048,75.456283,30.3,49.0,13.4,32.6,1.07,5.4
5000,13.075112,75.458339,30.7,48.8,13.3,31.2,1.08,5.4
5001,13.075209,75.450247,27.7,49.2,14.2,28.5,1.1,5.4
5002,13.075297,75.452491,31.0,47.9,13.4,32.0,1.08,5.4
5003,13.075421,75.458686,30.7,48.8,13.3,31.2,1.08,5.4
5004,13.075437,75.452689,31.0,47.9,13.4,32.0,1.08,5.4
5005,13.075631,75.45381,30.1,49.0,13.4,31.3,1.07,5.4
5006,13.075699,75.469923,29.9,48.7,14.1,29.4,1.09,5.4
5007,13.075713,75.45596,30.3,49.0,13.4,32.6,1.07,5.4
5008,13.075714,75.456818,30.3,49.0,13.4,32.6,1.07,5.4
5009,13.075811,75.450901,27.7,49.2,14.2,28.5,1.1,5.4
5010,13.07595,75.470398,29.9,48.7,14.1,29.4,1.09,5.4
5011,13.076021,75.471532,30.7,46.8,13.3,29.8,1.07,5.4
5012,13.076028,75.46038889,30.5,48.0,13.4,30.4,1.09,5.4
5013,13.076035,75.470727,29.9,48.7,14.1,29.4,1.09,5.4
5014,13.076068,75.452914,31.0,47.9,13.4,32.0,1.08,5.4
5015,13.076139,75.45528889,31.6,47.7,13.3,32.0,1.09,5.4
5016,13.076433,75.45611111,32.2,47.6,12.9,32.8,1.09,5.4
5017,13.076503,75.455661,32.2,47.6,12.9,32.8,1.09,5.4
5018,13.076509,75.471719,30.9,47.8,13.2,29.9,1.09,5.4
5019,13.076512,75.457142,32.2,47.6,12.9,32.8,1.09,5.4
5020,13.076725,75.45168889,31.4,46.2,13.3,31.1,1.1,5.4
5021,13.076911,75.456287,32.2,47.6,12.9,32.8,1.09,5.4
5022,13.077058,75.472049,30.9,47.8,13.2,29.9,1.09,5.4
5023,13.077069,75.46840833,31.4,46.0,13.4,31.0,1.09,5.4
5024,13.077347,75.45615,32.2,47.6,12.9,32.8,1.09,5.4
5025,13.077621,75.47113778,31.0,47.6,13.2,32.8,1.09,5.4
5026,13.07768,75.47156056,30.9,47.8,13.2,29.9,1.09,5.4
5027,13.077811,75.45585,32.2,47.6,12.9,32.8,1.09,5.4
5028,13.07799,75.461824,31.0,48.3,13.4,32.8,1.1,5.4
5029,13.07801,75.47206139,30.9,47.8,13.2,29.9,1.09,5.4
5030,13.078082,75.460441,31.0,48.3,13.4,32.8,1.1,5.4
5031,13.078177,75.46159,31.0,48.3,13.4,32.8,1.1,5.4
5032,13.078177,75.456289,32.2,47.6,12.9,32.8,1.09,5.4
5033,13.078178,75.46733889,31.4,46.0,13.4,31.0,1.09,5.4
5034,13.0783,75.472707,30.9,47.8,13.2,29.9,1.09,5.4
5035,13.078566,75.456008,32.1,48.1,12.8,32.9,1.1,5.4
5036,13.078608,75.470159,30.3,43.9,15.0,34.9,1.06,5.4
5037,13.078644,75.46679167,31.0,44.0,14.5,33.8,1.08,5.4
5038,13.078949,75.455903,32.1,48.1,12.8,32.9,1.1,5.4
5039,13.079058,75.469755,30.3,43.9,15.0,34.9,1.06,5.4
5040,13.079239,75.46351667,32.0,45.1,13.3,31.0,1.08,5.4
5041,13.079364,75.464196,32.0,45.1,13.3,31.0,1.08,5.4
5042,13.079486,75.46603056,31.0,44.0,14.5,33.8,1.08,5.4
5043,13.079549,75.464559,32.0,45.1,13.3,31.0,1.08,5.4
5044,13.079637,75.469516,30.3,43.9,15.0,34.9,1.06,5.4
5045,13.079667,75.46550833,31.0,44.0,14.5,33.8,1.08,5.4
5046,13.079733,75.464753,31.0,44.0,14.5,33.8,1.08,5.4
5047,13.080787,75.469624,30.3,43.9,15.0,34.9,1.06,5.4
5048,13.082456,75.46934167,30.0,43.7,14.8,32.9,1.06,5.4
5049,13.084009,75.470221,29.4,44.8,14.8,31.0,1.06,5.4
5050,13.084572,75.47103056,29.4,44.8,14.8,31.0,1.06,5.4
5051,13.084891,75.472348,28.6,47.4,14.9,28.5,1.07,5.4
5052,13.085391,75.47301,28.6,47.4,14.9,28.5,1.07,5.4
5053,13.085492,75.473352,28.6,47.4,14.9,28.5,1.07,5.4
5054,13.085655,75.473706,27.6,45.2,16.1,31.0,1.07,5.4
5055,13.086033,75.474045,27.6,45.2,16.1,31.0,1.07,5.4
5056,13.086249,75.474072,27.6,45.2,16.1,31.0,1.07,5.4
5057,13.086435,75.473919,27.6,45.2,16.1,31.0,1.07,5.4
5058,13.08691,75.473671,27.6,45.2,16.1,31.0,1.07,5.4
5059,13.088181,75.47380556,26.5,41.3,19.3,32.3,1.07,5.4
5060,13.089681,75.47438056,26.5,41.3,19.3,32.3,1.07,5.4
5061,13.09,74.91,31.8,47.2,12.4,24.0,1.2,5.5
5062,13.09,74.91,31.8,47.2,12.4,24.0,1.2,5.5
5063,13.09,74.88,29.3,42.3,15.7,23.0,1.23,6.1
5064,13.090333,75.47455556,26.5,41.3,19.3,32.3,1.07,5.4
5065,13.090578,75.47761111,24.5,39.2,21.3,32.2,1.1,5.4
5066,13.090733,75.47833611,27.3,42.2,16.6,30.6,1.08,5.4
5067,13.09092,75.475315,24.5,39.1,21.4,35.2,1.1,5.4
5068,13.091005,75.475531,24.5,39.1,21.4,35.2,1.1,5.4
5069,13.091261,75.47685833,24.5,39.2,21.3,32.2,1.1,5.4
5070,13.091597,75.556144,27.5,41.4,15.0,26.9,1.14,5.4
5071,13.091688,75.479002,27.3,42.2,16.6,30.6,1.08,5.4
5072,13.092426,75.478595,27.3,42.2,16.6,30.6,1.08,5.4
5073,13.093286,75.47829167,25.7,39.7,20.1,32.8,1.05,5.4
5074,13.094038,75.478104,24.7,38.3,22.4,35.2,1.07,5.4
5075,13.094198,75.47805,24.7,38.3,22.4,35.2,1.07,5.4
5076,13.094642,75.47752778,24.7,38.3,22.4,35.2,1.07,5.4
5077,13.094917,75.47715556,24.7,38.3,22.4,35.2,1.07,5.4
5078,13.095556,75.477688,23.6,39.7,23.0,34.1,1.09,5.4
5079,13.096064,75.47753889,23.6,39.7,23.0,34.1,1.09,5.4
5080,13.096222,75.48119444,27.4,47.7,14.6,29.1,1.08,5.4
5081,13.096667,75.47930556,26.3,43.7,17.1,28.6,1.06,5.4
5082,13.096861,75.47791667,23.6,39.7,23.0,34.1,1.09,5.4
5083,13.097222,75.47806944,23.6,39.7,23.0,34.1,1.09,5.4
5084,13.097436,75.47825833,26.3,43.7,17.1,28.6,1.06,5.4
5085,13.097514,75.480175,26.3,43.7,17.1,28.6,1.06,5.4
5086,13.097539,75.480859,27.4,47.7,14.6,29.1,1.08,5.4
5087,13.097806,75.47887222,24.9,42.2,18.7,29.7,1.11,5.4
5088,13.097911,75.479737,24.9,42.2,18.7,29.7,1.11,5.4
5089,13.098131,75.47928889,24.9,42.2,18.7,29.7,1.11,5.4
5090,13.098378,75.481485,25.9,43.4,17.3,30.0,1.09,5.5
5091,13.1,74.93,31.0,46.7,15.7,23.2,1.2,5.5
5092,13.1,74.94,33.5,47.2,13.6,22.2,1.18,5.5
5093,13.100089,75.482283,24.9,42.6,18.2,30.9,1.16,5.4
5094,13.101297,75.48253333,24.9,42.6,18.2,30.9,1.16,5.4
5095,13.101861,75.48300833,24.4,43.1,19.0,29.1,1.06,5.4
5096,13.1035,75.4836,24.1,40.1,20.1,35.6,1.16,5.5
5097,13.104048,75.483368,24.1,40.1,20.1,35.6,1.16,5.5
5098,13.104411,75.48301944,24.1,40.1,20.1,35.6,1.16,5.5
5099,13.105639,75.48262222,24.9,40.0,20.5,32.0,1.1,5.6
5100,13.106722,75.48249444,24.9,40.0,20.5,32.0,1.1,5.6
5101,13.107025,75.48259167,24.9,40.0,20.5,32.0,1.1,5.6
5102,13.107556,75.48374444,23.3,43.5,18.0,29.7,1.15,5.4
5103,13.107558,75.48317222,23.3,43.5,18.0,29.7,1.15,5.4
5104,13.107714,75.48334167,23.3,43.5,18.0,29.7,1.15,5.4
5105,13.107794,75.48478056,23.3,43.5,18.0,29.7,1.15,5.4
5106,13.108206,75.48436667,23.3,43.5,18.0,29.7,1.15,5.4
5107,13.108494,75.48465833,23.3,43.5,18.0,29.7,1.15,5.4
5108,13.108794,75.4848,23.3,43.5,18.0,29.7,1.15,5.4
5109,13.109089,75.48562222,27.3,41.5,17.1,30.2,1.1,5.4
5110,13.109289,75.48587222,27.3,41.5,17.1,30.2,1.1,5.4
5111,13.109467,75.486746,27.3,41.5,17.1,30.2,1.1,5.4
5112,13.109508,75.486283,27.3,41.5,17.1,30.2,1.1,5.4
5113,13.109917,75.48756389,25.2,39.4,19.4,31.0,1.08,5.4
5114,13.109917,75.48756389,25.2,39.4,19.4,31.0,1.08,5.4
5115,13.11,74.92,29.8,46.5,13.2,21.6,1.25,6.0
5116,13.11,74.92,29.8,46.5,13.2,21.6,1.25,6.0
5117,13.11,74.92,29.8,46.5,13.2,21.6,1.25,6.0
5118,13.11,74.92,29.8,46.5,13.2,21.6,1.25,6.0
5119,13.11,74.96,33.7,48.8,12.1,21.6,1.2,5.4
5120,13.110297,75.48794444,25.2,39.4,19.4,31.0,1.08,5.4
5121,13.1111,75.48815,25.2,39.4,19.4,31.0,1.08,5.4
5122,13.111261,75.4888,25.2,39.4,19.4,31.0,1.08,5.4
5123,13.111725,75.488375,25.2,39.4,19.4,31.0,1.08,5.4
5124,13.112194,75.48992222,25.1,38.4,22.0,31.2,1.04,5.4
5125,13.112506,75.49129167,25.1,38.4,22.0,31.2,1.04,5.4
5126,13.113078,75.49271944,26.0,40.3,17.9,31.1,1.07,5.4
5127,13.113224,75.495712,24.5,41.5,18.5,29.2,1.06,5.4
5128,13.113369,75.49297222,26.0,40.3,17.9,31.1,1.07,5.4
5129,13.113604,75.494931,24.5,41.5,18.5,29.2,1.06,5.4
5130,13.113956,75.493981,26.0,40.3,17.9,31.1,1.07,5.4
5131,13.114037,75.496895,24.3,39.9,18.6,29.2,1.06,5.4
5132,13.114205,75.496927,24.3,39.9,18.6,29.2,1.06,5.4
5133,13.114508,75.49356389,24.2,40.6,23.4,35.3,1.05,5.4
5134,13.11453,75.49693,23.4,40.9,21.2,29.2,1.04,5.4
5135,13.115003,75.49697778,23.4,40.9,21.2,29.2,1.04,5.4
5136,13.116056,75.49677778,23.4,40.9,21.2,29.2,1.04,5.4
5137,13.116455,75.49638,23.4,40.9,21.2,29.2,1.04,5.4
5138,13.116739,75.49595556,24.8,40.4,23.6,30.5,1.02,5.3
5139,13.11725,75.49513889,24.8,40.4,23.6,30.5,1.02,5.3
5140,13.117922,75.513139,22.6,39.7,19.8,26.8,1.11,5.4
5141,13.117933,75.505292,25.5,41.1,18.4,28.0,1.11,5.4
5142,13.118442,75.49506944,24.8,40.4,23.6,30.5,1.02,5.3
5143,13.118603,75.503969,25.5,41.1,18.4,28.0,1.11,5.4
5144,13.118986,75.495379,24.8,40.4,23.6,30.5,1.02,5.3
5145,13.119031,75.50414167,25.5,41.1,18.4,28.0,1.11,5.4
5146,13.119369,75.495297,23.9,39.7,21.7,28.2,1.02,5.3
5147,13.119397,75.503161,24.8,39.5,21.2,27.8,1.1,5.4
5148,13.119961,75.50310833,24.8,39.5,21.2,27.8,1.1,5.4
5149,13.119997,75.502342,24.5,40.9,18.8,26.9,1.18,5.6
5150,13.12,74.93,29.8,49.1,11.9,23.4,1.2,5.4
5151,13.120031,75.49533611,23.9,39.7,21.7,28.2,1.02,5.3
5152,13.120233,75.511756,22.8,40.5,19.2,27.8,1.13,5.4
5153,13.120675,75.4952,23.9,39.7,21.7,28.2,1.02,5.3
5154,13.120719,75.50132222,24.5,40.9,18.8,26.9,1.18,5.6
5155,13.120889,75.49986111,23.6,41.0,19.2,27.8,1.08,5.4
5156,13.120944,75.49936667,23.6,41.0,19.2,27.8,1.08,5.4
5157,13.121139,75.48854722,23.3,40.3,24.9,36.4,1.02,5.3
5158,13.121167,75.49918611,23.6,41.0,19.2,27.8,1.08,5.4
5159,13.121583,75.49884444,23.5,39.4,23.3,28.8,1.11,5.5
5160,13.121667,75.49473889,23.9,39.9,21.5,29.0,1.02,5.3
5161,13.121756,75.50029444,23.5,39.4,23.3,28.8,1.11,5.5
5162,13.121783,75.49839444,23.3,40.9,21.9,27.8,1.09,5.4
5163,13.122178,75.49540556,23.9,39.9,21.5,29.0,1.02,5.3
5164,13.122392,75.49776944,23.3,40.9,21.9,27.8,1.09,5.4
5165,13.122494,75.49745556,23.3,40.9,21.9,27.8,1.09,5.4
5166,13.122661,75.49536389,23.9,39.9,21.5,29.0,1.02,5.3
5167,13.122819,75.49686944,23.3,40.9,21.9,27.8,1.09,5.4
5168,13.123094,75.49497222,23.9,39.9,21.5,29.0,1.02,5.3
5169,13.123161,75.49390833,24.4,40.8,22.0,30.0,1.03,5.3
5170,13.123233,75.49331944,24.4,40.8,22.0,30.0,1.03,5.3
5171,13.12365,75.495875,23.9,39.9,21.5,29.0,1.02,5.3
5172,13.125439,75.48674722,21.9,41.6,25.1,25.7,1.04,5.3
5173,13.125586,75.48698056,21.9,41.6,25.1,25.7,1.04,5.3
5174,13.126536,75.48714167,21.6,41.8,22.8,28.0,1.1,5.4
5175,13.12715,75.48799722,22.2,42.8,23.1,29.0,1.07,5.4
5176,13.127256,75.48810278,22.2,42.8,23.1,29.0,1.07,5.4
5177,13.127256,75.48810278,22.2,42.8,23.1,29.0,1.07,5.4
5178,13.129167,75.5147,28.8,41.5,16.1,27.8,1.06,5.4
5179,13.131117,75.48319444,22.9,42.3,21.8,27.8,1.07,5.3
5180,13.131406,75.542392,25.4,39.6,15.5,25.4,1.2,5.5
5181,13.132053,75.543775,25.5,40.1,15.1,25.9,1.2,5.6
5182,13.137,75.508542,26.5,41.7,16.8,29.0,1.08,5.4
5183,13.13935,75.636272,24.3,42.6,19.9,19.2,1.14,5.4
5184,13.13935,75.636272,24.3,42.6,19.9,19.2,1.14,5.4
5185,13.14075,75.41705556,24.7,36.4,25.0,35.2,1.03,5.4
5186,13.140889,75.41575,24.7,36.4,25.0,35.2,1.03,5.4
5187,13.141222,75.41472222,26.0,36.7,24.3,35.2,1.03,5.4
5188,13.141472,75.41683889,24.7,36.4,25.0,35.2,1.03,5.4
5189,13.141528,75.41797222,23.9,37.2,25.6,32.4,1.04,5.4
5190,13.141639,75.41744444,23.9,37.2,25.6,32.4,1.04,5.4
5191,13.141667,75.41780556,23.9,37.2,25.6,32.4,1.04,5.4
5192,13.142619,75.41562222,24.7,36.4,25.0,35.2,1.03,5.4
5193,13.143431,75.41753611,23.0,39.2,26.3,31.1,1.06,5.4
5194,13.144175,75.41755556,23.0,39.2,26.3,31.1,1.06,5.4
5195,13.144478,75.43241667,24.8,38.2,19.4,30.0,1.06,5.5
5196,13.144519,75.426275,25.5,39.5,19.8,28.2,1.1,5.4
5197,13.144758,75.43283611,24.8,38.2,19.4,30.0,1.06,5.5
5198,13.145178,75.41796389,23.0,39.2,26.3,31.1,1.06,5.4
5199,13.145375,75.41823611,23.0,39.2,26.3,31.1,1.06,5.4
5200,13.145528,75.42067778,24.7,40.7,24.4,34.3,1.06,5.4
5201,13.145528,75.42018889,24.7,40.7,24.4,34.3,1.06,5.4
5202,13.145561,75.43621389,24.8,39.7,20.5,30.0,1.06,5.5
5203,13.145928,75.42161667,24.7,40.7,24.4,34.3,1.06,5.4
5204,13.146178,75.43465833,24.8,38.2,19.2,30.0,1.04,5.5
5205,13.146392,75.44256667,29.6,41.1,18.5,28.2,1.06,5.4
5206,13.146433,75.43439444,24.8,38.2,19.2,30.0,1.04,5.5
5207,13.146717,75.43422778,24.8,38.2,19.2,30.0,1.04,5.5
5208,13.146917,75.631236,27.0,43.5,17.0,30.2,1.13,5.4
5209,13.147483,75.4241,24.8,41.6,22.0,31.2,1.06,5.4
5210,13.147769,75.44210556,29.6,41.1,18.5,28.2,1.06,5.4
5211,13.148119,75.43490833,24.3,39.5,19.4,29.8,1.05,5.5
5212,13.148261,75.43549167,25.5,40.9,19.5,31.1,1.05,5.4
5213,13.148317,75.43513056,24.3,39.5,19.4,29.8,1.05,5.5
5214,13.148333,75.630464,24.8,41.3,17.3,23.0,1.16,5.3
5215,13.148428,75.42396111,24.1,40.4,24.5,31.8,1.04,5.4
5216,13.148653,75.630356,24.8,41.3,17.3,23.0,1.16,5.3
5217,13.148756,75.42409444,24.1,40.4,24.5,31.8,1.04,5.4
5218,13.148922,75.41601944,25.5,38.8,22.5,36.4,1.04,5.4
5219,13.149242,75.629869,24.8,41.3,17.3,23.0,1.16,5.3
5220,13.149242,75.629869,24.8,41.3,17.3,23.0,1.16,5.3
5221,13.149728,75.42378889,24.5,38.9,24.9,34.3,1.07,5.4
5222,13.150133,75.43725556,25.5,40.9,19.5,31.1,1.05,5.4
5223,13.150256,75.43881944,23.8,39.7,22.2,31.0,1.07,5.4
5224,13.150458,75.43668333,24.9,40.8,20.6,30.9,1.05,5.5
5225,13.150633,75.42712778,24.1,41.8,20.9,25.6,1.1,5.4
5226,13.151058,75.43167222,25.5,39.9,19.5,29.1,1.06,5.4
5227,13.151447,75.431875,25.5,39.9,19.5,29.1,1.06,5.4
5228,13.153661,75.43593889,23.9,39.6,20.7,30.0,1.05,5.4
5229,13.154419,75.43788889,24.1,39.3,21.7,30.8,1.06,5.4
5230,13.155258,75.42015833,24.1,41.4,20.9,31.8,1.07,5.4
5231,13.155742,75.43355,23.5,41.2,19.5,27.9,1.04,5.4
5232,13.156464,75.681725,23.2,39.6,24.7,27.8,1.06,5.4
5233,13.157842,75.683764,24.1,40.3,23.3,25.9,1.1,5.5
5234,13.157858,75.687461,25.0,39.6,24.6,29.6,1.08,5.4
5235,13.158122,75.525186,30.3,39.3,19.7,29.0,1.07,5.4
5236,13.158206,75.44531667,25.2,41.0,19.2,30.9,1.09,5.4
5237,13.159769,75.43175833,26.9,39.6,20.3,31.2,1.08,5.5
5238,13.159814,75.43942222,26.4,39.2,20.3,31.1,1.06,5.4
5239,13.160072,75.41798056,25.7,38.5,22.8,31.3,1.04,5.4
5240,13.160139,75.43202778,26.9,39.6,20.3,31.2,1.08,5.5
5241,13.160167,75.41928611,25.7,38.5,22.8,31.3,1.04,5.4
5242,13.160472,75.43705556,26.5,39.7,20.7,32.7,1.06,5.4
5243,13.160475,75.43961667,26.4,39.2,20.3,31.1,1.06,5.4
5244,13.160478,75.41904722,25.7,38.5,22.8,31.3,1.04,5.4
5245,13.1605,75.43075556,26.9,39.6,20.3,31.2,1.08,5.5
5246,13.160556,75.43769444,26.4,39.2,20.3,31.1,1.06,5.4
5247,13.160581,75.43725,26.5,39.7,20.7,32.7,1.06,5.4
5248,13.160611,75.43641667,26.5,39.7,20.7,32.7,1.06,5.4
5249,13.160694,75.43555556,26.5,39.7,20.7,32.7,1.06,5.4
5250,13.1608,75.44183889,25.5,39.7,19.9,30.0,1.07,5.4
5251,13.160889,75.43225,26.9,39.6,20.3,31.2,1.08,5.5
5252,13.160944,75.41573889,25.2,39.7,22.2,33.0,1.06,5.4
5253,13.161203,75.41518056,25.2,39.7,22.2,33.0,1.06,5.4
5254,13.1615,75.42231944,23.9,41.3,22.3,31.8,1.06,5.4
5255,13.161528,75.41494444,25.2,39.7,22.2,33.0,1.06,5.4
5256,13.161556,75.4235,23.9,41.3,22.3,31.8,1.06,5.4
5257,13.161578,75.42305833,23.9,41.3,22.3,31.8,1.06,5.4
5258,13.161736,75.41436944,23.6,39.1,21.6,32.7,1.05,5.4
5259,13.161914,75.42608889,25.2,41.0,21.8,31.9,1.06,5.4
5260,13.162261,75.4255,23.9,41.1,23.9,32.3,1.06,5.3
5261,13.162431,75.41350833,23.8,40.7,21.3,30.0,1.06,5.4
5262,13.162592,75.41584444,26.0,39.7,21.8,30.0,1.05,5.4
5263,13.163106,75.41518333,26.0,39.7,21.8,30.0,1.05,5.4
5264,13.163197,75.40276111,24.2,41.1,20.3,29.9,1.1,5.4
5265,13.163211,75.41568333,26.0,39.7,21.8,30.0,1.05,5.4
5266,13.163303,75.40312778,24.2,41.1,20.3,29.9,1.1,5.4
5267,13.163333,75.40219444,24.2,41.1,20.3,29.9,1.1,5.4
5268,13.163717,75.41236111,26.3,38.2,20.9,30.0,1.06,5.4
5269,13.164083,75.40111111,24.3,41.4,19.3,30.0,1.09,5.4
5270,13.164383,75.41210833,26.3,38.2,20.9,30.0,1.06,5.4
5271,13.164472,75.44251667,27.0,39.6,20.5,31.6,1.06,5.4
5272,13.164778,75.40022222,25.8,40.3,20.7,30.0,1.07,5.4
5273,13.165048,75.410493,24.5,38.8,24.0,28.0,1.04,5.4
5274,13.165128,75.409349,25.0,38.8,23.2,28.0,1.04,5.4
5275,13.165361,75.40733889,24.6,38.2,23.1,30.5,1.04,5.4
5276,13.165375,75.44223889,26.5,40.5,20.9,30.0,1.06,5.4
5277,13.165556,75.41025,25.0,38.8,23.2,28.0,1.04,5.4
5278,13.165612,75.408087,24.6,38.2,23.1,30.5,1.04,5.4
5279,13.165894,75.44276667,26.5,40.5,20.9,30.0,1.06,5.4
5280,13.167662,75.451962,28.1,39.7,17.6,27.8,1.07,5.4
5281,13.168069,75.40731389,24.5,38.6,24.0,30.0,1.04,5.4
5282,13.168325,75.40531389,25.7,38.1,22.5,31.9,1.04,5.4
5283,13.168436,75.40560556,25.7,38.1,22.5,31.9,1.04,5.4
5284,13.168464,75.46169722,24.1,40.8,24.5,31.9,1.1,5.4
5285,13.168481,75.39894722,26.7,39.1,21.0,33.3,1.07,5.4
5286,13.168808,75.40454722,25.7,38.1,22.5,31.9,1.04,5.4
5287,13.169333,75.39791667,24.0,40.4,23.2,33.5,1.06,5.4
5288,13.169783,75.39492778,22.7,42.0,22.8,35.5,1.06,5.4
5289,13.170225,75.651144,25.9,40.6,23.1,29.2,1.08,5.4
5290,13.172864,75.39403611,28.7,37.5,20.5,31.1,1.06,5.4
5291,13.183087,75.365963,27.2,38.0,23.2,35.3,1.06,5.5
5292,13.183209,75.365925,27.2,38.0,23.2,35.3,1.06,5.5
5293,13.184673,75.356275,28.4,37.7,22.3,32.8,1.07,5.4
5294,13.186041,75.411101,24.8,39.7,23.1,33.5,1.06,5.3
5295,13.186824,75.427937,28.6,40.9,19.5,29.7,1.07,5.3
5296,13.189177,75.424377,28.3,41.3,18.7,32.2,1.07,5.4
5297,13.189503,75.309979,30.5,43.3,15.8,30.4,1.09,5.4
5298,13.191528,75.419431,27.8,40.9,18.7,32.6,1.07,5.3
5299,13.193335,75.414127,27.0,38.0,20.7,28.7,1.08,5.4
5300,13.194086,75.56865,25.8,42.0,18.0,19.9,1.19,5.6
5301,13.194101,75.295056,28.3,41.6,17.6,29.8,1.07,5.4
5302,13.195354,75.42306,27.6,41.0,17.5,29.0,1.11,5.4
5303,13.195673,75.423542,26.7,41.1,18.2,27.9,1.07,5.4
5304,13.195735,75.424239,27.4,39.7,18.2,29.7,1.1,5.4
5305,13.195924,75.424656,27.4,39.7,18.2,29.7,1.1,5.4
5306,13.196686,75.409557,28.9,38.1,20.1,30.0,1.07,5.4
5307,13.19676,75.397879,24.8,45.3,17.8,28.6,1.12,5.4
5308,13.196778,75.668722,23.0,37.8,26.5,25.0,1.15,5.5
5309,13.196928,75.3917,25.3,43.7,17.8,30.9,1.16,5.4
5310,13.197706,75.426592,26.7,40.4,18.2,27.8,1.1,5.4
5311,13.197735,75.407739,24.7,41.7,20.2,27.8,1.07,5.4
5312,13.198324,75.417662,29.2,39.1,19.1,29.1,1.07,5.4
5313,13.198978,75.401696,26.5,44.9,16.2,29.9,1.12,5.4
5314,13.199564,75.428616,25.5,45.4,17.4,29.1,1.08,5.4
5315,13.1999,75.405711,26.5,44.6,16.2,27.9,1.12,5.4
5316,13.200817,75.425459,27.0,39.7,19.1,30.0,1.08,5.4
5317,13.202244,75.117919,26.7,47.8,14.9,18.3,1.27,5.6
5318,13.202581,75.410134,26.9,43.6,18.5,28.7,1.07,5.4
5319,13.202962,75.409863,25.7,43.5,18.7,27.8,1.07,5.4
5320,13.20337,75.409634,25.7,43.5,18.7,27.8,1.07,5.4
5321,13.205236,75.426479,25.2,43.1,20.1,28.0,1.08,5.4
5322,13.205598,75.426081,26.1,41.5,20.1,29.8,1.07,5.4
5323,13.209122,75.202078,29.9,42.2,17.1,28.1,1.18,5.4
5324,13.210603,75.258846,27.2,43.4,16.5,27.0,1.14,5.5
5325,13.211987,75.424953,26.5,41.2,20.2,31.2,1.08,5.4
5326,13.212161,75.425065,26.5,41.2,20.2,31.2,1.08,5.4
5327,13.212484,75.425198,25.3,41.5,20.1,31.6,1.08,5.4
5328,13.213854,75.425569,25.3,41.5,20.1,31.6,1.08,5.4
5329,13.214444,75.226133,29.3,43.0,15.6,27.5,1.18,5.5
5330,13.214726,75.377836,23.4,42.7,18.2,27.9,1.11,5.5
5331,13.215624,75.376824,23.4,42.7,18.2,27.9,1.11,5.5
5332,13.21594,75.375912,24.6,45.5,17.8,28.6,1.1,5.4
5333,13.216833,75.421021,25.5,42.8,18.1,27.4,1.11,5.3
5334,13.218696,75.420822,25.5,41.5,21.0,32.9,1.07,5.4
5335,13.219281,75.421672,25.7,40.4,21.6,34.1,1.06,5.4
5336,13.219752,75.41844,25.3,41.7,21.0,34.6,1.06,5.4
5337,13.219795,75.419941,26.3,41.3,22.2,33.7,1.05,5.4
5338,13.219902,75.418781,25.3,41.7,21.0,34.6,1.06,5.4
5339,13.220686,75.370078,26.1,44.8,18.5,27.8,1.06,5.5
5340,13.220775,75.421766,25.7,40.4,21.6,34.1,1.06,5.4
5341,13.220826,75.434083,28.1,45.0,16.5,28.1,1.06,5.3
5342,13.221155,75.418258,25.3,41.7,21.0,34.6,1.06,5.4
5343,13.221942,75.422984,26.4,41.5,22.9,37.5,1.04,5.4
5344,13.222818,75.423086,26.4,41.5,22.9,37.5,1.04,5.4
5345,13.222957,75.366519,27.3,43.5,17.8,27.8,1.05,5.5
5346,13.223744,75.422957,26.4,41.5,22.9,37.5,1.04,5.4
5347,13.225139,75.180889,25.6,38.9,20.9,28.1,1.11,5.4
5348,13.225767,75.426028,29.1,39.0,20.3,35.1,1.05,5.4
5349,13.226405,75.352974,23.1,48.1,17.6,27.5,1.1,5.5
5350,13.226965,75.353314,21.4,46.3,18.1,25.9,1.16,5.4
5351,13.228207,75.418615,23.7,41.6,21.3,30.4,1.06,5.3
5352,13.229565,75.429101,29.0,38.8,21.0,34.0,1.06,5.4
5353,13.233196,75.432255,27.5,38.5,20.7,33.6,1.06,5.4
5354,13.233731,75.600819,27.1,42.7,20.5,29.6,1.09,5.4
5355,13.233731,75.600819,27.1,42.7,20.5,29.6,1.09,5.4
5356,13.234094,75.435418,29.1,39.9,17.9,29.4,1.06,5.4
5357,13.235303,75.603981,26.6,42.6,20.5,27.9,1.09,5.5
5358,13.23698,75.439819,29.8,41.0,17.5,29.4,1.11,5.4
5359,13.237117,75.351554,24.2,45.1,16.8,26.2,1.16,5.3
5360,13.237212,75.440448,29.8,41.0,17.5,29.4,1.11,5.4
5361,13.237481,75.176153,21.9,37.4,23.5,31.2,1.05,5.4
5362,13.240297,75.610642,25.7,41.6,21.3,27.8,1.08,5.5
5363,13.240308,75.610667,25.7,41.6,21.3,27.8,1.08,5.5
5364,13.253575,75.127911,24.2,49.9,16.9,25.3,1.13,5.5
5365,13.254008,75.128328,24.2,49.9,16.9,25.3,1.13,5.5
5366,13.2614,75.129183,21.9,50.5,17.6,25.0,1.12,5.4
5367,13.262025,75.129508,21.9,50.5,17.6,25.0,1.12,5.4
5368,13.263,75.131,18.1,50.1,17.4,25.5,1.13,5.4
5369,13.269044,75.617364,30.3,41.9,14.7,26.5,1.1,5.4
5370,13.2703,75.620444,30.4,38.9,17.7,27.8,1.1,5.4
5371,13.284292,75.127542,20.1,45.5,19.7,26.2,1.12,5.3
5372,13.28643,75.402691,30.0,39.7,18.2,29.0,1.06,5.4
5373,13.287042,75.149761,24.4,41.1,20.3,30.9,1.08,5.5
5374,13.294071,75.394358,28.9,36.1,22.9,35.2,1.06,5.4
5375,13.299417,75.6255,26.5,38.5,21.2,28.9,1.16,5.6
5376,13.323538,75.351872,27.1,42.1,16.2,28.4,1.09,5.4
5377,13.325028,75.142797,24.2,44.1,17.9,27.8,1.16,5.5
5378,13.327428,75.303499,25.3,42.2,18.3,28.2,1.08,5.4
5379,13.332867,75.561889,27.0,42.7,16.3,25.1,1.19,5.4
5380,13.340753,75.598375,25.4,40.7,20.2,28.2,1.07,5.4
5381,13.341,75.170931,23.5,43.7,17.6,27.5,1.14,5.4
5382,13.341724,75.402631,30.8,42.9,16.0,29.2,1.08,5.4
5383,13.355999,75.358491,26.5,45.1,15.3,28.1,1.14,5.4
5384,13.361614,75.206825,23.3,43.0,16.9,29.6,1.15,5.5
5385,13.362853,75.707381,0.0,0.0,0.0,0.0,0.0,0.0
5386,13.368364,75.74775,20.2,37.3,28.5,20.4,1.17,5.8
5387,13.371161,75.214142,23.8,43.9,17.3,28.1,1.11,5.5
5388,13.374531,75.214092,24.0,43.4,17.3,28.1,1.09,5.5
5389,13.376253,75.211964,24.3,43.7,17.5,27.8,1.16,5.4
5390,13.379221,75.393189,23.9,45.9,15.4,27.9,1.14,5.5
5391,13.380311,75.722208,22.8,41.7,24.4,29.2,1.1,5.7
5392,13.382151,75.385448,24.4,44.6,17.4,26.5,1.11,5.4
5393,13.385728,75.724897,27.6,38.2,21.8,30.5,1.1,5.6
5394,13.387708,75.308033,25.9,43.9,17.2,31.1,1.09,5.4
5395,13.390861,75.180214,22.9,43.2,20.1,29.7,1.06,5.5
5396,13.393819,75.645156,24.3,34.5,26.7,26.8,1.1,5.4
5397,13.394984,75.339296,25.8,44.6,17.1,30.3,1.12,5.4
5398,13.394986,75.645078,24.5,37.2,25.4,27.4,1.08,5.5
5399,13.396244,75.732494,27.0,39.1,23.9,41.1,1.01,5.5
5400,13.398056,75.644892,26.9,34.9,24.4,27.0,1.1,5.4
5401,13.39838,75.372827,28.4,46.1,14.7,25.4,1.1,5.4
5402,13.3989,75.644167,28.4,34.7,23.5,27.1,1.1,5.4
5403,13.401244,75.734019,26.2,35.6,24.5,35.1,1.1,5.7
5404,13.403428,75.609367,22.5,42.0,20.8,26.9,1.16,5.7
5405,13.403739,75.233336,21.3,44.8,19.3,20.1,1.22,5.3
5406,13.405536,75.742908,29.3,36.3,21.8,32.5,1.1,5.7
5407,13.405967,75.74395,27.9,34.6,24.1,30.4,1.02,5.6
5408,13.406292,75.7346,28.7,36.2,22.8,32.2,1.0,5.7
5409,13.407422,75.646506,25.3,32.8,25.1,27.8,1.13,5.4
5410,13.409183,75.618222,25.1,36.4,23.7,25.0,1.09,5.4
5411,13.414597,75.724731,28.4,34.8,21.6,31.8,1.04,5.8
5412,13.417269,75.642972,25.0,40.7,19.6,27.9,1.14,5.4
5413,13.435458,75.742806,27.6,33.2,23.3,28.6,1.04,5.5
5414,13.436708,75.190408,24.2,46.0,16.6,29.8,1.18,5.5
5415,13.442789,75.317796,22.2,44.7,20.2,22.9,1.14,5.3
5416,13.446392,75.269855,22.5,43.9,19.3,23.8,1.18,5.3
5417,13.447556,75.317786,23.5,47.2,18.0,22.9,1.14,5.3
5418,13.453847,75.059181,24.3,47.5,17.0,21.6,1.18,5.5
5419,13.46,74.96,30.2,48.7,15.1,22.9,1.21,6.0
5420,13.471956,75.240756,22.5,47.1,18.5,23.8,1.15,5.3
5421,13.473847,75.033892,24.1,47.0,17.5,18.2,1.23,5.6
5422,13.477825,75.047511,23.0,47.0,17.7,17.9,1.23,5.4
5423,13.485731,75.741561,28.7,36.2,23.6,27.9,1.08,5.6
5424,13.486328,75.078558,21.0,47.7,18.7,29.1,1.14,5.5
5425,13.488889,75.077564,21.3,46.8,18.6,28.9,1.14,5.5
5426,13.493678,75.078692,18.1,46.1,20.9,29.7,1.17,5.4
5427,13.494447,75.078311,17.7,45.5,21.5,30.7,1.14,5.5
5428,13.4945,75.075161,24.2,48.4,17.5,28.2,1.14,5.5
5429,13.495022,75.0807,16.8,45.6,21.5,30.7,1.18,5.5
5430,13.495056,75.079806,17.7,45.5,21.5,30.7,1.14,5.5
5431,13.495556,75.075983,20.0,47.7,17.8,29.9,1.14,5.5
5432,13.495797,75.080294,17.7,45.5,21.5,30.7,1.14,5.5
5433,13.496133,75.077625,20.0,47.7,17.8,29.9,1.14,5.5
5434,13.496806,75.079,18.0,45.9,20.2,29.7,1.14,5.5
5435,13.497169,75.080533,18.1,46.7,20.5,28.0,1.14,5.5
5436,13.5,75.39,29.5,40.0,16.9,30.0,1.11,5.4
5437,13.5,75.21,21.2,46.5,18.2,19.0,1.2,5.3
5438,13.5,75.3,22.5,45.6,17.1,22.1,1.22,5.3
5439,13.51,75.39,29.8,41.4,17.4,30.4,1.1,5.4
5440,13.51,75.41,25.0,42.3,16.8,25.9,1.15,5.4
5441,13.51,75.17,22.5,47.8,18.2,29.9,1.11,5.5
5442,13.51,75.11,22.6,44.6,18.5,30.9,1.12,5.6
5443,13.51,75.31,21.1,44.9,17.5,18.9,1.18,5.2
5444,13.51,75.27,22.3,45.7,16.4,22.1,1.18,5.3
5445,13.52,75.33,23.3,42.8,16.4,19.0,1.21,5.3
5446,13.52,75.31,22.4,42.4,19.3,19.6,1.27,5.3
5447,13.52,75.31,22.4,42.4,19.3,19.6,1.27,5.3
5448,13.52,75.27,21.7,44.6,16.8,18.7,1.25,5.3
5449,13.52,75.31,22.4,42.4,19.3,19.6,1.27,5.3
5450,13.52,75.28,21.8,45.4,17.2,19.0,1.19,5.3
5451,13.52,75.26,20.8,44.6,17.5,19.2,1.29,5.3
5452,13.53,75.33,22.8,42.9,19.6,30.2,1.08,5.4
5453,13.53,75.16,20.5,48.5,18.2,25.8,1.18,5.5
5454,13.53,75.24,22.0,44.6,17.6,23.2,1.2,5.3
5455,13.53,75.38,26.5,45.5,16.8,21.6,1.2,5.4
5456,13.53,75.27,23.2,44.4,15.9,21.1,1.2,5.3
5457,13.53,75.26,20.1,44.0,17.5,19.1,1.29,5.6
5458,13.54,75.11,21.7,44.4,18.7,27.0,1.18,5.5
5459,13.54,75.39,21.2,43.9,23.4,24.6,1.12,5.3
5460,13.54,75.27,21.2,44.7,17.5,21.5,1.2,5.3
5461,13.55,75.35,20.5,42.1,20.3,23.2,1.14,5.3
5462,13.55,75.16,20.9,44.3,19.8,27.1,1.16,5.4
5463,13.55,75.12,23.3,44.9,17.3,27.0,1.18,5.6
5464,13.55,75.43,21.6,44.3,19.4,23.0,1.14,5.3
5465,13.56,75.17,19.4,44.3,22.4,31.9,1.1,5.4
5466,13.57,75.3,23.1,45.4,16.7,19.2,1.2,5.3
5467,13.57,75.29,20.6,48.3,17.8,21.4,1.24,5.3
5468,13.57,75.33,21.3,43.6,18.6,21.0,1.23,5.5
5469,13.57,75.41,22.8,42.6,19.0,21.9,1.18,5.4
5470,13.57,75.33,21.3,43.6,18.6,21.0,1.23,5.5
5471,13.58,75.31,23.1,44.8,18.3,21.6,1.18,5.4
5472,13.58,75.31,23.1,44.8,18.3,21.6,1.18,5.4
5473,13.58,75.31,23.1,44.8,18.3,21.6,1.18,5.4
5474,13.59,75.37,20.7,42.4,20.7,23.3,1.16,5.5
5475,13.59,75.36,22.6,42.4,20.8,25.0,1.17,5.4
5476,13.59,75.36,22.6,42.4,20.8,25.0,1.17,5.4
5477,13.59,75.36,22.6,42.4,20.8,25.0,1.17,5.4
5478,13.59,75.45,21.2,44.8,16.6,20.8,1.24,5.8
5479,13.59,75.41,22.5,42.7,19.8,23.0,1.19,5.4
5480,13.59,75.32,22.5,43.5,18.1,18.0,1.25,5.5
5481,13.6,75.33,23.2,43.5,16.9,22.5,1.2,5.4
5482,13.6,75.3,21.0,44.5,17.3,19.1,1.21,5.3
5483,13.6,75.28,19.6,46.4,18.3,19.1,1.22,5.3
5484,13.6,75.31,22.4,42.6,17.5,19.0,1.23,5.4
5485,13.61,75.33,19.8,42.3,19.0,20.9,1.17,5.3
5486,13.62,75.33,19.4,43.3,20.1,22.4,1.24,5.5
5487,13.62,75.26,22.3,44.7,16.8,20.0,1.18,5.3
5488,13.62,75.26,22.3,44.7,16.8,20.0,1.18,5.3
5489,13.62,75.26,22.3,44.7,16.8,20.0,1.18,5.3
5490,13.62,75.27,22.5,43.7,16.4,19.0,1.29,5.3
5491,13.62,75.38,20.6,41.3,18.7,19.0,1.23,5.3
5492,13.62,75.37,20.8,41.2,21.6,20.9,1.18,5.3
5493,13.62,75.29,21.1,46.2,17.3,20.9,1.29,5.4
5494,13.63,75.28,19.8,45.3,17.5,21.0,1.28,5.4
5495,13.63,75.15,18.7,46.4,18.4,23.0,1.18,5.5
5496,13.63,75.15,18.7,46.4,18.4,23.0,1.18,5.5
5497,13.63,75.29,20.4,45.6,17.3,21.0,1.24,5.4
5498,13.64,75.3,23.4,43.0,16.4,19.2,1.25,5.4
5499,13.64,75.14,21.1,46.8,17.5,22.7,1.18,5.7
5500,13.64,75.13,21.8,49.0,18.1,25.2,1.2,5.6
5501,13.64,75.22,18.2,37.3,21.9,19.5,1.27,5.4
5510,13.65,75.32,22.4,43.0,18.0,21.9,1.27,5.3
5532,13.66,75.22,18.5,43.5,18.1,20.6,1.23,5.4
5533,13.66,75.28,21.0,45.0,17.5,20.9,1.25,5.4
5534,13.66,75.14,20.6,50.2,17.0,26.9,1.2,5.5
5535,13.66,75.14,20.6,50.2,17.0,26.9,1.2,5.5
5536,13.66,75.47,20.3,44.7,21.2,19.2,1.28,5.7
5553,13.67,75.07,15.5,50.2,19.4,43.5,1.23,5.6
5554,13.67,75.26,20.7,45.6,15.2,21.0,1.3,5.6
5555,13.67,74.94,23.1,50.2,16.0,15.5,1.27,5.4
5556,13.68,75.05,15.3,46.4,20.4,28.6,1.23,5.6
5557,13.68,75.05,15.3,46.4,20.4,28.6,1.23,5.6
5558,13.68,75.05,15.3,46.4,20.4,28.6,1.23,5.6
5559,13.68,75.25,17.9,45.6,18.3,17.8,1.32,5.7
5560,13.68,74.93,25.1,49.3,16.1,17.9,1.25,5.5
5561,13.69,75.23,17.8,47.2,18.1,19.1,1.27,5.8
5562,13.69,75.15,16.2,50.4,18.6,28.0,1.21,5.5
5563,13.69,75.15,16.2,50.4,18.6,28.0,1.21,5.5
5564,13.69,75.1,15.1,50.1,19.3,29.9,1.2,5.5
5565,13.69,75.24,16.8,41.7,20.9,18.1,1.3,5.7
5566,13.69,75.18,23.3,48.1,16.0,22.0,1.19,5.5
5567,13.69,74.94,25.3,47.4,17.8,17.8,1.26,5.6
5568,13.69,74.93,23.5,49.6,17.4,16.1,1.29,6.1
5569,13.7,75.22,17.4,46.2,18.1,19.2,1.28,5.7
5570,13.7,75.14,15.5,50.7,18.6,27.8,1.14,5.4
5571,13.7,75.14,15.5,50.7,18.6,27.8,1.14,5.4
5572,13.7,75.26,19.0,41.9,21.0,19.1,1.18,5.3
5573,13.7,75.26,19.0,41.9,21.0,19.1,1.18,5.3
5574,13.7,75.26,19.0,41.9,21.0,19.1,1.18,5.3
5575,13.7,75.06,0.0,0.0,0.0,0.0,0.0,0.0
5576,13.7,75.4,19.6,43.7,16.8,18.9,1.27,5.5
5577,13.7,75.27,19.4,43.5,18.6,16.8,1.27,5.5
5578,13.7,75.0,21.5,46.0,20.0,25.1,1.2,5.6
5579,13.7,74.97,23.1,49.0,15.7,19.0,1.3,5.6
5580,13.71,75.13,18.2,50.4,17.3,27.8,1.1,5.4
5581,13.71,75.09,17.0,51.1,19.2,22.7,1.19,5.7
5582,13.71,75.06,17.5,46.8,20.3,30.8,1.14,5.5
5583,13.71,75.05,16.3,47.0,23.4,23.7,1.2,5.6
5584,13.71,75.44,19.2,47.9,18.2,18.1,1.27,5.7
5585,13.71,75.0,14.6,48.9,22.6,29.1,1.14,5.4
5586,13.71,75.0,14.6,48.9,22.6,29.1,1.14,5.4
5587,13.71,75.0,14.6,48.9,22.6,29.1,1.14,5.4
5588,13.71,74.97,20.4,51.4,17.8,20.6,1.28,5.5
5589,13.72,75.15,14.8,49.4,20.4,20.1,1.28,5.4
5590,13.72,75.25,19.1,44.2,16.4,19.0,1.29,5.5
5591,13.72,75.05,16.9,48.2,22.2,25.5,1.2,5.5
5592,13.72,75.04,17.7,46.9,22.1,30.0,1.16,5.5
5593,13.72,75.39,18.3,40.8,22.8,16.6,1.29,5.9
5594,13.72,75.0,16.7,47.1,22.3,27.6,1.14,5.4
5595,13.72,75.01,15.2,46.9,22.4,36.2,1.17,5.4
5596,13.72,75.43,17.0,45.8,18.6,18.0,1.3,5.9
5597,13.72,75.0,16.7,47.1,22.3,27.6,1.14,5.4
5598,13.72,75.0,16.7,47.1,22.3,27.6,1.14,5.4
5599,13.72,75.0,16.7,47.1,22.3,27.6,1.14,5.4
5600,13.72,75.0,16.7,47.1,22.3,27.6,1.14,5.4
5601,13.72,75.0,16.7,47.1,22.3,27.6,1.14,5.4
5602,13.72,75.0,16.7,47.1,22.3,27.6,1.14,5.4
5603,13.72,75.0,16.7,47.1,22.3,27.6,1.14,5.4
5604,13.72,74.99,19.5,46.4,20.4,35.1,1.13,5.6
5605,13.72,74.97,18.9,52.0,18.0,21.4,1.2,5.5
5606,13.72,74.97,18.9,52.0,18.0,21.4,1.2,5.5
5607,13.72,74.97,18.9,52.0,18.0,21.4,1.2,5.5
5608,13.72,74.98,17.5,48.9,19.6,25.4,1.17,5.4
5609,13.72,74.98,17.5,48.9,19.6,25.4,1.17,5.4
5610,13.72,74.98,17.5,48.9,19.6,25.4,1.17,5.4
5611,13.72,74.98,17.5,48.9,19.6,25.4,1.17,5.4
5612,13.72,74.98,17.5,48.9,19.6,25.4,1.17,5.4
5613,13.72,74.98,17.5,48.9,19.6,25.4,1.17,5.4
5614,13.72,74.98,17.5,48.9,19.6,25.4,1.17,5.4
5615,13.72,74.98,17.5,48.9,19.6,25.4,1.17,5.4
5616,13.72,74.98,17.5,48.9,19.6,25.4,1.17,5.4
5617,13.72,74.98,17.5,48.9,19.6,25.4,1.17,5.4
5618,13.72,74.98,17.5,48.9,19.6,25.4,1.17,5.4
5619,13.72,74.98,17.5,48.9,19.6,25.4,1.17,5.4
5620,13.72,74.99,19.5,46.4,20.4,35.1,1.13,5.6
5621,13.72,74.99,19.5,46.4,20.4,35.1,1.13,5.6
5622,13.72,74.99,19.5,46.4,20.4,35.1,1.13,5.6
5623,13.72,74.99,19.5,46.4,20.4,35.1,1.13,5.6
5624,13.72,74.99,19.5,46.4,20.4,35.1,1.13,5.6
5625,13.72,74.99,19.5,46.4,20.4,35.1,1.13,5.6
5626,13.72,74.99,19.5,46.4,20.4,35.1,1.13,5.6
5627,13.72,74.99,19.5,46.4,20.4,35.1,1.13,5.6
5628,13.72,74.99,19.5,46.4,20.4,35.1,1.13,5.6
5629,13.72,74.99,19.5,46.4,20.4,35.1,1.13,5.6
5630,13.72,74.97,18.9,52.0,18.0,21.4,1.2,5.5
5631,13.72,74.97,18.9,52.0,18.0,21.4,1.2,5.5
5632,13.73,75.03,14.9,47.8,23.9,24.9,1.2,6.0
5633,13.73,75.02,15.5,48.4,23.4,24.7,1.22,5.6
5634,13.73,75.44,19.6,46.4,18.6,19.2,1.27,5.7
5635,13.73,74.99,15.7,46.3,22.5,28.1,1.13,5.4
5636,13.74,75.27,19.4,44.7,16.9,19.2,1.24,5.5
5637,13.74,74.82,25.9,49.4,16.5,20.0,1.23,6.0
5638,13.74,74.82,25.9,49.4,16.5,20.0,1.23,6.0
5639,13.75,75.28,17.7,46.7,17.3,19.2,1.27,6.1
5640,13.75,75.24,21.0,43.6,17.6,19.1,1.29,5.9
5641,13.76,74.91,21.3,49.3,18.6,20.1,1.29,5.6
5642,13.76,75.31,19.6,43.1,19.5,17.4,1.3,5.9
5643,13.76,75.45,18.9,44.1,20.1,17.9,1.29,5.8
5644,13.76,75.24,17.5,43.8,18.8,16.9,1.3,5.7
5645,13.76,75.25,16.5,43.8,20.3,19.0,1.3,5.9
5646,13.76,75.07,16.9,44.6,24.3,32.4,1.1,5.4
5647,13.77,75.28,17.4,45.9,20.1,19.1,1.3,5.9
5648,13.77,75.05,17.5,51.9,20.6,23.1,1.28,5.4
5649,13.78,75.27,16.5,46.0,20.3,21.0,1.28,5.9
5650,13.78,75.27,16.5,46.0,20.3,21.0,1.28,5.9
5651,13.78,75.23,15.9,46.2,18.5,18.0,1.3,6.1
5652,13.78,75.23,15.9,46.2,18.5,18.0,1.3,6.1
5653,13.78,75.23,15.9,46.2,18.5,18.0,1.3,6.1
5654,13.78,75.23,15.9,46.2,18.5,18.0,1.3,6.1
5655,13.78,75.1,14.7,48.5,22.8,19.2,1.27,6.1
5656,13.78,75.04,14.6,51.6,20.9,20.0,1.26,6.0
5657,13.79,75.35,17.8,46.4,22.7,18.6,1.28,5.9
5658,13.79,75.35,17.8,46.4,22.7,18.6,1.28,5.9
5659,13.79,75.34,16.8,47.0,20.3,17.0,1.29,6.0
5660,13.79,75.19,15.0,46.3,22.2,18.6,1.3,6.1
5661,13.79,75.12,17.9,47.2,22.1,23.0,1.19,5.4
5662,13.79,75.12,17.9,47.2,22.1,23.0,1.19,5.4
5663,13.79,75.12,17.9,47.2,22.1,23.0,1.19,5.4
5664,13.79,75.04,15.0,51.3,20.3,21.2,1.22,5.3
5665,13.8,74.88,18.8,48.0,16.9,17.1,1.26,5.8
5666,13.8,74.87,21.6,48.7,18.4,18.6,1.23,5.4
5667,13.8,74.82,21.3,47.7,17.5,19.0,1.29,5.6
5668,13.8,75.33,18.3,50.4,17.4,19.2,1.3,6.1
5669,13.8,75.33,18.3,50.4,17.4,19.2,1.3,6.1
5670,13.8,75.33,18.3,50.4,17.4,19.2,1.3,6.1
5671,13.8,75.34,19.4,48.8,19.2,19.2,1.29,6.0
5672,13.8,75.34,19.4,48.8,19.2,19.2,1.29,6.0
5673,13.8,75.33,18.3,50.4,17.4,19.2,1.3,6.1
5674,13.8,75.33,18.3,50.4,17.4,19.2,1.3,6.1
5675,13.8,75.33,18.3,50.4,17.4,19.2,1.3,6.1
5676,13.8,75.15,15.4,49.0,23.2,20.9,1.25,6.0
5677,13.81,74.98,16.9,44.8,22.9,30.7,1.23,5.6
5678,13.81,74.98,16.9,44.8,22.9,30.7,1.23,5.6
5679,13.81,74.97,16.7,45.0,23.1,31.6,1.19,5.5
5680,13.81,75.32,17.4,49.4,19.4,16.5,1.3,6.1
5681,13.81,75.32,17.4,49.4,19.4,16.5,1.3,6.1
5682,13.81,75.13,17.0,48.7,21.4,21.4,1.2,5.4
5683,13.81,75.13,17.0,48.7,21.4,21.4,1.2,5.4
5684,13.81,75.16,17.9,46.4,20.7,21.0,1.28,5.6
5685,13.81,75.09,18.2,50.0,19.7,22.2,1.28,5.5
5686,13.81,75.03,15.2,47.2,25.0,15.5,1.29,6.1
5687,13.82,74.77,22.0,51.8,17.2,21.9,1.23,6.0
5688,13.82,75.06,15.0,51.5,21.4,20.8,1.31,5.5
5689,13.82,75.03,14.7,46.4,26.1,17.8,1.31,6.0
5690,13.83,75.07,14.8,49.8,22.2,21.0,1.26,5.5
5691,13.83,75.06,15.0,50.7,21.4,20.1,1.29,5.9
5692,13.83,75.19,17.0,47.0,19.7,16.6,1.3,6.3
5693,13.84,75.29,18.6,45.2,18.6,19.0,1.27,6.0
5694,13.84,75.38,18.8,37.8,25.6,23.3,1.23,5.7
5695,13.84,75.01,15.9,48.1,21.7,21.4,1.27,5.5
5696,13.84,75.16,15.3,49.2,21.2,17.8,1.28,6.1
5697,13.84,75.19,16.8,48.3,20.7,17.8,1.3,6.3
5698,13.84,75.17,16.4,47.1,22.1,18.1,1.27,5.9
5699,13.84,75.15,16.6,47.2,22.0,17.5,1.27,6.0
5700,13.84,75.16,15.3,49.2,21.2,17.8,1.28,6.1
5701,13.84,75.14,16.4,49.6,21.2,17.8,1.3,6.2
5702,13.84,75.14,16.4,49.6,21.2,17.8,1.3,6.2
5703,13.84,75.06,16.3,47.8,20.9,22.6,1.2,5.3
5704,13.84,75.06,16.3,47.8,20.9,22.6,1.2,5.3
5705,13.84,75.01,15.9,48.1,21.7,21.4,1.27,5.5
5706,13.84,75.01,15.9,48.1,21.7,21.4,1.27,5.5
5707,13.84,75.01,15.9,48.1,21.7,21.4,1.27,5.5
5708,13.84,75.03,14.1,50.7,20.9,18.8,1.32,5.9
5709,13.84,75.46,18.8,42.2,21.3,21.8,1.26,5.8
5710,13.84,75.46,18.8,42.2,21.3,21.8,1.26,5.8
5711,13.85,75.0,17.6,50.9,21.3,22.0,1.2,5.3
5712,13.85,74.67,24.4,48.0,17.5,22.9,1.25,5.7
5713,13.85,74.67,24.4,48.0,17.5,22.9,1.25,5.7
5714,13.85,74.67,24.4,48.0,17.5,22.9,1.25,5.7
5715,13.85,74.67,24.4,48.0,17.5,22.9,1.25,5.7
5716,13.85,75.42,21.2,38.2,22.5,23.0,1.2,5.7
5717,13.85,75.42,21.2,38.2,22.5,23.0,1.2,5.7
5718,13.85,75.42,21.2,38.2,22.5,23.0,1.2,5.7
5719,13.85,75.39,20.7,37.1,25.8,23.9,1.2,5.5
5720,13.85,75.39,20.7,37.1,25.8,23.9,1.2,5.5
5721,13.85,75.22,17.4,44.4,22.0,16.4,1.27,6.2
5722,13.85,75.06,15.6,51.0,20.9,19.4,1.28,5.9
5723,13.85,75.06,15.6,51.0,20.9,19.4,1.28,5.9
5724,13.85,75.1,17.7,43.6,22.7,19.2,1.22,5.4
5725,13.85,75.11,14.9,45.8,24.2,19.4,1.28,6.1
5726,13.85,75.0,17.6,50.9,21.3,22.0,1.2,5.3
5727,13.86,74.88,20.4,37.2,24.6,35.4,1.04,5.4
5728,13.86,75.37,20.2,37.7,24.7,23.0,1.22,5.6
5729,13.86,75.16,17.3,47.4,22.8,17.0,1.31,6.4
5730,13.86,75.15,14.5,49.5,22.8,18.1,1.32,6.3
5731,13.86,75.17,16.6,46.3,21.7,21.0,1.28,6.2
5732,13.86,75.0,16.7,50.9,21.1,22.0,1.24,5.3
5733,13.87,74.9,18.1,42.2,22.8,30.2,1.1,5.4
5734,13.87,74.89,17.5,34.6,28.2,35.1,1.06,5.4
5735,13.87,75.4,21.3,40.4,20.3,21.2,1.23,5.7
5736,13.87,75.42,22.6,39.0,22.2,24.8,1.2,5.6
5737,13.87,75.37,21.3,39.5,21.0,21.2,1.21,5.7
5738,13.87,75.06,15.4,48.2,22.0,19.6,1.29,6.3
5739,13.87,75.14,15.6,50.7,19.3,19.0,1.3,6.4
5740,13.87,75.09,15.1,47.2,23.2,16.5,1.27,6.1
5741,13.87,75.05,15.1,50.8,21.2,22.1,1.26,6.2
5742,13.88,74.81,19.5,48.6,19.4,19.0,1.26,5.5
5743,13.88,74.81,19.5,48.6,19.4,19.0,1.26,5.5
5744,13.88,74.93,16.6,47.9,22.2,21.6,1.25,6.1
5745,13.88,74.93,16.6,47.9,22.2,21.6,1.25,6.1
5746,13.88,74.93,16.6,47.9,22.2,21.6,1.25,6.1
5747,13.88,74.92,16.6,46.1,22.1,36.5,1.1,5.5
5748,13.88,74.92,16.6,46.1,22.1,36.5,1.1,5.5
5749,13.88,75.13,14.5,48.8,22.5,17.9,1.32,6.2
5750,13.88,75.19,17.5,46.0,22.7,19.2,1.29,6.1
5751,13.88,75.22,17.5,46.3,22.4,19.6,1.27,5.7
5752,13.88,75.22,17.5,46.3,22.4,19.6,1.27,5.7
5753,13.88,75.14,15.3,47.2,23.4,20.4,1.3,6.3
5754,13.88,75.14,15.3,47.2,23.4,20.4,1.3,6.3
5755,13.88,75.14,15.3,47.2,23.4,20.4,1.3,6.3
5756,13.88,75.16,17.3,47.4,20.9,17.1,1.31,6.3
5757,13.88,75.11,13.6,45.1,24.6,15.3,1.32,6.0
5758,13.89,74.82,17.1,45.8,22.9,22.0,1.23,5.6
5759,13.89,74.82,17.1,45.8,22.9,22.0,1.23,5.6
5760,13.89,74.82,17.1,45.8,22.9,22.0,1.23,5.6
5761,13.89,74.82,17.1,45.8,22.9,22.0,1.23,5.6
5762,13.89,74.82,17.1,45.8,22.9,22.0,1.23,5.6
5763,13.89,74.82,17.1,45.8,22.9,22.0,1.23,5.6
5764,13.89,74.83,21.1,44.3,22.2,28.2,1.2,5.6
5765,13.89,74.83,21.1,44.3,22.2,28.2,1.2,5.6
5766,13.89,74.83,21.1,44.3,22.2,28.2,1.2,5.6
5767,13.89,74.83,21.1,44.3,22.2,28.2,1.2,5.6
5768,13.89,74.83,21.1,44.3,22.2,28.2,1.2,5.6
5769,13.89,74.83,21.1,44.3,22.2,28.2,1.2,5.6
5770,13.89,74.83,21.1,44.3,22.2,28.2,1.2,5.6
5771,13.89,74.83,21.1,44.3,22.2,28.2,1.2,5.6
5772,13.89,74.83,21.1,44.3,22.2,28.2,1.2,5.6
5773,13.89,74.83,21.1,44.3,22.2,28.2,1.2,5.6
5774,13.89,74.83,21.1,44.3,22.2,28.2,1.2,5.6
5775,13.89,74.83,21.1,44.3,22.2,28.2,1.2,5.6
5776,13.89,74.84,18.3,45.6,21.1,33.5,1.1,5.6
5777,13.89,74.84,18.3,45.6,21.1,33.5,1.1,5.6
5778,13.89,74.84,18.3,45.6,21.1,33.5,1.1,5.6
5779,13.89,74.84,18.3,45.6,21.1,33.5,1.1,5.6
5780,13.89,74.84,18.3,45.6,21.1,33.5,1.1,5.6
5781,13.89,74.95,14.8,52.1,21.8,19.0,1.25,5.4
5782,13.89,74.93,16.3,50.9,21.8,23.1,1.2,5.5
5783,13.89,75.33,29.2,36.4,20.7,26.3,1.21,6.0
5784,13.89,75.33,29.2,36.4,20.7,26.3,1.21,6.0
5785,13.89,75.33,29.2,36.4,20.7,26.3,1.21,6.0
5786,13.89,75.33,29.2,36.4,20.7,26.3,1.21,6.0
5787,13.89,75.19,17.3,44.4,21.4,19.2,1.32,6.2
5788,13.89,75.19,17.3,44.4,21.4,19.2,1.32,6.2
5789,13.89,75.19,17.3,44.4,21.4,19.2,1.32,6.2
5790,13.89,75.17,15.7,47.0,21.7,18.3,1.27,6.3
5791,13.89,75.17,15.7,47.0,21.7,18.3,1.27,6.3
5792,13.89,75.2,18.1,44.9,19.7,19.2,1.29,5.5
5793,13.9,74.91,19.2,46.3,22.5,26.0,1.14,5.5
5794,13.9,74.91,19.2,46.3,22.5,26.0,1.14,5.5
5795,13.9,74.92,15.1,52.0,20.8,21.0,1.28,5.5
5796,13.9,74.92,15.1,52.0,20.8,21.0,1.28,5.5
5797,13.9,74.82,15.5,44.2,23.9,26.9,1.15,5.4
5798,13.9,74.82,15.5,44.2,23.9,26.9,1.15,5.4
5799,13.9,74.82,15.5,44.2,23.9,26.9,1.15,5.4
5800,13.9,74.86,17.4,45.9,19.8,27.0,1.2,5.7
5801,13.9,74.84,19.3,44.4,20.4,33.9,1.1,5.6
5802,13.9,74.82,15.5,44.2,23.9,26.9,1.15,5.4
5803,13.9,74.83,16.4,44.2,21.8,30.9,1.14,5.6
5804,13.9,74.83,16.4,44.2,21.8,30.9,1.14,5.6
5805,13.9,74.83,16.4,44.2,21.8,30.9,1.14,5.6
5806,13.9,74.83,16.4,44.2,21.8,30.9,1.14,5.6
5807,13.9,74.83,16.4,44.2,21.8,30.9,1.14,5.6
5808,13.9,74.83,16.4,44.2,21.8,30.9,1.14,5.6
5809,13.9,74.84,19.3,44.4,20.4,33.9,1.1,5.6
5810,13.9,74.94,15.9,51.5,20.8,21.4,1.25,5.5
5811,13.9,74.94,15.9,51.5,20.8,21.4,1.25,5.5
5812,13.9,74.94,15.9,51.5,20.8,21.4,1.25,5.5
5813,13.9,75.3,23.0,40.0,22.4,22.6,1.2,5.6
5814,13.9,75.3,23.0,40.0,22.4,22.6,1.2,5.6
5815,13.9,75.3,23.0,40.0,22.4,22.6,1.2,5.6
5816,13.91,74.93,16.5,51.7,20.3,21.1,1.25,5.4
5817,13.91,74.92,16.8,48.4,21.6,22.2,1.27,5.4
5818,13.91,74.92,16.8,48.4,21.6,22.2,1.27,5.4
5819,13.91,74.94,15.6,51.6,21.2,21.6,1.26,6.1
5820,13.91,74.93,16.5,51.7,20.3,21.1,1.25,5.4
5821,13.91,74.88,16.2,49.1,21.8,22.0,1.28,5.6
5822,13.91,74.88,16.2,49.1,21.8,22.0,1.28,5.6
5823,13.91,74.86,19.8,44.9,21.2,28.7,1.16,5.6
5824,13.91,74.86,19.8,44.9,21.2,28.7,1.16,5.6
5825,13.91,74.86,19.8,44.9,21.2,28.7,1.16,5.6
5826,13.91,74.86,19.8,44.9,21.2,28.7,1.16,5.6
5827,13.91,74.86,19.8,44.9,21.2,28.7,1.16,5.6
5828,13.91,74.86,19.8,44.9,21.2,28.7,1.16,5.6
5829,13.91,74.85,15.5,46.5,21.0,28.0,1.17,5.6
5830,13.91,74.85,15.5,46.5,21.0,28.0,1.17,5.6
5831,13.91,75.3,29.8,37.6,17.0,25.3,1.17,6.2
5832,13.91,75.16,17.9,48.2,22.0,21.0,1.3,6.1
5833,13.91,75.16,17.9,48.2,22.0,21.0,1.3,6.1
5834,13.91,75.16,17.9,48.2,22.0,21.0,1.3,6.1
5835,13.91,75.16,17.9,48.2,22.0,21.0,1.3,6.1
5836,13.92,74.92,16.3,50.7,20.4,20.6,1.27,5.6
5837,13.92,74.91,15.1,51.6,20.1,18.7,1.27,6.1
5838,13.92,74.9,16.0,46.5,22.9,21.0,1.27,5.6
5839,13.92,74.9,16.0,46.5,22.9,21.0,1.27,5.6
5840,13.92,74.9,16.0,46.5,22.9,21.0,1.27,5.6
5841,13.92,74.89,14.7,51.2,23.9,21.9,1.23,5.4
5842,13.92,74.9,16.0,46.5,22.9,21.0,1.27,5.6
5843,13.92,74.88,17.4,49.3,22.5,21.1,1.22,5.4
5844,13.92,74.92,16.3,50.7,20.4,20.6,1.27,5.6
5845,13.92,74.92,16.3,50.7,20.4,20.6,1.27,5.6
5846,13.92,74.92,16.3,50.7,20.4,20.6,1.27,5.6
5847,13.92,74.83,18.3,46.0,21.1,29.8,1.15,5.5
5848,13.92,74.82,16.2,44.6,23.8,24.1,1.24,5.5
5849,13.92,75.37,23.2,37.2,20.4,21.0,1.21,5.8
5850,13.92,75.19,16.7,47.2,21.1,18.8,1.3,6.3
5851,13.92,75.19,16.7,47.2,21.1,18.8,1.3,6.3
5852,13.92,75.18,16.7,47.0,21.3,18.0,1.3,6.3
5853,13.92,75.18,16.7,47.0,21.3,18.0,1.3,6.3
5854,13.92,75.18,16.7,47.0,21.3,18.0,1.3,6.3
5855,13.92,75.16,16.7,44.9,22.7,18.3,1.29,6.3
5856,13.92,75.42,23.5,40.8,20.7,22.8,1.21,6.1
5857,13.92,75.42,23.5,40.8,20.7,22.8,1.21,6.1
5858,13.93,74.92,16.0,48.9,20.3,20.6,1.26,5.4
5859,13.93,74.91,15.4,49.9,21.6,22.5,1.28,5.5
5860,13.93,74.87,15.7,50.2,22.8,24.5,1.29,6.0
5861,13.93,74.84,17.7,46.2,19.5,24.7,1.25,6.0
5862,13.93,74.85,16.9,47.0,21.3,23.9,1.14,5.4
5863,13.93,74.87,15.7,50.2,22.8,24.5,1.29,6.0
5864,13.93,74.68,20.1,48.5,19.3,24.0,1.2,5.6
5865,13.93,75.2,18.8,44.1,19.0,18.6,1.33,6.3
5866,13.93,75.14,17.5,46.4,22.5,19.1,1.29,6.0
5867,13.93,75.21,18.4,45.1,19.8,19.0,1.27,5.6
5868,13.93,75.18,16.3,48.8,21.8,17.5,1.29,6.3
5869,13.93,75.18,16.3,48.8,21.8,17.5,1.29,6.3
5870,13.93,75.18,16.3,48.8,21.8,17.5,1.29,6.3
5871,13.93,75.15,17.5,46.8,21.3,16.0,1.3,6.3
5872,13.94,74.88,14.3,51.0,23.1,22.9,1.32,6.1
5873,13.94,74.88,14.3,51.0,23.1,22.9,1.32,6.1
5874,13.94,74.88,14.3,51.0,23.1,22.9,1.32,6.1
5875,13.94,74.83,18.1,46.4,21.8,25.8,1.18,5.4
5876,13.94,74.78,16.8,49.7,22.2,26.8,1.19,5.5
5877,13.94,74.85,16.7,48.7,21.5,23.8,1.16,5.3
5878,13.94,74.66,25.5,49.0,16.5,21.8,1.22,5.6
5879,13.94,74.66,25.5,49.0,16.5,21.8,1.22,5.6
5880,13.94,75.21,18.1,44.1,21.3,17.0,1.3,5.9
5881,13.95,74.89,15.0,49.4,22.3,23.8,1.29,5.5
5882,13.95,74.9,16.0,51.1,20.4,21.9,1.27,5.5
5883,13.95,74.9,16.0,51.1,20.4,21.9,1.27,5.5
5884,13.95,74.86,15.7,49.4,21.4,19.1,1.29,6.0
5885,13.95,74.85,15.9,51.0,21.8,21.6,1.28,5.5
5886,13.95,74.86,15.7,49.4,21.4,19.1,1.29,6.0
5887,13.95,74.78,19.2,46.9,21.1,25.8,1.2,5.7
5888,13.95,75.1,15.7,49.4,22.4,21.0,1.27,5.7
5889,13.95,75.08,16.6,47.0,22.3,19.2,1.27,6.2
5890,13.96,75.15,16.9,45.9,20.5,19.2,1.31,6.2
5891,13.96,75.26,16.8,40.0,21.5,16.1,1.33,6.3
5892,13.96,75.07,16.6,49.4,22.1,20.5,1.28,5.6
5893,13.97,75.15,15.7,46.5,23.2,18.0,1.3,6.1
5894,13.97,75.15,15.7,46.5,23.2,18.0,1.3,6.1
5895,13.98,74.89,15.0,50.8,20.9,21.5,1.31,5.6
5896,13.98,74.72,16.3,46.3,23.8,22.0,1.2,5.6
5897,13.98,75.14,15.7,45.5,26.1,18.0,1.33,6.2
5898,13.98,75.09,17.5,48.0,22.5,16.7,1.26,5.5
5899,13.98,75.06,16.6,49.8,21.7,18.0,1.27,6.2
5900,13.98,75.05,16.1,47.6,22.4,21.0,1.29,6.2
5901,13.99,74.81,16.6,45.0,21.8,18.0,1.29,6.0
5902,13.99,75.11,15.2,48.1,21.4,17.7,1.3,6.2
5903,13.99,75.03,13.4,44.6,23.7,29.1,1.25,5.9
5905,14.001139,74.876667,15.4,50.2,21.8,23.0,1.26,5.9
5906,14.002844,74.874947,15.4,50.2,21.8,23.0,1.26,5.9
5907,14.00485,74.811661,15.7,50.8,20.5,19.0,1.29,5.5
5908,14.007997,74.818453,16.8,47.4,19.5,22.8,1.29,6.0
5909,14.009181,74.788264,15.7,47.1,20.3,18.0,1.3,6.0
5910,14.010264,74.816386,16.7,49.1,19.2,21.8,1.3,6.0
5911,14.012589,74.866664,15.8,52.3,21.7,22.9,1.32,5.7
5912,14.013264,74.869131,15.1,52.5,22.3,21.1,1.3,6.0
5913,14.014731,74.833011,16.1,50.0,21.5,18.0,1.29,5.5
5914,14.020047,74.835033,16.2,49.5,20.4,19.0,1.29,6.0
5915,14.023328,74.853125,15.0,49.3,21.1,21.4,1.26,5.4
5916,14.023847,74.830247,16.5,51.3,19.0,23.0,1.29,6.1
5917,14.028472,74.776253,15.3,47.5,21.8,19.6,1.3,6.0
5918,14.031128,74.713639,14.4,46.1,22.0,25.8,1.27,5.5
5919,14.036331,74.795128,15.5,46.0,22.3,21.1,1.31,6.0
5920,14.049619,74.802394,16.0,50.8,20.3,22.6,1.29,5.4
5921,14.049914,74.853911,14.1,50.2,21.8,20.0,1.29,5.5
5922,14.052469,74.860161,15.4,48.0,20.9,19.1,1.28,5.4
5923,14.058392,74.8035,15.7,50.9,19.7,23.5,1.27,5.4
5924,14.059347,74.80565,14.8,52.1,20.9,22.9,1.29,5.7
5925,14.06,75.04,14.2,47.1,26.5,19.1,1.32,5.6
5926,14.062503,74.808583,14.8,50.9,22.2,20.2,1.29,6.0
5927,14.065306,74.832344,14.9,50.8,21.0,19.6,1.3,5.5
5928,14.073758,74.821681,13.6,50.8,22.8,21.6,1.27,5.5
5929,14.077044,74.811725,16.0,50.2,20.9,21.0,1.29,6.2
5930,14.079661,74.811728,15.9,48.5,20.0,20.2,1.29,6.1
5931,14.080858,74.742881,17.1,46.3,19.0,27.9,1.22,5.5
5932,14.080917,74.743478,17.1,46.3,19.0,27.9,1.22,5.5
5933,14.09,75.0,15.9,46.0,22.6,17.1,1.33,5.6
5934,14.091894,74.670994,16.6,46.4,21.1,19.2,1.34,6.2
5935,14.096,74.675528,18.5,49.8,19.5,19.0,1.35,5.4
5936,14.096253,74.678681,18.7,49.6,19.1,19.0,1.36,5.5
5937,14.1,75.21,16.5,48.7,17.9,16.1,1.3,6.1
5938,14.112739,74.980333,14.9,46.7,24.0,18.1,1.29,5.6
5939,14.114,74.976431,16.0,47.9,21.6,17.9,1.3,6.2
5940,14.119419,74.986361,16.7,49.3,19.7,19.6,1.28,5.6
5941,14.120367,74.973403,15.9,46.5,22.2,18.5,1.32,5.8
5942,14.120372,74.971867,15.5,45.3,22.8,18.4,1.32,6.0
5943,14.127425,74.970967,16.4,46.9,22.2,17.0,1.34,6.0
5944,14.127831,74.961164,15.3,46.8,22.5,19.4,1.29,5.5
5945,14.128722,74.963661,16.0,46.8,21.8,19.2,1.31,6.0
5946,14.137206,74.700028,17.2,46.5,19.3,24.1,1.2,5.5
5947,14.143389,74.722225,15.9,46.2,20.3,27.6,1.11,5.5
5948,14.147194,74.791139,19.8,44.6,20.5,27.8,1.21,5.4
5949,14.165567,74.818631,18.1,45.0,22.6,27.8,1.15,5.4
5950,14.167197,74.493886,24.9,38.2,19.4,23.0,1.23,6.0
5951,14.170025,74.713867,14.8,48.9,24.0,28.0,1.12,5.3
5952,14.173411,74.734375,16.6,47.5,22.6,23.8,1.2,5.4
5953,14.17545,74.815561,16.7,47.8,18.9,21.9,1.27,5.4
5954,14.194444,74.801667,14.7,47.3,22.5,20.9,1.26,5.5
5955,14.195433,74.52785,19.5,45.4,21.0,26.4,1.23,5.6
5956,14.206275,74.845044,13.6,47.5,24.0,19.0,1.32,6.0
5957,14.206808,74.841672,14.3,47.0,23.7,21.9,1.31,6.1
5958,14.206872,74.841175,14.3,47.0,23.7,21.9,1.31,6.1
5959,14.210531,74.839356,14.3,47.0,23.1,19.2,1.29,5.5
5960,14.217167,74.859472,16.1,44.5,20.5,21.3,1.29,5.6
5961,14.218883,74.542164,20.0,46.5,19.8,26.8,1.22,5.5
5962,14.219406,74.537361,18.6,46.5,20.9,27.4,1.23,5.5
5963,14.219411,74.830753,15.0,47.0,25.0,21.0,1.32,5.5
5964,14.219694,74.833539,15.0,46.7,24.3,23.0,1.3,5.5
5965,14.221556,74.589669,21.7,49.3,18.3,18.5,1.28,5.5
5966,14.222208,74.590919,22.9,47.7,17.4,19.3,1.28,5.5
5967,14.222972,74.586583,21.3,50.4,17.7,17.9,1.26,5.5
5968,14.223481,74.662131,18.9,42.1,20.6,21.6,1.29,5.4
5969,14.225842,74.495886,23.8,47.3,18.3,24.8,1.27,5.6
5970,14.226167,74.531,22.8,47.0,19.0,25.0,1.24,5.5
5971,14.226761,74.528025,23.4,48.5,19.3,21.2,1.25,5.7
5972,14.226983,74.528033,23.4,48.5,19.3,21.2,1.25,5.7
5973,14.228011,74.596661,23.2,33.7,24.6,19.4,1.28,5.5
5974,14.228333,74.814633,15.8,48.0,22.6,21.9,1.21,5.4
5975,14.228697,74.815714,15.8,48.0,22.6,21.9,1.21,5.4
5976,14.229125,74.816253,15.7,46.5,22.5,22.6,1.16,5.4
5977,14.2295,74.668589,22.4,45.1,19.0,21.0,1.21,5.4
5978,14.229553,74.669067,22.4,45.2,18.9,19.3,1.23,5.4
5979,14.229953,74.609153,18.3,49.7,19.9,17.9,1.29,5.7
5980,14.230039,74.448117,24.5,47.1,17.6,19.1,1.2,6.1
5981,14.230194,74.527528,22.8,48.4,19.0,22.9,1.23,5.5
5982,14.230747,74.671167,18.9,42.3,19.6,19.6,1.3,5.8
5983,14.231456,74.567189,22.8,45.7,20.1,16.1,1.36,6.0
5984,14.231603,74.828039,16.5,44.9,21.8,22.1,1.19,5.4
5985,14.231622,74.461761,24.9,44.0,19.3,21.1,1.26,5.8
5986,14.231828,74.811747,15.8,47.0,22.6,22.4,1.2,5.3
5987,14.232933,74.813011,14.4,45.5,23.4,22.3,1.23,5.3
5988,14.234739,74.812519,14.4,45.5,23.4,22.3,1.23,5.3
5989,14.235144,74.812119,14.4,45.5,23.4,22.3,1.23,5.3
5990,14.236508,74.495106,25.6,45.2,19.3,23.9,1.27,5.6
5991,14.236778,74.446892,27.6,40.6,18.0,23.1,1.2,5.6
5992,14.237869,74.447461,25.6,40.0,19.0,22.4,1.17,6.0
5993,14.237903,74.596992,21.3,48.3,19.0,19.0,1.29,5.5
5994,14.238231,74.447914,28.0,34.7,19.1,22.7,1.18,6.0
5995,14.238522,74.448597,28.0,34.7,19.1,22.7,1.18,6.0
5996,14.238533,74.449397,28.0,34.7,19.1,22.7,1.18,6.0
5997,14.238608,74.4827,25.6,44.7,18.6,23.0,1.26,5.6
5998,14.238939,74.457739,25.3,43.5,18.1,20.3,1.2,5.7
5999,14.240242,74.594225,22.3,48.3,18.0,19.0,1.27,5.4
6000,14.241386,74.456125,25.2,41.9,17.7,26.0,1.27,6.2
6001,14.2422,74.452914,0.0,0.0,0.0,0.0,0.0,0.0
6002,14.243736,74.655083,22.5,42.5,18.1,19.5,1.35,6.1
6003,14.245403,74.657461,19.4,48.2,18.9,18.3,1.37,5.5
6004,14.245425,74.576367,21.9,47.9,19.1,20.0,1.31,6.1
6005,14.245444,74.577111,20.7,47.4,19.6,18.3,1.3,6.1
6006,14.2457,74.656542,19.4,48.2,18.9,18.3,1.37,5.5
6007,14.246047,74.572294,19.8,48.8,19.3,19.7,1.3,6.1
6008,14.246194,74.57425,21.9,47.9,19.1,20.0,1.31,6.1
6009,14.246953,74.485958,27.0,40.6,19.2,26.0,1.27,5.6
6010,14.248083,74.67205,19.1,46.6,19.8,30.7,1.35,5.7
6011,14.248139,74.653167,18.3,45.8,20.6,19.4,1.34,6.2
6012,14.253694,74.807056,16.3,45.8,21.8,21.0,1.25,5.5
6013,14.255972,74.793972,14.3,47.3,22.6,21.8,1.27,5.6
6014,14.255972,74.857861,16.0,45.6,21.0,16.8,1.3,6.0
6015,14.256472,74.671222,19.9,45.2,18.8,20.4,1.4,5.5
6016,14.258972,74.671472,21.2,45.7,19.4,26.9,1.28,5.6
6017,14.264111,74.540111,19.2,49.2,20.5,23.0,1.25,5.5
6018,14.265528,74.757444,15.9,45.2,24.0,23.2,1.16,5.3
6019,14.267583,74.680056,18.2,45.2,22.7,22.8,1.28,5.4
6020,14.268222,74.7575,15.7,45.8,22.5,27.2,1.23,5.4
6021,14.26875,74.684222,17.6,45.7,23.5,22.8,1.31,5.4
6022,14.269167,74.683833,17.6,45.7,23.5,22.8,1.31,5.4
6023,14.270972,74.687694,19.3,45.0,20.5,21.8,1.37,5.4
6024,14.271194,74.691222,18.2,45.3,23.4,22.4,1.32,5.4
6025,14.273333,74.702722,18.4,45.8,21.3,23.0,1.22,5.4
6026,14.274,74.697944,19.1,45.0,20.5,22.3,1.23,5.4
6027,14.274306,74.699056,19.6,45.2,20.9,25.5,1.23,5.5
6028,14.274694,74.7085,15.4,48.4,23.8,25.2,1.2,5.4
6029,14.274694,74.7085,15.4,48.4,23.8,25.2,1.2,5.4
6030,14.275111,74.732028,15.5,46.1,22.4,28.3,1.19,5.5
6031,14.275389,74.527528,20.3,47.8,19.8,24.2,1.25,5.5
6032,14.275444,74.72725,14.7,47.1,23.1,27.9,1.19,5.4
6033,14.275722,74.721861,14.9,46.8,23.0,28.0,1.2,5.4
6034,14.27625,74.720667,14.8,47.1,22.9,29.7,1.18,5.4
6035,14.277111,74.737833,15.1,47.5,21.3,27.8,1.22,5.4
6036,14.277111,74.719833,14.8,47.1,22.9,29.7,1.18,5.4
6037,14.277111,74.729917,15.7,46.0,22.5,24.8,1.24,5.5
6038,14.277611,74.737139,15.1,47.5,21.3,27.8,1.22,5.4
6039,14.277917,74.734278,15.7,46.5,21.9,28.3,1.19,5.5
6040,14.279333,74.715583,15.8,46.3,22.2,28.0,1.18,5.4
6041,14.279917,74.716917,14.8,47.2,22.6,23.3,1.17,5.3
6042,14.283833,74.520778,20.4,49.7,20.2,21.4,1.25,5.8
6043,14.284694,74.729694,15.7,45.7,21.3,29.1,1.22,5.5
6044,14.286172,74.448842,0.0,0.0,0.0,0.0,0.0,0.0
6045,14.286222,74.511278,16.0,45.2,22.8,24.0,1.24,5.6
6046,14.28725,74.686306,14.4,46.4,22.8,24.4,1.23,5.5
6047,14.288222,74.6915,14.4,46.7,22.6,23.8,1.21,5.5
6048,14.28825,74.692472,14.7,46.5,22.5,25.0,1.2,5.5
6049,14.288722,74.542278,18.8,48.4,19.7,26.4,1.23,5.5
6050,14.288833,74.693306,14.7,46.5,22.5,25.0,1.2,5.5
6051,14.290722,74.701028,14.8,46.8,22.5,22.7,1.19,5.5
6052,14.291778,74.695083,15.6,46.9,22.1,23.2,1.25,5.5
6053,14.293111,74.696556,14.7,47.1,21.0,23.6,1.27,5.5
6054,14.294267,74.442725,22.3,37.1,20.9,23.0,1.2,6.1
6055,14.297,74.475506,21.2,46.5,21.1,24.2,1.2,5.5
6056,14.297014,74.471497,21.2,48.8,20.2,20.0,1.27,6.0
6057,14.297056,74.472044,21.2,48.8,20.2,20.0,1.27,6.0
6058,14.297567,74.475619,23.2,47.8,19.1,23.4,1.25,5.5
6059,14.298681,74.475822,23.2,47.8,19.1,23.4,1.25,5.5
6060,14.301492,74.487336,17.5,48.8,22.2,26.1,1.25,5.5
6061,14.303511,74.483756,17.0,48.5,21.4,23.8,1.23,5.5
6062,14.304397,74.486889,16.1,48.0,22.0,26.4,1.24,5.5
6063,14.306669,74.491472,20.8,51.3,18.6,20.9,1.21,5.6
6064,14.332056,74.545861,21.8,45.1,20.0,27.4,1.25,5.6
6065,14.334578,74.435539,25.9,45.3,18.1,17.8,1.29,6.0
6066,14.337917,74.567028,19.2,48.8,20.0,24.0,1.19,5.5
6067,14.349944,74.508361,18.3,44.9,20.6,35.2,1.11,5.6
6068,14.350194,74.507242,18.3,44.9,20.6,35.2,1.11,5.6
6069,14.350817,74.433283,26.1,37.8,19.5,22.5,1.25,5.6
6070,14.3521,74.449561,21.9,49.6,20.5,18.6,1.27,6.0
6071,14.357747,74.4182,21.1,47.1,20.1,26.8,1.22,6.1
6072,14.368361,74.410456,19.6,47.9,19.7,25.2,1.23,5.6
6073,14.389433,74.431697,25.1,42.5,21.1,25.5,1.25,5.8
6074,14.389806,74.665028,15.8,44.6,22.6,27.8,1.19,5.5
6075,14.391972,74.662222,16.8,45.0,21.8,27.9,1.15,5.4
6076,14.396889,74.664222,18.3,45.8,20.9,27.9,1.16,5.5
6077,14.397139,74.666472,17.2,45.4,21.4,28.1,1.15,5.4
6078,14.397333,74.665833,17.2,45.4,21.4,28.1,1.15,5.4
6079,14.407583,74.449869,24.4,46.0,21.3,23.4,1.27,6.2
6080,14.411639,74.434944,22.9,47.5,20.8,18.2,1.36,5.6
6081,14.420217,74.414311,21.6,45.6,20.7,17.8,1.26,6.0
6082,14.430736,74.40605,26.3,39.0,19.7,21.8,1.22,6.0
6083,14.435161,74.404422,25.9,40.2,19.0,22.9,1.25,5.9
6084,14.435217,74.471117,20.8,44.8,21.5,22.0,1.24,5.6
6085,14.437611,74.478415,18.1,44.2,21.1,24.0,1.23,5.6
6086,14.438194,74.786167,17.1,45.6,21.1,22.0,1.3,5.5
6087,14.438631,74.479369,20.9,46.9,19.4,22.9,1.27,5.6
6088,14.438972,74.787028,16.3,47.0,19.9,21.7,1.37,5.7
6089,14.439564,74.467028,19.3,47.5,20.1,20.4,1.27,5.6
6090,14.439661,74.479758,20.9,46.9,19.4,22.9,1.27,5.6
6091,14.440903,74.468294,19.8,45.8,19.5,21.8,1.25,5.6
6092,14.442389,74.785417,16.5,45.8,21.8,20.1,1.33,5.6
6093,14.442861,74.785889,16.5,45.8,21.8,20.1,1.33,5.6
6094,14.443583,74.469028,21.5,46.2,18.6,22.1,1.25,5.6
6095,14.443583,74.783861,19.2,47.4,20.4,18.3,1.29,5.6
6096,14.443778,74.468528,21.5,46.2,18.6,22.1,1.25,5.6
6097,14.452075,74.450083,0.0,0.0,0.0,0.0,0.0,0.0
6098,14.452544,74.447486,21.0,43.7,21.9,31.0,1.3,6.2
6099,14.452594,74.447908,20.9,38.2,23.2,32.8,1.25,5.9
6100,14.453331,74.452339,0.0,0.0,0.0,0.0,0.0,0.0
6101,14.454286,74.485383,16.9,49.5,21.4,21.9,1.23,5.6
6102,14.454528,74.778833,15.9,49.4,20.8,19.2,1.29,5.5
6103,14.455586,74.471689,16.4,43.1,24.3,22.4,1.29,6.0
6104,14.455597,74.482706,16.7,49.8,20.6,25.7,1.28,5.6
6105,14.459444,74.777139,15.8,49.3,21.6,19.0,1.31,5.5
6106,14.461056,74.753222,15.7,48.2,19.8,17.4,1.29,6.0
6107,14.467861,74.803083,14.2,48.0,21.9,19.0,1.29,5.5
6108,14.470769,74.459786,19.2,47.4,21.1,21.8,1.23,5.5
6109,14.471861,74.77525,16.6,46.9,20.5,19.0,1.3,5.5
6110,14.474,74.775167,16.6,46.9,20.5,19.0,1.3,5.5
6111,14.474361,74.776611,15.8,47.1,21.6,21.2,1.3,5.6
6112,14.47875,74.807306,16.1,46.6,22.5,18.4,1.29,5.6
6113,14.480294,74.4378,20.1,42.7,21.6,22.1,1.25,6.1
6114,14.480294,74.4378,20.1,42.7,21.6,22.1,1.25,6.1
6115,14.481,74.877056,15.8,47.9,21.0,17.5,1.32,5.6
6116,14.486453,74.495181,19.7,48.6,20.0,19.3,1.34,5.6
6117,14.487181,74.494575,19.9,48.8,19.7,19.1,1.32,5.5
6118,14.490544,74.496694,18.9,46.7,21.0,22.2,1.36,5.5
6119,14.49075,74.772639,15.5,47.9,20.5,15.5,1.28,5.6
6120,14.4945,74.80475,16.5,46.8,21.3,19.0,1.29,5.6
6121,14.5,74.81,16.6,46.5,22.4,16.3,1.3,5.6
6122,14.5,74.77,15.3,49.2,18.8,14.8,1.25,5.6
6123,14.504106,74.361631,24.5,46.0,17.6,19.2,1.3,6.1
6124,14.504397,74.362122,23.6,46.5,18.1,19.2,1.32,6.0
6125,14.509406,74.526333,18.6,46.8,19.6,21.5,1.23,5.3
6126,14.51,74.8,17.1,48.0,19.0,22.1,1.27,5.6
6127,14.51,74.8,17.1,48.0,19.0,22.1,1.27,5.6
6128,14.51,74.79,15.8,48.1,19.6,17.6,1.28,5.6
6129,14.51,74.83,16.0,46.8,19.6,16.7,1.29,5.6
6130,14.51,74.84,16.0,47.1,22.6,15.5,1.25,5.6
6131,14.51,74.82,15.6,47.1,20.3,18.2,1.28,5.6
6132,14.51,74.82,15.6,47.1,20.3,18.2,1.28,5.6
6133,14.51,74.82,15.6,47.1,20.3,18.2,1.28,5.6
6134,14.51,74.81,15.9,47.9,21.7,19.2,1.25,5.6
6135,14.51,74.81,15.9,47.9,21.7,19.2,1.25,5.6
6136,14.51,74.81,15.9,47.9,21.7,19.2,1.25,5.6
6137,14.51,74.81,15.9,47.9,21.7,19.2,1.25,5.6
6138,14.51,74.82,15.6,47.1,20.3,18.2,1.28,5.6
6139,14.51,74.83,16.0,46.8,19.6,16.7,1.29,5.6
6140,14.51,74.81,15.9,47.9,21.7,19.2,1.25,5.6
6141,14.51,74.78,15.9,48.5,19.5,17.9,1.21,5.5
6142,14.51,74.88,15.2,46.4,22.8,16.5,1.33,6.2
6143,14.513489,74.411117,19.8,45.2,20.2,22.5,1.25,5.5
6144,14.513489,74.411117,19.8,45.2,20.2,22.5,1.25,5.5
6145,14.517317,74.409617,23.1,44.7,19.5,21.7,1.3,5.6
6146,14.517933,74.409533,23.1,44.7,19.5,21.7,1.3,5.6
6147,14.52,74.79,17.4,48.0,19.6,19.6,1.31,5.5
6148,14.52,74.84,15.9,48.9,21.1,19.2,1.29,5.6
6149,14.52,74.84,15.9,48.9,21.1,19.2,1.29,5.6
6150,14.52,74.81,15.8,48.0,21.7,19.1,1.3,5.7
6151,14.52,74.88,15.5,46.2,24.5,17.5,1.33,6.2
6152,14.522436,74.566222,14.6,43.7,24.0,27.6,1.18,5.4
6153,14.522492,74.576103,15.7,44.7,22.3,21.4,1.26,5.5
6154,14.52535,74.561575,16.1,45.7,23.4,25.5,1.15,5.4
6155,14.527781,74.631389,17.4,47.0,19.8,22.1,1.23,5.4
6156,14.53,74.8,17.5,48.0,21.0,18.3,1.29,5.6
6157,14.53,74.83,14.4,46.9,23.6,15.7,1.31,5.6
6158,14.53,74.85,15.3,48.0,21.2,17.5,1.36,6.0
6159,14.53,74.85,15.3,48.0,21.2,17.5,1.36,6.0
6160,14.53,74.76,16.5,48.1,19.3,18.2,1.29,5.6
6161,14.530608,74.644547,15.8,46.1,21.8,22.0,1.23,5.4
6162,14.536633,74.349539,20.6,45.4,19.9,27.3,1.32,5.6
6163,14.538083,74.398733,21.1,45.2,19.8,21.6,1.26,6.2
6164,14.54,74.8,15.0,46.9,21.0,16.8,1.32,5.6
6165,14.54,74.82,14.2,47.9,22.2,16.8,1.27,5.6
6166,14.54,74.82,14.2,47.9,22.2,16.8,1.27,5.6
6167,14.54,74.79,15.8,46.9,20.3,15.0,1.27,5.6
6168,14.54,74.79,15.8,46.9,20.3,15.0,1.27,5.6
6169,14.54,74.83,15.6,48.7,19.6,18.4,1.36,5.8
6170,14.54,74.84,15.6,48.2,20.9,15.3,1.3,5.8
6171,14.5449,74.442217,21.0,48.2,17.8,19.6,1.24,5.4
6172,14.547444,74.702506,15.9,47.8,18.5,20.6,1.24,5.5
6173,14.547444,74.7025,15.9,47.8,18.5,20.6,1.24,5.5
6174,14.552222,74.768611,16.1,46.6,20.2,15.5,1.3,5.8
6175,14.56,74.88,14.4,48.0,19.0,18.8,1.23,5.5
6176,14.57,74.86,14.9,48.2,20.5,17.0,1.32,5.8
6177,14.576556,74.383556,20.0,44.8,21.1,23.0,1.24,6.0
6178,14.576889,74.383556,20.0,44.8,21.1,23.0,1.24,6.0
6179,14.577564,74.557517,16.9,43.7,23.7,21.8,1.23,5.4
6180,14.58,74.87,14.3,46.5,22.6,17.5,1.32,6.2
6181,14.58025,74.382819,18.2,46.5,18.4,21.6,1.27,5.5
6182,14.580583,74.38275,18.2,46.5,18.4,21.6,1.27,5.5
6183,14.581078,74.382472,18.2,46.5,18.4,21.6,1.27,5.5
6184,14.581617,74.372433,17.4,43.8,21.6,23.1,1.26,6.1
6185,14.583333,74.35,20.5,48.6,18.1,21.7,1.19,5.4
6186,14.59155,74.35905,18.8,44.1,20.7,23.4,1.27,6.1
6187,14.5932,74.360217,18.8,44.1,21.1,22.0,1.27,5.5
6188,14.6,74.77,15.4,50.7,19.4,17.9,1.37,5.7
6189,14.601428,74.367167,19.1,44.7,21.5,23.1,1.26,6.0
6190,14.602008,74.367908,19.1,44.7,21.5,23.1,1.26,6.0
6191,14.602117,74.363667,17.1,42.3,20.5,31.2,1.25,6.1
6192,14.603067,74.380464,0.0,0.0,0.0,0.0,0.0,0.0
6193,14.604,74.35775,15.5,46.6,20.3,21.9,1.29,5.6
6194,14.60555,74.361867,15.8,50.3,19.9,22.1,1.26,6.1
6195,14.60605,74.3619,16.2,49.5,19.9,19.4,1.23,5.4
6196,14.608483,74.3607,17.3,46.5,21.5,22.8,1.25,5.5
6197,14.60875,74.360183,17.3,46.5,21.5,22.8,1.25,5.5
6198,14.609133,74.688339,16.1,51.0,18.5,22.0,1.19,5.5
6199,14.613297,74.554911,15.8,47.3,22.5,26.0,1.14,5.4
6200,14.61335,74.357433,20.5,46.4,20.0,19.4,1.26,5.9
6201,14.613467,74.35745,20.5,46.4,20.0,19.4,1.26,5.9
6202,14.61375,74.35795,20.5,46.4,20.0,19.4,1.26,5.9
6203,14.613833,74.306,21.5,46.3,19.5,21.3,1.23,5.6
6204,14.614033,74.305017,20.6,45.4,20.6,23.0,1.27,5.7
6205,14.61505,74.357683,20.5,46.4,20.0,19.4,1.26,5.9
6206,14.615669,74.555067,15.8,48.3,22.3,25.5,1.17,5.4
6207,14.615761,74.557853,15.7,46.4,22.1,28.1,1.16,5.4
6208,14.63,74.91,15.3,47.1,19.4,16.2,1.3,5.8
6209,14.63,74.87,15.6,44.9,22.1,13.6,1.33,6.2
6210,14.64,74.8,14.4,49.8,22.8,17.0,1.3,5.6
6211,14.65,74.8,16.2,49.1,21.0,15.2,1.29,5.7
6212,14.66,74.83,15.7,48.0,20.4,18.5,1.29,5.6
6213,14.66,74.84,16.6,48.0,19.4,15.5,1.27,5.6
6214,14.67,74.85,15.2,47.7,19.5,15.3,1.26,5.5
6215,14.67,74.85,15.2,47.7,19.5,15.3,1.26,5.5
6216,14.67,74.85,15.2,47.7,19.5,15.3,1.26,5.5
6217,14.672017,74.310767,18.2,46.5,19.7,21.3,1.27,6.2
6218,14.672233,74.311217,18.2,46.5,19.7,21.3,1.27,6.2
6219,14.685267,74.3762,20.5,47.3,18.8,19.2,1.31,5.5
6220,14.685386,74.409675,15.6,46.6,22.8,22.9,1.23,5.4
6221,14.68815,74.3545,20.5,43.7,18.8,30.4,1.28,5.4
6222,14.688317,74.353283,20.5,43.7,18.8,30.4,1.28,5.4
6223,14.69,74.82,16.1,48.4,19.4,16.8,1.3,5.6
6224,14.69,74.9,19.2,45.2,18.5,21.0,1.24,5.6
6225,14.69,74.82,16.1,48.4,19.4,16.8,1.3,5.6
6226,14.6909,74.343717,20.5,44.5,20.6,17.5,1.38,5.7
6227,14.7,74.82,16.5,50.2,19.3,18.1,1.27,5.6
6228,14.7,74.88,16.3,46.9,21.5,19.0,1.25,5.5
6229,14.7,74.88,16.3,46.9,21.5,19.0,1.25,5.5
6230,14.7,74.84,16.1,50.6,19.0,15.5,1.27,5.6
6231,14.7,74.91,17.3,46.2,19.3,21.4,1.27,5.5
6232,14.71,74.81,15.9,47.6,24.1,16.5,1.26,5.6
6233,14.71,74.83,15.7,51.6,19.4,15.8,1.27,5.6
6234,14.71,74.84,16.0,50.2,19.5,18.9,1.31,5.6
6235,14.72,74.78,15.0,47.5,21.9,15.2,1.25,5.5
6236,14.73,74.75,15.9,47.5,21.5,15.5,1.27,5.6
6237,14.73,74.82,14.9,49.2,24.0,14.2,1.25,5.6
6238,14.73,74.88,17.2,47.6,20.6,17.3,1.28,5.6
6239,14.73,74.89,17.1,47.6,20.6,15.3,1.29,5.6
6240,14.734722,74.680556,15.9,47.9,19.0,20.1,1.29,5.5
6241,14.73525,74.678889,15.9,47.9,18.7,19.2,1.3,5.6
6242,14.738889,74.674258,16.1,47.9,19.5,21.2,1.27,5.5
6243,14.74,74.82,15.9,48.2,20.7,14.0,1.24,5.5
6244,14.743333,74.665833,16.3,46.1,22.6,22.6,1.19,5.3
6245,14.743611,74.651472,16.5,50.2,18.4,25.5,1.18,5.4
6246,14.744167,74.580833,17.7,47.3,22.0,23.9,1.2,5.5
6247,14.744972,74.663611,16.3,46.5,21.4,25.2,1.25,5.4
6248,14.746339,74.662003,16.3,46.5,21.4,25.2,1.25,5.4
6249,14.746378,74.250608,0.0,0.0,0.0,0.0,0.0,0.0
6250,14.746444,74.250233,0.0,0.0,0.0,0.0,0.0,0.0
6251,14.746661,74.250747,0.0,0.0,0.0,0.0,0.0,0.0
6252,14.746788,74.250685,0.0,0.0,0.0,0.0,0.0,0.0
6253,14.746861,74.250008,0.0,0.0,0.0,0.0,0.0,0.0
6254,14.747278,74.560556,17.7,47.3,20.4,22.6,1.25,5.6
6255,14.75,74.86,14.6,49.3,25.4,15.0,1.31,5.8
6256,14.76,74.8,16.3,46.4,21.7,21.0,1.25,5.6
6257,14.76,74.81,15.3,48.4,21.9,15.8,1.29,5.7
6258,14.76,74.81,15.3,48.4,21.9,15.8,1.29,5.7
6259,14.761667,74.191572,21.8,45.0,17.5,23.0,1.2,5.6
6260,14.766164,74.188228,0.0,0.0,0.0,0.0,0.0,0.0
6261,14.77,74.81,15.8,47.3,21.7,17.4,1.27,5.6
6262,14.77,74.81,15.8,47.3,21.7,17.4,1.27,5.6
6263,14.77,74.83,15.8,48.4,19.8,15.1,1.32,5.6
6264,14.77,74.86,16.0,47.2,20.5,15.4,1.29,6.0
6265,14.77,74.82,15.7,49.5,20.5,18.1,1.25,5.5
6266,14.77,74.81,15.8,47.3,21.7,17.4,1.27,5.6
6267,14.770642,74.163617,22.9,35.0,20.6,27.7,1.25,5.9
6268,14.771761,74.162281,22.4,36.6,20.5,26.8,1.27,6.1
6269,14.7782,74.6613,15.8,46.4,21.5,24.4,1.2,5.5
6270,14.78,74.84,15.6,49.3,19.0,17.7,1.3,5.6
6271,14.78,74.81,15.3,51.1,22.9,16.8,1.3,6.2
6272,14.78,74.88,17.5,47.7,19.5,15.3,1.27,5.6
6273,14.7809,74.14655,0.0,0.0,0.0,0.0,0.0,0.0
6274,14.781483,74.136114,0.0,0.0,0.0,0.0,0.0,0.0
6275,14.79,74.95,16.6,48.0,20.5,16.1,1.29,5.8
6276,14.790583,74.115267,18.5,43.9,20.4,20.3,1.4,5.5
6277,14.791131,74.116453,18.3,41.1,21.4,20.6,1.38,6.1
6278,14.8,74.81,15.6,48.4,21.2,15.5,1.32,5.7
6279,14.8,74.81,15.6,48.4,21.2,15.5,1.32,5.7
6280,14.8,74.75,15.7,48.1,26.6,21.8,1.24,5.5
6281,14.8,74.83,15.6,47.6,21.4,15.2,1.33,5.8
6282,14.803672,74.125169,0.0,0.0,0.0,0.0,0.0,0.0
6283,14.81,74.81,15.8,48.0,20.3,17.0,1.33,5.7
6284,14.81,74.76,18.3,49.0,21.3,24.1,1.24,5.5
6285,14.82,74.81,15.4,47.9,21.2,16.0,1.3,5.8
6286,14.834917,74.177044,18.3,38.8,23.8,20.0,1.35,5.7
6287,14.8361,74.6537,18.9,45.6,23.0,20.5,1.31,5.6
6288,14.8376,74.4395,15.4,45.7,22.1,30.0,1.22,5.6
6289,14.84,74.84,15.2,47.9,22.8,15.6,1.3,6.0
6290,14.846669,74.183056,17.8,36.9,22.8,19.4,1.26,5.5
6291,14.846883,74.182911,17.8,36.9,22.8,19.4,1.26,5.5
6292,14.846883,74.182911,17.8,36.9,22.8,19.4,1.26,5.5
6293,14.849875,74.179033,18.2,37.8,21.2,21.8,1.21,5.5
6294,14.85,74.83,16.4,48.4,20.8,18.4,1.3,5.6
6295,14.85,74.85,14.9,47.7,23.4,15.4,1.3,5.9
6296,14.853583,74.217447,20.8,40.9,19.9,19.2,1.38,6.0
6297,14.857375,74.230567,19.1,42.8,19.7,20.0,1.27,5.5
6298,14.873633,74.136217,17.8,34.3,19.7,21.3,1.35,5.8
6299,14.8755,74.6543,18.2,43.3,24.8,22.2,1.25,5.6
6300,14.88,74.76,15.7,49.3,22.9,23.7,1.23,5.5
6301,14.88455,74.141756,17.9,38.6,23.7,20.6,1.32,5.5
6302,14.886633,74.165033,16.5,44.8,19.8,16.2,1.38,5.6
6303,14.8879,74.5624,19.9,46.1,19.3,21.6,1.21,5.5
6304,14.889,74.5612,19.9,46.1,19.3,21.6,1.21,5.5
6305,14.8908,74.6549,16.6,44.9,27.2,21.3,1.27,5.6
6306,14.8935,74.6538,16.6,45.5,26.6,21.0,1.27,5.6
6307,14.9,74.82,16.0,49.5,23.4,18.0,1.27,5.5
6308,14.9005,74.197283,18.8,41.5,20.7,16.1,1.25,5.5
6309,14.9021,74.5611,17.2,47.7,20.3,27.8,1.2,5.5
6310,14.908917,74.20405,19.0,44.1,19.8,16.6,1.27,5.6
6311,14.910767,74.098519,19.3,41.9,21.4,19.0,1.35,5.7
6312,14.911914,74.101367,18.3,41.9,21.2,16.3,1.25,5.4
6313,14.9304,74.3575,15.8,47.6,21.5,25.5,1.24,5.6
6314,14.9354,74.3602,15.9,48.8,21.4,28.1,1.23,5.5
6315,14.938647,74.066544,18.8,42.1,18.3,15.8,1.28,5.5
6316,14.940944,74.073261,18.9,40.6,20.7,16.6,1.29,5.5
6317,14.941061,74.072997,18.9,40.6,20.7,16.6,1.29,5.5
6318,14.9413,74.3611,16.6,42.9,21.9,29.1,1.21,5.5
6319,14.9449,74.3613,15.4,42.9,22.2,28.6,1.2,5.5
6320,14.946756,74.068536,19.2,40.6,20.5,18.2,1.34,5.5
6321,14.954078,74.061417,19.0,40.6,21.4,16.6,1.26,5.5
6322,14.954614,74.061364,18.9,41.6,19.8,17.9,1.35,5.5
6323,14.9573,74.060078,19.1,40.2,22.2,20.1,1.35,5.5
6324,14.959956,74.054328,19.1,39.9,20.9,20.0,1.36,5.5
6325,14.965842,74.079686,18.9,44.1,18.5,17.8,1.26,5.5
6326,14.966778,74.077769,18.6,41.2,20.2,16.4,1.29,5.5
6327,14.974,74.5761,18.5,41.4,26.3,28.2,1.27,5.7
6328,14.9854,74.5903,16.2,43.4,24.9,23.2,1.21,5.5
6329,14.9972,74.6548,16.6,44.2,20.9,19.2,1.25,5.5
6330,14.997794,74.067614,15.1,39.1,22.2,18.0,1.3,5.5
6332,15.002611,74.359056,19.0,42.7,21.0,30.5,1.2,5.6
6333,15.003167,74.358917,19.0,42.7,21.0,30.5,1.2,5.6
6334,15.004667,74.358306,19.0,42.7,21.0,30.5,1.2,5.6
6335,15.012778,74.400333,16.9,47.2,19.6,27.8,1.2,5.5
6336,15.013111,74.402306,16.9,47.2,19.6,27.8,1.2,5.5
6337,15.013528,74.404222,16.5,47.1,19.6,27.9,1.21,5.5
6338,15.01375,74.406167,16.6,47.9,19.5,28.1,1.2,5.4
6339,15.014339,74.037694,19.3,39.8,21.2,18.1,1.34,5.6
6340,15.017553,74.034444,19.6,39.8,21.3,17.8,1.29,5.5
6341,15.019861,74.498,17.8,46.5,19.1,27.8,1.19,5.6
6342,15.021,74.434361,16.8,51.7,17.7,23.5,1.26,5.5
6343,15.022417,74.497472,18.3,47.6,18.6,29.1,1.22,5.6
6344,15.02325,74.445278,18.7,47.6,18.4,28.9,1.2,5.5
6345,15.03,74.56,15.9,46.4,24.5,22.7,1.2,5.5
6346,15.031378,74.023722,20.6,40.7,17.3,23.7,1.21,5.6
6347,15.04,74.55,16.5,46.9,22.3,23.9,1.19,5.5
6348,15.04,74.64,16.4,44.9,20.5,21.9,1.23,5.5
6349,15.04,74.64,16.4,44.9,20.5,21.9,1.23,5.5
6350,15.041722,74.349333,16.6,47.8,19.5,23.9,1.22,5.5
6351,15.05,74.63,16.4,46.5,21.0,22.8,1.2,5.5
6352,15.051183,74.022444,20.3,44.9,19.6,30.0,1.16,5.5
6353,15.055383,74.025556,17.6,45.1,24.0,28.8,1.16,5.6
6354,15.056369,74.025861,17.6,45.1,24.0,28.8,1.16,5.6
6355,15.06,74.55,16.2,49.8,19.4,20.8,1.25,5.4
6356,15.09,74.65,16.5,46.0,24.3,19.0,1.24,5.5
6357,15.09,74.65,16.5,46.0,24.3,19.0,1.24,5.5
6358,15.09,74.65,16.5,46.0,24.3,19.0,1.24,5.5
6359,15.09,74.65,16.5,46.0,24.3,19.0,1.24,5.5
6360,15.09,74.52,17.5,48.0,21.0,23.9,1.21,5.5
6361,15.1,74.65,15.7,47.6,20.6,19.2,1.31,5.6
6362,15.1,74.65,15.7,47.6,20.6,19.2,1.31,5.6
6363,15.1,74.65,15.7,47.6,20.6,19.2,1.31,5.6
6364,15.1,74.65,15.7,47.6,20.6,19.2,1.31,5.6
6365,15.1,74.65,15.7,47.6,20.6,19.2,1.31,5.6
6366,15.108639,74.371556,17.3,47.8,19.8,26.8,1.21,5.5
6367,15.109667,74.369389,16.3,47.3,19.5,23.0,1.22,5.5
6368,15.11,74.65,19.9,43.6,21.0,19.2,1.31,5.8
6369,15.11,74.65,19.9,43.6,21.0,19.2,1.31,5.8
6370,15.132222,73.951667,25.5,35.9,20.9,14.7,1.46,6.2
6371,15.135,73.954444,27.2,34.8,19.2,16.8,1.38,5.6
6372,15.148361,74.435333,17.2,46.2,18.5,22.5,1.28,5.5
6373,15.149139,74.445389,18.0,47.9,18.4,21.6,1.25,5.5
6374,15.149417,74.446028,18.0,47.9,18.4,21.6,1.25,5.5
6375,15.149444,74.447861,18.2,48.1,17.4,20.6,1.22,5.4
6376,15.17,74.63,17.3,44.5,20.8,19.0,1.28,5.6
6377,15.17,74.63,17.3,44.5,20.8,19.0,1.28,5.6
6378,15.172214,74.107333,22.8,37.3,18.5,16.4,1.23,5.4
6379,15.187333,74.361389,23.7,44.5,18.2,27.8,1.14,5.6
6380,15.187667,74.361028,23.7,44.5,18.2,27.8,1.14,5.6
6381,15.19,74.55,15.9,46.7,20.1,21.5,1.29,5.6
6382,15.190278,74.498694,16.7,46.1,19.1,19.0,1.27,5.6
6383,15.219278,74.386833,18.2,44.1,19.8,29.4,1.08,5.5
6384,15.22,74.54,17.0,45.1,20.9,19.1,1.3,5.8
6385,15.220639,74.395472,20.6,43.2,18.6,27.8,1.1,5.5
6386,15.221361,74.399944,22.5,42.2,18.6,27.8,1.1,5.4
6387,15.223417,74.398917,24.2,43.2,18.6,26.1,1.1,5.5
6388,15.23,74.54,17.0,45.7,18.8,20.2,1.27,5.5
6389,15.263139,74.33325,17.3,42.7,20.6,19.2,1.2,5.6
6390,15.27,74.1,0.0,0.0,0.0,0.0,0.0,0.0
6391,15.27,74.02,23.5,29.2,30.5,17.9,1.38,6.1
6392,15.28,74.08,22.2,37.1,18.9,19.0,1.29,5.8
6393,15.281444,74.524583,27.3,39.2,18.6,25.4,1.27,5.7
6394,15.282417,74.523472,27.4,36.5,20.9,30.1,1.22,5.6
6395,15.297722,74.509556,26.1,41.0,18.5,44.7,1.2,5.8
6396,15.310972,74.54075,17.0,41.9,21.3,21.9,1.25,5.6
6397,15.321111,74.562417,16.1,44.0,24.0,18.4,1.31,5.8
6398,15.324842,74.382472,20.0,43.9,18.2,22.0,1.17,5.5
6399,15.327206,74.380369,20.0,44.1,18.5,22.3,1.17,5.5
6400,15.3325,74.306333,19.8,42.7,22.6,24.3,1.26,5.7
6401,15.347667,74.348778,19.9,44.5,18.2,22.0,1.23,5.6
6402,15.355,73.976389,0.0,0.0,0.0,0.0,0.0,0.0
6403,15.37,73.960278,22.2,36.2,21.8,18.0,1.44,5.7
6404,15.385,73.951111,0.0,0.0,0.0,0.0,0.0,0.0
6405,15.39,73.913333,24.3,34.8,22.2,19.3,1.3,6.2
6406,15.391667,73.903611,24.2,36.0,21.8,19.3,1.44,6.1
6407,15.394417,74.581083,17.6,42.6,18.0,19.3,1.2,5.6
6408,15.394444,73.903889,23.3,36.9,22.4,23.1,1.4,6.1
6409,15.398753,74.338233,18.3,45.7,20.9,16.9,1.25,5.8
6410,15.4,74.03,21.0,39.1,20.6,18.2,1.3,5.5
6411,15.402778,73.908333,23.6,35.6,23.3,28.8,1.28,6.1
6412,15.41,74.25,19.6,41.1,23.9,23.8,1.29,5.6
6413,15.41,74.24,19.1,41.7,22.9,23.1,1.29,5.6
6414,15.41,74.02,23.1,34.5,22.1,18.4,1.39,6.1
6415,15.41,74.02,23.1,34.5,22.1,18.4,1.39,6.1
6416,15.410917,74.2635,20.3,40.0,22.2,22.8,1.29,5.6
6417,15.410944,74.264944,17.8,42.1,24.7,23.4,1.28,5.6
6418,15.410944,74.264944,17.8,42.1,24.7,23.4,1.28,5.6
6419,15.410972,74.270139,17.5,42.1,24.4,22.9,1.26,5.6
6420,15.411278,74.266278,18.5,41.7,25.0,23.1,1.25,5.6
6421,15.411444,74.267722,18.5,41.7,25.0,23.1,1.25,5.6
6422,15.412194,74.268389,18.5,41.7,25.0,23.1,1.25,5.6
6423,15.412306,74.268694,18.5,41.7,25.0,23.1,1.25,5.6
6424,15.412489,74.267069,18.5,41.7,25.0,23.1,1.25,5.6
6425,15.413047,74.266831,18.5,41.7,25.0,23.1,1.25,5.6
6426,15.4135,74.255333,20.0,40.1,21.8,25.5,1.29,5.6
6427,15.413564,74.26695,18.9,42.1,22.7,24.6,1.22,5.6
6428,15.414333,74.267167,18.9,42.1,22.7,24.6,1.22,5.6
6429,15.415325,74.267275,18.9,42.1,22.7,24.6,1.22,5.6
6430,15.415419,74.280017,19.0,42.3,22.5,22.7,1.23,5.6
6431,15.416361,74.262139,18.4,41.3,25.2,23.0,1.29,5.8
6432,15.416472,74.26075,18.4,41.3,25.2,23.0,1.29,5.8
6433,15.416639,74.261028,18.4,41.3,25.2,23.0,1.29,5.8
6434,15.417044,74.267761,18.9,42.3,23.3,25.2,1.23,5.6
6435,15.418697,74.270856,19.0,42.1,23.3,24.2,1.26,5.6
6436,15.422222,73.985,26.0,39.0,20.0,18.2,1.39,6.1
6437,15.422481,74.279461,19.0,41.8,24.0,22.6,1.22,5.5
6438,15.423686,74.279558,18.4,40.7,24.0,22.3,1.23,5.5
6439,15.425225,74.279814,18.4,40.7,24.0,22.3,1.23,5.5
6440,15.428328,74.285953,21.7,43.9,18.3,19.9,1.3,5.5
6441,15.428539,74.286106,21.7,43.9,18.3,19.9,1.3,5.5
6442,15.429256,74.286292,21.7,43.9,18.3,19.9,1.3,5.5
6443,15.429928,74.286067,21.7,43.9,18.3,19.9,1.3,5.5
6444,15.430053,74.289003,25.8,39.4,17.9,24.7,1.24,5.6
6445,15.430431,74.286019,21.3,43.3,18.7,20.6,1.35,6.0
6446,15.431808,74.291431,27.9,40.9,17.6,25.9,1.23,5.6
6447,15.434722,73.983889,21.1,40.9,21.6,19.1,1.28,5.5
6448,15.438408,74.300336,18.7,43.3,20.9,21.9,1.25,5.4
6449,15.438594,74.299819,18.7,43.3,20.9,21.9,1.25,5.4
6450,15.444444,73.974444,20.8,38.8,21.6,17.9,1.36,5.7
6451,15.53,74.11,24.9,36.8,19.0,19.2,1.34,5.8
6452,15.6,74.1,23.1,34.9,18.1,26.2,1.13,5.5
6453,15.6,74.1,23.1,34.9,18.1,26.2,1.13,5.5
6454,15.6,74.1,23.1,34.9,18.1,26.2,1.13,5.5
6455,15.6,74.11,21.6,38.7,18.8,26.5,1.22,5.5
6456,15.61,74.09,27.6,35.6,19.8,31.0,1.12,5.6
6457,15.61,74.11,20.4,39.1,20.9,23.7,1.23,5.6
6458,15.61,74.11,20.4,39.1,20.9,23.7,1.23,5.6
6459,15.61,74.11,20.4,39.1,20.9,23.7,1.23,5.6
6460,15.63,74.12,21.9,38.4,19.8,22.4,1.27,5.5
6461,15.64,74.12,23.8,37.6,18.8,23.0,1.3,5.7
6462,15.64,74.11,24.1,36.1,17.9,26.4,1.29,5.5
6463,15.646342,74.718306,19.2,42.0,14.3,10.2,1.33,6.1
6464,15.65,74.12,32.3,33.9,17.7,30.2,1.15,5.8
6465,15.65,74.13,27.9,39.0,17.5,27.9,1.13,6.2
6466,15.65,74.13,27.9,39.0,17.5,27.9,1.13,6.2
6467,15.65,74.13,27.9,39.0,17.5,27.9,1.13,6.2
6468,15.65,74.14,27.7,40.5,17.3,29.1,1.17,5.6
6469,15.717903,74.793694,32.4,30.9,20.3,14.8,1.37,6.4
6470,15.718819,74.721806,35.0,29.4,19.5,9.8,1.4,6.4
6471,15.722144,74.720583,37.3,28.2,19.0,10.1,1.4,6.4
6472,15.743528,73.941,28.9,30.0,18.2,18.2,1.4,6.1
6473,15.755333,73.73075,23.4,35.5,24.4,17.1,1.29,5.5
6474,15.774194,74.0,21.9,35.8,21.8,23.0,1.3,5.6
6475,15.774444,74.000278,23.9,33.8,21.8,23.0,1.34,5.9
6476,15.776333,73.985917,23.1,34.7,23.5,22.5,1.35,6.0
6477,15.776778,73.987639,22.1,34.6,24.1,22.9,1.35,5.6
6478,15.777278,73.989139,0.0,0.0,0.0,0.0,0.0,0.0
6479,15.788611,73.874667,24.4,32.3,22.4,18.2,1.36,5.5
6480,15.789667,73.874333,24.4,32.3,22.4,18.2,1.36,5.5
6481,15.790722,73.8705,23.0,33.9,20.7,18.2,1.33,5.6
6482,15.798694,73.864583,26.3,29.8,23.3,19.0,1.35,5.4
6483,15.802306,73.946806,24.5,34.1,22.1,21.0,1.34,5.6
6484,15.8025,74.167222,21.7,43.0,19.5,25.2,1.29,5.6
6485,15.803611,74.129722,23.4,35.1,19.2,19.0,1.34,5.8
6486,15.803833,73.947556,24.9,33.7,21.8,21.0,1.34,5.6
6487,15.804167,74.1625,20.7,36.0,25.7,22.6,1.24,5.6
6488,15.804722,74.160556,20.7,36.0,25.7,22.6,1.24,5.6
6489,15.806667,74.165,20.9,37.3,25.4,23.0,1.2,5.6
6490,15.812083,73.970278,26.3,33.6,19.0,22.0,1.34,5.5
6491,15.815583,73.976694,23.8,34.8,21.4,23.0,1.3,5.7
6492,15.816,73.9765,23.8,34.8,21.4,23.0,1.3,5.7
6493,15.816528,73.976167,23.8,34.8,21.4,23.0,1.3,5.7
6494,15.816889,73.978167,24.1,34.6,21.1,23.0,1.3,5.6
6495,15.817306,73.978,24.1,33.9,19.7,22.9,1.29,5.5
6496,15.824444,74.048056,21.6,34.2,19.0,22.8,1.27,5.7
6497,15.824722,74.049444,22.1,34.2,18.8,24.4,1.23,5.6
6498,15.825472,74.056389,22.9,33.3,18.9,23.7,1.24,5.7
6499,15.825556,74.0575,20.9,34.4,19.1,23.1,1.25,6.2
6500,15.831111,74.026111,20.6,35.4,18.8,23.1,1.25,5.6
6501,15.834722,73.950361,24.3,34.1,21.5,22.0,1.29,5.5
6502,15.838222,73.90675,26.4,32.7,18.9,21.9,1.34,5.5
6503,15.838472,73.905139,26.4,32.7,18.9,21.9,1.34,5.5
6504,15.840889,73.928556,24.5,34.8,21.4,22.4,1.29,5.5
6505,15.841361,73.956444,24.7,36.0,20.2,23.6,1.3,5.5
6506,15.843556,73.956028,24.7,36.0,20.2,23.6,1.3,5.5
6507,15.844722,74.062778,26.9,35.0,19.3,22.9,1.2,5.6
6508,15.855167,73.951778,20.7,34.7,24.1,23.3,1.26,5.5
6509,15.8565,73.953333,22.8,35.1,21.0,23.8,1.25,5.6
6510,15.856833,73.953556,22.8,35.1,21.0,23.8,1.25,5.6
6511,15.858139,73.955139,21.0,35.0,23.4,23.0,1.24,5.6
6512,15.85825,73.949861,18.6,35.1,24.1,22.5,1.26,5.6
6513,15.860528,73.955972,22.0,35.9,23.3,23.3,1.27,5.6
6514,15.863389,73.92275,28.7,34.4,17.8,20.3,1.36,5.5
6515,15.86425,73.966306,24.8,33.8,19.4,22.8,1.31,5.6
6516,15.864972,73.957944,24.1,35.9,21.0,23.0,1.31,5.6
6517,15.865333,73.957722,24.4,34.6,19.2,25.5,1.29,5.6
6518,15.866139,73.975,21.9,34.3,24.0,22.5,1.3,5.6
6519,15.868194,73.839139,28.2,30.7,19.4,18.1,1.3,5.8
6520,15.868806,73.838528,28.2,30.7,19.4,18.1,1.3,5.8
6521,15.869167,73.837917,28.2,30.7,19.4,18.1,1.3,5.8
6522,15.869306,73.837083,26.6,33.6,19.4,19.2,1.3,5.9
6523,15.869667,73.836806,26.6,33.6,19.4,19.2,1.3,5.9
6524,15.870417,73.836694,25.5,34.5,18.6,18.4,1.25,5.5
6525,15.871028,73.837,25.5,34.5,18.6,18.4,1.25,5.5
6526,15.883222,73.892056,26.1,32.8,20.7,18.2,1.34,5.9
6527,15.885722,73.893222,26.2,32.8,20.7,18.4,1.34,6.0
6528,15.893333,73.891278,26.7,33.1,18.7,17.8,1.33,6.0
6529,15.912194,73.945028,26.2,35.3,19.7,22.0,1.34,5.4
6530,15.912194,73.945028,26.2,35.3,19.7,22.0,1.34,5.4
6531,15.915778,73.835278,26.0,34.7,17.8,19.0,1.27,5.7
6532,15.933667,73.9395,25.7,36.2,20.3,19.2,1.31,5.5
6533,15.933917,73.981194,29.0,32.6,18.6,29.0,1.15,5.4
6534,15.934972,73.990139,28.4,33.2,17.8,24.1,1.22,5.6
6535,15.939111,73.991778,28.4,31.4,19.0,23.5,1.2,5.5
6536,15.940444,73.994778,27.9,30.8,18.6,25.0,1.19,5.5
6537,15.948889,74.154167,23.0,36.4,21.4,21.1,1.17,5.6
6538,15.949583,73.997,23.0,31.3,20.8,24.8,1.23,5.5
6539,15.955556,74.156944,20.9,41.2,19.0,19.2,1.23,5.7
6540,15.961667,74.246667,23.4,40.6,14.7,22.5,1.26,6.0
6541,15.980333,73.834778,27.9,30.5,18.4,19.8,1.27,5.4
6542,16.006472,73.788806,23.4,29.1,22.4,15.4,1.32,6.0
6543,16.026222,73.963278,22.7,35.6,24.6,22.7,1.3,6.1
6544,16.032139,73.933361,26.1,33.0,20.9,19.1,1.34,5.7
6545,16.032222,73.929778,26.8,35.2,19.0,19.9,1.35,5.7
6546,16.034194,73.974722,25.1,33.8,21.3,20.3,1.37,6.2
6547,16.040083,73.975222,24.5,34.9,21.3,22.0,1.3,6.1
6548,16.042444,73.975417,23.1,34.7,21.8,22.0,1.3,6.1
6549,16.043972,73.977222,23.1,34.7,21.8,22.0,1.3,6.1
6550,16.044444,73.976583,24.3,32.6,21.1,23.0,1.28,6.2
6551,16.044833,73.977667,23.8,32.3,21.8,22.0,1.28,6.2
6552,16.044833,73.977056,24.3,32.6,21.1,23.0,1.28,6.2
6553,16.045444,73.977667,23.8,32.3,21.8,22.0,1.28,6.2
6554,16.045694,73.976917,24.3,32.6,21.1,23.0,1.28,6.2
6555,16.051472,73.788806,26.9,31.5,19.9,20.0,1.32,6.1
6556,16.051833,73.78925,26.2,33.0,20.3,20.1,1.35,5.6
6557,16.052972,73.789861,26.3,32.5,20.6,19.6,1.35,5.6
6558,16.053,73.984333,24.3,34.3,20.0,23.0,1.28,5.4
6559,16.053333,73.983611,24.0,32.3,20.2,22.5,1.26,5.4
6560,16.053694,73.789639,26.2,33.0,20.3,20.1,1.35,5.6
6561,16.053694,73.789639,26.2,33.0,20.3,20.1,1.35,5.6
6562,16.053694,73.789639,26.2,33.0,20.3,20.1,1.35,5.6
6563,16.053694,73.789639,26.2,33.0,20.3,20.1,1.35,5.6
6564,16.053861,73.984444,24.3,34.3,20.0,23.0,1.28,5.4
6565,16.053889,73.788472,26.0,29.5,21.0,20.3,1.32,5.5
6566,16.058694,73.983472,19.1,31.7,25.1,21.4,1.32,5.5
6567,16.062472,73.982111,21.8,35.1,25.1,20.5,1.34,5.5
6568,16.064,73.955972,25.7,33.7,22.7,21.7,1.35,5.5
6569,16.0655,73.784694,26.1,29.6,20.8,19.8,1.32,5.7
6570,16.149444,74.078611,22.6,39.6,17.8,17.1,1.3,6.0
6571,16.172611,73.884667,29.7,31.2,20.6,20.1,1.37,5.7
6572,16.172806,73.884278,29.7,31.2,20.6,20.1,1.37,5.7
6573,16.172972,73.883639,29.7,31.2,20.6,20.1,1.37,5.7
6574,16.188056,74.078889,20.3,37.5,18.8,16.1,1.34,6.4
6575,16.190556,74.081667,19.5,39.7,17.6,16.0,1.37,6.3
6576,16.191389,73.895472,31.3,29.3,19.8,23.7,1.37,5.6
6577,16.191417,73.89625,28.3,29.3,20.7,23.7,1.34,5.7
6578,16.192306,73.893,25.0,31.9,23.1,23.3,1.34,5.6
6579,16.202167,73.807222,28.4,29.7,20.9,17.9,1.34,6.1
6580,16.208111,73.819528,29.4,28.9,18.4,18.0,1.35,6.1
6581,16.251,74.038,26.2,36.5,16.8,19.1,1.14,5.6
6582,16.254,74.038,24.9,36.5,17.0,22.0,1.13,5.6
6583,16.255,74.039,24.7,37.9,16.9,22.9,1.2,5.6
6584,16.256,74.137,19.8,40.2,19.0,19.2,1.26,5.7
6585,16.256,74.136,19.8,40.2,19.0,19.2,1.26,5.7
6586,16.343,73.892,32.7,27.6,21.1,29.4,1.1,5.4
6587,16.356,73.834,25.4,29.1,24.2,22.6,1.31,5.5
6588,16.357,73.833,25.4,29.1,24.2,22.6,1.31,5.5
6589,16.358,73.838,22.0,29.6,24.2,22.4,1.23,5.5
6590,16.358,73.847,24.6,30.7,22.5,23.0,1.22,5.3
6591,16.358,73.846,20.4,31.6,25.1,23.0,1.23,5.5
6592,16.359,73.845,20.4,31.6,25.1,23.0,1.23,5.5
6593,16.359,73.825,22.0,33.5,27.2,23.7,1.31,6.1
6594,16.359,73.848,24.6,30.7,22.5,23.0,1.22,5.3
6595,16.36,73.843,20.4,32.0,25.6,22.5,1.27,5.5
6596,16.361,73.849,23.0,31.2,25.1,23.0,1.24,5.5
6597,16.362,73.823,20.7,31.9,26.5,21.4,1.34,6.1
6598,16.363,73.851,22.4,31.6,24.5,25.0,1.23,5.5
6599,16.368,73.857,20.8,30.8,23.4,23.0,1.24,5.5
6600,16.375,74.043,20.8,40.5,19.6,19.1,1.34,6.2
6601,16.378,73.857,22.7,31.8,21.9,23.0,1.33,5.5
6602,16.379,73.858,25.2,32.2,20.1,23.4,1.3,5.6
6603,16.38,73.857,23.0,32.6,20.3,22.6,1.32,5.6
6604,16.381,73.857,23.0,32.6,20.3,22.6,1.32,5.6
6605,16.382,73.855,24.7,32.6,20.3,22.6,1.26,5.5
6606,16.396,73.87,35.9,25.8,20.9,27.5,1.2,5.5
6607,16.399,73.875,35.5,27.8,20.9,27.8,1.15,5.5
6608,16.415,73.811,24.2,33.7,22.2,21.1,1.37,6.1
6609,16.42,74.04,19.0,39.7,18.3,14.1,1.36,6.1
6610,16.42,73.803,29.7,28.6,20.4,22.0,1.34,5.9
6611,16.433,74.035,16.6,43.0,21.0,20.3,1.35,6.1
6612,16.442,73.82,24.5,34.2,22.8,19.9,1.36,6.0
6613,16.46,74.079,22.2,44.3,15.3,17.0,1.32,6.0
6614,16.463,73.817,22.3,33.0,25.1,23.4,1.32,5.7
6615,16.467,73.827,26.2,31.2,24.6,23.7,1.28,5.6
6616,16.468,73.845,24.4,30.6,24.7,22.5,1.31,5.6
6617,16.469,73.959,22.7,36.4,19.0,19.0,1.27,6.1
6618,16.47,73.956,27.3,34.6,18.2,17.9,1.27,6.3
6619,16.515,73.802,27.8,30.4,22.2,23.7,1.33,6.2
6620,16.521,73.909,32.3,29.7,19.8,25.6,1.17,5.7
6621,16.524,73.809,29.3,27.2,22.2,22.4,1.34,6.1
6622,16.527,73.813,25.3,32.4,23.2,21.4,1.33,6.1
6623,16.53,73.803,25.5,30.8,23.8,21.6,1.35,6.1
6624,16.53,73.804,25.3,31.3,23.8,21.2,1.31,6.1
6625,16.53,73.832,24.5,31.4,22.7,22.8,1.35,5.9
6626,16.53,73.832,24.5,31.4,22.7,22.8,1.35,5.9
6627,16.531,73.803,25.5,30.8,23.8,21.6,1.35,6.1
6628,16.531,73.833,26.5,31.7,20.8,22.8,1.33,6.0
6629,16.532,73.805,25.2,30.0,25.2,21.0,1.32,6.1
6630,16.532,73.805,25.2,30.0,25.2,21.0,1.32,6.1
6631,16.532,73.832,25.3,30.8,22.5,23.0,1.33,6.3
6632,16.533,73.829,24.6,29.9,21.9,23.1,1.32,6.2
6633,16.533,73.825,24.3,30.8,20.7,21.6,1.3,6.3
6634,16.533,73.824,24.3,30.8,20.7,21.6,1.3,6.3
6635,16.533,73.823,24.5,30.8,22.1,23.1,1.27,6.1
6636,16.534,73.805,25.2,30.0,25.2,21.0,1.32,6.1
6637,16.538,73.823,23.8,30.7,22.1,23.7,1.28,6.2
6638,16.539,73.814,27.2,28.8,22.8,23.0,1.3,6.1
6639,16.539,73.812,25.5,29.1,23.7,21.8,1.29,6.1
6640,16.54,73.847,25.5,29.5,23.9,22.8,1.32,6.2
6641,16.54,73.817,27.3,30.4,23.3,22.7,1.3,6.2
6642,16.543,73.825,25.3,30.7,21.0,22.8,1.29,5.6
6643,16.554,73.83,31.2,29.0,19.7,20.5,1.32,6.2
6644,16.555,73.83,31.2,29.0,19.7,20.5,1.32,6.2
6645,16.557,73.826,27.7,28.1,22.2,23.0,1.3,6.3
6646,16.56,73.892,32.7,28.3,19.4,29.6,1.15,5.6
6647,16.56,73.828,27.6,28.1,22.5,22.8,1.29,6.0
6648,16.563,73.83,26.9,28.5,23.2,23.7,1.3,6.2
6649,16.564,73.826,21.7,32.2,24.3,23.7,1.32,6.1
6650,16.566,73.817,25.3,33.1,27.0,21.9,1.32,6.1
6651,16.569,73.709,25.8,24.0,24.8,17.0,1.3,6.1
6652,16.569,73.785,24.1,31.0,24.7,19.2,1.29,6.1
6653,16.57,73.785,24.1,31.0,24.7,19.2,1.29,6.1
6654,16.57,73.785,24.1,31.0,24.7,19.2,1.29,6.1
6655,16.572,73.783,22.5,31.8,26.6,17.6,1.3,6.1
6656,16.586,74.011,24.8,42.6,16.5,17.9,1.28,6.2
6657,16.598,73.775,22.8,28.7,23.7,19.2,1.35,6.1
6658,16.6,74.034,17.0,44.4,20.5,17.5,1.3,6.2
6659,16.606,73.744,20.2,28.2,28.0,18.1,1.36,6.2
6660,16.616,73.65,27.1,26.2,21.5,17.8,1.29,6.2
6661,16.62,73.776,28.3,30.5,21.6,18.4,1.36,6.2
6662,16.633,74.064,16.7,42.3,21.8,17.6,1.33,6.1
6663,16.641,73.736,23.0,26.9,24.4,17.9,1.38,6.1
6664,16.65,74.017,17.8,42.8,21.8,17.6,1.34,6.3
6665,16.657,73.958,17.2,38.8,24.6,16.2,1.4,6.4
6666,16.673,73.768,23.0,27.3,26.0,21.1,1.33,6.1
6667,16.673,73.81,23.7,33.0,23.3,20.1,1.32,6.1
6668,16.674,73.811,24.1,33.1,23.0,21.0,1.32,6.1
6669,16.675,73.812,24.1,33.1,23.0,21.0,1.32,6.1
6670,16.675,73.812,24.1,33.1,23.0,21.0,1.32,6.1
6671,16.677,73.763,21.7,28.5,26.9,21.8,1.35,6.1
6672,16.684,73.726,22.5,29.8,26.2,20.1,1.35,6.1
6673,16.686,73.724,20.7,31.0,26.4,21.0,1.36,6.1
6674,16.709,73.614,21.4,30.6,25.7,20.1,1.37,6.1
6675,16.715,73.788,27.1,30.2,24.0,19.9,1.35,6.2
6676,16.72,73.793,20.7,33.1,24.4,21.0,1.34,6.2
6677,16.723,73.797,19.8,32.7,25.9,22.2,1.35,6.2
6678,16.725,73.798,23.8,32.2,23.0,20.8,1.37,6.2
6679,16.734,73.771,23.3,31.3,27.2,19.1,1.33,6.1
6680,16.736,73.772,24.5,31.0,26.2,20.0,1.32,6.0
6681,16.737,73.773,24.5,31.0,26.2,20.0,1.32,6.0
6682,16.738,73.775,28.1,29.4,22.1,19.2,1.33,6.1
6683,16.745,73.739,24.0,32.4,25.1,24.4,1.34,6.2
6684,16.745,73.789,22.1,31.7,24.0,21.2,1.33,6.2
6685,16.746,73.459,29.4,28.3,24.3,21.1,1.28,6.0
6686,16.748,73.459,29.4,28.3,24.3,21.4,1.28,6.1
6687,16.748,73.458,29.4,28.3,24.3,21.4,1.28,6.1
6688,16.75,73.459,30.8,28.0,23.8,20.9,1.29,6.1
6689,16.750506,73.517045,25.8,28.3,23.3,20.1,1.38,6.0
6690,16.75062,73.515877,24.8,29.5,23.6,23.2,1.37,6.0
6691,16.75064,73.516631,25.8,28.3,23.3,20.1,1.38,6.0
6692,16.75186,73.584442,26.0,29.2,21.7,19.4,1.37,6.0
6693,16.758028,73.797861,26.1,30.8,20.1,23.5,1.3,6.2
6694,16.762333,73.790694,25.9,31.7,20.9,23.7,1.33,6.3
6695,16.76387,73.46766,29.4,29.0,24.3,20.9,1.28,6.1
6696,16.860222,73.799639,31.5,31.0,19.2,18.1,1.32,6.1
6697,16.868667,73.801528,27.7,34.9,19.0,21.4,1.28,6.1
6698,16.872083,74.136556,19.4,41.5,18.1,11.4,1.4,6.4
6699,16.884945,73.86776,27.6,34.9,15.6,21.0,1.27,5.8
6700,16.949944,73.942333,17.8,36.8,23.1,18.0,1.33,6.2
6701,16.95225,73.42578,22.2,35.1,25.7,19.1,1.38,6.1
6702,16.965475,73.843339,26.8,32.1,22.6,16.8,1.37,6.3
6703,16.96655,73.843022,26.8,32.1,22.6,16.8,1.37,6.3
6704,16.973689,73.608629,23.8,30.8,23.3,21.1,1.36,6.1
6705,16.974944,73.789842,28.2,31.6,20.5,20.6,1.35,5.8
6706,16.984481,73.783264,30.3,34.4,20.2,21.8,1.28,5.6
6707,16.986931,73.684917,26.0,33.4,18.2,21.0,1.34,6.1
6708,16.991083,73.866188,31.6,30.7,21.0,17.1,1.38,6.2
6709,16.991667,73.676944,25.3,34.8,21.0,22.0,1.36,6.1
6710,16.991897,73.677049,25.3,34.8,21.0,22.0,1.36,6.1
6711,16.992058,73.675903,25.0,35.0,21.3,23.0,1.37,6.1
6712,16.992226,73.866512,31.6,30.7,21.0,17.1,1.38,6.2
6713,16.992642,73.859669,27.9,30.5,18.4,16.0,1.36,6.1
6714,16.996778,73.773139,27.8,32.1,18.2,23.9,1.35,5.5
6715,16.997482,73.77488,28.2,31.8,18.1,23.5,1.37,5.6
6716,16.999391,73.776772,27.8,32.0,18.5,23.5,1.37,5.6
6717,17.0004,73.67408,25.1,33.4,21.2,20.9,1.34,6.1
6718,17.00053,73.60334,25.0,29.5,23.8,23.0,1.35,6.1
6719,17.000836,73.766952,30.6,30.5,19.1,23.7,1.35,6.2
6720,17.004348,73.764449,28.9,30.7,19.5,21.1,1.34,6.2
6721,17.00531,73.6754,23.8,32.6,21.8,20.5,1.34,6.1
6722,17.00543,73.74246,32.5,28.8,17.8,22.2,1.37,6.2
6723,17.011283,73.772456,31.8,32.0,18.9,18.2,1.37,6.3
6724,17.01254,73.66902,24.2,32.6,21.3,23.0,1.37,6.1
6725,17.01513,73.66608,23.1,30.9,21.2,21.4,1.36,6.1
6726,17.01594,73.778689,32.6,30.5,16.8,19.2,1.39,6.2
6727,17.016,73.494,28.1,32.8,26.2,21.0,1.37,6.1
6728,17.01636,73.68424,26.4,34.6,17.7,23.0,1.37,6.1
6729,17.01669,73.51743,29.3,30.5,25.8,20.1,1.28,6.1
6730,17.017,73.35,25.7,32.6,23.6,16.3,1.37,6.2
6731,17.019539,73.870172,27.0,29.9,19.2,17.2,1.39,6.2
6732,17.01954,73.60603,26.0,27.0,22.0,18.0,1.37,6.0
6733,17.021181,73.866665,0.0,0.0,0.0,0.0,0.0,0.0
6734,17.021389,73.868611,26.6,28.9,21.4,27.6,1.31,6.3
6735,17.021713,73.866012,0.0,0.0,0.0,0.0,0.0,0.0
6736,17.021994,73.868439,27.9,29.2,20.5,28.4,1.33,6.2
6737,17.0225,73.864444,0.0,0.0,0.0,0.0,0.0,0.0
6738,17.023726,73.861928,0.0,0.0,0.0,0.0,0.0,0.0
6739,17.023869,73.858692,0.0,0.0,0.0,0.0,0.0,0.0
6740,17.025,73.269,16.9,36.3,25.5,17.3,1.4,6.3
6741,17.025375,73.861919,30.7,30.8,18.6,19.8,1.28,6.1
6742,17.0276,73.862,30.5,31.6,19.2,18.4,1.28,6.2
6743,17.032956,73.860713,27.7,34.0,19.6,19.2,1.27,6.2
6744,17.034441,73.946716,23.3,33.0,19.3,12.0,1.35,6.3
6745,17.03716,73.62069,23.7,30.3,22.0,21.1,1.33,6.0
6746,17.03721,73.61553,25.6,30.2,22.7,21.0,1.36,6.1
6747,17.039222,73.76601,29.1,33.7,18.8,19.3,1.37,6.2
6748,17.041,73.487,29.0,30.1,25.1,20.4,1.3,6.1
6749,17.041771,73.760624,27.7,32.9,18.5,19.1,1.35,6.2
6750,17.042,73.375,20.9,36.2,24.7,17.8,1.38,6.1
6751,17.042582,73.855544,28.7,32.7,20.2,21.9,1.27,5.8
6752,17.043,73.375,20.9,36.2,24.7,17.8,1.38,6.1
6753,17.044,73.476,28.5,29.1,26.0,20.1,1.33,6.1
6754,17.045,73.376,20.1,35.6,27.1,17.3,1.38,6.2
6755,17.050057,73.951036,23.0,33.8,19.5,12.9,1.34,6.2
6756,17.055,73.438,21.7,36.1,20.2,19.1,1.4,6.1
6757,17.058,73.447,27.7,31.0,23.3,22.2,1.33,6.1
6758,17.0581,74.0253,21.2,36.8,20.1,15.2,1.36,6.2
6759,17.0585,74.0227,17.7,36.2,21.3,17.0,1.35,6.2
6760,17.0589,74.0167,23.8,35.3,20.3,12.3,1.36,6.0
6761,17.0595,74.0197,18.9,35.3,23.8,13.8,1.36,6.2
6762,17.06201,73.942703,20.8,35.9,20.2,17.0,1.33,6.1
6763,17.071,73.45,28.0,30.6,23.9,19.4,1.3,6.1
6764,17.08,73.453,25.3,32.1,26.0,19.0,1.35,5.6
6765,17.091453,73.887741,31.0,31.8,18.8,16.8,1.35,6.1
6766,17.094,73.437,19.6,34.0,24.6,17.9,1.38,5.9
6767,17.09885,73.6845,28.3,33.6,19.8,22.9,1.36,5.7
6768,17.102,73.456,28.3,28.0,26.1,19.0,1.34,6.1
6769,17.102,73.9183,26.1,31.0,20.6,15.4,1.37,6.2
6770,17.1027,73.9193,26.6,32.4,19.3,14.1,1.36,6.1
6771,17.105,73.466,24.8,30.8,24.5,21.5,1.3,6.1
6772,17.106,73.444,25.7,32.0,23.9,21.2,1.35,5.6
6773,17.107,73.417,25.0,30.1,24.7,18.0,1.38,6.1
6774,17.107,73.443,25.7,32.0,23.9,21.2,1.35,5.6
6775,17.109,73.441,27.8,30.6,23.7,18.8,1.34,6.1
6776,17.1103,73.9297,19.4,36.8,20.5,15.4,1.32,6.2
6777,17.112,73.451,25.7,32.7,24.9,19.1,1.38,6.1
6778,17.1122,73.57542,26.1,31.6,18.7,20.0,1.38,5.9
6779,17.115,73.303,15.4,37.7,27.3,17.9,1.37,6.2
6780,17.11931,73.5971,24.0,33.3,21.2,21.4,1.38,5.7
6781,17.123,73.445,22.8,33.6,23.4,19.3,1.35,6.2
6782,17.123,73.352,22.2,34.1,25.0,17.2,1.38,6.1
6783,17.13,73.481,25.2,33.0,24.6,20.1,1.3,5.7
6784,17.13,73.443,21.1,35.1,21.0,19.2,1.37,6.1
6785,17.13,73.881389,28.0,30.4,22.4,17.0,1.37,6.1
6786,17.131,73.325,17.5,38.6,22.2,18.1,1.4,6.2
6787,17.1311,73.9179,26.7,34.6,19.1,17.8,1.28,6.2
6788,17.134,73.466,26.9,32.7,23.9,19.0,1.3,6.1
6789,17.135,73.463,24.1,33.2,25.5,19.8,1.29,6.1
6790,17.1354,73.9833,24.3,34.8,22.5,17.0,1.3,6.2
6791,17.146,73.495,27.7,30.3,24.8,19.3,1.35,5.9
6792,17.148,73.497,26.4,31.6,25.0,19.0,1.36,6.3
6793,17.14915,73.66777,28.4,30.5,19.2,23.7,1.34,5.8
6794,17.1597,73.934075,21.8,42.5,17.2,16.6,1.3,6.0
6795,17.161,73.495,25.7,34.2,26.1,19.4,1.35,6.2
6796,17.166,73.491,28.0,31.0,23.3,20.4,1.34,6.2
6797,17.1663,73.9698,23.1,31.6,23.9,13.2,1.37,6.1
6798,17.168,73.468,29.1,30.1,24.5,19.4,1.37,6.1
6799,17.1682,73.9623,20.4,32.6,25.2,13.8,1.4,6.1
6800,17.169,73.479,28.5,30.7,24.8,19.0,1.37,6.1
6801,17.169,73.475,0.0,0.0,0.0,0.0,0.0,0.0
6802,17.181,73.385,20.1,33.8,28.7,21.1,1.38,6.1
6803,17.181667,74.002222,27.3,34.6,20.1,14.0,1.36,6.2
6804,17.189,73.474,28.1,28.6,27.3,21.4,1.34,6.3
6805,17.19,73.253,19.9,33.0,23.7,18.3,1.18,6.2
6806,17.19,73.422,25.5,32.5,23.4,18.9,1.39,6.1
6807,17.194,73.42,26.2,32.1,21.7,19.0,1.35,6.2
6808,17.196,73.419,23.9,33.2,23.8,19.1,1.34,6.1
6809,17.198,73.43,23.1,32.9,23.8,23.7,1.29,5.7
6810,17.199,73.426,23.0,29.9,25.0,23.9,1.34,5.6
6811,17.199,73.417,23.1,34.9,21.1,19.6,1.34,6.1
6812,17.204444,73.936389,22.2,33.7,24.3,18.7,1.33,6.0
6813,17.206,73.416,24.5,33.4,20.5,30.2,1.24,6.3
6814,17.207222,73.938056,22.3,33.1,25.2,18.0,1.35,6.0
6815,17.21,73.396,23.0,35.0,18.2,20.3,1.34,6.1
6816,17.211,73.399,0.0,0.0,0.0,0.0,0.0,0.0
6817,17.212,73.387,0.0,0.0,0.0,0.0,0.0,0.0
6818,17.215,73.415,23.9,35.7,20.8,20.2,1.28,6.2
6819,17.218,73.412,23.3,34.2,21.5,20.3,1.31,6.2
6820,17.218,73.412,23.3,34.2,21.5,20.3,1.31,6.2
6821,17.222,73.343,21.8,34.8,23.1,19.4,1.38,6.2
6822,17.222,73.414,21.6,34.7,21.4,20.9,1.3,6.2
6823,17.223,73.346,23.4,38.6,19.4,30.2,1.27,6.1
6824,17.22362,73.64404,26.1,33.7,18.7,20.1,1.4,6.3
6825,17.224,73.337,21.0,37.4,23.3,19.3,1.38,5.6
6826,17.224,73.451,28.8,28.0,28.2,19.0,1.35,6.3
6827,17.225,73.4,17.4,36.5,23.3,22.9,1.29,6.1
6828,17.225,73.398,17.4,35.3,26.1,23.3,1.28,6.1
6829,17.2275,73.9422,23.8,35.3,20.0,16.3,1.3,6.2
6830,17.23,73.335,0.0,0.0,0.0,0.0,0.0,0.0
6831,17.232795,73.8858,23.2,40.1,17.5,17.9,1.28,6.2
6832,17.234,73.327,20.6,36.6,21.3,19.0,1.4,6.2
6833,17.245,73.426,28.7,29.0,24.6,19.0,1.36,6.1
6834,17.247,73.444,26.0,31.0,25.9,23.3,1.27,6.1
6835,17.25,73.934271,17.4,35.5,20.6,21.9,1.35,6.2
6836,17.25361,73.933333,18.4,35.6,21.8,16.9,1.35,6.0
6837,17.266,73.429,29.0,30.4,24.3,19.0,1.35,6.1
6838,17.2714,73.859686,25.5,33.8,20.6,18.8,1.32,6.2
6839,17.273,73.374,27.2,30.8,23.9,21.1,1.34,6.1
6840,17.273647,73.8575,24.7,36.5,16.8,18.0,1.3,6.2
6841,17.273944,73.548944,22.9,25.9,22.2,17.9,1.39,6.1
6842,17.273944,73.549056,22.9,25.9,22.2,17.9,1.39,6.1
6843,17.284222,73.637889,30.9,26.8,20.9,17.9,1.38,6.2
6844,17.285528,73.636861,29.6,28.3,24.4,19.2,1.36,6.0
6845,17.286667,73.6515,34.0,28.4,17.1,19.2,1.37,5.5
6846,17.287167,73.630306,34.2,28.3,21.1,20.1,1.34,6.1
6847,17.288222,73.6545,28.6,30.8,18.8,20.4,1.37,5.6
6848,17.288528,73.630861,34.2,28.3,21.1,20.1,1.34,6.1
6849,17.289,73.369,22.2,33.9,26.0,23.2,1.28,5.8
6850,17.289167,73.884444,22.2,37.7,18.1,16.6,1.3,6.1
6851,17.293,73.298,22.7,38.8,20.8,19.1,1.37,6.1
6852,17.296,73.358,23.1,30.8,24.7,20.1,1.4,6.2
6853,17.297667,73.653694,34.5,30.9,15.6,19.3,1.36,6.1
6854,17.298,73.362,27.1,32.8,25.7,19.9,1.33,6.2
6855,17.300528,73.645778,29.3,32.7,17.5,22.9,1.35,6.1
6856,17.301278,73.65175,34.0,30.9,17.0,20.1,1.37,6.1
6857,17.306,73.36,27.4,30.9,24.6,20.9,1.33,6.1
6858,17.308,73.359,27.7,32.6,24.5,19.3,1.36,6.2
6859,17.321,73.354,28.1,32.3,25.3,19.0,1.37,6.1
6860,17.325389,73.652472,26.6,33.6,17.5,24.4,1.31,5.6
6861,17.325472,73.65325,26.6,33.6,17.5,24.4,1.31,5.6
6862,17.325806,73.653806,26.6,33.6,17.5,24.4,1.31,5.6
6863,17.334,73.368,27.8,30.7,26.0,18.7,1.35,6.1
6864,17.338,73.33,29.9,30.7,24.1,16.9,1.39,6.0
6865,17.341,73.372,27.6,31.0,25.2,18.7,1.35,6.2
6866,17.342,73.337,28.9,30.4,24.6,18.8,1.37,6.1
6867,17.35,73.229,22.6,38.9,17.6,17.9,1.4,6.3
6868,17.351,73.231,24.2,40.8,17.3,18.4,1.4,6.2
6869,17.353667,73.522444,22.7,29.0,22.2,19.2,1.42,5.8
6870,17.355,73.233,22.9,40.0,17.2,17.9,1.4,6.2
6871,17.358597,73.800078,34.6,29.7,19.3,16.6,1.37,6.2
6872,17.363916,73.768661,32.1,27.8,20.1,20.4,1.29,6.2
6873,17.364194,73.769722,31.1,27.5,19.8,19.6,1.26,6.2
6874,17.365002,73.770962,31.1,27.5,19.8,19.6,1.26,6.2
6875,17.365613,73.770527,31.1,27.5,19.8,19.6,1.26,6.2
6876,17.368801,73.771862,31.3,27.7,21.5,19.1,1.22,6.2
6877,17.370596,73.767744,30.9,28.2,20.6,20.1,1.24,6.3
6878,17.371725,73.764206,33.0,27.9,19.6,21.6,1.25,6.2
6879,17.371799,73.765385,29.4,28.4,20.6,22.8,1.25,6.2
6880,17.375,73.881944,28.4,29.5,23.7,19.8,1.31,6.2
6881,17.385345,73.752317,29.6,30.6,18.6,19.9,1.33,5.7
6882,17.388202,73.75695,29.9,30.6,19.0,23.5,1.34,5.7
6883,17.388524,73.757859,29.9,30.6,19.0,23.5,1.34,5.7
6884,17.391556,73.669306,25.5,31.1,21.0,23.0,1.26,5.6
6885,17.391847,73.763345,30.5,27.9,21.7,20.9,1.27,5.8
6886,17.39185,73.960221,25.7,33.0,23.1,23.7,1.31,6.2
6887,17.391926,73.955437,22.9,35.1,22.9,24.0,1.31,6.1
6888,17.392,73.259,23.8,33.9,23.4,16.8,1.4,6.2
6889,17.392385,73.957766,30.2,31.8,21.4,24.0,1.32,6.0
6890,17.392611,73.953371,24.0,35.3,21.7,23.7,1.29,6.1
6891,17.393066,73.952133,23.2,36.1,21.6,22.7,1.28,6.2
6892,17.394833,73.952486,22.6,34.6,23.0,22.0,1.3,6.1
6893,17.396549,73.946969,27.1,32.7,23.7,23.7,1.28,6.1
6894,17.396713,73.967934,23.5,34.4,22.4,22.0,1.31,6.0
6895,17.396996,73.969201,26.8,34.6,19.5,21.9,1.31,6.2
6896,17.397366,73.944734,25.0,36.2,23.8,23.6,1.28,6.2
6897,17.398422,73.910893,24.9,34.0,23.2,13.8,1.38,6.0
6898,17.398597,73.945679,25.0,36.2,23.8,23.6,1.28,6.2
6899,17.398612,73.774227,0.0,0.0,0.0,0.0,0.0,0.0
6900,17.3991,73.785,0.0,0.0,0.0,0.0,0.0,0.0
6901,17.399114,73.96878,26.8,34.6,19.5,21.9,1.31,6.2
6902,17.400618,73.913695,23.8,34.9,23.9,13.7,1.38,6.0
6903,17.401143,73.842384,30.3,27.7,24.3,16.8,1.32,6.3
6904,17.401224,73.968553,27.4,35.2,20.8,22.1,1.3,6.2
6905,17.401528,73.915805,23.8,34.9,23.9,13.7,1.38,6.0
6906,17.402233,73.967812,26.8,32.0,22.9,20.1,1.28,6.2
6907,17.403004,73.920285,24.9,35.0,23.7,15.9,1.36,6.1
6908,17.403671,73.943241,21.1,34.0,24.7,23.8,1.28,6.3
6909,17.404346,73.929592,28.0,31.7,25.7,22.1,1.32,6.0
6910,17.404406,73.943454,20.7,34.6,25.6,23.2,1.28,6.2
6911,17.405728,73.943941,20.7,34.6,25.6,23.2,1.28,6.2
6912,17.407425,73.878925,25.7,32.7,22.0,14.1,1.36,6.0
6913,17.408583,73.669583,25.2,28.7,20.9,20.6,1.27,5.9
6914,17.410392,73.875708,33.3,31.9,20.4,16.1,1.34,6.1
6915,17.410778,73.874505,33.3,31.9,20.4,16.1,1.34,6.1
6916,17.411,73.4,32.0,27.6,23.8,18.8,1.35,6.0
6917,17.411111,73.87386,33.3,31.9,20.4,16.1,1.34,6.1
6918,17.4115,73.668056,26.7,28.4,20.2,22.8,1.33,6.0
6919,17.411694,73.589722,29.3,31.1,23.0,21.1,1.3,6.1
6920,17.420723,73.864727,27.1,33.3,21.0,18.0,1.28,6.2
6921,17.42152,73.864777,25.0,32.8,22.1,18.4,1.28,6.2
6922,17.421722,73.863204,24.8,33.5,21.5,18.0,1.28,6.2
6923,17.421838,73.86441,24.8,33.5,21.5,18.0,1.28,6.2
6924,17.425472,73.671083,30.6,28.1,18.3,22.5,1.4,5.6
6925,17.426778,73.666667,32.5,28.4,17.9,21.8,1.37,5.6
6926,17.426944,73.663611,29.7,30.4,18.4,22.8,1.36,5.7
6927,17.446904,73.9581,27.6,32.7,24.1,23.0,1.29,6.2
6928,17.45366,73.949185,25.6,33.1,24.0,22.3,1.27,6.1
6929,17.458963,73.946767,23.6,36.6,21.3,22.0,1.3,6.0
6930,17.462395,73.853096,28.2,29.2,22.5,20.6,1.3,6.2
6931,17.46517,73.863498,29.6,32.3,19.5,17.0,1.37,6.2
6932,17.465522,73.851204,27.5,30.8,21.6,21.9,1.3,6.2
6933,17.468292,73.933528,20.6,37.1,21.6,22.0,1.29,6.1
6934,17.4686,73.9633,25.7,37.3,17.6,17.0,1.33,6.2
6935,17.469431,73.932147,20.7,37.6,21.2,22.0,1.3,6.2
6936,17.469667,73.670889,24.8,33.8,18.8,23.7,1.37,5.7
6937,17.470807,73.93371,20.6,37.6,20.1,22.0,1.3,6.1
6938,17.472254,73.873112,27.7,28.8,25.1,18.3,1.29,6.2
6939,17.47325,73.934776,23.1,36.1,22.2,22.0,1.32,6.0
6940,17.473398,73.859019,29.6,29.3,22.8,16.1,1.3,6.2
6941,17.473602,73.932178,25.0,33.9,23.9,22.0,1.31,6.0
6942,17.475274,73.875266,24.1,29.3,25.7,19.8,1.3,6.2
6943,17.475533,73.933033,25.2,33.7,23.8,22.0,1.31,6.0
6944,17.475928,73.88097,24.4,30.3,25.5,23.1,1.28,6.2
6945,17.476718,73.932634,24.1,32.8,24.4,18.0,1.33,6.0
6946,17.476886,73.8772,25.0,29.4,25.5,20.1,1.27,6.3
6947,17.477,73.443,29.5,26.3,23.2,18.9,1.38,6.0
6948,17.478139,73.857786,31.0,29.6,21.4,16.6,1.33,6.1
6949,17.478305,73.880142,25.4,32.0,24.3,22.8,1.27,6.3
6950,17.479444,73.886944,28.9,31.9,22.1,18.1,1.26,6.2
6951,17.481667,73.891667,23.7,31.3,26.4,18.6,1.28,6.0
6952,17.482,73.223,0.0,0.0,0.0,0.0,0.0,0.0
6953,17.482846,73.855879,30.3,30.8,20.9,23.0,1.35,6.1
6954,17.484,73.463,31.9,28.6,22.7,18.4,1.33,5.9
6955,17.484711,73.856036,30.3,30.5,22.2,21.0,1.33,6.2
6956,17.486,73.202,24.2,33.8,25.0,17.0,1.4,6.2
6957,17.486292,73.927921,25.1,34.7,22.0,17.0,1.3,6.3
6958,17.4869,73.855475,30.3,29.3,21.1,23.7,1.3,6.2
6959,17.487129,73.929694,25.1,34.7,22.0,17.0,1.3,6.3
6960,17.4873,73.931045,28.0,33.6,21.9,16.6,1.31,6.3
6961,17.487402,73.927309,25.4,34.0,22.5,21.6,1.31,6.2
6962,17.488,73.204,24.8,34.7,24.9,18.0,1.33,6.2
6963,17.489268,73.930062,28.1,34.0,20.5,17.1,1.32,6.2
6964,17.489522,73.855608,28.8,29.9,24.3,18.0,1.27,6.2
6965,17.49,73.9611,27.5,39.7,16.6,19.2,1.34,6.3
6966,17.490384,73.853991,26.6,28.7,23.1,19.2,1.25,6.2
6967,17.4908,73.9583,23.5,39.9,17.4,18.5,1.33,6.3
6968,17.4908,73.9608,25.3,40.7,17.2,18.8,1.33,6.3
6969,17.491667,73.961111,25.3,40.7,17.2,18.8,1.33,6.3
6970,17.491667,73.961667,34.4,32.1,18.2,18.1,1.35,6.1
6971,17.49187,73.855203,26.6,28.7,23.1,19.2,1.25,6.2
6972,17.493184,73.855595,30.3,26.7,20.6,18.0,1.25,6.2
6973,17.494711,73.856824,30.3,26.7,20.6,18.0,1.25,6.2
6974,17.51,73.475,28.8,28.1,23.4,18.0,1.34,6.0
6975,17.520344,73.879159,24.4,34.3,24.4,23.7,1.27,6.2
6976,17.521,73.194,23.9,36.3,24.7,17.0,1.38,6.2
6977,17.52176,73.878548,24.0,36.0,23.1,19.5,1.27,6.2
6978,17.524617,73.822398,34.8,30.4,20.9,25.0,1.27,6.3
6979,17.525227,73.966492,34.2,30.8,18.4,15.8,1.38,6.2
6980,17.532,73.484,27.7,27.2,28.3,19.2,1.35,6.0
6981,17.533879,73.962582,27.2,37.4,15.7,20.0,1.35,6.4
6982,17.542,73.474,26.2,28.3,29.7,19.8,1.33,6.2
6983,17.542,73.375,22.9,33.3,25.5,21.6,1.28,5.6
6984,17.542,73.367,24.5,32.6,24.5,19.0,1.3,5.6
6985,17.545485,73.888822,28.0,30.4,23.7,29.2,1.32,6.2
6986,17.547,73.463,28.0,30.1,23.3,18.4,1.35,5.9
6987,17.547,73.49,0.0,0.0,0.0,0.0,0.0,0.0
6988,17.548,73.462,28.4,29.9,23.3,18.0,1.34,5.9
6989,17.549,73.425,25.7,32.8,22.0,18.0,1.33,6.1
6990,17.553,73.235,26.4,35.4,23.6,17.1,1.38,6.2
6991,17.55385,73.852977,21.6,31.5,24.3,18.0,1.27,6.0
6992,17.554139,73.50875,27.4,30.7,26.4,20.3,1.3,6.1
6993,17.555778,73.501306,25.3,31.9,26.2,19.8,1.29,6.0
6994,17.557,73.499,25.3,33.0,23.3,19.2,1.3,6.1
6995,17.558,73.364,23.9,34.9,23.3,21.0,1.3,5.7
6996,17.559,73.362,24.8,35.1,22.5,21.6,1.3,5.9
6997,17.562,73.376,23.7,34.9,24.9,19.4,1.35,6.2
6998,17.563,73.342,21.8,35.3,26.4,19.2,1.36,6.0
6999,17.564,73.259,26.9,35.3,20.7,19.0,1.29,5.6
7000,17.564,73.212,20.6,38.9,18.1,17.0,1.35,6.2
7001,17.567,73.19,23.8,38.8,22.2,19.1,1.4,6.2
7002,17.569,73.294,25.1,33.8,21.1,19.6,1.37,5.7
7003,17.569,73.254,23.3,38.9,18.1,24.3,1.33,5.6
7004,17.572,73.299,27.9,31.5,24.7,19.0,1.3,5.6
7005,17.572,73.454,25.3,35.2,24.9,30.1,1.25,5.9
7006,17.574,73.176,25.4,32.8,21.9,26.9,1.25,6.4
7007,17.575,73.429,27.0,31.0,24.2,19.2,1.34,6.1
7008,17.575,73.438,25.5,33.4,25.5,21.4,1.34,5.6
7009,17.576,73.444,25.0,35.2,25.5,19.5,1.34,5.7
7010,17.576,73.186,21.9,38.8,20.8,17.2,1.42,6.2
7011,17.577,73.451,0.0,0.0,0.0,0.0,0.0,0.0
7012,17.584833,73.595667,29.3,23.2,23.1,20.5,1.37,6.0
7013,17.585,73.202,0.0,0.0,0.0,0.0,0.0,0.0
7014,17.586135,73.86004,31.0,25.9,23.9,21.0,1.25,6.1
7015,17.588,73.225,23.8,36.4,20.0,25.9,1.28,5.9
7016,17.588,73.175,22.9,38.9,21.2,27.6,1.31,6.3
7017,17.589,73.409,27.7,30.1,27.0,19.0,1.28,6.1
7018,17.589,73.231,23.8,39.1,20.0,20.9,1.36,6.1
7019,17.589583,73.594833,29.1,23.6,24.4,20.5,1.36,6.0
7020,17.59,73.192,22.0,34.5,21.9,27.9,1.32,6.4
7021,17.59,73.379,30.7,30.3,22.5,19.2,1.29,6.1
7022,17.59,73.172,23.9,36.4,23.1,18.8,1.38,6.2
7023,17.593,73.21,23.2,38.0,21.0,17.1,1.37,6.2
7024,17.595,73.217,22.7,37.2,20.1,18.2,1.29,6.3
7025,17.599836,73.851372,31.7,26.5,21.2,18.6,1.25,6.1
7026,17.601,73.228,21.5,35.3,23.9,19.1,1.35,6.2
7027,17.61125,73.637667,30.6,23.8,26.1,19.4,1.32,6.0
7028,17.614,73.286,22.8,34.6,22.1,21.9,1.33,6.1
7029,17.628,73.256,24.0,33.1,28.6,19.0,1.29,6.2
7030,17.633,73.16,22.7,35.7,26.7,17.0,1.42,5.7
7031,17.635,73.256,22.0,36.5,25.4,19.0,1.35,6.2
7032,17.638873,73.838609,27.1,30.1,20.6,21.6,1.25,6.0
7033,17.644,73.241,27.7,32.6,25.8,19.0,1.37,6.1
7034,17.644,73.167,23.9,35.4,25.7,17.0,1.36,6.2
7035,17.646,73.248,27.0,33.0,28.1,17.6,1.34,6.2
7036,17.648996,73.914925,36.6,29.0,20.7,17.4,1.34,6.2
7037,17.649391,73.913846,29.8,31.8,22.4,18.3,1.34,6.2
7038,17.649722,73.568944,30.2,32.6,22.6,22.6,1.31,5.8
7039,17.65,73.236,26.0,32.1,26.0,19.3,1.29,6.1
7040,17.65,73.174,27.9,34.6,24.9,17.0,1.36,5.6
7041,17.658,73.242,27.1,31.1,28.3,18.0,1.33,5.7
7042,17.658,73.245,29.4,30.4,25.3,18.8,1.33,6.2
7043,17.6593,73.175,28.5,30.8,24.5,16.0,1.4,6.1
7044,17.664,73.489,32.1,32.5,22.2,21.0,1.29,5.9
7045,17.665,73.247,30.8,30.6,24.2,19.6,1.32,5.6
7046,17.667,73.417,30.1,29.9,23.8,18.0,1.26,5.8
7047,17.676,73.249,29.4,30.7,23.7,19.2,1.34,6.1
7048,17.676472,73.592972,26.1,28.1,19.0,23.0,1.37,6.1
7049,17.676875,73.969098,30.4,32.7,14.9,21.8,1.35,6.4
7050,17.684199,73.824722,30.3,30.2,20.9,22.4,1.29,6.1
7051,17.685556,73.563667,29.6,27.0,27.2,19.1,1.35,5.9
7052,17.687444,73.572389,32.4,27.6,23.2,22.3,1.36,5.6
7053,17.689083,73.5695,34.1,27.1,24.1,20.0,1.37,5.6
7054,17.691,73.245,29.1,30.9,24.6,21.4,1.35,5.6
7055,17.69275,73.581556,25.2,31.4,19.1,23.7,1.37,6.1
7056,17.692915,73.806541,26.4,30.7,22.5,19.4,1.24,6.0
7057,17.695611,73.583944,25.1,31.4,19.1,23.8,1.37,5.7
7058,17.697,73.408,32.8,29.1,22.7,21.2,1.33,6.0
7059,17.697,73.139,22.2,36.2,26.2,16.8,1.44,6.3
7060,17.698278,73.581806,29.7,32.8,16.9,20.1,1.4,5.6
7061,17.702,73.407,31.9,30.7,23.5,20.8,1.33,5.6
7062,17.703361,73.603889,34.7,29.5,18.0,24.3,1.35,5.6
7063,17.704,73.202,28.2,30.7,21.9,17.6,1.4,6.1
7064,17.714222,73.725028,0.0,0.0,0.0,0.0,0.0,0.0
7065,17.717,73.46,27.8,28.1,25.8,16.0,1.37,6.0
7066,17.717,73.416,27.5,26.8,31.5,17.0,1.36,6.1
7067,17.717,73.462,27.8,28.1,25.8,16.0,1.37,6.0
7068,17.719,73.433,25.3,29.0,30.8,17.5,1.38,6.1
7069,17.72,73.474,26.3,27.5,29.3,19.0,1.38,6.0
7070,17.721517,73.764468,30.9,30.1,20.6,21.5,1.34,6.1
7071,17.721938,73.762276,34.5,28.9,18.9,19.8,1.35,6.1
7072,17.725889,73.601111,35.5,27.7,18.3,21.0,1.28,5.7
7073,17.733167,73.652028,34.7,26.7,19.0,32.8,1.27,6.2
7074,17.738,73.211,27.9,33.2,25.0,18.6,1.38,5.7
7075,17.74775,73.657444,34.7,29.6,20.1,20.0,1.35,6.1
7076,17.752387,73.786731,31.0,25.8,22.6,23.7,1.23,5.8
7077,17.75892,73.50024,32.0,27.0,22.5,22.8,1.37,5.6
7078,17.759035,73.783822,28.1,26.0,24.4,22.2,1.23,6.0
7079,17.761331,73.782372,31.0,26.6,23.8,21.3,1.26,6.2
7080,17.761852,73.782104,31.0,26.6,23.8,21.3,1.26,6.2
7081,17.762955,73.78129,31.9,27.2,23.2,19.6,1.26,6.2
7082,17.766086,73.798277,32.9,26.6,24.2,22.0,1.27,6.1
7083,17.778492,73.783281,37.4,26.5,21.0,22.9,1.26,6.2
7084,17.779033,73.901586,24.4,30.0,21.1,22.7,1.29,6.2
7085,17.78128,73.42688,29.6,27.3,27.4,21.1,1.35,6.0
7086,17.784045,73.785803,37.2,26.1,20.7,22.0,1.27,6.2
7087,17.785571,73.873238,23.0,33.1,23.6,20.1,1.28,6.2
7088,17.78631,73.878484,18.7,34.3,24.1,19.9,1.28,6.2
7089,17.788324,73.786417,34.6,28.5,24.2,20.1,1.26,6.1
7090,17.790352,73.864937,23.8,30.8,28.8,24.0,1.22,6.1
7091,17.79819,73.70809,32.5,26.4,19.5,18.0,1.29,6.2
7092,17.79967,73.7121,33.0,27.1,21.1,19.8,1.27,6.2
7093,17.79967,73.71211,33.0,27.1,21.1,19.8,1.27,6.2
7094,17.802881,73.845634,29.3,26.2,25.0,18.1,1.31,6.2
7095,17.803478,73.844418,27.5,26.3,28.4,18.6,1.31,6.3
7096,17.80375,73.10468,25.5,34.3,26.7,23.9,1.3,6.4
7097,17.8049,73.70938,31.8,26.4,24.8,23.0,1.26,6.0
7098,17.80498,73.70938,31.8,26.4,24.8,23.0,1.26,6.0
7099,17.814,73.326,30.3,27.1,25.5,20.2,1.36,5.6
7100,17.81444,73.67594,32.5,26.5,20.3,20.6,1.3,5.7
7101,17.814803,73.840508,23.8,31.0,28.4,22.1,1.28,6.2
7102,17.81536,73.44947,32.6,27.1,22.4,22.6,1.37,5.7
7103,17.818086,73.841804,26.5,28.8,28.4,22.0,1.3,6.2
7104,17.819593,73.771287,35.6,25.3,23.6,23.0,1.23,6.1
7105,17.83223,73.14884,25.6,33.7,24.6,19.3,1.33,6.1
7106,17.84827,73.67419,31.1,25.4,22.6,21.0,1.25,6.0
7107,17.84842,73.64756,34.7,29.0,19.8,19.6,1.28,5.8
7108,17.8502,73.10267,21.6,38.9,21.7,18.6,1.42,6.3
7109,17.85064,73.63476,35.1,27.8,19.8,22.1,1.31,5.8
7110,17.8515,73.40094,31.8,24.2,26.7,19.6,1.38,6.2
7111,17.8526,73.64557,32.8,29.6,20.6,19.5,1.3,5.7
7112,17.86003,73.4688,36.9,27.4,17.6,22.7,1.37,6.2
7113,17.86478,73.6732,28.5,27.4,21.4,31.4,1.17,6.1
7114,17.866835,73.750793,30.6,26.2,26.7,18.0,1.28,6.1
7115,17.8679,73.74183,31.9,26.7,20.6,20.0,1.27,6.0
7116,17.86861,73.74122,31.9,26.7,20.6,20.0,1.27,6.0
7117,17.86874,73.67768,29.7,29.7,20.0,33.1,1.15,5.6
7118,17.86935,73.73753,30.0,26.0,24.5,23.7,1.25,6.0
7119,17.86946,73.7383,29.9,26.6,23.5,23.5,1.25,6.0
7120,17.87278,73.73698,30.3,26.1,22.2,22.4,1.25,6.1
7121,17.88074,73.73603,33.3,26.0,23.8,23.5,1.24,6.0
7122,17.88139,73.47944,33.8,25.8,23.9,22.8,1.35,6.0
7123,17.88228,73.38417,36.0,27.0,20.0,25.0,1.37,6.0
7124,17.88228,73.53484,30.7,30.2,20.5,22.8,1.38,6.1
7125,17.88279,73.53443,29.9,30.2,20.3,22.9,1.38,6.2
7126,17.884433,73.44205556,32.1,28.0,18.0,23.0,1.37,5.9
7127,17.88496,73.779165,30.5,29.3,22.2,23.1,1.23,6.1
7128,17.88775,73.39036,33.1,24.8,22.9,22.8,1.38,5.8
7129,17.88877,73.72799,35.7,29.4,21.9,32.4,1.12,5.5
7130,17.88958,73.59364,29.3,31.7,20.1,20.5,1.31,6.2
7131,17.89086,73.38872,32.1,23.5,23.9,20.8,1.38,6.1
7132,17.89152,73.15311,29.4,32.6,23.2,19.4,1.37,6.1
7133,17.89287,73.5264,39.3,26.6,19.1,21.0,1.31,5.6
7134,17.89325,73.38956,30.8,24.6,24.6,18.0,1.38,6.1
7135,17.894333,73.44069444,36.0,30.6,18.2,22.7,1.34,6.1
7136,17.89448,73.52873,36.9,26.3,20.2,23.0,1.37,5.6
7137,17.89461,73.71662,31.5,26.0,21.7,31.9,1.17,5.8
7138,17.894944,73.43930556,35.4,30.1,21.1,22.8,1.37,6.1
7139,17.895722,73.43802778,35.4,30.1,21.1,22.8,1.37,6.1
7140,17.89681,73.52662,36.9,26.6,18.5,23.1,1.36,5.7
7141,17.89729,73.71691,31.8,26.2,22.5,31.0,1.2,5.6
7142,17.897854,73.768457,24.5,29.8,23.6,23.6,1.23,6.0
7143,17.89876,73.52508,36.7,25.8,18.5,23.3,1.34,5.6
7144,17.90011,73.52484,36.9,25.6,18.6,23.1,1.37,5.6
7145,17.90019,73.46955,30.3,27.0,26.4,23.0,1.36,5.7
7146,17.901,73.43767,35.5,29.3,18.4,20.9,1.34,6.1
7147,17.90114,73.52351,36.9,25.6,18.6,23.1,1.37,5.6
7148,17.90126,73.35302,38.1,25.7,20.4,23.8,1.37,5.7
7149,17.90595,73.69361,29.4,26.0,21.2,28.0,1.1,5.6
7150,17.90938,73.732333,35.1,30.2,23.4,26.4,1.2,6.2
7151,17.9108,73.7322,35.1,30.2,23.4,26.4,1.2,6.2
7152,17.912117,73.76638333,23.3,32.3,25.1,23.7,1.24,6.0
7153,17.91215,73.76568333,23.3,32.3,25.1,23.7,1.24,6.0
7154,17.91252,73.6073,36.2,28.2,18.6,24.1,1.25,5.8
7155,17.91898,73.54051,36.1,28.2,18.5,23.6,1.38,5.6
7156,17.92089,73.52847,33.1,25.8,22.4,20.8,1.37,5.6
7157,17.921778,73.83377778,25.1,30.0,25.3,22.1,1.29,6.2
7158,17.922583,73.83863889,25.7,29.8,24.4,20.3,1.3,6.3
7159,17.9226,73.70575,29.1,25.6,22.4,29.0,1.17,6.2
7160,17.92325,73.83658333,22.5,33.1,26.6,19.4,1.28,6.3
7161,17.92338,73.59939,35.7,28.3,20.2,23.0,1.25,5.6
7162,17.92338,73.59939,35.7,28.3,20.2,23.0,1.25,5.6
7163,17.923417,73.83705556,22.5,33.1,26.6,19.4,1.28,6.3
7164,17.92375,73.83772222,26.2,30.7,23.5,19.6,1.28,6.3
7165,17.923778,73.8215,26.0,27.5,27.7,23.2,1.2,6.1
7166,17.924333,73.83579722,22.5,33.1,26.6,19.4,1.28,6.3
7167,17.92434,73.60147,34.7,28.1,21.1,22.5,1.23,5.7
7168,17.92434,73.60147,34.7,28.1,21.1,22.5,1.23,5.7
7169,17.925,73.62361,37.1,26.4,20.4,29.6,1.17,5.6
7170,17.9252,73.70042,29.2,25.7,22.3,28.1,1.14,5.9
7171,17.925306,73.84027778,23.1,31.8,25.5,19.5,1.28,6.3
7172,17.925444,73.8405,23.1,31.8,25.5,19.5,1.28,6.3
7173,17.92558,73.60273,35.7,28.3,19.9,21.6,1.27,5.7
7174,17.92558,73.60272,35.7,28.3,19.9,21.6,1.27,5.7
7175,17.92591,73.5266,35.7,24.6,22.4,23.7,1.34,6.1
7176,17.926077,73.841165,23.1,31.8,25.5,19.5,1.28,6.3
7177,17.927306,73.84230556,21.9,32.3,24.2,17.0,1.3,6.2
7178,17.92775,73.84258333,22.1,34.9,23.9,18.6,1.31,6.2
7179,17.92859,73.63148,38.2,27.0,18.4,29.1,1.1,5.6
7180,17.92889,73.43903,31.8,22.4,23.6,20.0,1.36,6.1
7181,17.929111,73.83780556,22.0,34.7,25.8,21.4,1.28,6.2
7182,17.929139,73.83819444,22.0,34.7,25.8,21.4,1.28,6.2
7183,17.929167,73.83736111,22.0,34.7,25.8,21.4,1.28,6.2
7184,17.929222,73.83822222,22.0,34.7,25.8,21.4,1.28,6.2
7185,17.92925,73.82486111,22.6,30.4,27.3,22.2,1.2,6.2
7186,17.929306,73.83652778,22.2,33.1,26.2,22.0,1.27,6.2
7187,17.929306,73.83597222,22.2,33.1,26.2,22.0,1.27,6.2
7188,17.929361,73.83727778,22.2,33.1,26.2,22.0,1.27,6.2
7189,17.929361,73.8365,22.2,33.1,26.2,22.0,1.27,6.2
7190,17.929389,73.83880556,22.0,34.7,25.8,21.4,1.28,6.2
7191,17.929389,73.83905556,22.0,34.7,25.8,21.4,1.28,6.2
7192,17.929444,73.83511111,22.2,33.1,26.2,22.0,1.27,6.2
7193,17.9295,73.82622222,23.4,29.8,27.3,22.7,1.2,6.2
7194,17.929528,73.83925,22.0,34.7,25.8,21.4,1.28,6.2
7195,17.929528,73.83933333,22.0,34.7,25.8,21.4,1.28,6.2
7196,17.929556,73.83463889,22.0,33.9,25.8,21.9,1.27,6.2
7197,17.929583,73.83938889,22.0,34.7,25.8,21.4,1.28,6.2
7198,17.929806,73.84083333,24.4,31.9,24.8,19.5,1.3,6.3
7199,17.929861,73.84119444,24.4,31.9,24.8,19.5,1.3,6.3
7200,17.929917,73.84138889,24.4,31.9,24.8,19.5,1.3,6.3
7201,17.929944,73.8415,23.7,31.1,22.4,20.8,1.3,6.2
7202,17.929972,73.84427778,27.8,33.0,19.5,17.9,1.35,6.5
7203,17.930028,73.84183333,26.6,33.3,21.3,19.6,1.36,6.4
7204,17.930056,73.84183333,26.6,33.3,21.3,19.6,1.36,6.4
7205,17.930111,73.84072222,23.7,31.1,22.4,20.8,1.3,6.2
7206,17.930111,73.84011111,23.7,31.1,22.4,20.8,1.3,6.2
7207,17.930278,73.8275,21.8,29.9,31.4,22.7,1.23,6.2
7208,17.930667,73.82708333,21.8,29.9,31.4,22.7,1.23,6.2
7209,17.930694,73.82766667,21.8,29.9,31.4,22.7,1.23,6.2
7210,17.93082,73.63583,35.6,27.1,20.2,28.9,1.14,5.6
7211,17.930861,73.83261111,23.2,28.8,30.3,23.7,1.23,6.2
7212,17.931028,73.83230556,23.2,28.8,30.3,23.7,1.23,6.2
7213,17.931111,73.84255556,26.6,33.3,21.3,19.6,1.36,6.4
7214,17.931417,73.84313889,26.6,33.3,21.3,19.6,1.36,6.4
7215,17.931472,73.83188889,23.2,28.8,30.3,23.7,1.23,6.2
7216,17.93162,73.58737,36.7,27.6,17.0,21.6,1.23,5.6
7217,17.931889,73.83188889,23.2,28.8,30.3,23.7,1.23,6.2
7218,17.931917,73.83111111,23.2,28.8,30.3,23.7,1.23,6.2
7219,17.93213,73.58628,36.2,27.3,17.4,22.6,1.23,5.6
7220,17.932361,73.85013889,27.4,33.1,20.5,19.5,1.36,6.3
7221,17.932361,73.85013889,27.4,33.1,20.5,19.5,1.36,6.3
7222,17.932639,73.84966667,27.4,33.1,20.5,19.5,1.36,6.3
7223,17.93275,73.84855556,29.2,33.2,19.2,18.0,1.34,6.4
7224,17.932806,73.84813889,29.2,33.2,19.2,18.0,1.34,6.4
7225,17.932833,73.8475,29.2,33.2,19.2,18.0,1.34,6.4
7226,17.933139,73.83058333,23.7,29.4,30.1,23.9,1.2,6.2
7227,17.93314,73.43903,32.4,26.5,22.6,21.4,1.36,5.9
7228,17.93332,73.55906,35.8,26.5,19.1,23.5,1.35,6.2
7229,17.933389,73.85183333,27.4,33.1,20.5,19.5,1.36,6.3
7230,17.93378,73.58406,33.0,28.2,18.2,24.2,1.22,5.6
7231,17.934083,73.81819444,20.9,33.5,30.0,20.9,1.25,6.0
7232,17.93425,73.52048,34.3,24.1,24.7,23.4,1.32,5.9
7233,17.934278,73.83077778,23.7,29.4,30.1,23.9,1.2,6.2
7234,17.93463,73.58388,33.0,28.2,18.2,24.2,1.22,5.6
7235,17.93475,73.83113889,23.7,29.6,28.7,23.8,1.22,6.2
7236,17.935066,73.831652,23.7,29.6,28.7,23.8,1.22,6.2
7237,17.9355,73.83219444,23.7,29.6,28.7,23.8,1.22,6.2
7238,17.936056,73.85572222,24.1,35.5,21.1,22.0,1.35,6.1
7239,17.936056,73.85572222,24.1,35.5,21.1,22.0,1.35,6.1
7240,17.93611,73.56611,35.7,28.4,18.5,22.9,1.42,5.8
7241,17.936111,73.82355556,23.1,31.2,29.7,22.8,1.25,6.2
7242,17.936194,73.82322222,23.1,31.2,29.7,22.8,1.25,6.2
7243,17.9362,73.8247,22.6,30.3,29.8,23.7,1.2,6.2
7244,17.936222,73.83172222,23.7,29.6,28.7,23.8,1.22,6.2
7245,17.93625,73.856,24.1,35.5,21.1,22.0,1.35,6.1
7246,17.936278,73.82275,23.1,31.2,29.7,22.8,1.25,6.2
7247,17.936417,73.85622222,24.1,35.5,21.1,22.0,1.35,6.1
7248,17.936444,73.83252778,23.7,29.6,28.7,23.8,1.22,6.2
7249,17.936556,73.85613889,24.1,35.5,21.1,22.0,1.35,6.1
7250,17.936889,73.82572222,22.6,30.3,29.8,23.7,1.2,6.2
7251,17.937056,73.82591667,22.6,30.3,29.8,23.7,1.2,6.2
7252,17.937278,73.82616667,23.0,30.6,28.7,22.1,1.21,6.2
7253,17.937806,73.82636111,23.0,30.6,28.7,22.1,1.21,6.2
7254,17.938,73.83138889,22.2,29.0,31.2,23.1,1.2,6.2
7255,17.93853,73.56892,34.2,28.0,18.6,22.3,1.4,5.8
7256,17.938583,73.82672222,23.0,30.6,28.7,22.1,1.21,6.2
7257,17.938583,73.82672222,23.0,30.6,28.7,22.1,1.21,6.2
7258,17.939222,73.83141667,22.2,29.0,31.2,23.1,1.2,6.2
7259,17.9395,73.83141667,21.4,31.7,25.8,22.0,1.27,6.1
7260,17.941333,73.86216667,36.4,28.6,18.1,20.1,1.35,6.6
7261,17.945139,73.82661111,24.2,30.4,27.2,22.1,1.3,6.2
7262,17.945692,73.82647222,24.2,30.4,27.2,22.1,1.3,6.2
7263,17.94672,73.57492,36.6,29.0,18.2,21.9,1.27,5.6
7264,17.94774,73.62375,40.7,27.3,17.1,25.2,1.23,6.1
7265,17.94814,73.57444,36.6,29.0,18.2,21.9,1.27,5.6
7266,17.94828,73.57978,36.5,29.6,18.6,22.4,1.28,5.9
7267,17.95145,73.71837,34.5,27.9,20.9,17.1,1.3,6.1
7268,17.95361,73.44967,35.9,22.9,23.6,21.0,1.34,6.1
7269,17.9545,73.44947,34.2,24.4,23.1,21.2,1.36,6.0
7270,17.95566,73.0355,23.2,39.1,18.5,19.0,1.33,6.2
7271,17.95769,73.40433,32.4,25.8,27.1,21.4,1.35,6.0
7272,17.95878,73.40422,31.8,25.8,27.1,20.5,1.35,5.8
7273,17.96306,73.27703,35.7,29.0,20.1,21.1,1.31,6.0
7274,17.96347,73.47654,31.0,23.7,27.9,19.1,1.37,6.1
7275,17.97145,73.11224,21.2,34.8,25.9,19.2,1.38,5.7
7276,17.97923,73.04431,0.0,0.0,0.0,0.0,0.0,0.0
7277,17.97968,73.06079,24.1,39.5,19.1,17.5,1.4,6.2
7278,17.98026,73.08446,21.7,39.0,20.5,19.2,1.37,6.0
7279,17.98097,73.08664,23.5,35.2,23.5,19.3,1.27,6.2
7280,17.98406,73.44101,30.4,28.6,25.5,23.0,1.34,6.1
7281,17.99185,73.57236,33.1,27.2,20.8,20.8,1.37,6.1
7282,17.99423,73.06428,0.0,0.0,0.0,0.0,0.0,0.0
7283,17.99767,73.41231,32.3,29.2,25.5,23.6,1.37,6.0
7285,18.00904,73.11461,26.4,34.7,20.2,17.0,1.4,6.1
7286,18.01092,73.02641,23.4,39.1,22.1,16.0,1.4,6.2
7287,18.01311,73.2088,29.4,32.3,19.5,21.9,1.29,6.1
7288,18.01785,73.02807,23.8,38.9,22.5,16.2,1.11,6.2
7289,18.020416,73.794758,23.1,30.9,27.3,23.3,1.23,6.3
7290,18.021895,73.797905,25.8,28.4,27.3,22.8,1.2,6.1
7291,18.03,73.32,35.0,27.8,20.8,25.0,1.33,5.6
7292,18.03889,73.13409,24.8,34.3,20.6,19.0,1.37,6.2
7293,18.03915,73.1511,0.0,0.0,0.0,0.0,0.0,0.0
7294,18.039167,73.143333,29.3,30.3,22.2,19.3,1.3,6.1
7295,18.039953,73.8443,25.1,30.9,21.6,19.8,1.31,6.2
7296,18.043889,73.137222,29.4,32.8,21.4,18.5,1.33,6.2
7297,18.044722,73.139167,31.0,33.8,19.1,19.8,1.35,5.6
7298,18.046389,73.423333,32.3,31.5,23.0,18.1,1.37,6.1
7299,18.04836,73.15847,30.1,34.4,19.4,19.3,1.33,6.1
7300,18.049167,73.423056,32.4,30.1,22.7,18.0,1.37,6.0
7301,18.05085,73.24276,27.1,32.2,24.9,19.5,1.29,6.1
7302,18.061111,73.170556,27.2,31.8,23.6,30.2,1.18,5.7
7303,18.061667,73.223056,26.8,33.7,24.4,19.8,1.29,6.2
7304,18.062222,73.175278,26.0,35.9,22.1,36.0,1.27,6.1
7305,18.062222,73.2175,0.0,0.0,0.0,0.0,0.0,0.0
7306,18.06322,73.16547,28.7,34.7,20.8,19.8,1.28,6.0
7307,18.063611,73.178056,26.9,36.0,22.2,38.5,1.26,6.1
7308,18.063611,73.166111,27.9,34.7,21.4,19.0,1.3,6.1
7309,18.063889,73.182778,25.3,35.0,22.4,19.6,1.35,6.1
7310,18.075278,73.163611,25.6,34.7,20.6,21.8,1.29,6.1
7311,18.07528,73.20802,29.4,29.5,21.1,17.8,1.23,6.2
7312,18.079444,73.291111,28.7,35.2,21.6,19.0,1.33,6.2
7313,18.08,73.3,27.8,33.2,24.6,27.1,1.3,6.2
7314,18.09,73.28,30.9,33.8,21.0,18.6,1.29,6.1
7315,18.09,73.28,30.9,33.8,21.0,18.6,1.29,6.1
7317,18.0915,73.36483,27.8,29.8,28.9,29.1,1.18,6.1
7318,18.092778,73.342778,26.9,35.8,22.6,31.3,1.25,6.1
7319,18.1,73.64,34.7,27.7,18.6,19.9,1.37,6.5
7320,18.1,73.63,33.3,28.7,18.1,19.3,1.37,6.4
7321,18.10366,72.98438,0.0,0.0,0.0,0.0,0.0,0.0
7323,18.105381,73.884446,32.0,32.0,18.9,16.1,1.37,6.6
7325,18.11,73.29,29.8,33.5,22.5,23.1,1.3,6.1
7326,18.11,73.29,29.8,33.5,22.5,23.1,1.3,6.1
7327,18.11,73.25,25.5,36.4,18.7,18.0,1.38,6.1
7328,18.11,73.7,36.7,24.8,23.8,16.4,1.37,6.2
7329,18.11,73.68,38.4,24.7,20.9,17.9,1.38,6.0
7330,18.11,73.62,37.1,26.9,17.0,22.8,1.32,5.9
7331,18.11,73.64,34.6,28.2,22.1,18.0,1.27,6.3
7332,18.113056,73.225833,21.9,37.8,16.5,18.8,1.38,6.1
7333,18.113333,73.124444,27.1,35.1,20.5,18.8,1.38,6.2
7334,18.12,73.69,39.3,27.1,18.0,20.0,1.36,6.4
7335,18.12,73.68,38.3,27.0,18.0,19.1,1.35,6.3
7336,18.12,73.68,38.3,27.0,18.0,19.1,1.35,6.3
7337,18.125556,73.114722,30.2,33.2,19.9,17.0,1.34,6.1
7338,18.12823,73.11151,31.3,33.3,19.9,16.2,1.38,6.2
7339,18.12938,73.10515,27.9,35.6,22.7,14.4,1.4,6.2
7340,18.13,73.61,38.3,27.0,17.7,20.0,1.43,6.2
7342,18.14,73.65,30.9,27.5,23.0,21.9,1.25,6.0
7343,18.141389,73.248333,29.0,33.8,21.1,19.3,1.34,6.1
7344,18.146389,73.225833,24.3,38.5,16.8,17.9,1.36,6.1
7345,18.1468,73.22605,24.3,38.5,16.8,17.9,1.36,6.1
7346,18.146944,73.236389,28.0,35.2,19.1,17.3,1.39,6.1
7347,18.147778,73.233611,25.0,36.4,20.0,18.8,1.4,6.1
7348,18.15,73.62,35.2,27.8,18.7,21.4,1.32,6.2
7349,18.15,73.62,35.2,27.8,18.7,21.4,1.32,6.2
7350,18.151667,73.1675,24.5,35.3,21.0,20.5,1.38,6.2
7351,18.1575,73.165833,29.3,34.8,20.5,17.1,1.38,6.2
7352,18.16,73.42,32.6,28.0,23.8,19.0,1.37,6.2
7353,18.16,73.62,33.5,28.9,21.3,21.6,1.37,6.3
7354,18.161667,73.14,23.9,36.4,20.5,19.1,1.38,6.2
7355,18.17,73.54,31.4,25.8,26.2,19.6,1.32,6.0
7356,18.178333,73.2575,29.5,33.8,19.8,17.7,1.37,6.2
7357,18.18,73.58,31.4,29.8,24.0,19.2,1.32,6.2
7358,18.180278,73.265833,32.1,30.5,19.5,17.0,1.4,6.1
7359,18.180556,73.260278,32.4,30.1,19.2,17.0,1.37,6.2
7360,18.183056,73.189444,26.0,35.9,20.6,17.1,1.38,6.1
7361,18.201389,73.200278,26.0,36.0,20.0,18.0,1.38,6.2
7362,18.201667,73.201944,26.0,36.0,20.0,18.0,1.38,6.2
7363,18.204167,73.205833,23.0,37.1,20.8,17.5,1.37,6.2
7364,18.20512,73.0972,28.2,37.0,21.9,14.3,1.4,6.2
7365,18.209167,73.212778,22.7,39.0,19.0,17.9,1.37,6.1
7366,18.21,73.39,32.8,29.5,23.4,19.3,1.38,6.2
7367,18.218056,73.226667,25.9,34.1,19.3,24.7,1.3,6.1
7368,18.220833,72.976111,20.7,36.2,22.7,16.6,1.38,6.1
7370,18.221944,73.2275,29.8,34.5,17.4,23.8,1.32,6.1
7371,18.2225,73.156111,32.1,32.2,20.3,16.2,1.4,6.2
7372,18.225833,73.081944,0.0,0.0,0.0,0.0,0.0,0.0
7374,18.229722,73.154722,30.8,32.6,19.9,17.0,1.38,6.1
7377,18.238889,72.970833,25.9,36.9,24.6,16.0,1.1,6.3
7378,18.24,73.66,37.5,26.1,20.4,22.3,1.32,6.3
7380,18.245178,73.759937,36.7,27.6,16.9,16.2,1.35,6.4
7382,18.25,73.54,36.0,27.5,16.3,19.3,1.37,6.3
7383,18.25,73.54,36.0,27.5,16.3,19.3,1.37,6.3
7384,18.25,73.56,35.9,28.6,18.0,18.8,1.38,6.2
7391,18.26,73.53,35.5,26.6,20.3,22.9,1.27,6.0
7392,18.26,73.53,35.5,26.6,20.3,22.9,1.27,6.0
7393,18.26,73.53,35.5,26.6,20.3,22.9,1.27,6.0
7394,18.26,73.55,36.6,27.7,18.3,17.6,1.31,6.2
7395,18.26,73.59,38.2,27.0,18.0,18.0,1.28,6.2
7399,18.27,73.6,29.5,29.7,19.3,22.0,1.28,6.1
7400,18.27,73.6,29.5,29.7,19.3,22.0,1.28,6.1
7401,18.27,73.6,29.5,29.7,19.3,22.0,1.28,6.1
7402,18.27,73.6,29.5,29.7,19.3,22.0,1.28,6.1
7403,18.27,73.6,29.5,29.7,19.3,22.0,1.28,6.1
7404,18.27,73.6,29.5,29.7,19.3,22.0,1.28,6.1
7405,18.27,73.6,29.5,29.7,19.3,22.0,1.28,6.1
7406,18.27,72.96,26.1,39.8,17.6,19.0,1.37,6.1
7407,18.27,72.95,25.0,40.8,18.0,17.5,1.38,6.2
7409,18.272778,73.034722,24.7,38.7,22.6,14.7,1.39,6.2
7410,18.273056,73.031667,22.0,38.5,24.6,15.9,1.36,6.3
7417,18.278611,73.040278,32.0,35.3,21.4,15.5,1.12,6.2
7418,18.28,73.59,35.8,25.9,20.7,21.6,1.27,5.6
7419,18.28,73.59,35.8,25.9,20.7,21.6,1.27,5.6
7420,18.28,73.6,39.3,27.0,15.4,19.1,1.28,6.2
7421,18.28,73.09,31.0,34.8,21.9,16.6,1.08,6.3
7423,18.280556,73.090278,31.0,34.8,21.9,16.6,1.08,6.3
7427,18.29,73.56,34.7,27.9,18.1,19.1,1.39,6.1
7428,18.29,73.56,34.7,27.9,18.1,19.1,1.39,6.1
7429,18.291111,73.040556,0.0,0.0,0.0,0.0,0.0,0.0
7430,18.295556,73.036667,29.4,36.8,22.0,27.4,1.09,6.4
7431,18.299444,73.063056,0.0,0.0,0.0,0.0,0.0,0.0
7433,18.307778,73.055556,34.3,34.5,21.5,25.9,0.99,6.3
7436,18.31,73.04,30.9,36.5,20.5,19.0,1.38,6.2
7437,18.31,73.37,22.7,31.7,21.6,22.4,1.3,5.7
7438,18.31,73.37,22.7,31.7,21.6,22.4,1.3,5.7
7439,18.311389,73.074444,0.0,0.0,0.0,0.0,0.0,0.0
7442,18.32,73.5,36.7,26.4,18.1,23.2,1.31,6.1
7443,18.32,73.79,19.1,35.7,27.8,19.2,1.35,6.2
7444,18.32,73.81,21.9,35.3,24.0,19.1,1.34,6.2
7445,18.32,73.36,34.1,33.5,17.1,20.7,1.33,6.1
7446,18.33,73.79,19.1,37.2,24.7,16.0,1.36,6.1
7447,18.33,73.62,38.9,27.7,16.6,18.5,1.3,6.0
7448,18.33,73.67,31.5,26.1,24.0,22.1,1.33,6.2
7449,18.33,73.68,26.1,31.7,22.8,21.3,1.3,6.1
7450,18.33,73.68,26.1,31.7,22.8,21.3,1.3,6.1
7451,18.33,73.5,0.0,0.0,0.0,0.0,0.0,0.0
7452,18.33,73.67,31.5,26.1,24.0,22.1,1.33,6.2
7455,18.34,73.56,0.0,0.0,0.0,0.0,0.0,0.0
7456,18.34,73.62,37.6,27.6,16.1,22.4,1.3,5.8
7457,18.34,73.62,37.6,27.6,16.1,22.4,1.3,5.8
7458,18.34,73.62,37.6,27.6,16.1,22.4,1.3,5.8
7459,18.34,73.62,37.6,27.6,16.1,22.4,1.3,5.8
7460,18.34,73.62,37.6,27.6,16.1,22.4,1.3,5.8
7461,18.34,73.62,37.6,27.6,16.1,22.4,1.3,5.8
7462,18.34,73.67,31.0,29.2,24.0,23.1,1.29,6.1
7463,18.34,73.68,31.8,29.4,21.2,18.1,1.37,6.4
7464,18.34,73.68,31.8,29.4,21.2,18.1,1.37,6.4
7465,18.34,73.02,25.5,35.4,24.4,17.0,1.37,6.3
7466,18.35,73.57,0.0,0.0,0.0,0.0,0.0,0.0
7467,18.36,73.77,25.5,30.8,24.3,22.1,1.31,6.3
7468,18.36,73.77,25.5,30.8,24.3,22.1,1.31,6.3
7469,18.36,73.76,26.0,29.2,23.9,23.7,1.28,6.3
7470,18.36,73.65,37.9,27.3,18.0,16.4,1.3,6.2
7471,18.36,73.52,33.9,26.5,21.5,22.4,1.34,6.1
7472,18.36,73.61,37.9,27.9,16.5,18.7,1.36,6.2
7473,18.36,73.5,35.5,27.4,21.3,23.7,1.3,6.2
7474,18.361685,73.773273,26.7,28.8,24.4,21.6,1.31,6.3
7475,18.36172,73.772902,26.7,28.8,24.4,21.6,1.31,6.3
7476,18.361783,73.772761,26.7,28.8,24.4,21.6,1.31,6.3
7477,18.361828,73.7727,26.7,28.8,24.4,21.6,1.31,6.3
7478,18.361884,73.773797,26.7,28.8,24.4,21.6,1.31,6.3
7479,18.361933,73.772191,26.7,28.8,24.4,21.6,1.31,6.3
7480,18.362096,73.771794,26.7,28.8,24.4,21.6,1.31,6.3
7481,18.362114,73.773865,26.7,28.8,24.4,21.6,1.31,6.3
7482,18.362153,73.77083,27.1,29.4,23.9,22.1,1.31,6.3
7483,18.362164,73.77048,27.1,29.4,23.9,22.1,1.31,6.3
7484,18.362175,73.773998,26.7,28.8,24.4,21.6,1.31,6.3
7485,18.362192,73.769895,27.1,29.4,23.9,22.1,1.31,6.3
7486,18.362299,73.768865,28.4,28.9,23.9,22.0,1.3,6.3
7487,18.362741,73.767875,25.7,26.7,28.6,23.9,1.27,6.4
7488,18.362852,73.766662,25.7,26.7,28.6,23.9,1.27,6.4
7489,18.362945,73.775157,26.8,28.9,24.3,23.1,1.31,6.0
7490,18.363122,73.766504,25.7,26.7,28.6,23.9,1.27,6.4
7491,18.363223,73.775261,26.8,28.9,24.3,23.1,1.31,6.0
7492,18.36352,73.765914,25.7,26.7,28.6,23.9,1.27,6.4
7493,18.363631,73.765812,25.7,26.7,28.6,23.9,1.27,6.4
7494,18.363733,73.765747,25.7,26.7,28.6,23.9,1.27,6.4
7495,18.363929,73.77605,26.8,28.9,24.3,23.1,1.31,6.0
7496,18.363962,73.765671,25.7,26.7,28.6,23.9,1.27,6.4
7497,18.364217,73.76491,25.5,27.4,28.4,22.3,1.27,6.3
7498,18.36428,73.763855,25.5,27.4,28.4,22.3,1.27,6.3
7499,18.364305,73.776481,27.4,27.8,24.9,22.2,1.31,6.4
7500,18.364427,73.763348,25.5,27.4,28.4,22.3,1.27,6.3
7501,18.364561,73.763034,25.5,27.4,28.4,22.3,1.27,6.3
7502,18.364593,73.762975,25.5,27.4,28.4,22.3,1.27,6.3
7503,18.364603,73.779414,27.1,29.0,24.4,23.4,1.32,6.4
7504,18.364692,73.779706,27.1,29.0,24.4,23.4,1.32,6.4
7505,18.364741,73.779917,27.1,29.0,24.4,23.4,1.32,6.4
7506,18.364743,73.762328,26.3,26.2,28.8,23.7,1.27,6.4
7507,18.364803,73.776031,26.8,28.9,24.3,23.1,1.31,6.0
7508,18.364803,73.7788,27.1,29.0,24.4,23.4,1.32,6.4
7509,18.365043,73.76055,30.8,27.5,24.1,23.1,1.21,6.0
7510,18.365112,73.775939,27.1,29.1,23.9,23.7,1.34,6.3
7511,18.365224,73.7759,27.1,29.1,23.9,23.7,1.34,6.3
7512,18.365263,73.760597,30.8,27.5,24.1,23.1,1.21,6.0
7513,18.365481,73.778061,27.1,29.2,24.2,21.9,1.33,6.4
7514,18.365483,73.760324,31.5,27.4,23.5,24.4,1.2,6.0
7516,18.365589,73.777978,27.1,29.2,24.2,21.9,1.33,6.4
7517,18.365786,73.777492,27.1,29.2,24.2,21.9,1.33,6.4
7518,18.366983,73.777178,27.1,29.2,24.2,21.9,1.33,6.4
7519,18.367111,73.775667,27.1,29.1,23.9,23.7,1.34,6.3
7520,18.367548,73.77761,27.1,29.2,24.3,22.4,1.31,6.4
7521,18.367841,73.777927,27.1,29.2,24.3,22.4,1.31,6.4
7522,18.367981,73.778093,27.1,29.2,24.3,22.4,1.31,6.4
7523,18.368017,73.7786,27.6,28.3,25.0,19.1,1.31,6.3
7524,18.368019,73.778287,27.1,29.2,24.3,22.4,1.31,6.4
7525,18.368317,73.778497,27.1,29.2,24.3,22.4,1.31,6.4
7526,18.368412,73.778433,27.1,29.2,24.3,22.4,1.31,6.4
7527,18.36855,73.778294,27.1,29.2,24.3,22.4,1.31,6.4
7528,18.368614,73.778269,27.1,29.2,24.3,22.4,1.31,6.4
7529,18.369328,73.775813,28.4,29.0,23.0,22.1,1.33,6.3
7530,18.37,73.55,38.1,27.2,17.4,22.1,1.36,5.7
7531,18.37,73.58,32.9,27.1,19.0,21.3,1.32,6.2
7532,18.37,73.78,25.3,29.0,20.7,21.9,1.35,6.3
7533,18.37,73.76,25.4,29.3,22.9,22.9,1.33,6.4
7534,18.37,73.76,25.4,29.3,22.9,22.9,1.33,6.4
7535,18.371361,73.77725,25.3,29.0,20.7,21.9,1.35,6.3
7536,18.37287,73.778068,28.2,29.7,16.3,22.2,1.36,6.1
7537,18.373628,73.777868,28.2,29.7,16.3,22.2,1.36,6.1
7538,18.376899,73.777098,25.4,29.4,20.6,20.0,1.36,6.3
7539,18.377101,73.776949,25.4,29.4,20.6,20.0,1.36,6.3
7540,18.377558,73.776827,25.4,29.4,20.6,20.0,1.36,6.3
7541,18.377724,73.777382,25.4,29.4,20.6,20.0,1.36,6.3
7542,18.3778,73.776791,25.4,29.4,20.6,20.0,1.36,6.3
7543,18.379233,73.777044,25.4,29.4,20.6,20.0,1.36,6.3
7544,18.379806,73.776944,28.3,31.1,15.0,20.0,1.36,6.5
7545,18.38,73.78,27.1,30.3,16.6,19.9,1.35,6.5
7546,18.38,73.78,27.1,30.3,16.6,19.9,1.35,6.5
7547,18.38,73.78,27.1,30.3,16.6,19.9,1.35,6.5
7548,18.38,73.58,37.7,27.5,16.5,21.5,1.32,6.2
7549,18.38,73.58,37.7,27.5,16.5,21.5,1.32,6.2
7550,18.38,73.57,37.6,27.2,17.3,31.1,1.3,6.2
7551,18.38,73.57,37.6,27.2,17.3,31.1,1.3,6.2
7552,18.38,73.57,37.6,27.2,17.3,31.1,1.3,6.2
7553,18.38,73.57,37.6,27.2,17.3,31.1,1.3,6.2
7554,18.38,73.56,0.0,0.0,0.0,0.0,0.0,0.0
7555,18.38,73.56,0.0,0.0,0.0,0.0,0.0,0.0
7556,18.38,73.59,36.5,27.5,15.9,21.7,1.35,5.8
7557,18.38,73.59,36.5,27.5,15.9,21.7,1.35,5.8
7558,18.380119,73.776842,28.3,31.1,15.0,20.0,1.36,6.5
7559,18.380472,73.776829,28.3,31.1,15.0,20.0,1.36,6.5
7560,18.380632,73.776758,28.3,31.1,15.0,20.0,1.36,6.5
7561,18.380915,73.776477,28.3,31.1,15.0,20.0,1.36,6.5
7562,18.381489,73.776153,28.3,31.1,15.0,20.0,1.36,6.5
7563,18.381549,73.776112,28.3,31.1,15.0,20.0,1.36,6.5
7564,18.38175,73.775987,28.8,32.0,16.0,23.0,1.37,6.3
7565,18.381889,73.775917,28.8,32.0,16.0,23.0,1.37,6.3
7566,18.382304,73.77577,28.8,32.0,16.0,23.0,1.37,6.3
7567,18.382447,73.775746,28.8,32.0,16.0,23.0,1.37,6.3
7568,18.38276,73.775659,28.8,32.0,16.0,23.0,1.37,6.3
7569,18.383283,73.775406,28.8,32.0,16.0,23.0,1.37,6.3
7570,18.383333,73.074722,17.9,37.1,24.1,19.4,1.34,5.7
7571,18.38338,73.775407,28.8,32.0,16.0,23.0,1.37,6.3
7572,18.383533,73.775319,28.8,32.0,16.0,23.0,1.37,6.3
7573,18.385448,73.77438,28.3,31.9,15.6,19.1,1.35,6.4
7574,18.385926,73.774189,28.3,31.9,15.6,19.1,1.35,6.4
7575,18.386073,73.774147,28.3,31.9,15.6,19.1,1.35,6.4
7576,18.386215,73.774541,28.3,31.9,15.6,19.1,1.35,6.4
7577,18.386389,73.078611,25.0,34.9,23.4,19.0,1.36,6.2
7578,18.386678,73.773937,28.8,32.1,16.0,20.6,1.36,6.4
7579,18.386806,73.773917,28.8,32.1,16.0,20.6,1.36,6.4
7580,18.387347,73.774053,28.9,32.0,15.9,18.3,1.34,6.5
7581,18.387747,73.774559,28.9,32.0,15.9,18.3,1.34,6.5
7582,18.388444,73.774083,28.9,32.0,15.9,18.3,1.34,6.5
7583,18.388472,73.774,28.8,32.1,16.0,20.6,1.36,6.4
7584,18.388665,73.773843,28.8,32.1,16.0,20.6,1.36,6.4
7585,18.388806,73.773778,26.9,32.8,16.3,17.5,1.35,6.4
7586,18.388839,73.773313,26.9,32.8,16.3,17.5,1.35,6.4
7587,18.38888,73.773687,26.9,32.8,16.3,17.5,1.35,6.4
7588,18.389581,73.774824,26.9,32.2,17.1,16.9,1.35,6.4
7589,18.389611,73.774722,26.9,32.2,17.1,16.9,1.35,6.4
7590,18.389889,73.774444,26.9,32.2,17.1,16.9,1.35,6.4
7591,18.39,73.77,28.5,32.7,16.5,22.6,1.36,6.3
7592,18.39,73.77,28.5,32.7,16.5,22.6,1.36,6.3
7593,18.39,73.77,28.5,32.7,16.5,22.6,1.36,6.3
7594,18.39,73.77,28.5,32.7,16.5,22.6,1.36,6.3
7595,18.39,73.63,39.8,28.3,18.2,18.0,1.44,6.4
7596,18.39,73.51,0.0,0.0,0.0,0.0,0.0,0.0
7597,18.39,73.51,0.0,0.0,0.0,0.0,0.0,0.0
7598,18.39,73.51,0.0,0.0,0.0,0.0,0.0,0.0
7599,18.39,73.51,0.0,0.0,0.0,0.0,0.0,0.0
7600,18.39,73.54,32.8,27.1,18.8,20.1,1.36,6.2
7601,18.39,73.58,0.0,0.0,0.0,0.0,0.0,0.0
7602,18.39,73.58,0.0,0.0,0.0,0.0,0.0,0.0
7603,18.39,73.66,38.4,28.4,18.3,18.1,1.44,6.4
7604,18.39,73.67,37.3,27.9,16.7,14.3,1.44,6.4
7605,18.39,73.08,24.2,34.8,24.3,19.0,1.33,6.1
7606,18.39,73.39,30.4,29.3,24.2,20.1,1.37,6.1
7607,18.390097,73.774289,26.9,32.2,17.1,16.9,1.35,6.4
7608,18.390278,73.77225,26.9,32.8,16.3,17.5,1.35,6.4
7609,18.390403,73.773938,26.9,32.8,16.3,17.5,1.35,6.4
7610,18.390477,73.771991,26.9,32.8,16.3,17.5,1.35,6.4
7611,18.390547,73.773839,26.9,32.8,16.3,17.5,1.35,6.4
7612,18.390714,73.773667,26.9,32.8,16.3,17.5,1.35,6.4
7613,18.390826,73.772364,26.9,32.8,16.3,17.5,1.35,6.4
7614,18.390844,73.773461,26.9,32.8,16.3,17.5,1.35,6.4
7615,18.390927,73.773378,26.9,32.8,16.3,17.5,1.35,6.4
7616,18.391019,73.772581,26.9,32.8,16.3,17.5,1.35,6.4
7617,18.391244,73.772892,28.1,31.3,16.8,17.1,1.37,6.3
7618,18.39346,73.771402,29.5,31.3,16.4,18.0,1.38,6.3
7619,18.4,73.51,31.7,26.2,21.4,23.7,1.3,6.2
7620,18.4,73.51,31.7,26.2,21.4,23.7,1.3,6.2
7621,18.4,73.51,31.7,26.2,21.4,23.7,1.3,6.2
7622,18.4,73.62,35.4,29.8,18.2,17.2,1.37,6.3
7623,18.4,73.61,0.0,0.0,0.0,0.0,0.0,0.0
7624,18.4,73.56,38.4,23.3,17.3,20.0,1.27,6.3
7625,18.41,73.53,32.5,28.0,17.3,22.9,1.25,5.7
7626,18.41,73.53,32.5,28.0,17.3,22.9,1.25,5.7
7627,18.41,73.53,32.5,28.0,17.3,22.9,1.25,5.7
7628,18.41,73.53,32.5,28.0,17.3,22.9,1.25,5.7
7629,18.41,73.52,32.7,25.8,20.3,23.9,1.27,5.6
7630,18.41,73.51,37.3,28.4,17.2,20.0,1.42,6.3
7631,18.41,73.6,32.9,27.5,19.5,19.0,1.35,6.2
7632,18.41,73.7,32.4,31.8,18.4,17.0,1.41,6.4
7633,18.41,73.7,32.4,31.8,18.4,17.0,1.41,6.4
7634,18.41,73.69,30.5,31.4,18.7,17.9,1.36,6.4
7635,18.41,73.69,30.5,31.4,18.7,17.9,1.36,6.4
7636,18.41,73.69,30.5,31.4,18.7,17.9,1.36,6.4
7637,18.43,73.53,32.4,28.1,19.4,23.7,1.24,6.0
7638,18.43,73.72,29.6,28.3,22.8,17.0,1.42,6.3
7639,18.43,73.54,32.1,29.5,20.2,22.9,1.25,6.3
7640,18.43,73.53,32.4,28.1,19.4,23.7,1.24,6.0
7641,18.43,73.11,28.8,35.8,20.7,18.0,1.35,5.7
7642,18.44,73.54,39.3,25.7,19.7,24.0,1.26,5.6
7643,18.44,73.54,39.3,25.7,19.7,24.0,1.26,5.6
7644,18.44,73.54,39.3,25.7,19.7,24.0,1.26,5.6
7645,18.45,73.54,0.0,0.0,0.0,0.0,0.0,0.0
7646,18.46,73.53,36.5,27.1,19.7,31.5,1.32,6.2
7647,18.46,73.54,36.6,26.2,21.4,18.2,1.35,6.2
7648,18.46,73.63,33.3,26.4,23.2,16.2,1.36,6.2
7649,18.46,73.63,33.3,26.4,23.2,16.2,1.36,6.2
7650,18.46,73.63,33.3,26.4,23.2,16.2,1.36,6.2
7651,18.46,73.63,33.3,26.4,23.2,16.2,1.36,6.2
7652,18.46,73.63,33.3,26.4,23.2,16.2,1.36,6.2
7653,18.47,73.64,29.1,26.0,22.8,16.9,1.36,6.2
7654,18.47,73.65,28.9,27.1,22.8,20.0,1.35,6.3
7655,18.47,73.65,28.9,27.1,22.8,20.0,1.35,6.3
7656,18.47,73.52,39.2,26.7,17.3,19.6,1.37,6.3
7657,18.47,73.53,40.6,27.5,16.4,23.0,1.33,6.3
7658,18.47,73.64,29.1,26.0,22.8,16.9,1.36,6.2
7659,18.47,73.64,29.1,26.0,22.8,16.9,1.36,6.2
7660,18.47,73.19,30.6,34.7,19.2,19.2,1.35,6.1
7661,18.470833,73.070556,32.3,34.7,23.1,16.2,1.06,6.2
7662,18.471389,73.068889,32.3,34.7,23.1,16.2,1.06,6.2
7663,18.49,73.64,28.0,28.7,21.7,17.8,1.33,6.2
7664,18.49,73.64,28.0,28.7,21.7,17.8,1.33,6.2
7665,18.49,73.71,23.3,33.9,18.9,14.8,1.44,6.5
7666,18.49,72.96,32.3,36.6,21.0,13.7,1.44,6.4
7667,18.5,73.71,24.9,33.7,19.8,14.8,1.44,6.3
7668,18.5,73.71,24.9,33.7,19.8,14.8,1.44,6.3
7669,18.51,73.71,27.1,31.0,18.9,13.4,1.48,6.4
7670,18.511111,73.126111,29.2,34.8,19.3,16.0,1.38,6.1
7671,18.53,73.38,32.8,27.8,21.1,22.8,1.35,6.2
7672,18.54,73.51,34.2,30.8,18.5,17.9,1.37,6.3
7673,18.55,73.63,32.5,27.5,21.1,16.4,1.4,6.4
7674,18.57,73.36,32.3,29.2,20.9,23.1,1.37,6.2
7675,18.58,73.36,35.6,27.4,18.1,23.0,1.37,6.1
7676,18.59,73.59,25.3,29.5,27.2,22.1,1.31,6.0
7677,18.59,73.59,25.3,29.5,27.2,22.1,1.31,6.0
7678,18.59,73.59,25.3,29.5,27.2,22.1,1.31,6.0
7679,18.59,73.59,25.3,29.5,27.2,22.1,1.31,6.0
7680,18.59,73.59,25.3,29.5,27.2,22.1,1.31,6.0
7681,18.59,73.59,25.3,29.5,27.2,22.1,1.31,6.0
7682,18.59,73.59,25.3,29.5,27.2,22.1,1.31,6.0
7683,18.59,73.59,25.3,29.5,27.2,22.1,1.31,6.0
7684,18.595556,72.921111,32.4,33.9,22.5,16.0,1.3,6.4
7685,18.62,73.51,39.6,26.0,18.7,16.3,1.36,6.2
7686,18.63,73.52,30.4,28.8,20.5,19.6,1.28,6.2
7687,18.63,73.56,34.3,28.0,20.5,20.8,1.3,6.3
7688,18.65,73.5,41.1,26.1,17.6,16.4,1.38,6.3
7689,18.65,73.55,35.8,28.7,21.5,19.2,1.31,6.3
7690,18.67,73.45,40.3,24.7,17.1,22.4,1.33,6.2
7691,18.67,73.45,40.3,24.7,17.1,22.4,1.33,6.2
7692,18.67,73.45,40.3,24.7,17.1,22.4,1.33,6.2
7693,18.67,73.47,40.4,26.1,16.9,21.2,1.37,6.1
7694,18.6866,72.9214,29.4,35.2,21.0,13.3,1.42,6.2
7695,18.69,73.55,34.4,27.4,21.8,14.9,1.38,6.4
7696,18.69,73.29,31.5,33.2,25.0,16.0,1.36,6.2
7697,18.69,73.29,31.5,33.2,25.0,16.0,1.36,6.2
7698,18.6924,72.92411,32.0,33.8,21.3,16.7,1.4,6.0
7699,18.6964,72.9294,33.9,34.5,21.2,17.0,1.4,5.6
7700,18.7,73.51,33.2,27.5,21.7,17.0,1.37,6.4
7701,18.7,73.28,29.3,35.2,22.3,14.5,1.4,6.3
7702,18.7,73.44,39.3,26.3,16.8,18.6,1.38,6.3
7703,18.7,73.46,39.2,25.6,15.9,18.8,1.36,6.3
7704,18.72,73.46,41.6,25.6,17.3,22.8,1.36,5.6
7705,18.73,73.56,34.7,27.1,22.6,17.0,1.32,6.3
7706,18.73,73.4,31.6,28.4,18.3,18.6,1.37,6.2
7707,18.75,73.34,27.2,35.4,18.9,23.0,1.37,5.8
7708,18.76,73.35,28.0,33.2,20.1,23.9,1.34,5.7
7709,18.77,73.36,28.0,33.3,21.7,20.0,1.38,6.2
7710,18.779444,73.121,38.4,33.0,19.1,12.0,1.47,6.2
7712,18.819167,73.243,34.4,34.8,19.0,13.1,1.44,6.2
7713,18.83,73.73,36.3,29.4,16.4,12.8,1.48,6.6
7714,18.84,73.41,23.2,33.3,28.5,26.9,1.37,5.7
7715,18.9,73.91,26.8,32.6,20.5,13.4,1.58,6.7
7716,18.9,73.91,26.8,32.6,20.5,13.4,1.58,6.7
7717,18.9,73.91,26.8,32.6,20.5,13.4,1.58,6.7
7718,18.9,73.91,26.8,32.6,20.5,13.4,1.58,6.7
7719,18.9,73.91,26.8,32.6,20.5,13.4,1.58,6.7
7720,18.94,73.31,28.8,35.5,19.1,19.0,1.37,6.2
7721,18.95,73.87,29.9,30.0,20.6,17.2,1.44,6.8
7722,18.95,73.7,35.8,25.6,18.5,15.7,1.44,6.6
7723,18.95,73.46,28.4,30.7,23.6,20.3,1.32,5.6
7724,18.97,73.32,35.4,33.5,22.2,26.7,1.38,6.3
7725,18.97,73.32,35.4,33.5,22.2,26.7,1.38,6.3
33700,10.625965,76.539455,26.2,47.9,14.7,29.4,1.15,5.4
33701,13.406306,75.744861,27.9,34.6,24.1,30.4,1.02,5.6
33702,13.403333,75.735917,25.4,38.1,24.4,34.1,1.03,5.6
33703,8.7220972,76.71483056,27.6,29.1,29.8,21.5,1.15,5.3
33704,13.387861,75.727111,27.3,40.1,20.0,29.1,1.03,5.6
33707,11.973339,76.01831111,22.1,41.7,21.6,21.4,1.16,5.4
33712,13.381445,75.713611,26.9,37.7,23.5,29.8,1.03,5.6
33721,8.7252306,76.71186667,0.0,0.0,0.0,0.0,0.0,0.0
33724,12.973339,76.01831111,29.1,33.9,24.9,12.1,1.27,6.3
33764,10.626917,76.53938889,24.2,48.6,16.3,23.7,1.15,5.4
33765,10.47625,76.57025,27.0,45.0,18.2,28.0,1.1,5.3
33801,14.809896,74.14158063,18.2,40.3,21.2,20.3,1.38,5.6
33805,13.149269,75.459855,23.8,39.2,23.9,31.6,1.03,5.4
33806,13.128046,75.5153175,26.2,41.3,16.2,28.0,1.09,5.4
33817,13.300442,75.3054032,27.7,42.1,19.5,27.1,1.1,5.4
33818,13.24974,75.3692866,25.4,42.1,18.2,29.0,1.1,5.3
33819,13.148567,75.4586835,23.8,39.2,23.9,31.6,1.03,5.4
33822,13.418915,75.7206706,29.2,33.5,21.9,29.2,1.03,5.7
33856,11.973339,76.01831111,22.1,41.7,21.6,21.4,1.16,5.4
33858,12.939786,74.93526667,35.1,49.1,11.2,20.9,1.27,5.8
33859,12.91175,74.848625,0.0,0.0,0.0,0.0,0.0,0.0
33860,12.874278,74.97915833,34.6,48.8,10.5,19.1,1.2,5.8
33861,12.878136,75.03807222,0.0,0.0,0.0,0.0,0.0,0.0
33862,12.759331,75.19792778,0.0,0.0,0.0,0.0,0.0,0.0
33863,12.751653,75.23003889,24.8,44.4,14.9,21.7,1.2,5.4
33864,12.751653,75.23003889,24.8,44.4,14.9,21.7,1.2,5.4
33865,12.800258,75.24629167,31.2,50.3,11.4,21.0,1.18,5.4
33866,12.813956,75.2177,29.2,43.6,14.4,21.6,1.2,5.6
33867,13.006839,75.26101944,26.2,52.9,14.6,20.9,1.23,5.6
33868,13.046275,75.27276944,25.9,52.4,14.0,17.2,1.14,5.4
33869,12.923792,74.9106,33.2,49.5,9.6,18.3,1.21,5.6
33870,13.883858,74.61844444,25.1,46.3,17.0,18.3,1.25,5.9
33871,13.888494,74.61815,25.3,47.4,17.0,19.2,1.25,5.9
33872,13.879425,74.62072778,24.9,46.1,17.6,18.8,1.26,6.0
33873,13.8719,74.6052,0.0,0.0,0.0,0.0,0.0,0.0
33874,13.869075,74.81434444,19.6,47.8,18.5,19.1,1.28,6.1
33875,13.577297,74.86976667,31.5,48.2,12.3,21.1,1.23,6.0
33876,13.439,74.96759167,33.3,48.4,12.0,22.4,1.19,5.6
33877,13.226703,75.13119722,25.9,49.9,16.1,24.8,1.13,5.5
33878,13.406306,75.74486111,27.9,34.6,24.1,30.4,1.02,5.6
33879,13.403333,75.73591667,25.4,38.1,24.4,34.1,1.03,5.6
33880,13.387861,75.72711111,27.3,40.1,20.0,29.1,1.03,5.6
33881,13.381444,75.71361111,26.9,37.7,23.5,29.8,1.03,5.6
33882,13.383306,75.70797222,29.5,38.6,22.6,29.8,1.1,5.6
33883,13.361056,75.35994444,25.0,44.3,15.5,29.1,1.1,5.4
33884,13.331,75.34027778,27.5,41.4,17.1,27.2,1.1,5.4
33885,13.331833,75.337,24.6,43.3,20.0,27.8,1.14,5.4
33886,13.326167,75.35194444,26.6,42.4,16.2,28.0,1.11,5.4
33887,13.306361,75.37655556,30.8,38.1,20.1,31.3,1.03,5.2
33888,13.310278,75.38277778,29.9,38.2,20.2,31.6,1.05,5.4
33889,13.332,75.38963889,30.5,41.1,17.9,27.8,1.08,5.4
33890,13.331917,75.38663889,29.9,41.3,17.1,30.0,1.08,5.3
33891,13.503278,75.34969444,23.4,42.6,18.4,23.7,1.14,5.3
33892,13.438389,75.25802778,22.4,43.6,20.9,21.4,1.23,5.3
33893,13.421417,75.24547222,21.5,44.3,19.3,20.4,1.24,5.4
33894,13.404333,75.23347222,21.3,44.8,19.3,20.1,1.22,5.3
33895,13.367861,75.21205556,24.3,43.7,17.1,27.8,1.09,5.4
33896,13.423306,75.25469444,19.7,47.2,18.4,19.9,1.23,5.6
33897,13.076417,75.45569444,32.2,47.6,12.9,32.8,1.09,5.4
33898,13.076833,75.45633333,32.2,47.6,12.9,32.8,1.09,5.4
33899,13.076333,75.47161111,30.9,47.8,13.2,29.9,1.09,5.4
33900,13.219778,75.41916667,25.3,41.7,21.0,34.6,1.06,5.4
33901,13.280611,75.3315,24.6,41.5,21.3,28.0,1.06,5.4
33902,13.281167,75.34819444,25.5,40.2,20.5,32.8,1.06,5.4
33903,14.781677,74.136913,0.0,0.0,0.0,0.0,0.0,0.0
33904,14.782055,74.138237,0.0,0.0,0.0,0.0,0.0,0.0
33905,14.782712,74.13883,0.0,0.0,0.0,0.0,0.0,0.0
33906,14.783218,74.139477,0.0,0.0,0.0,0.0,0.0,0.0
33907,14.78353,74.140167,0.0,0.0,0.0,0.0,0.0,0.0
33908,14.783522,74.140903,0.0,0.0,0.0,0.0,0.0,0.0
33909,14.783217,74.141485,0.0,0.0,0.0,0.0,0.0,0.0
33910,14.781229,74.146864,0.0,0.0,0.0,0.0,0.0,0.0
33911,14.759265,74.234887,23.6,42.7,19.0,23.4,1.25,5.7
33912,14.749197,74.248513,21.5,42.7,19.2,19.2,1.29,6.0
33913,14.745973,74.25133,21.5,44.4,19.6,25.1,1.27,5.7
33914,14.602864,74.362828,17.1,42.3,20.5,31.2,1.25,6.1
33915,14.582058,74.381403,18.6,45.3,20.2,22.0,1.25,5.5
33916,14.580318,74.38286,18.2,46.5,18.4,21.6,1.27,5.5
33917,14.521306,75.409556,27.3,33.7,26.8,11.1,1.42,6.7
33918,14.513155,74.411225,19.8,45.2,20.2,22.5,1.25,5.5
33919,14.470933,74.439445,19.7,40.6,23.7,30.9,1.21,5.7
33920,14.457233,74.438342,20.3,40.4,21.5,27.9,1.25,6.0
33921,13.888483,74.61799,25.3,47.4,17.0,19.2,1.25,5.9
33922,14.603554,74.371219,16.2,47.4,21.6,23.0,1.25,5.5
33923,14.539822,74.348515,19.8,46.7,18.5,27.9,1.32,5.9
33924,14.539402,74.312368,0.0,0.0,0.0,0.0,0.0,0.0
33925,14.553255,74.359167,0.0,0.0,0.0,0.0,0.0,0.0
33926,14.604261,74.357595,15.5,46.6,20.3,21.9,1.29,5.6
33927,14.480271,74.437881,20.1,42.7,21.6,22.1,1.25,6.1
33928,14.546835,74.357823,0.0,0.0,0.0,0.0,0.0,0.0
33929,14.590067,74.566353,15.0,45.7,22.8,24.2,1.2,5.4
33930,14.42279,74.56534,18.2,47.9,19.8,19.3,1.29,5.5
33931,12.89692,75.732489,21.0,44.8,21.8,24.2,1.19,5.6
33932,12.932363,75.725262,24.4,44.6,21.3,25.2,1.15,5.6
33933,12.939405,75.73157,21.7,41.1,19.6,21.4,1.22,5.4
33934,12.941253,75.730908,23.2,41.2,19.6,27.6,1.18,5.6
33935,12.92256,75.762242,22.9,44.7,19.1,20.9,1.2,5.7
33936,12.920003,75.747305,23.7,45.4,19.3,21.6,1.16,5.4
33937,12.909688,75.7372,21.6,43.8,21.2,23.0,1.2,5.4
33938,12.894105,75.72772,24.9,43.6,21.8,26.0,1.15,5.6
33939,12.905202,75.73538,19.4,46.0,22.3,23.0,1.2,5.6
33940,10.625965,76.539455,26.2,47.9,14.7,29.4,1.15,5.4
33941,10.626917,76.53938889,24.2,48.6,16.3,23.7,1.15,5.4
33942,10.47625,76.57025,27.0,45.0,18.2,28.0,1.1,5.3
33943,10.476194,76.57002778,27.0,45.0,18.2,28.0,1.1,5.3
33944,10.523861,76.65280556,28.4,41.9,16.5,31.1,1.06,5.2
33945,10.526639,76.655,26.5,44.7,16.2,31.0,1.04,5.2
33946,10.526194,76.64055556,24.2,46.0,17.2,29.8,1.05,5.3
33947,10.519194,76.62902778,25.7,43.3,16.8,29.1,1.1,5.2
33948,10.519917,76.62911111,25.7,43.3,16.8,29.1,1.1,5.2
33949,10.144278,76.09836111,0.0,0.0,0.0,0.0,0.0,0.0
33950,10.151583,77.07905556,29.1,28.3,28.8,49.6,0.91,5.0
33951,10.036889,77.12791667,27.4,31.6,26.5,37.4,1.0,5.2
33952,10.052556,77.10883333,32.0,26.7,24.8,43.1,1.0,5.2
33953,10.064389,77.10233333,30.6,27.7,25.2,27.0,1.09,5.4
33954,10.071139,77.09872222,32.4,29.4,23.8,32.6,1.01,5.1
33955,10.082639,77.07358333,28.9,29.8,27.7,32.2,1.04,5.2
33956,10.082917,77.07269444,28.9,29.8,27.7,32.2,1.04,5.2
33957,10.083222,77.07130556,28.9,29.4,28.4,32.5,1.04,5.2
33958,10.084083,77.07844444,33.1,29.1,24.6,34.2,1.0,5.2
33959,10.054861,77.05227778,28.8,32.6,28.6,33.1,0.98,5.3
33960,9.9821944,77.03261111,30.4,36.6,21.8,31.3,1.11,5.2
33961,9.9803333,77.03036111,28.0,38.3,21.9,30.3,1.16,5.2
33962,9.9453083,76.97888611,22.6,41.9,23.5,27.8,1.16,5.2
33963,9.8093056,76.85438889,25.8,37.5,23.8,33.6,1.06,5.0
33964,9.8165,76.86197222,27.3,39.3,21.8,31.6,1.04,5.1
33965,9.691,76.8251,27.2,33.5,27.2,28.0,1.09,5.2
33966,9.7475,76.75638889,23.7,36.6,26.1,28.8,1.12,5.3
33967,8.7220972,76.71483056,27.6,29.1,29.8,21.5,1.15,5.3
33968,8.7252306,76.71186667,0.0,0.0,0.0,0.0,0.0,0.0
33969,8.7266167,76.71076111,0.0,0.0,0.0,0.0,0.0,0.0
33970,8.7279333,76.71076111,0.0,0.0,0.0,0.0,0.0,0.0
33971,8.7284583,76.70914722,0.0,0.0,0.0,0.0,0.0,0.0
33972,8.7293056,76.70837222,0.0,0.0,0.0,0.0,0.0,0.0
33973,8.7310611,76.70693056,0.0,0.0,0.0,0.0,0.0,0.0
33974,8.7623778,76.68576944,0.0,0.0,0.0,0.0,0.0,0.0
33975,8.7323583,76.70650833,0.0,0.0,0.0,0.0,0.0,0.0
33976,8.7352139,76.70446944,0.0,0.0,0.0,0.0,0.0,0.0
33977,11.786539,75.77123056,28.8,42.7,17.9,30.8,1.1,5.3
33978,11.785247,75.77669167,31.7,45.1,13.6,29.1,1.08,5.3
33979,11.787589,75.78859444,30.1,44.4,13.3,29.8,1.15,5.4
33980,11.788056,75.79233333,28.7,45.8,13.2,30.0,1.1,5.4
33981,11.786281,75.78933889,30.1,44.4,13.3,29.8,1.15,5.4
33982,11.785414,75.78934167,30.9,46.3,14.2,28.6,1.1,5.4
33983,11.781806,75.78877222,29.0,47.2,15.0,27.9,1.15,5.4
33984,11.783458,75.78753056,28.3,47.3,15.0,30.9,1.09,5.4
33985,11.782756,75.78577222,28.5,47.8,15.9,27.8,1.1,5.4
33986,11.785828,75.75981389,28.9,48.0,14.7,26.8,1.1,5.4
33987,11.796933,75.75671944,29.3,46.2,14.1,29.5,1.1,5.2
33988,11.777444,75.77436111,29.4,49.1,14.0,28.7,1.08,5.4
33989,11.462778,76.13416667,24.0,35.3,25.9,52.1,1.0,5.3
33990,18.452894,73.49095278,36.5,27.6,19.0,19.7,1.35,6.3
33991,18.397689,73.51674444,30.9,26.2,21.2,23.7,1.3,5.7
33992,18.408972,73.52738056,35.9,26.6,17.6,24.4,1.27,5.6
33993,18.932472,73.23425,26.3,28.2,18.3,19.4,1.31,6.0
33994,18.428972,73.40361111,35.4,29.1,19.0,22.4,1.34,5.6
33995,18.596375,73.512975,40.4,27.4,19.3,16.3,1.35,6.2
34188,10.447257,76.984351,24.6,35.3,27.9,36.8,1.11,5.5
34189,10.451245,76.981973,24.2,38.6,23.0,35.5,1.12,5.5
34190,10.451802,76.981495,24.2,38.6,23.0,35.5,1.12,5.5
34191,10.450891,76.976945,24.1,37.9,21.7,32.0,1.16,5.5
34192,10.449755,76.976183,22.8,38.1,23.2,30.4,1.18,5.5
34193,10.450355,76.979802,23.9,38.4,21.0,31.6,1.17,5.5
34194,10.450497,76.97869,24.1,37.9,21.7,32.0,1.16,5.5
34195,10.450672,76.98034,23.9,38.4,21.0,31.6,1.17,5.5
34196,10.431505,76.98407,26.2,35.2,26.1,38.4,1.0,5.4
34197,11.4921,76.4997,21.0,38.2,28.8,24.9,1.2,5.6
34198,11.49052,76.527422,28.4,31.3,29.4,33.6,0.98,5.3
34199,11.490697,76.532657,28.1,31.8,29.6,34.0,0.98,5.3
34200,11.3645,76.705615,21.9,35.8,26.0,40.6,1.1,5.7
34201,11.359923,76.667,22.2,35.0,30.6,25.9,1.13,5.9
34202,11.327553,76.6317,20.2,34.3,32.7,33.1,1.1,5.9
34203,11.34204,76.63419,20.2,36.5,30.4,34.3,1.02,5.7
34118,13.149675,75.073186,28.9,49.3,14.8,29.4,1.1,5.5
34119,9.277837,76.405089,29.1,32.6,20.7,41.4,1.13,5.2
34120,10.255499,76.733681,0.0,0.0,0.0,0.0,0.0,0.0
34121,9.468942,77.051196,25.7,31.8,26.6,40.7,1.04,5.2
34122,14.989856,75.096557,32.3,40.8,13.7,14.6,1.32,6.0
34123,15.266131,73.982684,0.0,0.0,0.0,0.0,0.0,0.0
34124,10.375045,77.813459,18.9,40.4,22.3,23.9,1.27,6.6
34125,9.616881,76.822532,24.6,33.0,26.3,28.3,1.1,5.2
34127,16.470317,74.490665,20.6,40.9,17.5,11.0,1.42,7.0
34129,14.004699,75.26294,21.6,43.4,15.4,10.3,1.35,6.2
34130,9.392379,77.100137,29.9,33.1,22.0,31.3,1.12,5.2
34131,9.605658,76.328456,25.8,33.5,19.3,26.0,1.2,5.5
34132,18.221516,73.531899,35.7,26.3,18.1,23.9,1.35,5.7
34133,11.30091,76.834618,32.2,36.0,21.4,27.7,1.1,5.4
34134,11.78211,76.753566,22.5,44.7,20.6,12.9,1.28,6.9
34137,9.988527,77.20908,27.5,32.6,26.7,29.0,1.17,5.2
34138,10.251489,76.850947,27.1,33.0,23.6,32.0,1.01,5.2
34139,11.640587,76.234771,21.5,41.8,21.6,23.2,1.08,5.4
34140,16.64518,73.672156,21.8,30.0,28.1,21.0,1.34,6.0
34141,10.249718,76.53386,25.2,40.7,22.6,19.9,1.12,5.4
34142,14.476785,75.393507,26.1,34.6,27.8,9.7,1.4,6.8
34143,13.594418,74.775069,27.0,46.2,16.1,22.0,1.2,6.0
34144,13.698003,74.676094,28.2,36.2,18.6,25.8,1.23,6.1
34145,15.854114,74.181737,19.9,36.7,19.8,23.0,1.26,5.7
34146,11.846889,76.505679,23.4,41.9,20.1,17.3,1.2,6.1
34147,14.022612,75.160255,15.9,43.7,24.8,16.1,1.3,6.2
34149,8.340414,77.225627,23.4,36.5,24.1,27.4,1.36,5.5
34150,10.074202,76.518936,25.8,39.2,21.2,24.3,1.19,5.2
34152,18.219628,73.556486,36.9,27.7,18.8,21.7,1.31,6.2
34153,11.584242,75.805802,28.3,49.3,13.0,24.3,1.18,5.4
34154,13.137274,75.296939,29.7,36.2,18.2,31.4,1.1,5.5
34155,13.574409,75.319379,23.4,43.6,17.3,21.3,1.16,5.3
34156,14.433128,75.073356,18.1,43.3,20.7,19.0,1.23,5.6
34157,10.625771,77.069387,14.6,50.8,17.5,15.4,1.42,6.8
34158,10.774521,77.429395,21.7,40.9,21.3,13.6,1.48,7.3
34159,8.582811,77.08741,25.6,39.0,19.5,23.2,1.3,5.3
34160,8.716336,76.976431,25.7,32.3,23.7,22.5,1.24,5.2
34161,16.503942,74.445907,19.0,42.0,14.8,10.0,1.43,6.6
34162,16.218439,74.1307,26.5,38.6,17.2,21.5,1.27,6.2
34163,9.865397,77.406293,21.9,44.0,19.4,18.2,1.39,6.5
34164,10.628749,76.66911,17.5,56.6,16.5,22.0,1.33,5.4
34165,12.085073,76.221105,24.4,40.6,17.9,18.0,1.2,5.7
34166,18.541177,73.444333,0.0,0.0,0.0,0.0,0.0,0.0
34167,16.765266,73.995139,15.9,37.0,26.2,13.9,1.35,6.5
34168,16.37516,73.439564,18.7,35.6,21.2,17.0,1.4,6.1
34169,11.978166,75.806088,25.3,49.0,16.5,23.0,1.16,5.4
34170,10.229021,77.591197,21.2,37.4,23.4,28.4,1.17,5.8
34171,15.222974,74.362485,20.9,43.7,18.9,27.1,1.19,5.6
34172,16.688214,74.287759,19.1,47.4,16.3,11.0,1.44,6.5
34173,12.915824,76.078448,25.4,39.6,17.5,12.9,1.29,6.7
34174,18.782177,73.534924,29.8,29.1,26.0,10.8,1.4,6.3
34175,14.791687,74.971349,16.7,47.9,20.1,16.6,1.33,5.9
34176,9.464253,77.790446,34.3,38.0,16.7,13.5,1.54,7.7
34177,9.460022,76.956384,27.4,36.0,26.2,31.2,1.14,5.2
34178,8.409267,77.085549,29.3,36.9,20.2,26.3,1.4,5.6
34179,8.488243,76.917514,0.0,0.0,0.0,0.0,0.0,0.0
34180,10.089217,77.282948,31.9,35.8,20.0,32.9,1.17,5.5
34181,14.077444,74.937637,0.0,0.0,0.0,0.0,0.0,0.0
34182,14.51691,75.006221,13.1,44.7,24.6,10.7,1.4,6.1
34183,15.959482,74.088833,19.8,33.5,23.0,14.9,1.3,6.2
34184,18.091322,73.60332,34.6,29.5,18.9,23.9,1.37,5.7
34185,16.545727,73.406884,21.7,34.1,24.8,17.6,1.4,6.2
34186,18.088955,73.71167,36.6,25.4,19.7,34.4,1.32,6.4
34187,10.993847,76.319279,22.6,51.4,18.8,22.0,1.2,5.3
34188,14.295978,74.84004,16.0,45.7,21.0,18.1,1.33,6.0
34189,14.771913,74.450298,16.0,47.6,18.7,25.9,1.21,5.5
34191,18.403666,74.031666,29.7,32.3,15.9,12.3,1.54,6.8
34192,14.355284,74.736903,14.5,46.1,22.6,19.6,1.2,5.5
34193,11.558805,77.106314,20.4,42.1,22.5,24.3,1.25,6.5
34194,10.602757,77.462848,25.5,42.3,16.3,18.9,1.4,7.2
34195,11.220406,76.944353,19.2,48.6,15.8,16.5,1.29,7.3
34196,10.46833,76.122288,23.9,40.9,17.2,22.0,1.2,5.4
34197,16.547541,73.505104,23.9,33.1,21.2,20.3,1.42,6.2
34198,14.429455,75.461409,35.2,30.8,28.3,10.8,1.42,6.9
34199,15.83028,74.70546,31.9,33.0,25.7,11.8,1.37,6.5
34200,11.975842,76.345191,0.0,0.0,0.0,0.0,0.0,0.0
34201,10.093615,77.184128,27.3,32.0,28.0,65.3,0.9,5.2
34202,11.351305,76.17435,28.1,46.2,14.5,31.0,1.08,5.4
34203,14.430254,75.556729,39.3,30.3,26.6,10.1,1.4,6.9
34204,13.207475,76.072999,18.5,41.3,20.3,10.4,1.38,7.2
34205,11.955833,76.598442,24.1,40.2,20.6,14.6,1.28,6.7
34206,18.15136,73.301799,30.7,29.1,23.0,13.9,1.2,6.3
34207,17.197871,73.247168,19.5,36.8,22.2,27.6,1.27,6.4
34208,18.668901,73.519819,37.1,27.5,19.4,14.2,1.35,6.4
34209,12.89322,75.852252,25.0,40.8,20.7,19.2,1.26,5.9
34210,11.905554,75.761331,25.3,49.6,16.8,28.2,1.14,5.4
34211,13.892831,75.212857,18.3,47.3,21.0,16.9,1.3,6.3
34212,14.483766,75.504737,35.3,30.4,29.4,11.3,1.4,7.2
34213,11.473917,76.748024,25.0,35.6,23.6,28.2,1.13,6.1
34214,8.580278,76.930022,28.0,36.5,20.3,25.7,1.3,5.3
34215,9.519376,77.194296,0.0,0.0,0.0,0.0,0.0,0.0
34216,10.794018,76.094415,21.7,47.6,15.9,23.1,1.22,5.2
34217,11.0142,77.064788,0.0,0.0,0.0,0.0,0.0,0.0
34218,15.065553,75.090889,22.5,37.4,22.9,12.1,1.4,6.4
34219,16.517172,73.381627,0.0,0.0,0.0,0.0,0.0,0.0
34220,9.870807,77.342003,21.1,41.9,22.2,22.6,1.37,6.8
34221,10.321449,77.959828,20.1,46.0,16.2,12.9,1.48,7.5
34222,12.097308,76.161663,22.8,45.7,18.7,18.2,1.2,5.5
34223,10.939682,77.433892,16.1,47.1,16.3,12.7,1.5,6.9
34224,9.879589,76.814208,28.4,36.5,20.4,30.9,1.1,5.2
34225,11.060261,77.503992,18.4,38.0,26.7,13.6,1.48,7.6
34226,10.902265,76.941549,18.3,47.6,16.4,14.7,1.4,7.3
34227,18.107692,74.040981,32.9,26.9,19.8,10.9,1.56,6.9
34229,9.699064,76.59704,24.3,36.7,23.2,23.7,1.23,5.3
34230,16.968963,73.806478,29.4,31.0,21.9,17.0,1.37,6.3
34231,10.628102,77.862443,17.8,44.2,20.7,12.4,1.46,7.7
34232,11.165299,77.367486,21.5,39.0,22.8,12.9,1.42,7.8
34233,13.603256,75.174601,19.6,48.1,17.9,25.4,1.18,5.4
34234,11.058818,76.090986,24.9,52.2,16.5,21.4,1.23,5.4
34235,17.812326,73.559609,31.8,26.2,24.9,17.2,1.35,6.1
34236,8.764798,77.686325,28.1,38.8,18.0,16.5,1.51,7.0
34237,13.990621,75.790118,25.6,41.8,14.0,13.3,1.36,6.6
34238,15.057774,74.381837,15.7,48.4,18.7,26.2,1.23,5.5
34239,12.532514,75.016635,30.3,48.6,11.0,21.1,1.19,5.8
34240,11.430818,75.843133,27.3,52.5,13.0,22.4,1.23,5.4
34241,16.016616,74.445402,21.2,36.5,22.8,14.0,1.3,6.0
34242,12.639319,75.254838,27.5,47.4,13.3,23.9,1.12,5.4
34244,13.598931,75.761473,19.3,41.1,22.3,17.2,1.25,6.2
34246,13.599444,75.641346,21.7,40.8,20.9,22.0,1.14,5.7
34247,15.846101,74.670141,28.1,35.0,24.2,13.1,1.3,6.0
34249,10.67596,77.379116,18.6,42.2,18.5,12.9,1.42,7.1
34251,9.093046,76.933246,29.7,31.7,22.6,27.9,1.1,5.2
34252,10.550223,77.126532,15.6,46.4,17.4,16.5,1.42,6.8
34253,16.293052,73.408773,0.0,0.0,0.0,0.0,0.0,0.0
34254,18.533987,73.098127,29.3,35.3,20.4,17.0,1.4,6.3
34255,15.239718,74.533456,16.7,45.3,20.6,19.2,1.24,5.5
34256,15.873251,73.703183,22.2,37.2,19.2,19.1,1.3,6.1
34257,14.174257,74.692102,14.3,47.2,24.5,29.7,1.14,5.3
34258,13.612193,75.676513,20.1,45.0,17.0,21.3,1.18,5.7
34259,14.193258,74.83459,14.0,47.0,23.8,18.1,1.27,5.6
34260,13.625601,75.046911,14.8,47.7,20.3,35.0,1.2,5.6
34261,13.08076,75.230076,27.2,50.3,14.6,27.4,1.1,5.6
34262,18.710329,73.744055,23.3,33.7,19.3,10.9,1.59,6.5
34263,18.055058,73.041866,0.0,0.0,0.0,0.0,0.0,0.0
34264,15.404417,74.011609,0.0,0.0,0.0,0.0,0.0,0.0
34265,16.499409,74.067335,20.1,43.0,18.6,15.8,1.34,6.3
34266,12.783687,76.265119,29.5,37.0,19.0,14.6,1.37,6.8
34268,11.623207,75.591794,27.9,47.3,15.1,25.1,1.23,5.5
34269,11.3779,75.837041,27.6,51.1,12.2,22.4,1.27,5.5
34270,10.963039,77.192959,18.8,43.1,16.1,16.7,1.42,7.6
34271,14.157914,75.549973,23.1,32.1,29.2,10.4,1.42,6.8
34272,15.436859,74.865401,24.6,40.2,14.2,13.9,1.3,5.9
34273,18.373964,72.93971,35.1,33.9,20.5,16.2,1.02,6.2
34275,10.335536,76.525289,24.3,42.1,22.6,27.8,1.1,5.3
34276,11.62188,76.585665,26.0,39.2,21.2,18.1,1.2,5.9
34277,13.391475,75.661748,26.7,36.1,26.2,28.2,1.04,5.5
34278,9.819277,76.59257,25.0,35.9,22.9,27.1,1.14,5.2
34279,18.782951,73.450061,33.2,28.2,18.9,18.6,1.37,6.3
34281,14.575863,74.932507,15.4,46.5,19.0,15.8,1.33,5.8
34282,12.78103,75.673897,25.7,43.1,18.9,29.4,1.1,5.4
34283,11.153096,76.798506,21.2,39.0,23.1,22.8,1.3,6.5
34284,8.865101,76.938405,32.2,31.7,25.2,25.8,1.14,5.2
34285,17.413677,74.02028,26.2,32.0,25.9,12.6,1.45,6.2
34286,14.888954,74.879845,16.6,43.8,23.2,16.2,1.26,5.6
34287,13.430209,75.853511,23.9,37.1,24.8,17.4,1.24,6.3
34288,15.583786,74.227879,18.9,37.6,24.9,22.2,1.32,5.7
34289,11.093712,77.379913,0.0,0.0,0.0,0.0,0.0,0.0
34291,10.694018,76.972206,16.4,42.2,20.7,12.9,1.45,6.8
34292,15.009469,74.913782,22.1,42.5,16.2,14.1,1.23,5.8
34293,18.527727,73.516796,34.4,28.2,19.2,17.1,1.35,6.3
34295,15.824608,74.833541,23.4,32.3,33.6,10.8,1.36,7.0
34296,13.62854,74.694468,0.0,0.0,0.0,0.0,0.0,0.0
34297,15.010519,75.147392,32.8,34.5,24.0,11.1,1.4,6.4
34298,12.249152,76.08136,25.8,43.3,19.2,19.0,1.2,5.8
34299,12.315076,76.17874,24.4,39.3,20.9,11.0,1.32,6.5
34300,15.289996,74.473491,0.0,0.0,0.0,0.0,0.0,0.0
34301,12.174881,76.28776,26.0,38.3,22.2,13.6,1.27,6.3
34302,16.776742,73.336829,0.0,0.0,0.0,0.0,0.0,0.0
34304,12.696699,75.156862,27.0,45.7,16.8,25.8,1.15,5.4
34305,12.793397,75.471018,22.8,50.4,16.6,17.4,1.25,5.6
34306,16.033927,74.36827,21.9,39.2,17.1,16.9,1.29,6.0
34308,10.877533,76.478205,24.4,41.1,19.9,24.7,1.22,5.4
34309,17.175105,73.58704,29.3,27.9,24.7,18.8,1.27,6.1
34310,18.881623,73.78216,31.7,27.5,21.7,13.0,1.48,6.8
34311,17.581225,73.650364,22.2,28.7,26.7,19.8,1.36,6.2
34312,8.553096,77.219842,27.0,36.8,24.3,28.5,1.19,5.5
34313,14.415975,75.153459,23.1,37.6,21.7,10.3,1.3,6.2
34314,10.53876,77.001719,20.2,46.2,17.3,19.6,1.4,6.2
34316,13.029791,74.945131,33.5,48.0,11.3,23.0,1.23,5.5
34317,16.348406,74.448466,22.2,36.8,23.2,17.0,1.3,6.1
34318,14.820532,74.597084,23.3,42.5,19.6,20.0,1.29,5.6
34320,9.591249,77.397751,26.9,36.7,21.4,33.0,1.1,5.6
34321,13.812058,75.871598,21.2,41.7,16.3,20.2,1.31,6.4
34322,17.361996,73.552336,24.1,27.9,20.3,19.4,1.4,5.7
34323,17.734376,73.702923,33.1,28.3,20.5,22.3,1.27,6.0
34324,13.781795,75.824236,20.3,37.9,21.6,15.8,1.33,6.6
34328,16.752417,74.330572,0.0,0.0,0.0,0.0,0.0,0.0
34329,9.389125,77.120672,28.6,36.9,21.2,32.1,1.12,5.1
34331,18.249026,74.00351,35.3,24.7,22.4,16.4,1.37,6.7
34332,8.43934,77.314634,28.1,33.2,21.6,29.2,1.2,5.5
34333,15.218606,74.853107,36.6,30.7,21.1,10.3,1.37,6.2
34334,8.709378,76.913451,26.8,35.1,22.5,22.9,1.23,5.2
34335,9.040042,77.395881,16.0,45.6,20.8,19.0,1.4,6.2
34336,10.394897,76.3289,23.1,46.0,20.0,22.4,1.18,5.3
34337,16.967709,73.581476,26.0,30.8,20.6,16.2,1.38,6.1
34338,16.669737,73.731251,24.7,29.4,26.2,20.6,1.33,6.2
34339,10.996568,77.46965,17.8,42.3,17.6,14.0,1.48,7.4
34340,16.175103,73.864991,29.3,29.8,18.7,18.6,1.31,6.0
34341,12.121946,76.643307,26.1,34.5,23.0,13.0,1.35,6.4
34342,14.322049,74.456179,22.5,45.5,20.9,23.9,1.21,5.6
34344,13.332101,74.919955,32.8,46.9,16.1,24.6,1.08,5.4
34345,9.701228,77.631485,27.7,40.6,19.3,21.2,1.34,6.6
34346,15.95714,73.825546,23.8,36.5,19.7,20.6,1.3,5.9
34347,14.919192,74.755411,15.8,48.1,19.9,16.5,1.29,5.5
34348,18.408726,73.651023,34.8,29.5,18.6,22.2,1.35,6.4
34349,10.167095,77.351463,22.2,32.1,30.5,60.3,1.03,5.1
34350,18.307086,73.768991,27.3,34.7,21.0,13.3,1.4,6.4
34351,13.203322,75.225386,31.3,41.7,16.0,29.9,1.12,5.4
34352,16.900881,74.148605,19.4,39.9,16.8,12.1,1.42,6.5
34353,18.566839,73.044566,21.0,35.1,21.7,17.0,1.35,6.0
34354,16.276201,73.663595,28.1,32.9,20.4,20.1,1.28,6.1
34355,17.721177,73.637835,33.4,26.6,18.8,23.8,1.37,5.6
34356,13.715537,75.822119,20.5,41.2,19.9,11.2,1.38,6.3
34357,15.808634,74.897876,22.5,33.4,31.5,10.5,1.37,6.8
34358,15.070321,74.174883,17.6,47.1,19.7,27.7,1.19,5.5
34359,14.004883,75.129767,16.4,45.0,22.0,16.6,1.3,6.0
34360,14.360642,74.560209,19.0,44.2,18.4,32.5,1.1,5.5
34361,18.094592,74.091753,30.8,29.6,24.4,10.1,1.57,7.1
34362,18.414093,74.073153,25.9,29.1,20.5,15.6,1.43,6.6
34363,18.318083,73.642689,34.0,26.8,23.0,21.1,1.28,6.3
34364,10.901817,77.655381,29.1,36.2,20.0,18.5,1.42,7.7
34365,14.490038,75.479127,34.1,31.4,29.2,11.1,1.4,7.2
34366,10.697293,77.723326,18.6,44.1,19.3,12.9,1.44,7.1
34367,12.804916,75.668512,28.7,41.3,18.3,27.8,1.06,5.4
34368,17.131607,74.116374,26.7,41.0,14.7,13.5,1.38,6.2
34369,18.336147,73.424729,32.2,26.4,21.4,24.5,1.3,5.6
34370,14.053964,75.552421,22.5,34.9,28.5,10.6,1.42,6.7
34371,16.471869,73.599526,28.7,29.6,19.1,19.2,1.37,5.6
34372,9.262068,77.555661,29.1,40.4,18.3,15.0,1.5,7.2
34373,14.260574,74.570849,15.5,47.5,21.4,30.0,1.14,5.6
34374,14.045946,74.576087,21.0,48.4,20.5,20.4,1.28,5.6
34375,12.742173,76.020397,30.9,38.5,18.7,12.7,1.27,6.2
34376,10.757976,76.680603,15.0,58.9,16.6,26.8,1.27,5.6
34377,10.048961,77.571724,0.0,0.0,0.0,0.0,0.0,0.0
34378,13.725206,75.068606,15.0,50.3,19.4,25.5,1.17,5.5
34379,10.625492,76.10441,23.5,30.5,26.2,25.6,1.17,5.4
34380,18.581452,73.476651,38.2,26.2,20.3,22.3,1.37,6.2
34381,13.745568,75.187683,15.2,50.1,21.7,18.1,1.28,5.7
34382,12.911382,75.901817,25.6,42.2,19.6,20.7,1.18,5.6
34383,10.403463,77.707124,24.0,37.7,20.0,29.0,1.14,5.8
34384,14.727385,74.577684,16.3,45.7,20.2,28.3,1.19,5.5
34385,10.119286,76.305777,27.1,34.3,21.7,22.0,1.2,5.2
34386,11.18476,76.212523,24.4,44.9,19.2,18.4,1.21,5.4
34387,14.387614,74.88904,15.6,46.5,20.8,16.8,1.38,6.0
34388,16.780031,74.08286,16.7,42.0,23.5,16.9,1.35,6.3
34389,16.049315,73.478365,0.0,0.0,0.0,0.0,0.0,0.0
34390,15.821124,74.272685,20.1,39.4,17.8,22.1,1.27,5.8
34391,10.673756,77.502388,19.8,40.7,19.7,14.0,1.48,6.8
34392,18.673036,73.85533,0.0,0.0,0.0,0.0,0.0,0.0
34393,10.849402,75.955225,19.8,36.2,27.0,23.1,1.12,5.2
34394,16.486809,74.126279,18.5,37.3,19.7,14.1,1.36,6.4
34395,13.766303,74.873176,21.1,46.1,18.3,20.8,1.29,6.0
34396,14.286513,75.617665,27.3,31.8,29.3,12.0,1.42,7.2
34397,16.777827,74.070105,16.7,41.6,23.0,15.9,1.36,6.3
34398,14.714311,75.288202,38.7,27.0,27.5,9.7,1.41,6.3
34399,12.745914,75.163737,23.9,46.0,16.9,30.1,1.09,5.4
34400,16.070731,74.302567,18.2,43.2,16.2,15.2,1.34,6.1
34401,17.054107,74.140198,25.8,36.4,21.1,10.8,1.41,6.4
34402,15.965528,73.6759,25.1,30.9,26.4,19.2,1.37,5.7
34403,11.416137,76.921088,25.5,35.5,28.0,26.2,1.07,5.7
34404,10.404014,77.135763,28.8,35.8,24.9,37.6,1.01,5.4
34405,17.320696,73.407987,27.4,29.4,26.8,19.0,1.37,6.0
34406,10.384019,77.957276,22.2,44.9,20.1,13.9,1.48,7.3
34407,17.685893,73.605124,27.7,26.2,20.3,18.6,1.4,6.1
34408,8.626959,76.88619,26.2,31.2,30.4,23.6,1.21,5.2
34409,8.360485,77.101525,20.3,33.3,30.4,30.9,1.4,5.8
34410,15.3867,74.993923,24.1,34.5,20.6,9.2,1.4,6.4
34411,14.030459,75.657013,36.2,30.0,25.9,12.4,1.4,6.8
34412,10.481192,76.174862,23.5,25.2,25.8,23.0,1.12,5.3
34413,9.427395,76.86932,22.7,32.1,29.8,27.8,1.1,5.1
34414,10.266142,77.099417,25.0,28.4,31.5,46.6,1.0,5.3
34415,9.60108,77.043308,27.7,34.5,22.7,38.7,1.08,5.3
34416,14.411127,74.958734,13.8,47.7,23.0,12.8,1.35,6.1
34417,9.645799,76.941073,26.9,34.8,26.3,26.9,1.1,5.2
34418,13.265221,75.343076,29.4,41.5,16.2,29.5,1.05,5.4
34419,9.413106,77.341326,31.9,29.1,22.1,47.1,1.03,5.3
34420,12.892282,75.562489,26.0,47.3,14.8,23.8,1.15,5.3
34421,13.429808,75.059986,15.2,47.3,22.0,30.0,1.14,5.4
34422,10.513127,76.80316,27.1,36.8,19.1,25.2,1.15,5.4
34423,12.819773,76.172651,28.6,36.7,20.6,13.1,1.37,6.7
34424,11.36795,77.053067,21.8,42.2,18.4,14.4,1.38,7.1
34425,15.388632,74.844425,25.8,36.7,23.5,13.4,1.3,6.1
34426,14.947741,75.20613,31.8,34.2,24.1,10.5,1.4,6.4
34428,16.346783,73.424507,18.0,32.7,25.5,14.7,1.39,6.1
34429,17.299859,73.254841,21.7,40.3,19.7,31.4,1.31,6.2
34430,18.886833,73.720171,32.8,25.7,19.8,15.2,1.4,7.0
34431,16.682388,73.715302,19.3,31.3,26.7,19.2,1.37,6.0
34432,15.015885,75.123945,34.8,38.7,14.0,9.9,1.36,6.3
34433,13.016719,74.83637,27.9,47.0,13.5,21.2,1.25,5.7
34434,17.327496,73.802661,29.0,31.0,19.0,21.8,1.25,5.8
34435,15.292652,73.949497,26.9,29.3,25.3,18.1,1.28,6.1
34436,14.779664,74.797474,15.0,49.8,23.8,17.0,1.25,5.5
34437,15.431107,74.206607,19.4,39.5,21.0,18.2,1.34,5.6
34439,18.158084,73.905592,25.2,33.3,22.5,12.6,1.42,6.7
34440,9.523293,77.632312,23.8,39.0,17.1,14.3,1.41,7.0
34441,18.071961,73.118319,27.5,34.0,17.9,19.3,1.38,6.1
34442,18.45462,73.920541,29.0,28.7,14.8,11.1,1.54,6.7
34443,17.696625,73.440267,30.2,25.5,25.9,18.1,1.38,6.0
34444,11.328385,77.203821,17.2,42.4,20.4,13.6,1.44,7.6
34446,13.923458,75.78416,17.6,46.8,16.2,11.9,1.38,6.6
34447,13.477154,75.355518,25.0,45.9,17.7,22.4,1.22,5.3
34449,15.157486,74.466243,17.7,48.1,17.3,15.5,1.29,5.6
34450,17.361797,73.343988,29.1,30.0,23.8,19.2,1.4,6.1
34451,15.043552,75.035266,29.6,39.1,18.8,13.1,1.38,6.2
34452,11.953834,76.074193,24.4,40.1,20.2,23.0,1.11,5.4
34453,13.948876,75.191385,15.4,44.5,23.5,16.8,1.33,6.2
34455,16.195038,74.59323,27.6,35.8,17.9,9.5,1.4,6.4
34456,16.683397,73.667466,27.6,31.8,21.6,19.1,1.36,6.1
34457,11.09283,76.537747,26.5,40.5,18.7,27.5,1.08,5.4
34458,11.189222,76.704825,22.2,38.6,22.1,24.1,1.3,6.2
34459,15.601517,74.834136,18.6,36.0,29.3,11.8,1.37,6.2
34461,10.671261,76.317756,22.2,48.9,19.2,23.6,1.1,5.4
34462,9.838791,77.2026,30.4,29.6,27.3,29.8,1.14,5.3
34463,16.823905,74.204778,18.1,48.3,16.2,12.6,1.4,6.4
34464,16.002744,74.741282,18.6,42.6,19.5,11.9,1.36,6.2
34466,15.53242,75.001569,20.8,35.1,28.8,11.0,1.4,6.9
34467,16.653139,74.377159,23.6,42.2,11.8,10.3,1.45,6.6
34468,10.666848,76.367777,22.6,52.6,15.8,19.3,1.2,5.4
34469,15.716904,74.898592,20.1,33.9,25.5,9.9,1.38,6.6
34470,10.819684,76.980131,14.0,60.3,14.7,10.8,1.44,6.8
34471,18.264474,73.227805,33.1,32.3,17.5,18.0,1.38,6.1
34472,18.621648,72.99678,34.3,32.8,22.7,16.0,1.42,6.2
34473,16.828478,74.36669,20.6,40.7,17.3,10.7,1.45,6.8
34474,10.013954,77.530305,26.2,38.7,17.0,22.1,1.46,6.8
34475,12.780642,74.858604,0.0,0.0,0.0,0.0,0.0,0.0
34476,18.297762,73.787527,26.7,34.6,21.1,16.5,1.4,6.4
34477,11.55211,76.459067,23.4,41.5,22.0,19.2,1.2,5.6
34478,10.265845,77.84025,18.8,46.3,19.3,19.2,1.46,7.0
34479,9.616981,77.672711,22.7,42.6,18.6,18.3,1.4,6.8
34480,13.095216,75.61224,25.2,39.5,22.0,18.3,1.2,5.5
34481,11.221147,76.443581,24.2,37.4,26.0,36.0,0.96,5.3
34482,15.704777,74.802482,34.8,30.1,22.5,9.7,1.38,6.3
34484,11.964517,75.469307,25.4,45.8,14.8,22.0,1.15,5.5
34485,13.316561,75.741438,21.7,41.1,20.7,15.5,1.26,5.9
34486,16.177259,73.851954,27.8,28.8,19.7,19.6,1.35,6.0
34487,18.743888,73.278527,34.4,34.8,22.2,12.0,1.42,6.3
34489,9.403986,77.68462,26.2,36.9,20.7,14.0,1.54,7.2
34490,14.393779,74.761098,15.7,46.1,22.5,21.0,1.29,5.5
34491,12.837255,75.051964,31.9,49.1,11.1,22.9,1.25,5.5
34493,17.555389,73.681947,24.1,30.6,18.8,21.1,1.37,6.1
34494,9.600821,77.638123,23.5,37.9,18.3,19.2,1.34,6.8
34497,14.500075,75.018009,16.5,48.9,19.5,12.5,1.3,6.1
34498,10.806498,77.223641,18.2,46.6,18.3,14.0,1.44,7.0
34499,14.190435,74.722982,17.6,47.5,21.9,29.5,1.19,5.5
34500,15.053865,75.002097,36.1,34.5,19.4,10.3,1.4,6.3
34501,14.974286,75.180521,33.2,34.6,24.4,11.0,1.4,6.5
34502,18.03562,73.922174,20.4,37.2,21.8,20.0,1.33,6.4
34503,11.657457,76.662214,24.5,39.9,21.1,15.4,1.27,6.0
34504,15.068092,74.31292,20.4,39.3,20.6,33.6,1.1,5.6
34506,14.888739,74.400534,17.3,41.6,19.3,34.5,1.21,5.6
34507,13.153605,75.64699,25.2,43.0,18.8,25.2,1.2,5.5
34508,15.755926,74.670931,37.3,30.3,21.6,12.3,1.37,6.5
34510,17.692326,73.486236,29.0,27.1,24.6,18.0,1.37,6.0
34512,9.65054,77.280028,25.0,41.0,19.8,25.9,1.36,5.8
34513,14.585258,74.910796,15.0,44.2,20.0,14.8,1.29,5.8
34514,18.247774,73.972064,30.6,29.5,24.0,18.8,1.36,6.7
34515,8.370231,77.1804,26.4,37.8,19.5,29.8,1.4,5.3
34516,10.140828,77.309603,25.8,31.0,28.3,65.4,0.9,5.0
34517,8.313022,77.397131,0.0,0.0,0.0,0.0,0.0,0.0
34518,14.863971,74.19315,15.6,33.2,28.9,20.0,1.27,5.6
34519,11.889954,75.935845,25.0,34.5,24.2,35.4,1.06,5.7
34520,10.438668,77.649127,18.3,46.6,16.4,18.5,1.32,7.0
34522,9.777458,77.703169,24.5,42.3,19.7,18.1,1.43,6.6
34523,10.417766,77.109726,26.2,35.5,26.5,37.4,1.03,5.3
34524,17.774828,73.715899,0.0,0.0,0.0,0.0,0.0,0.0
34525,9.11649,76.995685,25.0,35.9,21.0,31.3,1.12,5.2
34526,10.36137,77.008493,29.5,27.1,30.1,43.1,0.97,5.1
34527,15.145699,74.235002,17.6,39.0,19.9,23.4,1.28,5.4
34528,9.098769,77.78162,28.1,44.3,17.1,17.0,1.44,7.4
34529,13.93199,75.027218,0.0,0.0,0.0,0.0,0.0,0.0
34530,13.159867,75.040401,32.4,48.6,12.3,26.8,1.18,5.5
34531,11.441087,77.114904,20.8,41.3,22.9,12.2,1.4,7.7
34532,10.296135,77.933926,20.5,46.2,17.2,13.9,1.43,7.5
34533,11.58257,76.985135,20.7,40.3,27.4,19.2,1.31,6.6
34534,9.093085,77.252421,30.4,32.7,21.7,41.1,1.2,5.6
34535,15.165423,74.933885,33.0,35.2,20.6,10.7,1.4,6.3
34536,9.755927,76.699846,25.4,39.1,24.2,23.2,1.2,5.2
34537,15.367969,74.124328,23.1,38.0,18.5,15.6,1.39,6.0
34538,8.823793,76.845831,31.5,30.1,25.6,22.1,1.1,5.2
34539,10.804379,77.538811,25.0,36.4,23.6,16.9,1.4,7.3
34540,18.516268,73.984861,27.6,30.9,19.9,12.0,1.54,6.9
34541,16.58704,74.387483,23.2,37.5,15.3,11.9,1.44,6.6
34542,12.107425,76.000856,20.8,43.6,23.5,21.2,1.18,5.4
34543,10.446336,76.727638,24.9,41.7,21.1,23.8,1.14,5.3
34544,13.623554,75.529602,0.0,0.0,0.0,0.0,0.0,0.0
34545,10.788092,77.039574,13.8,50.9,15.7,14.5,1.5,7.0
34546,9.662484,76.672948,23.4,39.2,22.8,26.9,1.15,5.3
34547,11.572155,76.86637,22.0,43.6,20.2,22.0,1.3,6.6
34548,10.178216,76.606841,26.9,37.2,21.3,23.2,1.15,5.2
34549,14.132624,75.5071,24.6,30.7,32.6,12.6,1.4,6.4
34550,10.467278,76.531165,28.0,43.1,15.5,31.1,1.09,5.3
34551,12.764364,75.253808,27.5,45.3,13.7,24.0,1.2,5.4
34552,13.59276,74.936623,25.1,48.0,15.6,16.5,1.3,6.0
34553,9.20759,77.323139,23.1,41.6,19.9,31.4,1.27,5.8
34554,11.545726,76.871015,26.3,37.9,23.0,22.5,1.18,6.0
34555,13.882152,74.784148,17.3,47.0,22.2,25.7,1.18,5.4
34556,10.82289,77.364313,16.9,42.4,19.9,11.0,1.45,7.2
34557,15.281882,74.547505,15.6,46.6,21.3,19.0,1.29,5.7
34559,11.472841,75.715435,28.0,46.1,13.5,30.7,1.18,5.5
34560,14.397295,75.365478,25.1,31.4,27.8,12.5,1.38,6.5
34561,18.854479,73.073976,32.8,32.2,22.2,16.0,1.44,6.2
34562,15.217103,74.13919,24.3,34.0,26.9,17.0,1.33,6.1
34563,8.348711,77.277125,30.4,33.4,21.3,30.1,1.43,5.7
34564,13.326742,75.128081,23.4,42.8,20.1,27.8,1.11,5.4
34565,10.888078,77.387648,16.2,48.0,16.8,11.5,1.46,7.0
34566,16.24132,74.523321,27.2,34.1,20.1,9.1,1.4,6.5
34567,18.74478,73.430692,33.4,30.8,20.3,14.1,1.4,6.2
34568,11.125077,76.101596,24.2,53.7,16.9,21.4,1.23,5.4
34569,10.684858,76.484345,19.3,53.1,16.0,18.0,1.3,5.4
34570,17.96057,73.686281,38.6,26.6,20.6,43.5,1.25,6.3
34571,18.169569,74.081169,33.6,28.0,20.5,9.1,1.54,7.0
34572,16.021618,74.513213,18.2,41.3,16.8,14.0,1.31,5.8
34573,10.143911,76.34677,27.1,39.1,16.6,26.0,1.2,5.3
34574,12.456824,76.361464,28.8,41.1,19.3,12.9,1.35,6.8
34575,11.979081,75.956641,25.6,39.1,22.4,27.8,1.06,5.5
34576,18.2785,73.507823,37.5,28.8,17.2,24.4,1.37,6.1
34577,11.275525,76.385367,25.8,47.0,17.5,27.8,1.1,5.4
34579,14.116124,74.919415,0.0,0.0,0.0,0.0,0.0,0.0
34580,17.860859,74.0333,37.2,26.0,20.5,13.6,1.4,6.8
34581,9.359913,76.729981,24.9,38.0,21.6,24.3,1.18,5.2
34582,12.931022,76.004994,32.6,32.5,21.3,12.5,1.3,6.2
34583,13.959077,75.535785,22.8,32.6,30.5,10.3,1.4,6.5
34584,13.01464,75.913676,28.1,40.8,17.9,16.2,1.28,5.9
34585,14.64227,75.133462,32.6,28.1,26.6,12.7,1.37,6.2
34586,10.656748,76.591091,20.8,46.5,14.8,24.5,1.27,5.4
34587,10.87087,77.479021,16.5,42.3,19.0,13.3,1.48,7.1
34588,8.410458,77.190155,28.7,35.5,21.7,29.3,1.4,5.4
34589,16.135965,74.102196,25.0,41.2,16.6,21.9,1.25,6.1
34590,12.888794,75.526076,28.0,47.3,14.9,29.2,1.13,5.4
34591,16.566993,73.862225,30.3,29.1,21.0,19.2,1.34,5.9
34592,10.010471,77.480644,0.0,0.0,0.0,0.0,0.0,0.0
34593,10.837591,76.925919,18.9,41.2,22.0,17.0,1.42,6.2
34594,15.745448,74.915745,0.0,0.0,0.0,0.0,0.0,0.0
34595,10.830181,76.672027,17.8,53.4,18.2,19.2,1.27,5.6
34596,11.872172,75.666268,21.8,43.5,18.5,24.6,1.1,5.4
34598,18.996824,73.18175,34.8,33.0,23.5,10.5,1.44,6.6
34599,11.390318,76.948095,24.8,39.7,22.3,25.5,1.24,6.3
34600,18.145323,73.584905,0.0,0.0,0.0,0.0,0.0,0.0
34601,11.927126,76.212474,22.3,44.5,23.0,18.2,1.19,5.5
34602,13.558713,75.900433,20.1,39.3,27.3,21.0,1.2,6.2
34603,15.687528,73.968139,26.8,29.6,19.4,17.1,1.35,6.0
34604,14.927427,74.626628,16.5,46.9,22.7,22.9,1.19,5.5
34605,13.402525,75.956995,19.7,38.7,28.3,10.7,1.41,7.2
34606,8.6707,76.813592,31.3,35.3,19.5,22.5,1.3,5.3
34607,9.163706,76.743366,23.6,35.4,26.4,25.1,1.17,5.3
34608,10.608856,77.810901,17.9,45.8,19.9,12.6,1.55,7.8
34609,12.975454,75.758299,21.1,48.0,18.5,17.0,1.27,5.9
34610,16.160501,73.603146,26.0,30.3,26.6,19.1,1.3,6.1
34611,16.735316,74.420532,23.5,38.4,15.6,10.7,1.48,7.2
34612,16.797793,73.943219,20.6,37.3,19.9,19.2,1.33,6.2
34613,16.88599,74.057196,19.4,39.6,16.5,11.3,1.34,6.4
34614,11.88033,75.999538,25.1,36.9,22.1,29.8,1.02,5.4
34615,10.789757,77.586601,18.0,43.4,21.4,13.9,1.43,6.8
34616,11.64911,76.382204,16.8,40.4,26.7,18.1,1.2,5.6
34617,18.465312,73.26731,30.7,34.7,23.9,13.3,1.35,6.3
34618,11.181086,76.285688,23.4,46.5,21.0,24.9,1.2,5.4
34619,16.17787,74.562341,30.4,34.3,21.5,9.3,1.38,6.3
34620,14.47705,75.491547,31.4,31.7,28.1,10.5,1.4,7.3
34621,13.701666,75.111888,0.0,0.0,0.0,0.0,0.0,0.0
34622,10.435787,77.372367,18.4,48.0,18.8,14.3,1.38,6.7
34623,16.289692,73.54162,24.4,35.0,22.1,19.4,1.28,6.1
34624,17.493643,73.371727,23.1,31.7,27.1,15.4,1.38,5.9
34625,17.469644,74.091175,29.2,34.4,17.2,10.6,1.54,6.7
34626,13.493783,75.164228,24.2,45.9,19.2,30.9,1.11,5.5
34627,10.705262,76.986999,16.9,47.7,15.9,14.7,1.42,6.5
34628,13.42019,74.758665,32.7,43.6,13.2,20.8,1.21,5.9
34630,14.656838,75.4661,33.0,34.7,28.9,12.2,1.39,7.2
34631,11.491618,76.845395,26.0,38.4,25.4,36.0,1.04,5.7
34632,14.50359,75.143414,17.7,49.8,16.8,16.4,1.3,5.8
34633,13.505745,74.994746,30.2,48.2,13.4,22.0,1.14,5.5
34634,8.693376,77.6043,32.0,34.1,16.0,21.0,1.43,6.3
34635,9.741397,77.219758,29.6,32.0,24.0,30.4,1.18,5.4
34636,13.943881,74.820764,16.6,49.2,22.5,23.0,1.28,5.4
34637,14.570006,74.364813,19.9,40.1,22.1,28.4,1.27,6.2
34638,17.941798,73.843278,25.7,29.8,22.6,17.0,1.3,6.5
34639,9.998544,76.315778,0.0,0.0,0.0,0.0,0.0,0.0
34640,18.866342,73.746089,35.1,25.7,20.9,12.6,1.44,7.0
34641,14.29237,74.609357,15.7,49.0,23.9,27.2,1.14,5.4
34642,16.020808,74.040536,22.3,34.8,20.3,20.0,1.33,6.3
34643,10.114104,76.661396,25.5,30.3,23.3,19.9,1.19,5.1
34644,10.626998,76.488657,22.8,56.9,15.5,19.9,1.22,5.3
34645,15.503672,74.571628,20.1,38.9,16.7,12.3,1.3,6.2
34646,11.496264,75.970935,28.0,48.6,13.2,23.7,1.13,5.5
34647,17.830551,73.369576,29.3,27.0,26.9,23.0,1.33,5.9
34648,16.987401,74.049721,23.6,35.3,18.0,11.6,1.34,6.4
34650,15.688198,74.558589,19.6,35.4,21.5,11.3,1.33,6.1
34651,11.824805,76.710544,22.2,40.1,22.2,11.5,1.37,6.9
34652,9.328026,77.596162,31.7,36.4,15.8,21.3,1.44,7.4
34653,11.894608,75.409864,27.6,43.2,16.9,22.3,1.19,5.5
34654,15.364727,74.43273,18.4,45.5,20.4,21.1,1.25,5.6
34655,14.264732,75.049849,16.6,46.6,21.2,17.0,1.28,5.7
34656,9.075481,76.763236,24.7,38.6,24.6,24.1,1.15,5.4
34657,18.136262,73.297913,28.1,29.8,23.5,16.0,1.27,6.2
34658,18.362263,73.292397,32.8,30.3,22.8,11.8,1.38,6.2
34659,9.561682,76.92991,28.4,35.1,23.3,31.9,1.12,5.2
34660,12.863503,74.835426,0.0,0.0,0.0,0.0,0.0,0.0
34661,14.695467,75.002205,17.9,41.6,22.9,12.1,1.4,6.2
34662,14.042518,75.006679,15.7,43.3,24.9,15.3,1.3,6.0
34663,16.364548,74.500879,22.1,39.8,18.9,14.0,1.35,6.3
34664,12.86766,75.401067,22.5,51.4,14.2,17.8,1.23,5.5
34665,14.577718,74.964285,16.5,47.4,18.7,16.0,1.32,5.8
34667,8.643299,77.057126,29.2,29.8,23.8,26.1,1.21,5.4
34668,13.973698,75.524463,21.5,35.0,23.8,10.2,1.4,6.3
34669,18.663956,73.687643,34.1,23.9,24.1,10.0,1.5,6.5
34670,18.558638,73.405317,39.4,27.5,17.2,19.9,1.37,6.2
34671,8.531036,77.015847,34.4,36.1,17.9,22.0,1.37,5.4
34672,16.837712,73.423307,23.1,33.2,24.2,19.0,1.46,6.1
34673,10.486485,77.422016,15.5,50.0,20.7,17.1,1.42,7.0
34674,15.551891,74.477477,16.9,44.7,18.3,13.8,1.32,6.0
34675,10.542661,76.511719,21.7,56.8,15.0,22.0,1.21,5.2
34676,17.257409,73.399305,27.9,31.1,25.0,19.6,1.3,6.1
34677,12.60938,74.956135,29.4,50.1,11.5,20.4,1.23,6.0
34679,10.153779,77.440806,25.0,36.2,26.1,38.4,1.01,5.5
34680,10.14357,76.18024,0.0,0.0,0.0,0.0,0.0,0.0
34681,10.228019,76.189149,22.2,43.2,18.1,25.1,1.24,5.3
34682,8.895831,77.706043,20.7,39.9,21.0,15.5,1.54,6.9
34683,16.671249,73.514989,22.7,30.6,24.4,21.0,1.4,6.2
34684,14.349145,74.712501,15.8,46.1,20.2,22.2,1.19,5.4
34686,8.882666,77.29131,33.8,30.9,20.3,42.5,1.14,5.4
34687,13.816414,75.677651,22.5,37.7,20.0,11.5,1.38,6.3
34688,16.885738,73.926163,20.1,34.8,23.2,14.3,1.4,6.1
34689,13.976512,74.977059,0.0,0.0,0.0,0.0,0.0,0.0
34690,17.201647,73.781038,39.6,28.5,17.6,25.7,1.25,5.8
34691,10.622412,77.387494,19.9,41.9,19.2,18.0,1.43,6.7
34692,10.014722,76.570628,21.2,43.7,18.0,24.0,1.18,5.2
34693,13.465766,75.059058,23.9,47.7,17.4,20.3,1.2,5.5
34694,15.481407,74.484576,18.6,40.5,19.2,17.7,1.28,5.8
34695,18.319298,73.217541,30.3,31.1,23.7,16.7,1.38,6.2
34696,13.86832,74.626154,0.0,0.0,0.0,0.0,0.0,0.0
34697,15.942814,74.293049,19.0,46.6,15.3,16.6,1.3,6.1
34698,9.77365,76.748811,25.8,41.6,18.1,23.6,1.15,5.3
34699,15.133538,74.889727,28.8,38.6,19.9,14.0,1.32,6.0
34700,14.707089,74.752985,15.4,48.5,21.1,16.0,1.27,5.6
34701,14.952152,74.716073,17.1,51.0,15.7,15.7,1.34,5.9
34702,10.856848,76.56231,21.5,48.7,20.0,26.0,1.21,5.5
34703,18.014942,73.270023,23.2,34.1,22.1,18.4,1.38,6.0
34704,17.933619,73.101841,27.5,30.7,28.0,17.0,1.24,6.2
34705,18.759647,74.021147,23.8,32.4,23.5,11.1,1.54,6.9
34706,13.947193,75.391528,24.4,41.1,18.9,15.4,1.29,6.1
34707,10.563113,77.908236,19.7,42.5,21.8,12.4,1.5,7.6
34708,14.679196,75.272956,26.0,34.4,28.6,11.8,1.4,6.3
34709,12.444872,76.239411,27.8,41.2,18.1,11.2,1.37,7.0
34710,10.301045,76.342467,0.0,0.0,0.0,0.0,0.0,0.0
34711,13.562345,75.914307,19.9,36.1,25.5,15.9,1.25,6.6
34712,11.875708,76.666343,24.6,38.1,20.3,12.5,1.34,7.3
34714,16.557659,74.139214,16.2,39.1,19.9,15.5,1.35,6.5
34715,18.60657,73.450351,40.5,22.0,21.3,23.7,1.22,6.2
34717,10.84472,76.963659,14.0,60.2,14.6,10.4,1.46,7.2
34718,15.936155,74.344261,19.3,36.6,18.0,12.8,1.33,6.3
34719,8.443501,77.45061,30.3,31.3,23.5,34.8,1.08,5.3
34720,9.940737,76.551078,22.3,40.7,23.3,24.8,1.14,5.3
34721,10.364531,76.376641,23.5,44.0,21.9,21.3,1.16,5.4
34722,11.815007,76.066357,24.1,43.8,20.5,22.6,1.14,5.4
34723,16.951168,73.638233,28.1,26.4,21.2,17.2,1.37,6.0
34724,14.479137,75.581387,39.5,28.0,27.6,11.1,1.44,7.2
34725,16.711168,73.333218,16.9,36.4,24.3,15.5,1.42,6.2
34726,14.164318,75.529304,18.6,37.1,25.8,10.3,1.4,6.7
34727,13.086023,75.863583,28.4,41.5,16.4,17.1,1.27,5.7
34728,17.514905,73.954341,27.7,29.0,23.5,15.2,1.42,6.2
34729,17.897393,73.071394,21.8,38.7,20.8,17.0,1.35,6.2
34730,16.948505,74.021851,16.8,36.7,20.2,11.3,1.35,6.4
34731,17.53556,73.356698,24.1,33.1,24.3,16.0,1.36,6.1
34732,16.034698,74.787031,17.8,45.9,16.3,12.4,1.3,6.2
34733,11.146149,75.948007,27.6,55.6,12.5,21.1,1.27,5.4
34734,9.842787,77.569248,23.9,33.9,20.3,34.4,1.22,6.2
34735,14.969588,74.240107,16.7,43.3,21.5,30.7,1.15,5.6
34736,11.159046,76.121433,25.2,52.9,15.6,23.6,1.23,5.4
34737,18.749409,73.563226,31.3,28.3,22.8,16.8,1.4,6.4
34740,17.993781,73.65275,36.3,26.8,17.5,31.2,1.12,5.6
34741,12.750015,76.038176,30.4,37.7,18.9,12.4,1.27,6.2
34742,8.662522,77.512067,25.8,36.3,22.2,19.3,1.42,6.4
34743,9.166038,77.518396,28.2,39.1,21.1,16.1,1.42,6.8
34744,11.096424,77.462007,22.5,36.2,25.2,15.6,1.42,7.5
34745,8.945624,77.083792,0.0,0.0,0.0,0.0,0.0,0.0
34746,11.493498,76.064592,28.3,47.4,15.5,30.4,1.04,5.4
34747,11.939535,76.369677,23.0,43.1,20.5,12.8,1.34,5.8
34748,9.403228,77.748507,30.4,38.4,17.6,16.2,1.42,7.7
34749,15.637761,74.099068,18.9,39.1,21.0,22.5,1.31,5.7
34750,10.135847,77.809511,20.0,38.4,23.9,24.8,1.3,6.3
34752,14.394911,75.61128,35.3,27.3,30.3,10.3,1.46,6.9
34753,12.34504,76.128766,21.6,38.3,23.1,11.0,1.3,6.4
34754,12.500495,75.201184,24.3,51.4,15.9,25.2,1.12,5.4
34755,10.619235,75.994431,0.0,0.0,0.0,0.0,0.0,0.0
34757,10.088433,76.401775,0.0,0.0,0.0,0.0,0.0,0.0
34758,8.712347,77.237745,27.5,37.5,23.3,40.4,1.0,5.1
34760,17.094326,73.814654,28.0,32.7,20.0,20.7,1.25,6.1
34761,15.162088,74.534637,17.1,48.1,18.1,19.5,1.31,5.6
34762,14.45642,74.908185,15.6,47.7,19.1,16.3,1.38,6.0
34763,10.792052,77.668188,27.5,38.2,19.6,17.9,0.0,7.2
34764,14.465031,74.930586,14.2,48.4,18.6,17.1,1.36,6.1
34765,11.180018,76.250658,24.0,42.3,21.0,20.9,1.25,5.4
34767,19.136781,74.010063,41.8,20.5,25.4,10.8,1.59,7.4
34768,11.291718,76.794252,27.0,37.7,23.8,24.8,1.06,5.4
34769,10.609095,77.756255,16.2,48.1,20.5,13.9,1.42,7.5
34770,10.384709,77.613156,24.0,37.7,23.7,29.9,1.11,5.9
34771,15.386231,74.577111,18.7,40.6,19.0,21.0,1.22,5.8
34772,18.524196,74.05521,25.0,33.5,19.7,10.1,1.48,7.0
34773,12.649058,75.020189,33.4,48.6,11.5,21.4,1.2,5.5
34774,11.30593,77.052094,18.6,48.4,13.3,13.9,1.4,7.4
34775,18.565802,73.834001,0.0,0.0,0.0,0.0,0.0,0.0
34776,9.992633,77.258151,25.5,31.6,30.3,43.7,0.96,5.3
34777,9.080569,76.570192,24.4,31.4,30.7,27.5,1.2,5.4
34778,14.012164,74.976752,15.8,40.2,24.0,28.0,1.21,5.6
34780,8.704912,77.588036,31.6,33.9,16.7,19.0,1.46,6.4
34781,14.261748,75.243235,19.1,38.8,23.1,14.9,1.33,6.3
34782,14.079598,75.244594,24.7,35.5,20.0,12.9,1.33,6.0
34783,9.646669,77.025813,29.0,36.1,22.7,30.8,1.1,5.1
34784,9.603547,76.653858,23.4,37.7,25.7,27.0,1.18,5.3
34785,16.845295,74.12637,19.8,40.0,19.6,12.1,1.4,6.3
34786,10.044066,77.324167,21.0,44.8,16.0,25.7,1.33,6.3
34787,12.667905,76.360695,32.0,39.1,17.3,12.0,1.34,6.9
34788,14.074309,75.556823,20.3,36.2,25.8,10.9,1.4,6.5
34789,15.048042,74.810328,16.2,41.5,21.3,15.1,1.29,5.8
34790,10.042914,77.410452,19.9,39.2,24.3,28.9,1.29,6.1
34791,18.808634,73.689771,35.3,24.5,18.6,14.9,1.49,6.5
34792,10.803974,76.123939,18.7,34.3,28.5,20.6,1.19,5.4
34793,9.961419,77.820138,20.7,42.3,15.4,12.0,1.51,7.6
34794,16.871721,74.085829,20.5,39.1,19.5,15.0,1.34,6.2
34795,10.998643,76.972288,0.0,0.0,0.0,0.0,0.0,0.0
34796,16.014606,74.642442,26.7,33.3,25.5,20.8,1.35,6.2
34797,14.894251,74.926145,16.5,43.3,23.5,14.6,1.28,5.7
34798,10.988701,76.855125,18.1,43.8,22.8,14.0,1.37,6.4
34799,13.802063,75.671736,28.5,37.0,17.2,10.3,1.39,6.4
34800,17.260056,73.747128,28.0,29.3,21.3,24.2,1.11,5.6
34802,15.559797,74.669666,18.0,45.2,14.3,11.1,1.3,6.1
34803,11.106255,77.35683,0.0,0.0,0.0,0.0,0.0,0.0
34804,10.584033,76.17538,21.6,44.8,17.8,21.8,1.25,5.2
34805,9.81972,76.931403,30.3,37.1,22.3,29.9,1.06,5.0
34806,14.24125,75.460509,18.9,38.0,24.5,10.7,1.37,6.3
34808,12.402808,76.350891,27.3,39.2,20.0,11.1,1.37,6.9
34809,14.081798,75.589943,20.8,36.8,25.6,12.3,1.4,6.7
34810,9.634443,77.118703,29.5,35.1,22.1,28.4,1.1,5.3
34811,14.475187,74.632178,17.7,45.9,21.0,23.0,1.23,5.4
34812,16.817672,73.66587,26.1,32.3,21.2,20.0,1.36,5.9
34813,10.809318,76.385186,22.2,54.7,15.2,23.0,1.2,5.2
34814,15.100822,74.294781,23.2,42.1,21.0,28.2,1.14,5.6
34815,11.553364,76.311194,21.5,43.4,23.5,22.9,1.1,5.4
34816,16.12988,73.945352,32.7,27.6,21.0,23.9,1.19,6.3
34817,11.949346,76.60597,20.6,42.1,19.9,16.8,1.32,6.7
34818,15.100693,73.955454,23.3,40.5,19.8,26.0,1.3,5.7
34819,13.298467,75.19644,24.5,43.2,17.8,27.9,1.08,5.4
34820,11.35298,76.160129,26.4,47.5,14.3,25.5,1.09,5.4
34821,9.790384,76.766491,25.8,37.3,23.0,28.8,1.1,5.2
34822,13.997358,74.751615,15.0,46.7,21.9,22.0,1.29,5.6
34823,13.206204,74.771021,33.1,45.9,13.1,21.2,1.16,6.0
34824,11.721195,76.71769,26.0,41.1,19.7,10.2,1.35,6.5
34825,13.509023,75.518398,23.8,44.3,17.7,23.7,1.14,5.5
34826,16.053036,74.448913,20.2,40.2,14.7,12.9,1.37,6.2
34827,17.492041,73.449995,28.7,28.2,23.6,19.0,1.35,5.9
34828,13.868579,74.926661,17.0,48.1,20.2,26.3,1.2,5.5
34829,13.900163,75.170348,20.0,47.3,20.7,21.0,1.3,6.2
34830,14.33166,75.637499,28.7,38.3,19.2,13.0,1.4,6.8
34831,18.236396,74.069662,40.9,25.3,18.7,13.1,1.48,6.8
34832,10.393043,77.21418,21.7,46.5,17.7,29.0,1.26,6.2
34833,16.467657,73.641615,26.0,28.7,23.1,18.1,1.36,6.1
34834,18.767665,73.120917,38.9,33.0,18.8,12.5,1.44,6.3
34835,11.246157,76.336209,23.9,48.7,19.6,22.1,1.17,5.5
34836,14.209307,74.693469,19.6,45.0,20.1,22.0,1.21,5.4
34837,11.010371,76.404647,24.1,48.2,16.3,23.0,1.2,5.3
34838,17.997121,73.881684,33.5,32.5,18.5,17.0,1.37,6.6
34839,11.664492,75.713438,27.6,52.4,14.0,21.2,1.13,5.4
34840,15.670474,74.07228,22.5,40.9,18.0,25.0,1.22,5.5
34841,18.555333,73.958176,33.0,30.6,18.3,10.3,1.59,7.1
34842,11.024277,77.010564,0.0,0.0,0.0,0.0,0.0,0.0
34843,16.567065,74.273099,18.9,44.8,12.4,11.0,1.42,6.5
34844,9.509884,77.808799,32.3,38.4,20.5,15.3,1.5,7.7
34845,15.578399,74.2724,20.3,43.2,19.8,24.2,1.27,5.7
34846,17.558915,73.756377,33.3,29.4,18.5,30.2,1.14,5.6
34847,9.844033,77.320876,22.1,43.6,19.3,21.6,1.4,6.8
34848,18.99415,73.124608,0.0,0.0,0.0,0.0,0.0,0.0
34849,17.813817,73.63797,30.7,27.4,24.4,22.6,1.28,6.0
34850,9.427805,76.886845,22.5,30.9,29.1,27.8,1.12,5.1
34851,10.458911,77.046657,22.8,39.2,20.4,26.1,1.19,5.5
34852,13.684494,75.712795,17.8,49.5,15.5,11.9,1.35,6.3
34853,13.970895,75.248421,17.5,46.6,20.9,15.7,1.3,6.2
34854,8.792965,77.08448,19.7,36.3,24.9,32.0,1.14,5.2
34856,16.249583,74.073453,21.9,42.5,17.3,17.1,1.31,6.3
34857,8.686347,76.802098,33.5,34.6,18.5,23.6,1.3,5.2
34858,11.684699,76.73849,22.9,43.0,20.7,11.2,1.3,6.6
34859,15.369793,74.020986,22.1,37.0,21.2,19.1,1.32,6.0
34860,8.902646,76.636775,22.4,33.0,28.7,24.1,1.25,5.2
34861,12.84396,75.255405,29.2,42.8,15.1,23.3,1.21,5.5
34862,8.78973,76.881903,33.1,32.8,22.9,23.1,1.14,5.2
34863,17.202235,74.120014,27.4,35.4,17.0,9.6,1.46,6.5
34864,17.77247,73.997443,25.7,30.8,22.1,11.6,1.44,6.6
34865,12.848864,76.086518,26.4,38.9,21.2,10.0,1.35,6.6
34866,9.008991,76.752151,28.6,38.0,22.6,27.6,1.15,5.2
34867,9.722506,76.673783,23.3,42.6,21.3,24.0,1.17,5.2
34868,15.849229,74.093136,25.3,37.1,19.3,21.5,1.18,5.6
34869,10.369627,77.379915,21.7,44.7,18.9,23.2,1.23,5.9
34870,11.748353,76.153023,24.0,42.4,21.3,20.9,1.18,5.4
34871,10.096801,77.779017,23.2,41.6,16.1,15.4,1.54,7.3
34872,15.909434,73.955445,28.2,32.6,18.8,23.8,1.28,5.4
34873,8.73705,77.53192,30.7,31.2,16.8,18.9,1.5,6.1
34874,16.412271,74.139573,20.0,33.9,22.8,13.1,1.42,6.4
34875,10.81039,77.723317,25.9,41.2,19.5,16.9,0.0,7.8
34876,17.799262,73.818732,0.0,0.0,0.0,0.0,0.0,0.0
34877,10.514992,77.755137,18.1,44.8,18.0,12.9,1.43,7.6
34878,11.603772,76.732131,25.1,39.1,21.6,19.2,1.28,6.4
34879,11.780559,76.142608,23.4,42.4,22.0,21.4,1.21,5.4
34880,16.553435,74.21763,18.7,42.5,15.1,12.0,1.39,6.4
34881,14.080388,74.524424,24.3,47.5,18.0,19.2,1.27,5.5
34882,18.146024,73.033151,30.2,34.7,18.2,16.0,1.36,6.2
34883,10.470985,76.733072,23.7,38.4,22.6,24.5,1.14,5.2
34884,15.03042,74.374794,18.1,44.7,19.9,28.1,1.2,5.5
34885,16.549091,73.703335,24.7,26.7,26.3,17.0,1.3,6.1
34886,11.157955,76.479024,17.8,35.5,35.7,31.6,0.97,5.3
34887,9.820075,77.235006,28.7,35.3,25.3,32.2,1.2,5.6
34888,16.381316,73.449637,20.0,39.8,21.0,16.0,1.44,6.0
34889,10.389817,77.531755,22.5,41.9,16.5,19.0,1.35,6.6
34890,11.849917,76.49555,22.9,42.4,19.8,21.0,1.2,6.1
34892,10.425983,76.370458,25.8,42.9,21.7,24.6,1.23,5.2
34893,10.951191,76.474101,20.9,44.0,21.4,23.1,1.23,5.4
34894,11.928159,76.305352,22.1,42.4,19.0,13.8,1.27,6.1
34895,14.556006,74.69086,16.1,51.0,17.7,17.0,1.26,5.6
34896,9.464583,77.639902,29.3,39.1,18.7,14.4,1.44,7.2
34897,9.255954,76.557828,22.9,31.0,30.4,27.1,1.23,5.2
34898,15.276679,74.811304,32.5,32.3,20.3,12.4,1.37,6.1
34899,18.525451,73.296665,31.4,32.5,24.6,14.6,1.35,6.2
34900,9.570835,77.594681,29.4,39.7,16.6,24.4,1.25,6.5
34901,12.996788,75.852959,21.2,40.8,23.1,17.4,1.21,5.8
34902,15.562849,74.257577,21.6,35.3,23.7,23.0,1.34,6.2
34903,9.762156,76.727429,26.7,38.8,23.1,22.7,1.17,5.3
34904,16.074218,73.528048,29.4,30.2,26.2,17.9,1.37,6.1
34905,18.197223,73.815733,0.0,0.0,0.0,0.0,0.0,0.0
34906,18.866383,73.389535,33.1,33.5,22.2,13.8,1.4,6.3
34907,9.185733,77.727978,32.2,34.9,19.1,20.0,1.4,7.4
34908,15.153277,74.27961,17.7,40.6,20.1,27.9,1.23,5.5
34909,14.526554,74.592232,15.5,45.9,21.8,23.5,1.28,5.5
34910,9.654358,77.343154,33.9,31.1,20.5,47.0,1.04,5.3
34911,12.814002,75.66128,30.0,41.3,17.3,27.9,1.07,5.4
34912,17.005266,73.334464,0.0,0.0,0.0,0.0,0.0,0.0
34914,18.081905,73.220497,19.3,36.6,19.1,21.8,1.29,5.9
34915,11.181024,76.745386,24.8,41.2,20.7,23.3,1.27,6.2
34916,11.355297,76.118048,27.7,44.1,15.3,33.0,1.06,5.4
34917,13.709108,75.302943,19.4,41.0,19.4,19.4,1.27,5.4
34918,17.938982,73.794553,30.8,29.5,23.5,18.1,1.37,6.3
34919,13.189388,76.102953,18.4,39.6,24.2,14.1,1.3,7.0
34920,10.652736,76.050117,24.9,31.0,23.8,26.8,1.15,5.4
34921,14.434029,74.629371,18.6,49.0,19.1,19.2,1.37,5.4
34922,13.464838,75.795319,21.9,39.4,18.9,22.6,1.12,5.6
34923,16.910899,74.130566,19.5,40.7,16.9,14.1,1.41,6.4
34924,12.293997,76.514951,27.5,37.0,23.3,12.0,1.35,6.9
34926,18.243813,73.336272,32.3,31.5,21.1,13.5,1.42,6.1
34928,9.604686,77.17544,30.5,33.3,23.3,27.0,1.2,5.4
34929,17.946238,73.96103,29.8,28.7,19.1,12.2,1.45,7.0
34930,15.917822,74.22863,21.4,41.5,15.6,16.8,1.29,6.2
34931,16.096388,74.062217,25.6,33.8,20.1,27.0,1.1,5.4
34932,8.770707,77.046103,28.8,36.1,21.0,24.9,1.19,5.3
34933,11.168714,76.273797,24.3,47.2,17.7,21.7,1.14,5.4
34934,15.461638,74.506732,18.8,40.5,20.1,16.1,1.33,6.1
34936,11.940164,75.640489,21.8,45.8,18.6,22.4,1.14,5.4
34937,8.859104,76.627051,0.0,0.0,0.0,0.0,0.0,0.0
34938,10.834773,77.58794,25.0,39.0,20.1,18.7,1.4,6.9
34939,18.303075,73.197128,32.2,30.4,21.0,13.8,1.41,6.2
34940,18.079262,73.379472,29.3,34.1,21.6,19.5,1.3,6.1
34941,9.518132,76.377208,0.0,0.0,0.0,0.0,0.0,0.0
34942,8.377017,77.335772,33.8,31.5,21.1,32.6,1.28,5.7
34943,18.861091,73.33125,28.3,38.7,16.9,18.6,1.35,6.1
34944,14.779668,75.445694,38.8,27.3,28.6,11.3,1.42,7.8
34945,12.233686,76.207413,27.3,36.2,23.8,11.9,1.3,6.2
34946,9.691693,77.045279,28.1,36.7,21.9,24.4,1.1,5.3
34947,11.73911,75.684908,27.8,48.3,14.6,21.4,1.16,5.4
34949,16.041701,74.689228,27.1,33.9,23.5,9.0,1.38,6.4
34950,10.330274,77.917376,21.8,43.7,18.9,15.6,1.46,7.1
34951,8.648909,77.642738,33.3,36.8,16.5,17.5,1.52,7.2
34952,10.742832,76.880111,18.1,44.4,23.4,18.1,1.39,6.0
34953,13.010183,75.074906,30.4,46.5,12.1,23.2,1.2,5.5
34954,15.325951,75.115681,23.3,37.2,22.6,11.8,1.39,6.7
34955,13.388678,75.657775,25.7,35.7,26.5,29.5,1.06,5.6
34956,15.483123,74.921822,18.8,35.4,29.4,10.5,1.35,6.1
34957,11.205461,77.071566,16.3,53.8,13.4,12.9,1.43,7.8
34958,12.862758,75.090036,33.5,45.2,11.3,23.0,1.2,5.4
34959,10.534947,76.418553,26.0,45.9,15.0,26.9,1.12,5.2
34960,11.997376,76.674888,21.0,39.5,20.1,12.6,1.35,7.0
34961,10.196158,76.297016,26.4,37.7,18.2,26.0,1.21,5.3
34962,11.372568,77.222268,18.7,38.2,23.2,16.6,1.42,7.6
34963,10.105077,77.018196,32.8,28.0,27.7,44.0,0.96,5.1
34964,14.376587,74.945139,17.2,48.8,18.4,13.7,1.3,6.2
34966,16.250668,74.24462,17.4,41.0,18.7,15.4,1.31,6.0
34967,10.205376,76.456096,24.6,45.3,16.6,21.8,1.23,5.2
34968,10.909437,77.285525,18.5,49.9,15.3,12.1,1.46,8.0
34969,17.418873,73.658789,29.0,30.9,17.8,22.3,1.4,5.6
34970,12.617469,76.445063,29.4,36.0,17.7,14.0,1.4,7.0
34971,10.779922,76.909817,18.0,42.5,23.9,17.0,1.4,6.2
34972,13.311607,75.863078,21.5,38.8,22.6,14.5,1.26,6.2
34974,9.977183,77.376467,24.2,42.1,15.1,21.0,1.37,6.6
34975,16.837419,73.972425,21.7,42.8,19.0,20.4,1.28,6.1
34976,14.317133,74.512301,18.5,51.3,20.1,22.0,1.2,5.4
34977,14.547729,75.285483,26.4,37.6,17.1,9.1,1.42,6.3
34978,10.271648,77.246851,30.1,33.7,21.7,33.5,1.12,5.7
34979,10.566809,77.1256,20.4,42.6,19.6,13.3,1.42,6.9
34980,16.363245,73.535494,18.4,39.4,17.4,16.1,1.46,6.0
34981,15.060458,75.108504,25.9,38.2,20.6,10.3,1.39,6.3
34982,9.236409,77.037506,20.0,37.2,22.8,28.1,1.14,5.1
34983,11.506332,76.651968,23.3,37.2,28.3,23.2,1.1,6.1
34984,11.336124,76.892813,21.8,38.8,22.9,23.2,1.27,6.1
34985,13.631877,74.881613,31.1,48.0,13.7,23.7,1.2,5.6
34986,9.880122,76.53447,24.8,40.9,21.7,24.6,1.12,5.4
34987,10.611978,76.937588,20.2,47.5,19.9,22.0,1.4,5.7
34988,14.315055,75.306781,25.2,35.0,26.3,13.1,1.3,6.2
34989,8.797226,76.95392,34.9,30.0,20.3,26.2,1.2,5.2
34990,16.294038,74.502237,29.3,35.7,16.8,10.3,1.38,6.3
34991,8.859749,76.964781,29.8,30.0,23.0,23.2,1.1,5.3
34992,10.664384,77.360797,16.2,45.4,17.9,11.7,1.48,7.0
34993,13.715381,75.07029,16.2,49.4,20.8,27.0,1.2,5.5
34995,14.436571,75.394354,26.7,33.8,31.2,10.8,1.41,6.6
34996,18.451972,73.549646,34.5,25.0,20.5,18.1,1.4,6.2
34998,14.901658,74.463658,15.5,43.2,24.8,24.1,1.24,5.6
34999,16.682367,74.241719,0.0,0.0,0.0,0.0,0.0,0.0
35000,9.362691,77.1169,27.0,31.7,24.2,39.6,1.1,5.1
35002,17.971331,73.359988,36.4,27.3,21.1,22.9,1.3,5.9
35003,9.745758,77.784831,21.2,45.2,16.4,19.2,1.43,6.8
35004,13.062737,74.953671,30.3,50.8,11.0,20.2,1.19,5.5
35005,10.382698,76.957338,23.3,33.6,29.6,37.3,1.0,5.1
35006,14.279407,74.817902,15.8,47.5,19.8,19.1,1.29,5.6
35007,17.260237,74.084855,24.8,32.3,21.5,10.0,1.46,6.8
35009,17.899011,73.907641,28.3,30.8,23.4,13.0,1.43,6.7
35010,10.763565,76.312768,23.0,48.0,15.6,18.5,1.21,5.4
35011,16.285499,73.474375,18.9,35.7,22.0,16.9,1.45,5.9
35012,15.114703,74.666408,17.3,46.7,18.7,17.4,1.37,6.0
35013,9.06834,76.885858,30.0,32.7,22.5,27.8,1.14,5.3
35014,11.401404,75.756618,28.6,51.7,12.2,24.3,1.18,5.4
35015,14.700664,75.005347,19.0,42.7,19.9,12.4,1.37,6.2
35017,17.172381,73.287176,14.8,39.7,23.0,18.6,1.38,6.2
35018,10.609122,76.686332,22.0,45.7,18.5,20.1,1.37,5.8
35019,13.31379,74.994387,26.9,44.3,15.4,16.4,1.27,5.5
35020,15.468017,75.027576,21.0,44.3,15.2,10.8,1.4,6.6
35021,13.289068,75.769704,25.2,40.0,21.4,12.4,1.27,5.9
35022,12.840474,76.264551,25.9,43.9,17.7,14.8,1.3,7.1
35023,9.648736,77.282221,27.3,36.6,20.9,23.0,1.34,5.7
35024,10.41503,76.698753,28.8,37.8,18.3,26.0,1.13,5.2
35027,11.14824,76.930588,15.1,48.3,18.1,14.1,1.4,7.1
35028,10.286811,77.636107,22.2,35.5,26.0,35.6,1.04,5.4
35030,12.945748,75.795971,22.1,43.7,17.5,16.2,1.26,6.0
35031,12.852132,75.085228,31.3,42.7,13.3,23.0,1.21,5.5
35032,14.762147,74.406916,14.6,45.7,22.6,27.9,1.15,5.5
35033,18.107602,73.843728,32.7,30.7,18.6,13.9,1.42,6.7
35034,16.996886,74.160018,30.4,36.6,16.4,11.2,1.44,6.5
35035,15.351264,74.244994,20.0,35.9,23.4,17.9,1.35,5.8
35036,18.780279,73.662396,28.8,29.0,21.7,14.6,1.48,6.2
35037,9.791824,77.903518,22.1,46.4,15.8,20.9,1.52,7.7
35038,16.055703,74.093217,25.8,38.9,16.6,19.1,1.24,5.5
35039,15.332632,74.548175,18.6,42.8,19.7,19.5,1.29,5.7
35040,10.776449,76.223106,21.0,46.9,16.2,21.4,1.23,5.3
35041,10.889097,76.441622,20.3,45.1,22.0,23.0,1.2,5.4
35042,8.817869,77.619111,24.7,35.2,21.6,14.0,1.44,6.8
35043,17.347098,73.977275,24.5,35.5,20.3,14.9,1.37,6.5
35044,11.893595,75.515966,22.9,43.2,17.8,25.8,1.2,5.5
35045,14.867759,74.48523,16.3,45.9,21.1,30.6,1.19,5.5
35046,11.622253,76.243974,20.1,40.6,23.3,22.3,1.07,5.4
35047,9.265253,77.633042,29.0,39.9,16.2,16.6,1.44,7.4
35049,16.440456,73.520583,18.7,38.3,19.0,16.2,1.44,5.9
35050,13.554984,75.619904,23.5,38.0,23.0,33.4,1.08,5.5
35051,16.234868,74.206836,17.8,40.2,19.8,15.4,1.36,6.0
35052,16.153826,74.501056,22.1,34.0,29.1,12.0,1.36,6.4
35053,12.167823,76.011189,25.0,41.5,22.0,19.9,1.2,5.6
35054,13.563766,75.078209,22.2,43.6,18.0,27.9,1.16,5.6
35055,14.606237,75.431118,21.9,37.6,23.6,11.3,1.39,6.8
35056,12.172257,76.585179,29.3,36.2,21.1,12.7,1.36,7.1
35057,10.930697,76.450824,23.0,45.4,20.4,23.1,1.22,5.3
35058,16.775641,74.13803,17.2,41.6,23.4,15.1,1.35,6.4
35059,12.505565,75.218305,24.8,48.6,17.0,30.8,1.11,5.4
35060,15.165124,74.968627,40.0,32.1,19.6,10.0,1.4,6.3
35061,14.025751,75.2007,17.0,47.6,19.5,16.2,1.33,6.1
35062,11.972059,76.229627,26.1,41.6,19.0,16.8,1.2,5.6
35064,8.693771,76.986941,34.1,32.3,20.0,24.2,1.19,5.2
35065,14.442791,75.630381,38.7,29.4,28.3,10.3,1.43,6.8
35066,13.368623,75.256886,29.7,44.3,15.7,30.9,1.14,5.4
35067,13.12491,74.851799,25.3,41.8,17.1,23.0,1.13,5.6
35068,16.348984,74.382903,20.8,38.8,18.9,16.0,1.3,5.9
35069,14.076928,75.484487,24.9,36.6,23.5,10.3,1.39,6.4
35070,14.408802,75.030027,16.6,47.2,18.5,16.9,1.28,5.6
35071,15.21855,74.594622,16.3,49.8,17.3,14.7,1.3,5.9
35072,13.898679,75.576788,22.9,39.6,20.9,10.2,1.35,6.5
35073,10.023977,77.50038,22.8,43.8,15.3,17.0,1.38,6.8
35074,13.558595,75.831814,19.0,39.5,30.4,10.0,1.33,7.0
35075,14.107936,75.373133,23.5,41.2,17.1,13.9,1.31,6.1
35076,13.498839,75.376257,25.0,43.4,16.7,25.9,1.2,5.4
35077,16.788062,73.795367,24.7,33.5,23.2,16.8,1.36,6.2
35078,15.879839,73.728019,23.1,28.6,25.7,17.1,1.34,6.1
35079,16.306951,73.892626,28.6,29.8,21.4,29.7,1.18,5.5
35080,10.716496,77.324206,17.8,44.6,17.5,12.3,1.5,7.1
35081,14.61826,74.852081,15.9,46.6,20.9,13.4,1.4,6.2
35082,16.63159,74.222846,17.8,47.9,15.9,13.0,1.34,6.3
35083,14.288082,74.588773,22.1,49.0,18.0,20.2,1.25,5.5
35084,18.110111,73.277392,32.1,32.3,18.5,19.0,1.37,6.1
35085,15.179419,75.03821,31.5,35.9,16.4,10.0,1.4,6.5
35086,16.313452,73.826771,25.6,29.9,23.6,23.7,1.3,5.8
35087,18.698519,73.20527,0.0,0.0,0.0,0.0,0.0,0.0
35089,18.089933,74.018685,27.6,30.2,17.8,10.3,1.53,6.9
35090,17.482169,73.946061,23.5,36.2,19.8,19.5,1.31,6.2
35091,16.461393,74.479062,24.1,37.2,18.8,12.1,1.42,7.1
35092,11.038125,77.20117,18.0,42.8,15.1,18.1,1.42,7.5
35093,15.703612,74.053473,26.8,32.6,18.5,19.2,1.37,5.5
35094,13.225792,75.585951,32.8,43.7,13.5,26.0,1.12,5.4
35095,15.928236,73.760608,26.9,30.8,20.6,17.8,1.34,6.0
35096,13.12274,75.966369,22.0,41.2,21.2,11.7,1.27,6.2
35097,11.769087,75.723808,26.0,47.3,17.2,27.1,1.12,5.4
35098,18.127776,73.80825,35.9,31.1,17.4,14.6,1.4,6.6
35099,15.943821,74.43426,22.0,39.0,17.1,14.1,1.3,6.1
35100,9.386622,76.915708,22.6,34.3,26.5,24.6,1.08,5.1
35101,11.488342,76.17113,23.9,42.9,19.2,30.0,1.03,5.3
35103,12.735176,76.111425,29.7,39.5,14.8,10.0,1.33,6.9
35104,14.702037,74.426257,17.2,43.3,23.3,22.5,1.24,5.4
35105,10.711017,77.175231,16.4,47.3,15.9,15.3,1.44,6.9
35106,15.382104,74.177652,20.2,40.0,20.3,21.0,1.34,5.8
35107,9.086785,77.07919,31.4,37.8,18.3,31.2,1.14,5.2
35108,9.445293,76.934316,28.6,35.9,24.3,30.8,1.1,5.2
35109,9.96119,76.437499,22.9,37.8,25.7,24.8,1.27,5.1
35111,8.971624,76.877967,30.8,33.9,24.7,31.0,1.1,5.3
35112,17.833997,73.744483,34.2,25.8,20.8,21.9,1.27,6.0
35113,14.383839,74.836059,15.5,46.9,23.7,19.0,1.29,5.7
35114,15.794595,73.712584,23.4,35.7,19.1,16.8,1.3,5.6
35115,18.753727,72.961601,34.8,31.7,22.5,13.5,0.94,6.5
35116,12.406377,76.156943,25.4,40.9,18.4,12.5,1.29,6.6
35118,14.824458,75.134065,36.4,28.6,20.5,10.3,1.38,6.3
35119,9.893505,76.569474,22.7,39.9,24.6,24.6,1.2,5.2
35120,11.183954,75.857413,27.5,55.0,12.8,22.1,1.3,5.5
35121,17.960335,73.303797,34.2,28.3,21.2,18.1,1.4,6.0
35122,9.557557,76.562273,25.6,26.6,29.2,30.9,1.2,5.2
35123,10.271449,76.78351,29.2,37.6,18.2,24.1,1.07,5.1
35124,8.440981,77.26978,23.7,34.4,24.6,30.5,1.2,5.3
35125,12.869309,75.303362,24.1,45.0,17.9,18.4,1.25,5.4
35126,10.411455,76.9247,26.9,33.3,28.5,40.3,0.98,5.2
35127,14.635966,75.281327,34.5,30.7,28.7,9.7,1.4,6.5
35128,12.575284,75.014192,30.4,49.2,11.6,18.3,1.22,5.5
35129,14.21367,75.441329,19.2,43.9,18.6,15.2,1.3,6.3
35130,14.326707,75.436044,28.8,35.3,18.2,10.0,1.4,6.4
35131,9.581909,77.222311,29.8,35.0,23.8,29.9,1.11,5.4
35132,9.26587,76.911802,29.6,31.7,25.6,30.5,1.1,5.1
35133,15.277219,74.785254,31.8,28.8,22.8,13.3,1.42,6.2
35134,15.031317,75.135256,28.6,38.9,17.3,10.4,1.38,6.4
35135,12.918656,75.510665,24.9,53.3,15.8,22.1,1.16,5.3
35136,15.131579,75.179685,35.0,31.6,26.7,11.3,1.4,7.6
35137,13.837256,75.674396,19.2,39.4,21.1,13.1,1.38,6.4
35138,13.50396,75.657908,21.4,39.7,20.3,22.0,1.21,5.4
35139,10.15061,77.369878,28.9,31.4,22.9,56.9,0.96,5.1
35140,10.09812,76.656606,25.1,31.5,24.3,26.4,1.2,5.2
35141,13.027548,75.124341,28.4,48.0,13.8,22.0,1.2,5.6
35142,12.085464,76.414893,27.1,38.9,21.5,11.7,1.37,6.4
35143,15.397836,75.127163,25.4,33.0,28.9,12.4,1.4,7.4
35145,10.807502,76.338924,22.8,51.7,16.7,20.1,1.23,5.2
35147,14.4337,74.535171,20.5,49.2,19.8,18.4,1.33,5.5
35149,16.834566,74.12975,18.2,43.1,22.4,12.7,1.34,6.2
35150,9.115613,77.17187,28.2,34.2,21.5,34.0,1.15,5.3
35151,15.063546,74.249441,18.1,45.7,19.8,29.4,1.21,5.6
35152,15.132769,74.270697,17.5,44.5,20.7,31.2,1.1,5.5
35153,10.143976,76.34583,27.4,37.7,17.5,26.0,1.2,5.2
35154,14.627242,74.990938,14.5,49.7,19.0,16.1,1.29,5.6
35155,9.513835,76.898255,24.3,35.6,27.9,24.2,1.09,5.3
35156,15.766415,74.897327,0.0,0.0,0.0,0.0,0.0,0.0
35157,16.077883,73.480397,20.5,36.8,25.8,18.2,1.34,6.4
35158,18.719921,73.617029,32.9,26.1,21.7,18.0,1.38,6.4
35159,12.612243,75.103882,26.2,49.0,15.5,21.7,1.1,5.5
35160,16.769708,73.459106,28.1,31.7,23.3,19.3,1.36,6.2
35161,14.297344,75.493006,25.9,33.8,29.2,10.5,1.4,6.5
35162,11.11659,76.923812,15.3,52.2,14.5,13.0,1.34,6.8
35163,10.569168,77.035619,19.2,45.8,16.9,17.2,1.42,6.2
35164,9.610061,76.871361,26.2,31.0,26.7,32.2,1.08,5.1
35165,13.10992,74.857168,29.1,45.5,15.7,21.7,1.18,5.4
35167,10.815357,76.632211,18.9,54.4,16.9,21.8,1.3,5.4
35168,18.876228,73.336181,32.4,36.1,22.2,16.0,1.42,6.3
35169,13.482056,75.254444,20.7,48.2,18.1,22.8,1.14,5.3
35170,18.249479,73.174093,32.4,32.3,18.0,14.2,1.42,6.1
35171,14.682057,75.446195,37.0,28.1,29.3,12.5,1.4,7.4
35172,9.795123,76.993668,24.3,36.0,26.0,27.9,1.13,5.2
35173,11.886903,75.74132,24.3,47.2,17.8,25.2,1.17,5.3
35174,16.540557,74.019045,17.8,40.8,22.2,14.4,1.4,6.4
35175,9.217742,76.574331,21.8,36.3,28.1,23.4,1.22,5.3
35176,16.32335,73.754239,26.5,30.3,21.3,18.2,1.33,5.9
35177,12.060064,76.375132,25.5,39.6,17.6,13.1,1.3,6.2
35178,10.035607,77.718149,25.8,45.0,15.8,18.0,1.38,6.9
35179,11.035094,76.633466,23.6,40.5,22.1,26.6,1.13,5.4
35180,18.164345,74.062757,27.0,29.4,26.8,10.8,1.54,7.0
35181,18.978389,73.420491,37.1,34.8,20.1,11.6,1.4,6.5
35182,16.420662,73.567301,17.4,37.9,21.2,19.4,1.41,6.0
35184,13.331036,75.85463,22.8,42.3,21.1,14.0,1.3,6.2
35185,9.244516,77.430036,19.5,42.0,20.9,18.6,1.4,6.3
35186,16.726349,73.741043,20.5,33.1,26.2,26.9,1.26,6.1
35187,16.48918,73.620828,25.4,30.9,22.5,21.1,1.37,5.6
35188,9.500218,76.923649,22.6,37.3,25.7,27.8,1.14,5.3
35189,11.418622,76.658768,21.9,34.4,27.0,46.1,1.05,5.6
35190,15.22145,74.747166,22.6,44.1,18.1,14.6,1.3,5.7
35191,17.917561,73.588064,35.7,27.4,20.5,19.3,1.3,6.1
35192,17.702718,73.988856,0.0,0.0,0.0,0.0,0.0,0.0
35193,11.072475,75.863233,27.0,48.3,15.6,21.1,1.23,5.4
35194,15.609834,74.766025,18.1,43.2,14.9,9.8,1.35,6.1
35195,16.367899,74.032262,18.4,40.6,19.9,16.6,1.34,6.0
35196,9.260485,77.081988,28.5,31.9,26.1,29.6,1.15,5.1
35197,9.99468,77.335375,21.7,45.1,18.3,24.0,1.37,6.7
35199,11.162143,76.214875,22.0,43.0,22.0,23.0,1.23,5.4
35200,16.252665,73.713089,29.2,26.4,23.8,17.3,1.35,6.0
35201,17.515109,74.037285,24.1,34.0,20.4,11.9,1.5,6.6
35202,13.274753,75.177876,27.3,40.2,23.0,31.9,1.06,5.4
35203,11.981163,75.561355,28.0,47.0,15.7,21.1,1.2,5.5
35204,15.679835,74.654379,19.1,37.6,18.4,12.5,1.34,6.3
35205,8.900369,77.223467,32.8,31.4,21.1,37.8,1.06,5.1
35206,9.348812,76.782217,20.7,40.0,27.5,24.6,1.1,5.2
35207,18.263133,73.484973,31.1,29.9,23.0,22.9,1.34,6.2
35208,14.122824,74.859845,0.0,0.0,0.0,0.0,0.0,0.0
35209,13.219983,74.932917,28.9,46.6,13.7,21.0,1.15,5.9
35210,9.472409,76.70878,22.0,38.5,27.7,23.8,1.18,5.4
35212,15.965023,74.350085,21.5,47.5,15.1,13.8,1.29,6.2
35214,18.274813,74.019411,35.7,28.9,19.0,16.0,1.45,6.6
35215,12.994073,75.649665,25.7,39.9,21.1,32.1,1.07,5.5
35216,15.137248,74.273908,21.3,41.0,19.9,34.6,1.1,5.5
35218,8.803742,76.656209,0.0,0.0,0.0,0.0,0.0,0.0
35219,17.019563,74.061966,24.9,36.6,20.6,11.1,1.4,6.3
35220,16.504713,74.224857,17.6,45.9,14.3,12.2,1.38,6.4
35221,8.89903,77.003611,24.6,37.6,20.6,32.0,1.13,5.1
35222,15.600757,73.794118,24.3,34.9,24.3,16.2,1.37,6.2
35223,11.570338,76.304796,19.1,43.9,23.5,20.7,1.16,5.4
35224,11.98538,76.274458,25.9,40.0,21.3,14.2,1.25,5.9
35225,10.314465,77.514806,29.8,32.3,24.8,27.5,1.07,5.7
35226,12.677793,76.128858,29.6,38.5,15.5,10.9,1.35,6.8
35227,9.77659,77.364424,23.1,44.0,18.9,19.0,1.37,6.2
35228,11.032067,76.022337,26.1,56.2,13.6,20.6,1.24,5.4
35229,10.133245,77.895345,24.0,41.3,16.7,15.9,1.54,7.4
35230,9.892697,76.41825,24.8,41.4,16.4,19.3,1.24,5.2
35231,9.880463,77.826639,24.3,42.2,15.5,13.8,1.48,7.6
35232,13.352611,75.642241,26.0,41.0,24.4,31.3,1.06,5.6
35233,11.993767,76.102233,23.2,42.0,22.6,23.0,1.16,5.3
35234,16.517272,74.51692,17.8,41.4,15.7,9.1,1.43,6.8
35235,16.646528,74.218134,18.0,43.6,18.3,11.0,1.38,6.2
35237,14.281571,74.959075,17.3,41.8,20.9,10.3,1.4,6.0
35238,9.817099,77.29509,24.4,40.1,18.9,22.1,1.38,6.0
35239,18.722997,73.365023,32.0,29.0,17.0,18.1,1.37,6.2
35240,13.93815,75.155066,16.5,48.1,23.4,19.1,1.3,6.3
35241,18.387905,73.239901,30.2,33.3,23.9,14.7,1.42,6.4
35242,12.936806,75.796491,26.0,43.5,16.7,17.8,1.25,6.0
35243,14.154495,74.916743,16.2,47.4,20.8,22.7,1.26,5.5
35244,9.805961,76.990071,21.2,35.4,29.4,32.4,1.1,5.2
35245,9.628863,77.319832,29.4,35.5,24.2,38.8,1.11,5.6
35246,15.013201,74.222084,17.3,46.6,19.2,28.1,1.23,5.5
35247,15.558827,74.260964,23.1,38.4,20.5,22.3,1.29,5.7
35248,16.47181,73.544938,22.9,33.2,20.3,19.7,1.4,6.0
35250,9.978851,77.676487,23.9,38.5,16.5,24.9,1.25,6.6
35251,11.310608,77.225425,15.7,41.5,22.8,14.1,1.4,7.4
35252,18.348595,74.071949,41.0,27.4,18.3,11.0,1.48,7.0
35253,11.508504,76.557853,27.1,29.4,28.6,30.0,1.03,5.4
35254,9.123596,77.214871,32.6,34.0,20.8,35.3,1.13,5.4
35255,13.39413,74.872609,29.5,44.0,14.8,24.0,1.2,5.5
35256,8.668249,76.808838,30.9,34.0,20.3,21.9,1.3,5.3
35257,17.110071,73.501687,29.4,30.4,24.1,18.0,1.38,6.1
35259,11.81345,76.100939,22.3,42.9,22.4,24.1,1.12,5.4
35260,18.691994,73.890937,22.8,30.7,21.7,11.2,1.56,7.2
35261,14.737483,74.285073,20.9,39.9,19.8,25.3,1.3,6.2
35262,17.82387,73.180669,24.8,33.8,21.4,19.6,1.34,6.1
35263,13.562197,75.09534,20.6,44.9,18.6,28.2,1.16,5.6
35265,11.509943,75.619434,0.0,0.0,0.0,0.0,0.0,0.0
35266,8.627564,77.562352,26.2,38.1,18.6,19.1,1.39,6.4
35267,14.326398,75.425861,28.4,36.4,17.3,9.1,1.4,6.5
35268,15.687496,74.21584,24.3,37.5,21.0,23.4,1.16,5.4
35269,12.967401,76.206448,20.5,39.2,19.7,10.5,1.31,7.0
35270,17.833206,73.91625,28.9,32.3,23.9,17.2,1.42,6.8
35271,15.104968,74.859122,23.7,37.8,19.0,14.8,1.3,5.9
35272,15.193681,75.030581,33.1,33.1,19.9,10.2,1.42,6.7
35273,16.393854,74.401988,24.2,35.2,15.5,10.3,1.38,6.5
35274,15.648887,74.454973,19.3,39.1,18.9,18.1,1.33,5.8
35275,13.792462,75.059625,16.2,51.8,21.1,20.5,1.26,5.5
35276,14.285088,75.658043,40.6,32.4,19.6,10.0,1.42,6.9
35277,9.2924,76.493632,0.0,0.0,0.0,0.0,0.0,0.0
35278,17.065403,74.226967,22.8,35.4,20.3,11.2,1.44,6.6
35279,14.871637,74.944932,18.0,42.6,22.2,14.6,1.3,5.7
35280,9.36791,76.865983,22.9,32.7,31.7,28.6,1.12,5.2
35281,9.414543,77.495412,24.6,36.1,22.5,17.6,1.42,6.9
35282,9.763375,76.327396,24.5,33.0,19.8,26.0,1.16,5.5
35283,9.669299,76.625509,23.3,37.1,21.5,24.6,1.21,5.3
35285,8.931074,77.340606,24.4,45.8,17.6,22.0,1.4,5.8
35286,15.955308,74.228428,19.4,41.4,16.4,17.0,1.28,6.1
35287,12.994543,75.022673,30.9,47.3,11.2,23.0,1.21,5.5
35288,18.254305,73.258775,32.7,29.2,23.0,12.0,1.42,6.1
35289,10.676786,76.059179,19.4,44.2,20.4,19.9,1.2,5.3
35290,11.15489,76.806084,21.7,41.3,21.5,23.3,1.29,6.5
35291,17.851111,74.037432,35.7,25.2,20.7,16.6,1.38,6.7
35292,12.846821,75.091989,31.8,48.0,12.6,23.9,1.2,5.5
35293,10.629556,76.085451,25.0,36.1,18.9,23.0,1.2,5.2
35294,16.110144,74.071814,25.2,37.1,17.9,22.0,1.16,5.5
35295,12.820699,75.823372,18.9,42.2,22.6,18.8,1.26,6.0
35296,14.509102,75.487641,29.0,31.4,32.1,10.3,1.4,7.5
35297,13.03866,74.808455,29.5,35.6,19.3,23.1,1.19,5.8
35298,16.183696,74.684623,0.0,0.0,0.0,0.0,0.0,0.0
35299,16.801804,73.583331,27.1,31.4,19.7,18.0,1.37,5.9
35300,15.824313,74.257245,23.6,38.0,16.6,23.0,1.27,5.8
35302,13.491964,75.420967,24.9,42.0,18.0,25.9,1.1,5.4
35303,13.518421,75.382089,26.9,44.8,17.4,26.8,1.15,5.5
35304,17.500593,73.438831,29.6,27.0,22.7,18.2,1.34,6.1
35305,13.366791,74.8079,31.4,47.9,14.5,17.9,1.26,6.0
35306,9.365167,76.670238,23.0,35.5,23.1,23.7,1.2,5.1
35307,12.809873,76.253374,30.5,36.7,19.2,13.1,1.38,7.2
35308,16.707366,73.641109,24.0,33.6,23.2,21.0,1.28,6.0
35309,18.192601,73.925352,24.5,30.2,25.1,11.0,1.43,6.8
35310,8.643301,76.869828,28.8,34.3,25.0,27.8,1.22,5.3
35311,16.027753,74.104652,30.7,31.9,18.7,26.9,1.2,6.2
35312,11.787855,76.063264,25.8,43.7,19.3,21.9,1.19,5.5
35313,17.271056,73.603948,27.7,29.8,18.1,18.0,1.39,5.7
35314,11.516919,76.544169,23.6,35.6,30.4,25.1,1.1,5.3
35315,10.991273,76.846774,16.5,45.1,22.1,13.0,1.37,6.3
35316,15.496607,73.985633,22.4,38.6,20.8,20.1,1.37,6.2
35317,10.287682,77.864687,19.0,45.7,19.6,17.0,1.42,7.2
35319,16.969953,74.026065,18.0,31.8,26.2,11.2,1.39,6.4
35320,15.301447,74.451635,0.0,0.0,0.0,0.0,0.0,0.0
35321,10.562703,76.012794,0.0,0.0,0.0,0.0,0.0,0.0
35322,18.865776,73.176615,34.4,34.1,18.5,14.7,1.42,6.1
35323,13.764318,75.208306,15.3,42.5,22.3,17.0,1.29,6.0
35324,17.661908,73.965658,31.1,32.4,19.1,15.0,1.42,6.5
35325,16.537199,74.52663,19.0,44.6,15.1,10.5,1.48,6.7
35326,15.686072,73.963647,26.1,30.6,19.9,17.0,1.39,6.1
35327,18.162725,73.679456,37.0,27.3,17.5,21.6,1.38,5.7
35328,13.575596,75.239465,19.1,40.8,19.4,18.1,1.27,5.3
35329,11.543403,75.981862,25.3,38.0,22.8,43.7,1.02,5.3
35330,9.983007,76.22763,0.0,0.0,0.0,0.0,0.0,0.0
35331,11.819708,76.763163,22.8,41.7,18.9,13.5,1.36,7.0
35332,17.122049,73.670421,24.5,27.8,22.2,23.8,1.29,5.5
35333,15.658477,74.312579,26.5,37.6,19.6,26.7,1.19,5.5
35334,11.160446,75.862181,27.1,51.5,13.0,21.1,1.24,5.4
35335,17.41847,73.7913,31.8,29.8,19.5,20.4,1.34,6.3
35336,18.992154,73.631681,30.7,27.3,23.6,16.9,1.36,6.4
35337,9.760872,77.020582,26.1,33.0,27.0,27.8,1.09,5.3
35338,11.738178,75.643868,26.8,47.0,17.6,22.0,1.23,5.4
35339,16.336986,73.680637,25.4,31.5,23.9,19.4,1.34,6.0
35341,14.057454,75.404494,22.8,38.5,18.1,10.3,1.36,6.3
35342,15.267836,75.144666,38.0,29.7,29.4,10.3,1.42,7.2
35344,16.32294,73.962506,0.0,0.0,0.0,0.0,0.0,0.0
35345,17.077956,73.710746,27.1,33.0,19.3,23.9,1.35,6.2
35346,11.918383,75.807297,25.2,49.0,16.0,24.0,1.16,5.4
35347,15.586844,74.958914,23.0,32.4,30.4,10.0,1.4,7.2
35348,10.000995,77.619602,0.0,0.0,0.0,0.0,0.0,0.0
35349,11.330814,77.077797,19.5,53.6,12.9,14.8,1.44,7.4
35350,9.763231,77.065146,0.0,0.0,0.0,0.0,0.0,0.0
35351,15.036813,74.296188,17.0,46.3,18.6,31.1,1.18,5.6
35352,13.50413,75.965991,17.0,40.8,21.3,10.0,1.4,6.8
35353,9.209501,76.693639,26.1,35.6,24.3,25.2,1.19,5.4
35354,9.180383,76.762339,23.8,36.2,26.4,26.6,1.18,5.2
35355,13.901723,75.076295,18.0,43.7,21.7,17.8,1.27,6.0
35356,10.133692,77.535201,24.8,37.7,17.5,21.6,1.33,6.4
35357,17.494811,73.714472,29.2,31.5,19.4,32.0,1.15,5.6
35359,18.155281,73.983468,0.0,0.0,0.0,0.0,0.0,0.0
35360,8.323643,77.42807,34.3,29.7,20.5,31.0,1.4,6.0
35361,10.790743,77.419752,19.5,42.0,20.3,13.3,1.46,6.8
35362,16.290514,74.238072,21.0,32.1,22.6,12.1,1.39,6.2
35363,12.361372,76.503325,25.7,40.6,19.9,12.0,1.31,7.3
35364,17.524736,73.710383,26.6,32.7,20.1,22.8,1.32,5.8
35365,11.242273,76.201682,24.3,49.9,16.9,21.6,1.22,5.4
35366,18.873065,73.091548,30.9,31.3,21.2,13.2,1.44,6.2
35367,11.766406,75.761636,28.8,47.0,14.5,24.2,1.1,5.4
35368,11.886156,76.289459,21.1,43.2,21.4,18.1,1.24,5.6
35369,16.720752,73.698873,24.5,29.7,23.1,18.0,1.31,6.1
35370,18.203769,73.68894,36.6,28.5,18.2,19.2,1.4,6.5
35371,8.675855,77.603162,29.7,33.6,15.8,24.2,1.43,6.4
35372,15.966941,74.074718,26.0,35.0,19.2,20.6,1.26,5.8
35373,8.996436,77.505783,19.1,37.6,20.7,15.1,1.4,6.4
35374,18.744593,73.806133,0.0,0.0,0.0,0.0,0.0,0.0
35375,10.963966,76.482962,20.9,43.4,23.6,21.9,1.23,5.4
35376,17.863282,73.366688,30.5,26.2,23.3,21.4,1.37,6.0
35377,18.955881,73.526515,37.5,25.6,18.1,20.5,1.37,5.7
35378,14.067731,75.18594,17.4,46.5,20.3,15.2,1.33,6.1
35379,12.068226,76.176804,21.1,41.7,24.6,17.2,1.2,5.6
35381,16.066996,74.141812,19.4,38.2,20.6,21.6,1.25,6.2
35382,11.006029,76.954699,0.0,0.0,0.0,0.0,0.0,0.0
35383,9.179617,76.685177,22.5,37.8,27.0,24.0,1.16,5.2
35384,12.634426,75.0101,28.9,48.0,12.7,21.2,1.24,5.6
35385,11.710157,76.165135,24.0,42.1,19.7,19.3,1.14,5.4
35386,16.090259,74.710388,19.9,45.1,13.2,10.7,1.37,6.5
35387,9.008679,77.241578,23.0,38.2,22.4,23.1,1.4,5.5
35388,14.954562,74.77947,16.8,46.1,23.9,15.6,1.26,5.6
35389,11.610409,76.520075,20.0,42.6,24.3,19.0,1.14,5.6
35390,9.496599,76.856428,24.3,38.0,26.3,24.6,1.16,5.3
35391,16.213114,74.523002,28.9,34.1,19.3,10.0,1.42,6.2
35392,12.852747,76.254624,25.1,43.1,17.6,14.5,1.33,7.2
35393,18.301591,73.288728,33.0,27.8,22.0,13.2,1.42,6.1
35394,10.775227,76.552421,20.7,51.1,15.7,20.6,1.23,5.3
35395,12.915534,75.003816,35.8,49.2,10.4,21.9,1.2,5.5
35396,12.150579,76.100252,21.1,41.4,24.7,19.2,1.27,5.7
35397,14.194388,74.589609,18.7,46.8,19.4,20.5,1.23,5.5
35398,14.418989,74.583315,17.6,49.6,20.1,18.0,1.37,5.5
35399,10.33344,76.757903,30.2,35.3,21.5,32.4,1.08,5.2
35401,14.49377,74.65547,15.0,45.8,22.0,27.8,1.22,5.5
35402,10.067603,76.242707,0.0,0.0,0.0,0.0,0.0,0.0
35403,10.924448,77.085549,17.4,44.4,15.7,13.4,1.46,8.2
35404,10.535711,77.03222,18.8,42.6,19.8,18.9,1.39,6.3
35405,9.09631,77.716251,29.2,36.4,18.2,14.9,1.45,7.4
35406,13.079581,75.016366,31.8,48.1,11.2,21.1,1.2,5.7
35407,8.554379,77.083537,28.4,37.3,20.2,24.5,1.3,5.3
35408,10.440033,76.401678,24.2,43.8,18.7,29.6,1.1,5.3
35410,19.121586,74.038063,33.8,25.5,20.9,12.8,1.48,7.0
35411,9.162532,76.569883,23.0,32.2,31.3,23.0,1.16,5.3
35412,18.988793,73.653832,37.2,25.0,21.2,18.1,1.37,6.6
35413,16.262744,74.190902,17.2,42.4,20.9,14.5,1.32,6.2
35414,16.026098,74.518355,21.2,40.8,17.8,13.9,1.32,6.1
35415,15.857314,73.784276,25.9,31.4,19.1,14.5,1.4,6.0
35416,13.013392,75.226047,24.3,47.2,17.5,18.2,1.25,5.5
35418,9.357198,77.592618,32.1,36.4,15.7,14.0,1.5,7.4
35419,12.711552,75.09398,27.8,48.5,15.0,28.8,1.13,5.5
35420,12.111584,76.202406,22.5,45.1,17.2,17.6,1.22,5.7
35421,16.517438,73.613276,29.6,32.2,21.0,17.8,1.35,6.1
35422,18.457148,73.477342,36.2,28.0,17.7,24.6,1.27,5.7
35423,10.14544,76.995107,32.1,28.9,27.5,46.6,0.97,5.1
35424,11.22043,77.071225,17.3,45.1,14.5,12.5,1.44,7.7
35426,18.768722,73.71121,28.2,34.3,18.7,13.6,1.48,6.4
35427,11.002516,76.140138,24.1,53.7,14.5,21.6,1.2,5.2
35428,10.708591,76.984251,17.6,45.6,15.3,14.3,1.42,6.3
35429,8.982541,77.678371,22.8,38.1,22.2,23.9,1.4,6.9
35430,12.443245,76.330513,27.9,41.8,16.8,10.2,1.34,7.0
35431,16.137725,74.698476,23.5,36.7,18.7,9.6,1.4,6.7
35433,15.197709,74.422577,16.7,45.7,18.9,22.0,1.16,5.4
35434,10.235747,76.229229,0.0,0.0,0.0,0.0,0.0,0.0
35435,9.6395,77.245286,30.5,39.2,19.0,21.4,1.3,5.8
35436,17.414942,73.693962,27.5,31.5,19.1,23.9,1.18,5.6
35437,12.900001,74.872989,32.3,49.6,10.8,20.9,1.25,5.8
35438,13.809421,75.859526,19.8,42.0,16.4,19.2,1.28,6.2
35439,17.946636,73.379423,32.4,25.6,24.1,19.3,1.38,5.9
35441,16.171608,74.097683,26.7,38.9,17.4,22.6,1.27,5.8
35442,16.123506,74.390296,17.9,37.0,20.1,15.2,1.3,6.0
35443,14.521997,74.598495,15.6,45.4,21.9,20.1,1.29,5.4
35444,9.397575,76.687438,23.8,37.1,25.8,26.2,1.14,5.3
35445,13.048358,75.937799,27.3,39.5,21.9,12.8,1.29,6.1
35446,15.207415,74.715139,17.5,43.6,17.9,14.6,1.29,5.8
35447,17.965269,73.143373,25.3,32.8,23.3,18.0,1.39,6.1
35449,17.622951,73.33325,25.0,32.6,25.9,21.4,1.27,6.0
35450,10.800502,77.617906,19.6,43.7,21.6,13.3,1.5,6.8
35451,16.458641,73.616468,24.4,30.0,21.4,17.8,1.4,6.0
35452,9.749535,77.872883,23.4,44.8,15.2,14.9,1.58,7.6
35453,10.909328,76.298793,21.2,43.4,23.5,23.0,1.22,5.4
35454,9.490299,77.195104,32.3,30.8,22.9,33.6,1.1,5.3
35455,12.008184,76.504766,26.5,39.8,18.0,13.1,1.3,6.7
35456,16.326811,74.329881,19.7,36.0,21.0,15.4,1.3,6.0
35457,11.748947,76.888226,23.4,43.0,21.3,12.2,1.35,7.2
35458,13.504091,75.824104,21.1,39.7,24.3,21.1,1.23,6.0
35460,14.212444,75.551237,24.2,34.3,29.5,11.9,1.4,6.8
35461,13.592339,75.635757,22.2,37.7,22.5,26.8,1.11,5.6
35462,11.636369,75.892827,30.7,39.2,17.8,33.0,1.01,5.3
35463,9.450784,76.772791,23.8,39.1,26.9,26.0,1.12,5.3
35464,18.450752,73.17831,40.2,29.0,20.0,13.7,1.46,6.2
35466,14.012173,75.80243,18.4,47.5,15.1,13.0,1.4,6.6
35467,17.401438,73.753335,0.0,0.0,0.0,0.0,0.0,0.0
35468,13.045457,75.855847,24.9,40.8,19.7,18.2,1.25,5.6
35469,15.183887,74.668722,17.7,45.0,19.1,15.5,1.36,5.9
35470,15.882142,74.299583,22.8,38.3,17.6,13.3,1.3,6.2
35471,18.596827,73.857377,36.2,31.3,17.6,9.8,1.59,6.8
35472,18.577505,73.498452,35.5,26.4,19.4,21.1,1.37,6.2
35473,14.508398,74.968342,17.3,46.0,17.9,12.6,1.31,6.3
35474,16.710175,73.481888,26.0,28.7,23.0,17.8,1.37,6.1
35475,8.612103,77.100259,28.0,33.0,22.2,29.9,1.18,5.2
35477,14.060158,74.675435,19.5,46.4,22.0,31.6,1.1,5.6
35478,9.794187,77.282137,27.9,36.3,18.8,21.9,1.37,6.2
35479,15.249042,74.978839,26.1,36.9,24.9,10.0,1.42,6.4
35480,16.144175,73.817998,28.5,30.8,21.0,19.0,1.35,6.1
35481,9.042308,76.775882,25.3,37.2,23.2,23.8,1.15,5.3
35482,18.784611,73.312707,41.0,32.4,21.2,16.4,1.4,6.6
35483,9.914673,77.136431,29.4,28.8,31.0,32.0,1.1,5.2
35485,11.517735,76.346758,20.4,42.7,25.2,22.2,1.12,5.3
35486,8.802938,76.745261,27.9,34.6,26.8,25.9,1.21,5.2
35487,10.844799,76.936232,19.4,40.7,19.7,14.0,1.44,6.6
35488,16.658469,74.351019,19.8,36.4,16.1,10.2,1.48,6.7
35489,12.493112,76.319836,21.8,39.9,19.1,11.0,1.37,6.8
35490,9.41189,77.426877,21.0,41.0,22.0,18.5,1.4,6.4
35491,16.337629,73.615108,24.7,29.8,24.7,19.2,1.3,5.5
35492,12.378397,76.253947,29.7,41.5,16.5,11.0,1.34,6.9
35493,16.00533,74.773687,18.1,40.7,20.1,12.1,1.34,6.1
35494,18.038593,73.254463,24.1,34.7,19.7,19.3,1.36,5.9
35495,18.756959,73.547961,35.0,27.3,21.4,17.0,1.36,6.4
35496,12.046396,76.648695,25.5,38.9,22.0,12.9,1.33,7.3
35497,10.164342,77.613155,28.9,39.2,15.4,37.5,1.18,6.1
35498,18.81005,74.066826,30.4,27.8,24.5,10.0,1.55,7.2
35499,10.225353,76.210434,0.0,0.0,0.0,0.0,0.0,0.0
35500,10.136014,76.445777,25.5,41.4,17.8,20.3,1.18,5.4
35501,17.832692,73.196672,31.0,29.9,20.9,18.8,1.38,6.1
35503,14.678041,74.924646,18.4,47.4,18.7,15.8,1.35,6.3
35504,15.807248,74.090545,23.3,34.6,19.8,23.4,1.29,5.8
35505,12.891654,75.518933,28.6,47.0,14.9,27.4,1.14,5.3
35507,14.86446,74.754317,15.7,47.1,25.0,25.5,1.2,5.5
35508,14.172007,74.526731,23.3,46.9,19.7,27.0,1.18,5.6
35509,18.631982,72.93391,30.7,33.2,24.4,11.2,1.44,6.4
35510,18.010282,74.106475,31.7,32.7,14.1,10.2,1.54,6.8
35512,10.269824,76.279665,22.5,48.6,15.2,20.7,1.24,5.2
35513,15.914022,74.303061,20.6,43.7,14.5,15.8,1.31,6.1
35514,13.678902,75.273688,20.9,43.8,17.0,22.5,1.18,5.4
35515,16.901276,74.259761,18.5,37.8,19.9,12.7,1.4,6.6
35516,14.731255,74.417151,17.8,45.0,21.6,28.2,1.23,5.5
35517,16.793358,74.154424,22.0,39.2,20.6,15.2,1.37,6.1
35518,14.028868,75.47953,20.2,36.9,20.7,10.3,1.36,6.4
35519,10.556535,76.81619,19.1,44.1,21.8,25.1,1.23,5.5
35520,10.554835,77.105213,14.4,45.8,19.4,13.8,1.4,7.2
35521,13.217635,76.085941,20.0,40.7,19.6,12.6,1.38,7.2
35522,16.422269,73.500613,24.9,36.6,20.3,19.9,1.4,6.2
35523,13.476132,75.537604,25.1,41.6,15.3,23.2,1.16,5.3
35525,8.472158,77.288424,30.3,30.5,25.3,29.0,1.23,5.7
35526,8.742939,77.033872,32.3,33.5,19.8,24.3,1.32,5.3
35527,15.229434,74.088523,23.8,32.9,23.9,17.0,1.35,6.2
35528,17.315863,74.190304,23.8,36.7,14.8,10.8,1.44,6.8
35529,16.049161,74.047462,27.5,35.2,17.0,20.4,1.2,6.2
35530,15.644827,74.840766,23.7,33.6,33.1,9.9,1.37,6.3
35531,12.102776,76.250824,26.7,42.0,17.9,12.0,1.26,6.1
35532,13.140887,75.028606,33.1,49.1,11.7,19.9,1.2,5.5
35533,17.631252,73.199716,29.6,30.8,23.0,16.0,1.38,6.2
35534,10.66364,76.254055,22.7,44.0,19.0,23.0,1.23,5.3
35535,16.206053,74.403263,22.8,38.4,17.6,12.4,1.34,6.3
35536,16.416837,74.411192,25.9,31.5,25.5,10.3,1.42,6.5
35537,12.53197,76.01089,32.5,33.8,22.8,12.0,1.26,6.2
35538,18.180934,73.052975,32.2,32.5,21.7,21.4,0.98,6.2
35539,12.957516,75.590264,24.8,42.6,18.4,30.0,1.09,5.4
35540,15.006286,74.545893,19.3,42.9,24.4,21.6,1.24,5.5
35541,11.250043,76.355926,24.9,43.2,18.2,24.1,1.14,5.5
35542,13.500482,74.750643,25.8,42.5,17.8,21.2,1.2,6.0
35543,9.298519,77.016001,20.8,35.6,23.6,30.9,1.1,5.1
35544,13.615616,75.744549,18.2,44.8,18.9,17.2,1.28,6.0
35545,11.60226,76.845472,21.8,37.8,29.2,17.9,1.3,7.0
35546,9.469181,77.337792,28.9,33.7,22.8,35.5,1.1,5.5
35547,9.189454,77.300193,31.3,30.5,21.3,40.9,1.16,5.6
35548,12.698559,75.161329,26.5,49.1,13.7,21.1,1.12,5.5
35549,10.415247,77.51275,21.4,45.6,15.4,14.5,1.4,6.7
35550,13.073319,75.006141,31.3,48.9,11.7,23.0,1.18,5.5
35551,10.256309,77.947267,24.9,42.6,20.7,18.0,1.38,6.7
35552,13.962687,74.835513,15.6,50.8,21.9,21.1,1.27,5.5
35553,18.387386,73.306856,30.7,32.4,23.2,16.0,1.37,6.2
35556,15.170071,73.972397,0.0,0.0,0.0,0.0,0.0,0.0
35557,9.48292,77.381193,29.3,32.1,24.8,37.1,1.06,5.6
35558,13.179081,76.084312,16.8,43.4,21.1,16.1,1.28,6.8
35559,14.264098,74.880168,17.0,39.5,20.8,15.4,1.32,5.6
35560,13.924962,75.319693,17.5,39.5,24.5,23.7,1.2,5.6
35561,17.496045,73.754681,31.4,29.4,21.7,25.3,1.23,5.6
35562,10.672849,76.989944,17.3,46.5,13.9,12.9,1.48,6.8
35563,17.949397,73.800567,25.2,32.4,25.2,15.4,1.31,6.3
35564,9.535444,76.935857,26.0,36.2,24.2,31.1,1.09,5.2
35565,12.146095,76.569318,26.8,37.9,21.1,11.3,1.36,7.3
35566,14.23204,75.58154,27.8,30.4,30.3,10.3,1.4,6.9
35567,18.218697,73.531128,39.4,29.3,15.8,24.0,1.35,5.6
35568,14.593311,74.706501,16.2,48.0,18.7,19.2,1.2,5.5
35569,15.341294,74.932557,24.8,36.1,25.9,13.5,1.33,6.1
35570,15.93293,74.804357,23.8,35.0,27.7,11.1,1.33,6.7
35571,18.169723,73.153491,22.7,36.3,19.4,22.0,1.28,6.2
35572,15.837258,74.169296,23.0,37.9,18.7,23.1,1.23,6.2
35573,18.036973,73.755669,30.7,28.4,23.7,19.8,1.36,6.3
35574,18.189429,73.619267,36.9,28.5,17.7,22.5,1.35,6.3
35575,11.064,75.965642,27.0,56.2,12.2,21.0,1.2,5.3
35576,11.100658,76.589742,24.5,38.8,23.3,23.0,1.23,5.7
35577,14.67876,74.658797,16.8,48.4,18.7,19.1,1.27,5.5
35578,13.892959,74.988882,15.3,49.4,20.4,19.0,1.27,6.1
35579,18.885324,73.034095,34.5,30.5,26.0,13.1,0.92,6.6
35580,10.579014,76.173283,23.2,41.8,18.2,20.6,1.21,5.2
35581,12.43379,75.183072,28.6,49.1,12.1,24.5,1.12,5.5
35582,10.469202,77.866443,17.0,45.0,21.7,13.5,1.45,7.5
35583,9.521049,76.992556,25.1,30.0,30.0,43.5,1.1,5.3
35584,12.313848,76.215471,25.1,40.7,21.1,12.6,1.3,6.8
35585,10.65565,77.138925,20.8,45.3,16.6,15.8,1.42,6.7
35586,18.755687,73.578077,32.6,27.6,22.8,14.9,1.41,6.3
35587,13.502909,75.181754,23.5,47.5,17.6,23.5,1.18,5.5
35588,17.506339,73.570088,30.8,23.4,27.6,18.8,1.37,6.0
35589,16.754026,74.088,16.3,40.7,25.1,17.0,1.39,6.4
35590,13.145211,75.102951,30.2,48.0,15.2,29.1,1.14,5.5
35592,12.923903,75.438357,24.4,53.7,14.8,18.2,1.25,5.4
35593,14.376549,75.142066,26.1,33.9,27.9,12.9,1.4,6.3
35594,12.646495,74.979766,30.2,50.8,11.0,18.1,1.23,5.7
35595,10.914285,77.130575,20.2,41.8,16.7,13.3,1.42,8.2
35596,13.643352,75.727759,17.5,41.7,19.6,17.0,1.32,6.3
35597,16.717992,73.725198,24.6,28.9,23.2,19.2,1.35,6.0
35598,10.240958,77.77648,22.1,42.8,18.5,25.9,1.32,6.8
35599,9.88021,77.551083,22.5,42.4,16.3,31.0,1.2,6.0
35600,11.827679,76.165583,23.1,37.9,24.4,19.4,1.2,5.8
35601,13.391977,75.296369,25.2,43.8,16.2,24.9,1.2,5.5
35602,10.118572,76.441472,0.0,0.0,0.0,0.0,0.0,0.0
35603,13.607374,75.147424,19.5,44.0,18.6,25.8,1.18,5.4
35604,9.558592,77.131594,30.3,31.4,25.2,35.3,1.03,5.1
35605,11.850412,76.194084,24.1,40.3,22.6,21.8,1.18,5.6
35606,10.057283,76.778067,27.0,34.1,23.1,27.2,1.12,5.2
35607,16.714433,74.194882,19.6,35.8,19.4,11.2,1.36,6.4
35608,12.884023,75.701037,24.4,39.9,23.3,27.3,1.08,5.4
35609,13.708732,75.412162,16.9,41.8,19.2,19.2,1.29,5.9
35610,14.849085,74.535392,21.2,47.7,19.3,22.4,1.21,5.5
35611,15.80945,73.645653,0.0,0.0,0.0,0.0,0.0,0.0
35612,9.348972,76.534733,22.1,31.1,34.4,26.0,1.2,5.2
35613,16.341504,73.598581,22.8,31.8,24.3,20.0,1.3,5.8
35614,10.005258,76.376705,24.6,30.9,29.8,22.6,1.2,5.1
35615,12.34834,76.45209,26.0,41.0,20.3,12.1,1.35,7.1
35616,13.990391,75.330107,19.9,42.1,18.3,16.0,1.31,6.0
35617,9.331326,77.270074,29.2,34.0,25.0,30.9,1.1,5.2
35618,17.074212,73.378093,21.4,33.1,28.0,17.0,1.43,6.1
35619,13.097633,75.435575,33.8,44.1,13.3,32.0,1.05,5.4
35620,11.229601,77.310216,19.1,37.3,25.3,15.0,1.4,7.4
35621,14.162998,75.139683,16.0,50.7,16.5,18.2,1.3,5.8
35622,14.690129,74.275495,0.0,0.0,0.0,0.0,0.0,0.0
35623,10.922218,76.098794,23.6,48.7,16.4,19.9,1.2,5.3
35624,13.180185,75.387514,24.4,38.1,23.1,31.6,1.06,5.4
35625,12.487207,75.24414,28.0,52.0,13.7,24.6,1.12,5.4
35626,17.824868,73.476748,34.8,28.3,22.6,23.7,1.36,5.7
35627,15.977462,73.871533,26.9,34.7,21.8,21.3,1.32,5.4
35628,9.745319,76.438322,21.8,22.3,37.3,26.8,1.16,5.3
35629,15.164367,74.276693,18.3,41.1,20.9,22.0,1.23,5.6
35630,15.570661,74.337439,17.7,45.6,18.2,20.9,1.24,5.5
35631,15.230527,74.313233,16.9,47.1,19.5,21.4,1.27,5.6
35632,12.429667,76.448216,24.6,39.7,19.5,10.3,1.39,6.8
35633,8.969592,77.304851,19.0,39.6,22.9,19.0,1.4,5.8
35634,12.623268,76.205183,24.5,45.2,16.7,11.0,1.36,6.9
35635,17.889201,73.704895,36.0,28.1,19.2,29.9,1.16,5.6
35636,16.372803,74.454791,22.1,35.2,20.3,11.1,1.4,6.5
35638,9.869364,77.004394,21.7,41.0,23.6,29.2,1.12,5.1
35639,17.065836,73.881917,28.6,32.7,19.4,18.8,1.26,6.0
35640,14.05636,75.515054,18.7,37.5,22.1,11.9,1.4,6.4
35641,15.65963,73.903311,21.3,34.2,26.6,18.1,1.37,6.0
35642,12.729921,75.564786,22.8,53.2,15.8,16.1,1.21,5.4
35643,15.917783,73.857233,28.6,35.1,17.8,18.3,1.32,5.7
35644,13.35972,74.930328,32.3,45.5,13.1,21.7,1.15,5.7
35645,11.986101,75.423714,26.5,44.8,15.0,26.1,1.15,5.6
35646,10.431762,77.213862,22.1,43.0,23.4,31.7,1.18,5.8
35647,16.319455,74.278506,25.5,33.0,18.8,10.3,1.38,6.2
35649,14.132712,75.24405,22.7,41.7,15.0,16.0,1.3,6.2
35650,18.954982,73.970985,25.2,35.3,17.0,11.0,1.53,6.9
35651,11.115707,76.618794,30.6,33.3,18.6,23.8,1.23,5.7
35652,9.468454,76.496579,0.0,0.0,0.0,0.0,0.0,0.0
35653,14.883609,74.185528,19.2,30.3,25.8,20.0,1.25,5.5
35654,10.950636,77.218915,17.7,42.7,18.0,17.0,1.42,7.7
35655,10.543582,77.727248,17.2,43.3,23.3,12.0,1.46,7.6
35656,10.17591,77.922035,24.2,38.0,19.8,20.3,1.38,7.2
35657,18.411654,73.404501,32.4,28.4,21.6,22.8,1.3,6.1
35658,13.223466,75.209056,29.2,42.1,16.7,29.3,1.14,5.4
35659,11.044884,76.237252,23.5,51.5,18.7,21.9,1.2,5.4
35660,13.808531,74.739359,22.8,55.5,14.5,21.0,1.23,5.9
35661,14.399546,74.496661,15.0,50.1,21.0,24.2,1.23,5.5
35662,8.869287,77.669663,20.7,36.4,24.5,16.0,1.5,7.1
35663,11.724391,76.687138,27.2,43.5,18.0,10.3,1.36,6.7
35664,15.883045,74.378002,19.9,41.0,17.1,18.6,1.29,6.2
35665,13.961562,75.123642,17.2,46.3,23.8,21.0,1.28,5.7
35666,16.402612,74.576249,26.9,36.8,15.9,12.5,1.4,6.7
35667,16.988803,73.445295,27.7,30.5,24.2,20.0,1.37,6.1
35668,11.474,75.83674,27.7,53.9,12.2,21.2,1.09,5.4
35669,16.597396,74.082867,16.6,43.1,23.2,18.7,1.33,6.4
35670,14.371768,75.480828,25.1,35.8,21.1,10.0,1.42,6.6
35671,13.496449,75.694753,23.0,38.7,16.9,23.0,1.2,5.5
35672,15.28402,74.254429,19.0,40.6,24.2,24.8,1.22,5.6
35673,19.26506,74.049904,36.3,21.3,26.2,18.0,1.48,6.6
35674,8.439498,77.139372,30.7,33.3,18.4,28.7,1.3,5.4
35675,9.375562,77.212442,31.9,33.4,23.6,32.0,1.1,5.2
35676,10.008691,77.32262,25.4,40.6,20.5,18.0,1.34,6.4
35677,18.150771,73.995528,0.0,0.0,0.0,0.0,0.0,0.0
35678,10.840837,77.677489,25.6,37.3,20.3,12.7,1.5,7.5
35679,13.435666,75.396965,26.7,39.1,21.4,31.7,1.1,5.4
35681,13.830702,75.043521,15.4,50.7,20.9,21.0,1.25,5.5
35682,12.633949,76.030987,24.8,42.9,18.3,11.3,1.33,6.2
35683,13.666088,75.097359,0.0,0.0,0.0,0.0,0.0,0.0
35684,9.361566,76.715516,26.0,33.9,27.6,23.7,1.2,5.3
35685,9.90588,77.804258,22.1,40.3,17.3,15.0,1.53,7.2
35686,11.454309,77.040758,18.9,45.6,21.8,20.0,1.31,6.6
35687,12.73677,75.91245,21.4,35.1,28.3,22.0,1.19,5.3
35688,17.502267,74.12136,29.7,28.7,17.6,11.0,1.54,6.8
35689,14.77278,75.052177,32.2,31.6,23.5,12.7,1.37,6.2
35691,17.400319,73.457868,28.0,28.0,22.8,16.0,1.4,5.9
35692,17.081525,74.073619,24.2,36.6,18.8,12.6,1.4,6.2
35693,15.204737,74.220225,19.1,38.0,19.3,19.2,1.34,5.8
35694,8.750742,77.499634,29.8,35.5,17.8,19.0,1.44,6.0
35695,17.911875,73.850523,23.5,31.2,23.3,22.1,1.29,6.3
35696,9.398233,76.895099,22.4,36.3,26.2,29.1,1.1,5.0
35697,17.208809,73.440674,27.3,32.3,21.9,20.3,1.28,6.1
35698,15.060755,74.416247,17.8,47.6,19.7,28.0,1.19,5.5
35699,12.966636,76.21594,18.4,39.6,20.2,10.3,1.37,7.4
35700,12.522331,76.261241,27.4,40.1,17.8,12.9,1.34,7.3
35702,13.439548,75.902252,16.8,44.3,18.5,14.7,1.33,6.8
35703,15.412225,74.126123,20.3,43.0,19.6,23.1,1.31,5.8
35704,10.616709,76.499182,21.3,55.7,16.0,20.2,1.24,5.4
35705,13.106474,75.269595,31.9,41.3,14.5,32.2,1.07,5.5
35706,16.813304,73.802575,24.6,35.9,22.8,16.8,1.33,6.2
35707,15.626742,74.705442,22.6,39.6,13.3,10.9,1.3,6.2
35708,10.992671,77.40642,17.8,39.5,21.4,10.8,1.5,7.5
35710,18.686381,73.959251,29.9,29.1,21.6,10.9,1.59,7.1
35711,12.680118,75.162701,27.2,49.1,13.7,25.8,1.12,5.4
35712,19.181377,74.018055,32.2,21.2,24.4,11.8,1.5,7.2
35713,12.098044,76.021926,20.4,41.1,24.2,18.1,1.26,5.9
35714,16.444751,73.442463,20.3,37.0,24.0,15.6,1.48,6.1
35715,13.056871,75.358026,23.7,49.2,15.5,17.5,1.29,5.4
35717,9.896769,77.224258,29.0,37.9,21.4,31.0,1.23,5.6
35718,15.296966,74.83971,28.1,32.8,28.8,13.2,1.39,6.2
35719,18.565061,73.478089,39.3,25.8,18.4,22.7,1.31,6.2
35720,9.474943,76.686108,19.4,35.6,28.4,23.7,1.2,5.3
35721,11.436739,76.965693,24.3,40.9,25.7,26.9,1.18,6.2
35722,10.875825,77.212588,20.0,46.1,18.9,15.8,1.42,7.0
35723,10.899821,75.887094,0.0,0.0,0.0,0.0,0.0,0.0
35724,12.187047,76.377025,23.6,38.9,23.6,14.2,1.36,6.7
35725,14.276898,75.070394,15.2,46.8,20.5,16.5,1.34,6.2
35726,8.620876,76.927364,29.8,35.2,19.4,23.7,1.18,5.4
35727,13.175006,74.943246,28.9,49.2,14.6,21.4,1.17,5.6
35728,10.37073,77.500031,0.0,0.0,0.0,0.0,0.0,0.0
35729,15.357392,74.831173,28.5,37.2,19.9,12.9,1.36,6.2
35730,13.693475,75.815733,19.9,40.7,18.4,12.8,1.37,6.7
35731,9.578492,77.846507,30.6,38.9,19.8,22.1,1.42,7.6
35732,15.818302,74.496912,19.3,47.6,14.8,11.2,1.37,6.0
35733,18.979013,73.791017,31.7,25.2,21.9,17.5,1.4,6.6
35735,14.091767,74.767702,16.2,49.5,19.1,30.0,1.15,5.4
35736,9.762314,76.793895,27.0,33.2,25.5,31.1,1.09,5.1
35737,14.375326,75.52359,23.7,36.7,22.2,11.0,1.4,6.6
35738,12.856808,74.998405,30.5,42.7,15.6,21.1,1.25,5.7
35739,18.429571,73.791282,23.1,35.3,20.1,13.2,1.44,6.3
35740,14.518413,75.336019,26.8,38.2,20.8,10.0,1.4,6.3
35741,9.977875,77.249472,25.1,27.5,28.6,47.0,0.97,5.3
35742,16.668426,73.648216,23.4,32.2,21.9,18.0,1.38,6.1
35743,8.768943,77.427508,21.8,37.8,22.0,18.4,1.41,6.0
35744,9.623682,76.429494,27.8,27.0,29.4,27.1,1.23,5.0
35745,9.199358,76.536276,21.6,30.3,31.0,29.0,1.23,5.4
35747,10.785175,77.724849,26.4,44.0,18.2,15.2,1.5,7.7
35748,16.055077,74.723103,25.6,33.2,24.2,11.0,1.36,6.5
35749,14.408236,74.547867,19.3,48.5,21.4,22.9,1.24,5.4
35750,16.291546,74.014285,24.8,31.8,20.6,22.9,1.3,6.0
35751,16.96198,73.390679,24.0,30.3,27.0,19.2,1.38,6.1
35752,15.644133,74.63848,17.9,47.5,16.0,12.2,1.35,6.2
35753,12.770872,76.304634,26.4,41.7,17.7,10.3,1.34,7.4
35754,8.809797,76.943318,33.0,31.6,20.1,23.4,1.15,5.3
35755,16.281328,74.667028,20.1,34.5,27.4,12.2,1.4,7.0
35756,16.400896,74.25604,22.8,34.3,20.5,11.2,1.37,6.3
35757,8.779243,76.682337,0.0,0.0,0.0,0.0,0.0,0.0
35758,13.498042,74.976554,31.5,48.0,11.9,21.4,1.25,5.8
35759,14.475379,74.532012,19.1,45.1,19.6,21.8,1.23,5.4
35760,18.507238,74.056054,26.5,33.4,18.4,10.8,1.48,7.1
35761,12.46671,76.453423,22.2,39.5,16.8,19.5,1.32,7.3
35762,10.749614,77.477759,26.0,37.3,20.6,13.3,1.42,7.1
35763,11.661809,75.885767,31.1,42.8,15.5,31.1,1.06,5.3
35764,14.647505,74.783355,14.5,48.4,21.4,14.6,1.31,5.6
35765,9.18895,76.49233,23.1,36.1,29.1,28.2,1.23,5.5
35766,12.35623,76.06806,25.5,39.0,22.3,10.8,1.25,6.2
35767,10.772376,77.040634,16.7,42.8,16.4,14.8,1.48,7.0
35768,10.671121,76.861964,21.0,38.5,22.6,19.1,1.4,5.7
35769,11.543263,76.44525,22.0,41.3,23.8,21.1,1.21,5.5
35770,9.667744,77.803749,20.5,43.1,18.1,13.6,1.58,7.6
35772,18.682488,73.092849,33.4,34.0,22.3,15.0,1.4,6.3
35773,18.533587,73.109443,29.2,35.2,19.2,16.1,1.38,6.1
35774,17.58198,74.139395,33.0,26.6,21.7,9.4,1.5,7.2
35775,10.883791,76.917898,15.3,51.6,16.7,11.7,1.42,7.0
35776,10.663292,77.13132,18.0,46.2,17.0,18.2,1.4,6.7
35777,14.618769,74.828471,14.6,46.9,21.0,16.2,1.39,6.2
35778,9.133957,77.262958,31.4,32.3,21.5,35.0,1.1,5.4
35779,9.023041,77.398489,17.7,40.3,21.3,17.0,1.4,6.2
35780,15.17094,74.065878,23.8,36.4,19.1,15.2,1.38,6.0
35782,17.841225,74.105435,42.0,26.9,19.4,12.1,1.48,7.0
35783,14.766155,74.713863,16.2,48.8,19.7,19.3,1.24,5.6
35784,8.328118,77.226227,23.5,37.4,24.4,26.0,1.45,5.4
35786,18.17403,73.690519,36.5,26.1,18.1,20.9,1.36,6.2
35787,18.841189,73.985275,24.9,33.1,20.2,12.9,1.54,7.0
35788,8.807257,76.774359,30.6,33.6,22.9,23.0,1.19,5.2
35789,10.147124,76.295763,26.5,37.7,17.9,22.0,1.2,5.3
35790,15.612642,74.540184,23.5,37.7,15.9,12.1,1.3,6.1
35791,16.966787,74.131479,24.1,36.6,19.0,10.3,1.42,6.4
35792,16.311928,74.205695,20.8,30.9,26.0,15.7,1.34,6.1
35793,11.296711,76.116798,25.7,47.7,15.0,28.0,1.08,5.4
35794,11.736903,75.739479,26.3,47.3,17.5,27.1,1.08,5.4
35795,12.714587,76.311029,27.4,42.0,16.8,11.8,1.29,7.4
35796,15.437225,74.783774,30.9,32.2,19.1,12.1,1.4,6.3
35797,16.3643,74.31038,25.3,35.3,21.3,10.6,1.36,6.2
35798,11.341386,76.241334,25.5,47.8,18.8,24.6,1.16,5.4
35799,15.684579,74.988023,29.2,31.4,28.8,12.3,1.41,7.4
35800,19.251932,74.010986,45.8,20.1,22.7,11.3,1.44,6.9
35802,18.724968,73.664359,29.1,27.6,21.2,13.5,1.44,6.6
35803,13.53124,75.833063,21.1,39.3,21.2,17.0,1.27,6.2
35804,8.828641,77.612591,24.0,36.6,19.6,14.9,1.42,6.8
35805,17.754262,73.82584,26.9,28.0,27.2,19.5,1.26,6.0
35806,11.880477,75.566157,21.9,37.2,20.4,27.8,1.12,5.4
35807,10.49374,77.564252,17.2,42.4,20.2,14.5,1.46,6.9
35808,13.629164,75.0605,0.0,0.0,0.0,0.0,0.0,0.0
35809,12.016214,76.366815,25.0,41.4,17.5,14.1,1.33,6.0
35810,16.292248,74.486052,24.0,38.3,17.0,11.0,1.38,6.4
35811,16.849615,73.651465,24.2,30.1,21.6,18.5,1.4,5.9
35812,11.995221,75.35055,27.0,47.1,15.0,24.0,1.2,5.6
35813,14.068182,74.583839,16.0,47.2,19.6,25.4,1.26,5.6
35814,10.923502,75.936909,24.5,45.4,18.6,21.7,1.18,5.3
35815,11.317166,76.023752,27.7,48.5,14.9,24.6,1.18,5.4
35816,11.994829,75.910784,29.8,41.6,19.5,31.2,1.1,5.4
35817,10.986599,77.012573,18.0,49.1,15.7,15.8,1.46,6.6
35818,14.530746,74.456992,21.9,47.8,20.3,28.9,1.25,5.5
35819,11.589585,76.840885,24.3,39.2,22.7,19.2,1.3,6.6
35820,8.915413,77.341471,21.1,48.8,17.2,18.1,1.4,5.8
35821,11.30885,76.865672,25.5,38.2,21.6,28.1,1.25,6.1
35822,11.638084,75.908288,30.2,38.2,20.3,36.1,1.04,5.4
35823,10.238938,77.209122,29.2,33.0,25.1,38.3,1.01,5.3
35824,10.995891,77.490613,19.7,41.5,17.2,14.2,1.5,7.5
35825,9.801757,77.366696,21.9,46.9,20.2,20.5,1.36,6.2
35827,10.246339,77.243195,26.3,33.5,26.3,49.6,1.06,5.5
35828,17.551585,74.04549,25.8,33.3,21.7,12.4,1.51,6.8
35829,10.86725,76.469467,21.6,43.1,21.9,22.4,1.23,5.3
35830,9.837238,76.711542,30.6,34.2,20.6,31.2,1.09,5.3
35831,11.006747,76.623596,25.8,36.2,22.6,27.1,1.16,5.4
35833,10.521685,76.92058,22.0,41.9,20.0,23.0,1.27,5.7
35834,18.963007,73.413214,34.0,33.3,21.3,12.4,1.38,6.4
35835,17.334309,73.776537,29.6,28.3,20.2,18.0,1.3,6.3
35836,17.378326,74.18803,34.8,28.1,20.8,10.4,1.48,6.7
35837,14.348936,75.549512,26.0,32.0,34.7,10.8,1.4,6.8
35838,14.687214,74.844881,15.7,50.9,19.4,15.8,1.32,5.7
35839,15.664455,74.254754,27.9,36.6,18.5,26.8,1.2,6.1
35840,15.107694,75.174721,34.1,31.5,29.2,11.6,1.39,6.8
35841,18.356236,73.056464,27.0,35.8,23.0,17.0,1.37,6.2
35842,14.178918,74.836183,15.8,47.4,20.9,20.8,1.29,5.5
35843,9.917658,77.799796,21.9,43.6,16.2,14.0,1.56,7.2
35844,15.174418,75.021039,37.1,30.6,19.4,10.0,1.42,6.6
35846,9.651911,77.458099,22.1,44.8,18.7,26.0,1.3,6.2
35847,12.847033,76.121759,28.5,40.8,17.3,10.8,1.35,6.8
35848,15.226048,74.173731,21.0,33.6,28.3,17.9,1.37,6.1
35849,18.237927,73.624101,39.3,25.6,20.5,19.9,1.35,6.1
35850,13.852479,74.792086,21.4,44.5,18.8,22.9,1.22,5.5
35851,11.706741,76.462036,22.2,41.0,22.7,19.2,1.2,5.6
35852,17.329834,73.760961,30.3,27.6,20.8,21.5,1.27,6.3
35853,16.683624,73.684871,21.8,33.2,25.8,20.6,1.38,6.1
35854,10.795387,77.744007,28.6,39.6,19.5,15.0,0.0,7.8
35855,15.603957,73.967204,24.4,33.0,18.4,17.1,1.45,6.0
35856,15.873875,74.155668,21.9,38.8,20.5,23.0,1.25,6.2
35857,15.359466,74.457628,18.1,44.6,21.9,17.9,1.24,5.7
35858,9.432706,76.775936,22.1,40.0,26.6,23.6,1.12,5.2
35859,17.059398,74.12455,28.9,41.2,16.3,13.5,1.42,6.2
35861,9.707366,77.755244,27.3,38.7,20.2,17.4,1.46,7.3
35862,17.805365,73.901439,28.0,30.9,22.6,16.8,1.37,6.4
35863,10.232312,76.610661,25.6,41.8,20.9,27.8,1.11,5.1
35864,17.025824,73.30212,14.6,37.1,27.0,17.8,1.42,6.2
35865,16.881406,73.309157,16.6,38.2,24.5,19.4,1.35,6.3
35866,17.824519,73.83102,30.2,29.2,25.8,19.9,1.27,6.1
35867,11.87847,76.669848,22.9,38.9,22.1,12.7,1.35,7.1
35868,18.971118,73.644069,35.3,24.7,22.7,15.4,1.38,6.4
35869,11.145105,76.150142,25.7,49.5,17.5,21.6,1.2,5.4
35870,10.994807,76.49848,20.5,44.0,23.6,23.0,1.2,5.4
35871,14.219984,75.048816,16.4,46.6,18.7,14.2,1.3,6.1
35872,10.984009,77.533406,20.0,40.7,22.4,12.3,1.48,7.7
35873,10.177789,76.4905,23.3,43.9,18.8,22.2,1.21,5.4
35874,14.925505,74.715314,16.5,46.6,20.7,20.1,1.27,5.6
35875,14.615035,74.967614,17.8,44.4,18.7,15.2,1.33,5.9
35876,13.247023,75.58642,31.2,45.9,16.0,27.8,1.1,5.5
35877,10.232977,76.969988,31.3,33.5,23.0,32.2,1.06,5.2
35878,11.417106,75.761334,27.7,52.2,13.0,25.6,1.27,5.5
35879,10.451398,77.721155,25.7,44.3,14.0,23.2,1.27,6.7
35880,8.941794,76.837583,29.1,33.1,25.3,26.4,1.16,5.2
35881,11.305866,77.005901,19.2,45.5,18.1,15.9,1.39,6.7
35882,13.938362,74.807455,18.1,49.4,20.3,26.0,1.22,5.4
35883,17.209749,74.226637,20.9,36.9,16.3,12.0,1.49,6.6
35884,13.175726,74.999388,25.7,49.1,13.4,22.0,1.2,5.7
35885,11.928987,75.403036,24.5,43.2,17.4,20.2,1.1,5.6
35886,9.255258,77.533611,25.2,42.0,19.8,14.8,1.4,6.8
35887,13.258946,75.64641,27.2,42.7,18.3,24.2,1.17,5.6
35888,16.522508,74.173759,16.5,36.0,23.5,15.0,1.4,6.5
35889,18.603352,72.91254,29.5,34.3,21.4,15.0,1.23,6.5
35890,18.587933,73.639983,30.4,32.0,17.6,14.9,1.43,6.3
35891,16.795299,73.368951,22.8,33.6,23.8,15.0,1.4,6.0
35892,9.588796,77.443744,28.9,39.3,20.1,32.6,1.1,5.6
35893,11.459627,76.22161,27.5,49.6,15.8,23.0,1.14,5.4
35894,10.594882,76.014263,23.5,22.1,26.6,24.4,1.12,5.3
35895,13.642725,75.819093,19.5,40.2,25.9,9.2,1.37,7.0
35896,16.137828,74.680484,26.1,41.5,13.0,9.7,1.39,6.6
35897,17.30382,73.671632,29.4,29.8,17.0,22.9,1.34,5.6
35898,9.20852,76.785971,25.1,36.5,27.0,21.2,1.1,5.3
35899,15.490209,74.784951,32.6,30.9,20.9,11.2,1.4,6.1
35900,18.813444,73.699937,34.6,27.2,17.4,20.0,1.4,6.4
35902,10.798162,76.152806,23.4,44.5,17.9,22.0,1.19,5.2
35903,13.838277,75.649814,19.5,39.6,18.5,12.5,1.4,6.4
35904,18.169376,73.093331,29.1,35.4,20.7,27.1,0.96,6.4
35905,10.692833,77.367818,18.3,41.3,18.4,12.6,1.48,6.9
35906,10.935846,76.270669,22.4,48.1,18.5,22.9,1.2,5.4
35907,15.393685,74.34899,17.2,42.7,21.7,19.8,1.29,5.6
35909,15.804526,74.468683,20.1,42.9,17.7,14.6,1.3,6.1
35910,10.734868,77.213397,17.2,45.6,17.3,14.5,1.48,7.4
35911,9.383386,77.415045,22.4,41.2,21.4,21.5,1.36,6.2
35912,9.38527,77.521503,26.1,35.3,18.6,14.6,1.5,7.1
35913,10.178548,77.481028,23.7,35.5,22.9,32.0,1.11,5.5
35914,15.791834,74.663036,32.0,30.7,24.3,10.7,1.38,6.5
35915,18.824666,73.638723,30.8,28.1,24.7,13.0,1.4,6.4
35916,9.390882,76.885734,22.3,36.4,26.9,29.2,1.11,5.0
35917,13.139595,75.668734,23.0,41.2,23.1,23.7,1.14,5.5
35918,15.395683,74.724091,28.3,32.2,20.6,11.5,1.38,6.1
35919,9.983389,77.478693,21.7,44.4,16.5,17.0,1.42,6.7
35920,11.195449,75.903381,27.7,55.7,11.5,21.4,1.23,5.4
35921,10.377152,77.884703,15.8,46.5,21.2,12.7,1.5,7.7
35922,11.775371,76.823688,22.6,45.0,18.6,12.8,1.29,7.2
35923,8.671437,76.770846,0.0,0.0,0.0,0.0,0.0,0.0
35924,9.602328,76.636262,24.0,39.1,23.2,26.9,1.21,5.3
35925,10.907064,76.25337,23.4,49.2,17.2,24.3,1.2,5.3
35926,13.736431,74.889561,23.9,46.0,17.3,19.6,1.31,5.6
35927,9.769296,76.97994,26.0,36.6,22.4,36.0,1.1,5.3
35928,9.599904,77.13132,32.6,32.7,22.4,26.4,1.1,5.3
35929,9.50541,77.702853,34.5,34.8,15.7,13.0,1.52,7.6
35930,18.483981,72.971136,34.7,34.8,19.2,16.2,1.36,6.3
35931,10.829444,77.526361,21.2,40.5,20.0,17.1,0.0,7.3
35932,16.118081,74.497525,28.1,35.4,20.5,11.5,1.36,6.3
35933,9.295354,76.443267,25.1,28.6,29.6,33.4,1.15,5.5
35934,15.215094,73.957986,34.0,24.7,21.8,20.3,1.23,6.0
35935,9.44451,76.812335,24.4,39.3,27.4,26.2,1.07,5.2
35936,16.950043,73.545479,28.7,28.3,27.4,17.1,1.36,6.1
35937,14.320568,75.651087,36.0,32.5,22.1,10.1,1.43,6.9
35938,12.207134,76.181989,24.5,36.7,23.9,12.0,1.3,6.0
35939,9.308068,76.787618,23.9,36.9,27.7,27.0,1.12,5.2
35940,13.372495,74.707242,29.2,37.7,17.4,23.8,1.17,6.0
35941,15.572407,74.179143,20.9,36.9,21.6,18.3,1.29,5.6
35942,15.400754,75.139176,29.4,28.6,31.7,12.5,1.42,7.8
35943,9.194353,77.111185,27.2,33.5,22.4,33.5,1.15,5.2
35945,18.238118,73.970072,29.8,31.7,21.4,17.6,1.36,6.8
35946,17.814662,74.086172,41.7,26.9,18.9,10.7,1.51,7.2
35948,17.244548,73.636458,24.2,31.9,19.7,19.5,1.39,5.8
35950,11.480853,75.658873,29.9,47.8,12.6,21.6,1.16,5.4
35951,8.80039,76.827469,32.4,29.7,25.9,25.0,1.13,5.2
35952,15.017734,74.534793,15.9,48.0,21.7,27.6,1.2,5.6
35953,17.393083,73.285164,24.5,35.1,21.8,16.9,1.4,6.1
35954,16.117587,74.188678,20.0,43.3,15.7,10.7,1.31,6.2
35955,11.060477,76.082841,26.5,52.2,15.0,20.9,1.2,5.4
35956,10.240117,77.313353,26.9,38.1,24.5,32.8,1.04,5.4
35958,11.14915,76.744938,22.8,37.1,22.7,23.3,1.27,6.2
35959,15.704444,74.764292,35.2,31.1,14.7,9.7,1.4,6.4
35960,14.756811,74.936907,19.5,42.1,23.2,20.8,1.24,5.6
35961,18.905385,74.065034,29.3,30.7,21.9,11.3,1.51,7.2
35962,16.50272,74.208874,16.7,41.4,18.5,15.0,1.39,6.3
35964,9.27485,76.955407,30.3,29.4,21.8,32.5,1.08,5.2
35965,15.404287,74.636687,19.8,43.6,19.5,19.2,1.29,5.8
35966,12.991584,75.302585,27.6,50.0,13.8,16.5,1.24,5.5
35967,11.523342,76.836186,25.8,41.9,22.9,27.3,1.12,5.7
35968,15.968857,74.103484,22.6,36.5,20.4,17.8,1.33,6.2
35969,12.72117,75.159845,24.7,46.9,16.5,24.5,1.1,5.5
35970,18.222971,74.115753,41.8,27.8,14.5,24.2,1.31,7.0
35971,16.516187,73.87764,33.6,28.8,20.5,26.9,1.2,5.7
35972,18.001328,73.919603,24.9,32.9,20.8,20.0,1.36,6.6
35973,13.481854,75.806721,18.9,43.8,18.5,15.8,1.26,6.2
35974,18.749218,73.82621,38.8,29.4,17.3,9.6,1.59,7.2
35975,10.400583,76.6309,32.4,40.6,19.1,31.8,1.07,5.2
35976,13.395816,75.203148,24.3,44.4,16.4,27.1,1.16,5.5
35977,17.067752,73.761282,22.5,32.0,24.4,20.4,1.3,6.1
35978,11.227444,75.845506,27.0,53.5,13.0,21.4,1.23,5.4
35979,9.426789,76.388853,25.0,24.0,31.7,24.8,1.16,5.1
35980,10.357291,76.151844,22.9,42.4,23.4,26.1,1.16,5.3
35981,11.968746,76.816564,23.0,42.5,20.8,12.6,1.38,7.6
35982,15.781271,74.509147,22.8,43.2,13.7,11.5,1.3,6.2
35983,10.025278,76.462345,24.7,41.4,15.8,20.9,1.21,5.3
35984,13.053097,76.000308,22.1,41.2,22.9,12.2,1.26,6.2
35985,15.972051,73.538262,23.2,34.4,25.1,19.2,1.38,6.3
35986,11.726756,76.169362,24.1,41.3,19.5,22.6,1.2,5.4
35987,15.516869,74.843365,24.9,37.7,20.7,11.2,1.42,6.3
35988,9.882853,77.168589,29.4,28.8,27.3,31.9,1.08,5.2
35989,15.373438,74.386774,20.9,43.6,18.5,20.6,1.23,5.6
35990,15.611264,73.91819,24.5,33.0,21.1,19.2,1.44,6.0
35991,18.009607,73.918692,24.0,33.8,22.8,21.9,1.35,6.6
35992,14.108624,74.680699,16.2,48.8,20.0,18.0,1.34,6.0
35993,9.212853,77.617745,29.7,38.1,19.6,14.9,1.5,7.5
35994,10.356171,77.660818,23.1,39.3,20.8,28.9,1.1,5.7
35995,10.872763,76.372829,22.9,52.2,16.2,22.0,1.2,5.2
35996,9.311398,77.006727,23.0,37.1,22.6,31.0,1.1,5.1
35997,8.337964,77.183594,29.2,33.8,22.0,27.8,1.42,5.6
35998,10.516485,77.824475,18.6,45.7,19.1,13.3,1.5,7.7
35999,9.888732,76.770664,26.2,33.6,26.1,28.4,1.1,5.2
36000,18.705634,73.295826,36.1,32.4,24.2,16.3,1.37,6.2
36001,14.675753,74.559101,18.0,47.2,21.1,27.6,1.16,5.5
36002,14.751118,75.280614,30.6,35.0,22.6,9.7,1.38,6.2
36003,17.264666,74.008485,28.4,37.3,15.4,19.4,1.31,6.2
36004,13.288747,75.693785,25.0,41.4,19.6,25.1,1.08,5.6
36005,8.819216,77.140454,26.9,37.0,25.3,32.5,1.17,5.1
36006,13.028385,75.841057,19.9,39.9,22.6,19.2,1.26,5.8
36007,10.230774,76.520219,25.4,40.8,20.3,25.1,1.11,5.2
36008,14.328637,74.67408,14.4,46.1,23.9,25.1,1.17,5.4
36009,18.865506,74.053295,29.8,32.2,20.8,10.8,1.54,7.0
36010,11.285369,76.748009,28.2,35.2,27.5,26.9,1.05,5.6
36011,14.60579,74.517442,16.5,45.4,23.1,28.0,1.18,5.4
36012,16.545458,74.074137,19.9,39.5,19.3,15.0,1.33,6.4
36013,13.743099,75.024574,14.8,49.7,23.1,19.2,1.28,6.0
36014,14.058006,75.347358,25.4,38.8,16.6,13.9,1.3,6.2
36015,9.596309,77.141388,29.1,27.5,26.4,39.1,1.03,5.3
36016,10.357391,77.609694,21.9,37.0,27.1,38.8,1.0,5.6
36017,16.776548,73.890326,27.7,29.2,21.8,17.0,1.37,6.2
36018,9.894596,76.378377,24.2,31.6,28.1,31.9,1.2,5.2
36019,14.953204,74.837959,16.6,39.9,26.3,14.6,1.27,5.6
36020,12.976094,75.844918,24.8,40.8,19.1,18.0,1.23,5.4
36021,13.85277,75.785584,17.2,39.2,21.5,16.8,1.3,6.1
36022,15.805217,74.012572,25.8,34.4,19.0,27.0,1.26,5.6
36023,18.171994,73.618688,38.3,26.2,19.9,17.1,1.34,6.3
36024,14.921699,74.998091,24.5,39.6,17.6,14.4,1.33,6.0
36025,11.780715,75.982037,23.7,43.2,20.1,20.8,1.21,5.4
36026,18.111813,73.208086,24.6,36.6,17.7,19.0,1.36,5.9
36027,16.773656,73.337596,0.0,0.0,0.0,0.0,0.0,0.0
36028,9.870954,77.237756,31.2,36.3,21.2,28.9,1.27,5.7
36029,15.600177,73.837437,23.3,34.6,22.0,17.7,1.38,6.1
36031,15.181069,74.152383,20.4,41.5,18.9,19.3,1.37,6.1
36032,8.782277,77.643468,27.8,37.5,19.5,14.0,1.5,6.9
36033,13.100864,74.85812,29.2,47.0,14.9,23.9,1.2,5.5
36034,11.240023,75.793867,0.0,0.0,0.0,0.0,0.0,0.0
36035,16.783692,73.818502,27.4,35.2,21.7,21.4,1.35,5.7
36036,9.905855,77.463751,27.3,41.6,16.4,14.4,1.4,7.0
36037,15.337025,74.553473,17.8,45.0,19.2,19.0,1.27,5.6
36038,18.019497,74.129395,29.1,31.0,19.0,9.4,1.54,7.0
36039,17.316554,73.875435,26.8,30.8,22.2,16.1,1.37,6.2
36041,12.784797,75.494066,23.4,55.6,15.4,17.6,1.14,5.4
36042,15.534058,74.054535,27.2,30.0,18.0,17.2,1.46,5.6
36043,18.2972,73.957469,28.3,30.3,20.4,18.1,1.36,6.6
36044,10.867015,76.367169,21.2,53.8,16.6,26.1,1.21,5.2
36045,11.754645,76.256142,19.9,37.7,25.6,27.8,1.08,5.4
36046,9.194187,77.191828,28.1,32.8,25.3,40.4,1.0,5.1
36047,18.725645,73.856262,27.2,35.8,19.8,12.0,1.57,7.0
36048,13.829867,75.867876,20.3,41.1,15.9,17.1,1.31,6.3
36049,15.253654,74.358886,17.8,43.9,20.9,19.6,1.25,5.6
36050,12.658264,74.947129,28.7,49.2,12.2,20.9,1.25,5.7
36051,14.138858,74.501684,24.2,47.7,18.5,22.0,1.21,5.7
36052,12.801703,76.189642,28.0,38.2,20.6,12.2,1.39,6.9
36053,15.70202,73.887774,23.8,30.4,25.8,19.8,1.38,6.0
36054,11.208312,77.416901,22.8,38.9,21.0,15.7,1.43,7.8
36055,9.079814,77.675213,29.6,37.4,16.8,19.5,1.4,6.8
36056,18.075342,73.188524,24.8,33.9,18.9,21.0,1.34,6.1
36057,9.27329,77.105819,31.4,34.4,22.1,27.8,1.08,5.2
36058,9.33963,76.763095,21.5,40.5,27.3,23.5,1.14,5.2
36060,9.993054,77.653494,16.2,43.8,21.9,18.5,1.44,6.9
36061,14.765149,74.611646,18.2,45.2,23.5,22.7,1.24,5.5
36062,17.403116,73.620591,22.5,35.6,19.5,23.0,1.28,6.0
36063,18.418275,73.356479,30.9,30.1,25.9,12.1,1.38,6.2
36064,15.796971,73.675771,20.0,35.1,21.5,20.6,1.4,5.9
36065,14.117398,74.61192,17.1,45.1,19.8,20.4,1.27,5.5
36066,18.41473,74.098897,27.0,29.6,17.9,13.1,1.54,7.0
36067,11.632995,76.443344,19.1,36.2,25.2,25.9,1.06,5.5
36068,9.248906,77.545761,27.4,39.8,18.7,14.0,1.4,6.9
36069,9.109513,77.296337,23.2,43.0,20.4,27.9,1.3,5.9
36070,8.539568,76.94091,0.0,0.0,0.0,0.0,0.0,0.0
36071,15.067653,75.262668,32.6,31.7,30.7,9.8,1.4,7.4
36072,17.248591,73.225461,0.0,0.0,0.0,0.0,0.0,0.0
36074,12.168957,76.042481,24.3,40.6,22.5,18.1,1.2,5.6
36075,8.3368,77.35974,31.3,33.0,19.8,32.5,1.36,5.8
36076,18.768361,73.840334,38.2,26.2,20.2,10.0,1.6,7.1
36078,9.08947,77.426203,20.2,40.0,23.2,26.7,1.31,6.0
36079,15.588127,74.733181,20.8,37.5,15.9,10.3,1.33,6.0
36080,18.175415,73.428218,32.0,29.7,22.1,20.9,1.37,6.1
36081,15.52394,73.873051,22.0,34.1,23.6,17.5,1.37,6.2
36082,11.755798,76.087212,27.1,41.6,19.5,24.3,1.14,5.4
36083,13.659402,74.991202,23.5,49.0,17.6,22.4,1.12,5.5
36084,16.977396,73.369953,22.2,35.1,23.3,19.0,1.4,6.4
36085,14.505688,75.024252,15.6,47.2,19.6,12.9,1.3,6.1
36086,12.836881,75.727872,21.0,43.2,20.8,27.3,1.15,5.5
36087,12.709544,75.052962,27.2,51.6,11.7,23.5,1.2,5.7
36088,9.278306,76.42587,26.7,27.2,27.8,36.7,1.15,5.5
36089,11.216103,76.91204,16.3,49.5,21.7,16.1,1.29,6.5
36090,13.721862,75.407645,18.3,47.6,20.0,21.4,1.27,5.7
36091,12.990203,75.38896,24.4,53.4,15.2,21.3,1.15,5.4
36092,12.23055,76.093912,22.7,45.0,22.0,18.3,1.2,5.9
36093,16.625975,74.328642,21.9,36.4,19.4,10.3,1.44,6.7
36094,9.008978,77.671484,25.1,38.9,20.5,21.4,1.4,6.9
36095,14.84401,74.53234,19.9,47.7,21.8,17.4,1.3,5.5
36096,10.522259,77.154629,20.0,43.2,19.2,16.9,1.4,6.8
36097,18.017958,74.017481,24.1,29.7,23.6,20.1,1.35,6.6
36099,12.409325,76.136706,24.8,44.5,16.9,12.2,1.32,6.4
36100,14.658088,74.397746,19.6,48.5,19.1,23.0,1.24,5.6
36101,15.138618,74.468342,17.2,47.6,17.7,18.1,1.24,5.5
36102,13.340617,75.047669,27.1,48.6,14.0,19.5,1.2,5.4
36103,12.629912,76.19052,28.6,41.0,15.6,11.2,1.38,7.2
36104,12.245879,76.177742,24.9,37.8,22.4,10.7,1.31,6.2
36105,15.524092,74.671041,18.7,43.4,16.8,10.3,1.37,6.1
36106,14.020367,75.120796,15.3,42.3,22.5,16.3,1.32,6.0
36107,13.988083,74.957947,0.0,0.0,0.0,0.0,0.0,0.0
36108,17.933686,73.709657,29.2,26.0,21.3,28.6,1.14,5.8
36109,9.500525,77.072802,29.6,32.9,27.1,40.3,1.05,5.1
36110,9.375093,76.798141,21.0,40.0,29.3,23.4,1.1,5.2
36111,9.036456,77.130621,28.5,30.9,28.5,36.3,1.15,5.1
36112,12.917033,75.525946,31.3,48.5,12.5,29.9,1.1,5.4
36113,11.741368,75.680081,25.7,49.1,16.7,22.0,1.2,5.4
36114,17.038461,74.251275,24.8,35.8,16.9,11.0,1.5,6.9
36115,9.474863,77.687824,30.7,36.7,18.4,16.1,1.5,7.6
36116,12.752792,75.391384,26.4,54.7,13.0,20.8,1.12,5.4
36117,9.854971,77.758455,23.0,42.2,18.8,15.6,1.45,7.2
36118,13.115579,74.842092,30.3,47.5,15.0,22.0,1.2,5.4
36119,10.061463,77.597092,20.1,38.4,21.4,19.3,1.4,7.5
36120,18.764035,73.513531,32.9,24.6,24.9,11.2,1.4,6.4
36121,8.545201,77.041432,28.6,35.4,22.6,25.3,1.23,5.4
36122,12.111159,76.392164,26.6,38.8,19.6,10.2,1.36,6.4
36123,10.857038,76.120073,23.8,45.0,17.8,19.8,1.2,5.2
36124,16.315449,73.826309,25.5,30.7,23.3,23.7,1.3,5.6
36125,9.538905,77.615502,25.7,34.8,20.0,16.8,1.4,6.8
36126,15.022921,74.000377,23.0,43.2,19.7,29.8,1.23,5.6
36127,16.966154,74.136394,26.5,36.7,17.6,10.3,1.42,6.4
36128,18.40022,73.752852,30.9,31.0,16.0,17.1,1.4,6.2
36129,10.859849,76.220974,23.3,48.0,18.5,26.1,1.18,5.3
36130,13.571686,75.947509,17.4,45.0,16.3,14.6,1.37,6.6
36131,13.076494,76.15921,19.4,39.4,21.8,22.9,1.28,7.3
36132,17.521605,74.068184,23.2,34.0,20.6,12.4,1.53,7.0
36133,9.95797,77.279639,30.0,35.0,21.1,27.8,1.3,6.0
36134,15.02974,74.084609,23.3,40.3,20.0,18.0,1.26,5.5
36135,15.549113,74.707578,23.1,38.1,15.4,10.4,1.31,6.1
36136,10.305369,77.439191,24.3,36.0,26.1,31.0,1.18,5.8
36138,11.061005,76.047164,26.5,53.5,13.1,22.3,1.15,5.4
36139,15.666816,74.873924,20.3,38.6,24.7,11.2,1.4,6.4
36140,16.608109,73.619816,26.4,32.3,21.8,19.4,1.37,6.0
36141,13.648748,74.676676,0.0,0.0,0.0,0.0,0.0,0.0
36142,14.394787,74.970421,16.4,44.0,22.9,14.0,1.37,6.3
36143,18.069264,73.957562,35.1,27.3,19.9,11.2,1.44,7.2
36144,9.047845,76.651598,25.3,36.6,25.0,21.4,1.16,5.4
36145,17.526003,73.607965,28.3,27.2,24.0,18.9,1.38,5.9
36147,11.330902,76.346509,21.4,43.8,23.4,18.2,1.28,5.6
36148,16.66172,74.153124,16.9,40.3,22.7,13.2,1.34,6.6
36149,10.357047,77.859701,17.0,46.6,20.4,12.3,1.48,7.3
36152,13.006098,76.194772,21.0,38.2,20.2,10.1,1.32,6.9
36154,17.25401,73.467908,24.9,32.1,27.5,19.3,1.33,6.1
36155,12.021974,76.567933,21.9,38.9,20.1,14.1,1.31,6.6
36156,10.858281,76.817646,27.0,38.4,19.2,19.1,1.3,6.0
36157,9.259505,76.81126,24.0,39.1,26.3,23.8,1.2,5.4
36158,11.143807,77.271497,21.7,38.8,21.7,13.7,1.42,7.6
36159,16.741067,74.080566,16.2,43.0,24.2,17.0,1.33,6.4
36160,11.167626,76.83648,19.2,43.4,22.0,20.1,1.33,6.4
36161,17.082914,73.893893,31.3,32.7,18.2,17.1,1.33,6.1
36162,15.182875,74.61615,16.6,44.4,22.3,14.1,1.29,5.7
36164,18.521513,73.015991,26.3,36.1,20.4,19.0,1.38,5.6
36165,14.731756,75.422975,39.9,29.5,28.7,10.2,1.42,7.4
36166,13.641154,74.761499,26.7,35.9,19.8,25.3,1.2,6.1
36167,8.857529,76.744233,30.2,34.1,24.7,22.0,1.22,5.2
36168,15.850637,74.538769,19.3,39.9,15.3,10.2,1.38,6.0
36169,11.075015,76.856423,16.9,42.3,25.8,14.3,1.33,7.1
36171,9.607756,76.544755,22.4,32.9,29.9,28.5,1.22,5.3
36172,11.978986,76.388077,24.9,39.9,21.3,13.8,1.35,5.9
36173,9.004947,77.225518,22.3,40.6,22.3,24.4,1.34,5.6
36174,9.779448,76.535586,23.9,36.5,21.0,22.9,1.14,5.3
36175,17.31686,73.519231,26.9,24.4,20.6,18.9,1.39,5.9
36177,10.486577,76.240991,23.6,44.0,17.1,24.5,1.22,5.3
36178,14.049458,74.98345,15.1,45.4,21.6,23.0,1.34,6.2
36179,11.871203,76.923224,20.0,42.4,19.8,11.2,1.38,6.9
36180,10.83492,76.29377,24.7,53.1,14.0,22.2,1.2,5.2
36182,19.149689,74.034709,35.9,18.9,28.2,10.5,1.54,7.4
36183,16.830428,73.621295,22.0,31.7,21.8,19.3,1.35,5.9
36185,12.929145,76.208754,22.8,36.2,24.1,12.3,1.38,7.6
36186,16.1019,74.516288,30.1,33.5,26.0,11.3,1.38,6.3
36187,9.691161,76.64712,22.2,41.4,19.6,23.3,1.2,5.3
36188,16.169807,73.727284,24.5,28.2,25.7,17.0,1.33,6.1
36189,16.857456,73.470387,30.3,28.1,24.6,20.3,1.33,6.2
36190,18.06336,73.906718,29.1,36.5,18.0,13.2,1.4,6.6
36191,10.608307,77.052512,19.9,43.2,17.6,11.6,1.47,6.5
36192,9.677226,76.895128,25.5,35.2,27.3,37.9,1.09,5.3
36193,15.583857,74.791397,17.2,45.0,18.1,11.8,1.3,6.2
36194,8.361509,77.324717,30.3,31.7,26.1,27.6,1.27,5.5
36195,18.90685,73.732214,37.0,25.9,17.6,17.8,1.39,6.5
36196,12.790208,75.674723,27.4,44.4,16.2,29.7,1.1,5.4
36197,13.503562,75.738508,29.2,35.0,22.6,31.6,1.08,5.6
36198,12.086477,76.151315,23.0,41.2,19.6,22.0,1.2,5.4
36199,12.911188,75.859473,25.5,38.3,21.2,22.2,1.23,5.4
36200,15.425733,74.826279,24.4,38.1,20.7,15.8,1.34,5.9
36201,17.487109,73.761103,0.0,0.0,0.0,0.0,0.0,0.0
36202,10.517877,77.741581,19.3,43.8,17.5,12.5,1.44,7.4
36203,17.248872,74.116534,25.5,38.9,17.6,10.1,1.46,6.5
36204,18.586983,73.914067,24.8,36.5,17.4,9.1,1.58,6.9
36205,14.003271,75.248894,16.0,45.8,17.9,10.5,1.3,6.2
36206,14.613043,74.890998,15.0,46.8,19.0,14.1,1.35,6.2
36207,11.153559,76.531515,25.7,36.6,25.7,30.9,1.04,5.4
36208,18.230659,73.599961,40.1,26.6,17.2,18.0,1.44,6.2
36209,11.598449,76.849355,18.5,41.3,29.1,15.1,1.34,6.8
36210,17.137472,74.072802,28.3,37.3,19.9,12.4,1.36,6.0
36211,13.460791,74.83986,32.7,42.8,15.0,25.0,1.23,6.0
36212,18.713331,73.428838,40.5,25.1,17.2,20.1,1.3,6.2
36213,15.300881,74.042724,21.0,28.2,30.2,20.9,1.34,5.8
36214,16.117739,73.784169,26.2,31.5,21.3,21.0,1.35,5.6
36215,16.304043,74.586774,19.7,36.9,23.0,11.6,1.35,6.4
36216,13.413898,74.908003,32.8,48.7,11.8,21.4,1.21,5.5
36217,15.516415,75.093838,28.4,32.1,30.5,12.5,1.42,7.5
36218,15.360044,75.03416,23.1,36.1,24.7,9.0,1.4,6.5
36219,14.877699,74.171811,16.5,40.0,24.3,20.0,1.35,5.5
36220,9.733249,76.661998,21.6,41.3,22.8,24.2,1.22,5.1
36221,14.7053,74.586833,15.8,43.6,23.9,23.7,1.19,5.4
36222,15.366568,74.618319,17.8,40.9,22.3,16.5,1.3,6.0
36223,10.400976,77.766275,23.8,40.0,19.9,22.2,1.3,6.7
36224,9.553411,76.983018,21.2,30.4,30.0,32.0,1.08,5.2
36226,9.587779,76.861398,23.3,34.0,29.8,31.9,1.06,5.2
36227,10.899462,76.538647,22.5,47.0,22.1,23.1,1.22,5.4
36228,15.242321,75.123426,35.3,30.9,29.3,9.5,1.42,6.7
36229,14.636424,74.332482,18.8,50.4,19.4,22.0,1.23,5.6
36230,13.882022,75.257977,15.4,44.2,23.4,17.9,1.3,6.3
36231,14.073141,74.729362,20.5,44.0,20.3,31.0,1.15,5.5
36232,14.952942,74.745248,16.7,46.1,21.6,15.7,1.26,5.6
36233,14.089617,74.711351,17.6,44.6,22.3,28.2,1.14,5.6
36234,12.91731,75.416371,26.3,55.0,14.5,20.2,1.22,5.6
36235,16.28201,74.457382,19.5,39.2,19.4,12.4,1.35,6.2
36236,16.600812,74.347904,18.8,36.1,17.3,10.0,1.44,6.7
36237,10.062659,76.505569,24.6,38.6,20.9,22.6,1.18,5.2
36238,13.423868,75.555547,27.7,39.8,18.3,27.8,1.08,5.4
36239,15.160688,74.694737,0.0,0.0,0.0,0.0,0.0,0.0
36240,16.519487,74.079648,16.8,39.1,21.0,16.6,1.38,6.4
36242,9.278201,76.446749,25.2,31.9,20.2,32.7,1.16,5.5
36243,17.359613,73.42133,25.9,28.8,23.8,18.0,1.37,6.0
36244,9.166115,77.16342,29.4,38.7,21.4,32.5,1.18,5.3
36245,9.170402,77.072943,27.2,31.6,26.2,38.2,1.14,5.2
36247,10.560091,77.539934,19.7,44.6,19.1,14.0,1.44,7.3
36248,14.108887,74.691674,17.4,48.7,20.4,20.6,1.29,5.4
36249,16.183867,74.396705,17.7,36.8,22.8,14.6,1.35,6.1
36250,17.534938,74.176269,38.3,26.8,20.2,10.7,1.53,7.0
36251,15.058104,74.917593,27.8,38.1,20.2,12.4,1.36,6.0
36252,11.811593,75.806078,29.6,40.3,19.6,31.1,1.06,5.3
36253,8.673068,77.11343,30.4,33.2,21.7,24.4,1.16,5.3
36254,14.113883,75.275639,19.4,43.6,16.5,15.3,1.33,6.0
36255,9.293992,76.870825,25.8,36.9,23.7,22.0,1.16,5.2
36256,17.214455,73.816984,31.5,30.1,20.5,23.5,1.2,5.8
36257,11.146573,76.299492,23.2,48.3,16.5,24.6,1.1,5.4
36258,17.880204,73.291398,30.6,28.4,23.5,15.8,1.38,6.1
36259,18.36505,73.958903,26.7,32.2,18.1,10.5,1.53,6.7
36260,11.404807,75.903142,27.7,53.8,12.1,20.9,1.14,5.4
36261,12.802496,75.190388,26.5,43.4,18.3,21.4,1.18,5.5
36262,14.991484,75.286977,30.8,31.5,29.8,11.0,1.43,7.9
36263,10.034391,76.568441,21.7,36.5,24.4,24.2,1.16,5.2
36264,12.926647,75.125819,27.6,46.8,14.3,20.8,1.2,5.5
36265,12.586476,75.256863,26.4,46.6,13.1,22.9,1.14,5.4
36266,12.758443,75.736775,21.9,46.8,19.9,27.1,1.11,5.6
36267,10.626802,77.305768,15.8,51.0,18.0,12.9,1.47,6.7
36269,18.763992,73.294313,38.9,33.7,23.2,12.0,1.4,6.5
36270,18.58377,72.945065,29.3,35.0,22.3,12.5,1.44,6.4
36271,16.357595,73.563164,21.6,38.6,18.0,18.1,1.4,6.0
36272,17.236296,73.985545,26.6,35.4,21.6,17.1,1.3,6.1
36273,11.994483,76.511912,22.0,39.7,19.6,13.1,1.31,6.6
36274,15.575056,74.592463,18.6,41.3,16.6,10.9,1.33,6.2
36275,12.994028,75.502026,28.7,47.8,13.7,31.1,1.09,5.4
36276,15.860645,73.9977,28.6,32.3,19.1,35.2,1.12,5.5
36277,15.596622,74.911596,23.2,32.6,31.3,11.1,1.4,6.6
36278,14.286678,75.342932,27.1,37.1,14.7,11.7,1.38,6.2
36279,12.936006,75.96621,28.6,38.5,21.3,12.4,1.3,5.9
36280,18.82277,73.693858,36.6,22.7,20.9,22.9,1.38,6.4
36281,17.427888,73.326182,24.8,31.5,23.2,19.0,1.38,6.1
36284,15.185754,74.075663,25.2,37.6,20.9,17.8,1.37,6.1
36285,13.456367,75.383116,29.8,41.9,17.2,27.8,1.1,5.4
36286,12.528103,75.114747,26.3,48.2,13.5,23.1,1.16,5.5
36287,11.047977,77.156788,21.1,43.6,17.0,13.4,1.44,7.6
36288,10.577006,76.0365,24.1,33.2,24.2,22.5,1.16,5.3
36289,13.869549,74.95739,15.0,48.6,23.7,22.1,1.27,5.9
36290,17.621241,74.076947,34.1,32.9,14.0,12.0,1.44,6.6
36291,13.464547,74.773979,27.3,42.9,17.6,22.0,1.24,6.0
36292,17.999212,73.506773,36.2,23.2,22.4,22.4,1.35,5.7
36293,9.614892,76.852488,29.4,32.0,25.9,31.9,1.03,5.1
36294,13.546693,74.82295,32.1,42.7,15.1,21.2,1.24,5.7
36296,14.407409,74.670135,17.3,45.0,22.3,28.7,1.21,5.5
36297,15.584716,74.738909,19.5,38.6,16.9,10.3,1.34,6.1
36298,13.718394,75.871473,20.8,39.7,17.8,10.0,1.42,6.7
36299,13.598796,74.689813,29.1,43.0,17.2,25.8,1.2,6.0
36300,15.512695,74.0571,25.2,36.5,18.9,19.0,1.4,5.5
36301,9.561374,77.064775,30.4,37.0,21.3,28.8,1.1,5.2
36303,8.92925,76.711605,23.4,35.0,28.7,19.0,1.19,5.3
36304,9.413818,77.560101,25.9,37.8,21.3,17.4,1.5,7.6
36305,15.801636,73.726035,24.4,33.1,22.3,17.1,1.33,5.6
36306,14.062869,75.326006,18.6,41.5,20.4,17.4,1.3,6.0
36307,17.052883,73.338987,17.8,37.4,26.3,16.7,1.36,6.1
36308,9.423566,77.307666,27.5,28.7,24.0,32.4,1.14,5.4
36309,18.092265,73.221598,21.3,36.3,18.5,21.1,1.33,6.1
36310,9.181356,77.274975,34.0,29.9,22.7,44.0,1.0,5.3
36311,16.8949,73.334155,20.3,33.1,27.6,16.8,1.36,6.1
36312,16.62605,74.073535,22.8,42.3,19.7,22.0,1.3,6.1
36313,13.317401,75.20983,25.8,44.6,16.3,28.1,1.12,5.4
36314,8.758986,77.159625,29.1,31.1,25.9,37.8,1.06,5.2
36315,15.397341,73.980544,23.9,34.8,21.1,20.0,1.38,6.1
36316,14.633489,75.232549,28.5,34.5,23.4,9.2,1.35,6.4
36317,11.326039,76.195442,23.9,49.4,15.2,23.0,1.23,5.5
36318,8.387268,77.079609,25.8,37.0,24.0,26.0,1.38,5.6
36319,15.313803,74.979686,0.0,0.0,0.0,0.0,0.0,0.0
36320,11.308587,75.792916,27.1,48.0,14.5,23.0,1.23,5.5
36321,15.68865,74.870969,19.0,38.0,23.1,8.8,1.4,6.6
36322,13.699572,75.45389,19.4,45.2,18.7,18.9,1.25,5.6
36323,16.908878,74.164721,18.2,38.0,18.0,12.0,1.42,6.5
36324,10.111652,76.429765,25.6,37.0,21.0,26.0,1.2,5.2
36325,9.711553,77.019432,29.0,37.8,22.5,24.4,1.12,5.3
36326,10.810564,76.40418,25.3,49.3,15.0,24.4,1.19,5.2
36327,18.346866,73.711854,34.3,30.2,20.2,17.2,1.36,6.4
36328,15.438313,74.540812,18.5,41.8,23.4,16.1,1.3,5.8
36329,13.972731,74.970121,15.0,44.0,24.8,15.4,1.29,5.5
36330,14.180682,75.342991,22.8,38.3,19.2,9.9,1.38,6.2
36331,12.836317,75.276437,28.3,44.8,15.3,20.1,1.2,5.5
36332,10.002107,77.380555,24.1,42.3,15.3,23.1,1.3,6.4
36333,9.710006,77.165009,30.6,28.8,28.4,28.1,1.14,5.2
36334,13.513229,75.517788,22.0,42.6,17.8,22.0,1.18,5.5
36335,12.287087,76.468118,23.2,39.4,23.8,13.3,1.3,7.0
36336,17.904438,73.859229,22.6,31.3,24.5,23.6,1.33,6.5
36337,13.914245,75.082099,14.9,45.0,23.8,16.0,1.29,5.9
36338,9.275258,77.108401,30.0,35.0,21.0,25.9,1.1,5.1
36339,13.536229,75.369286,24.6,44.7,17.9,19.2,1.26,5.7
36340,14.278025,75.153766,18.0,43.9,19.7,15.6,1.34,6.2
36341,13.267174,75.674487,25.1,41.9,19.7,25.0,1.11,5.6
36342,15.460676,74.35143,20.9,40.6,18.6,22.6,1.2,5.6
36343,12.03062,76.474676,21.8,38.2,25.5,13.3,1.36,6.6
36345,15.302146,74.086521,20.6,42.4,19.8,19.4,1.38,5.7
36346,10.649915,77.3319,16.0,44.7,21.7,12.7,1.46,7.0
36348,12.491708,76.265951,26.9,42.2,17.4,12.5,1.38,6.8
36349,14.367348,74.691839,15.6,47.0,20.7,19.0,1.28,5.5
36350,12.018936,76.518298,25.8,36.7,19.8,12.0,1.37,6.7
36351,12.354146,76.125418,20.6,40.9,22.9,12.3,1.3,6.4
36352,14.462161,74.855715,16.2,48.1,21.4,19.1,1.31,5.6
36353,10.710928,77.370922,18.4,41.9,17.8,14.0,1.46,7.2
36354,17.227499,73.234929,19.6,38.8,20.1,29.7,1.3,6.3
36355,12.713122,76.091604,29.4,39.6,15.8,10.8,1.33,6.8
36356,12.47806,76.034977,27.5,41.9,17.0,11.2,1.27,6.2
36357,12.969827,75.059691,35.9,48.0,9.8,21.5,1.22,5.5
36358,18.34531,74.101441,52.3,23.6,15.4,10.8,1.6,7.2
36359,10.41324,77.369647,22.0,47.2,14.1,15.8,1.34,6.9
36360,17.005258,73.520224,27.1,30.2,27.6,19.3,1.34,6.1
36361,14.604307,74.640256,16.0,49.0,18.5,21.8,1.23,5.5
36362,17.281662,73.268391,19.0,40.4,17.5,17.0,1.4,6.1
36363,11.995892,75.891922,24.0,42.0,20.2,26.0,1.1,5.5
36364,17.297154,73.404591,23.1,31.7,24.5,19.2,1.4,6.0
36365,17.835793,73.342984,32.2,22.4,27.7,18.3,1.39,6.1
36366,16.189177,73.564609,22.5,31.9,28.2,17.8,1.36,6.1
36367,13.498737,75.499133,23.8,40.8,19.4,22.7,1.11,5.3
36368,11.034506,76.177632,22.7,49.7,18.8,23.0,1.16,5.3
36369,17.354373,74.07813,25.6,37.0,19.5,14.1,1.44,6.6
36370,10.49029,76.069878,25.6,30.3,24.2,24.2,1.16,5.4
36371,9.838221,76.511929,24.0,38.8,25.2,24.2,1.12,5.4
36372,13.1875,75.671946,23.2,36.2,23.2,23.4,1.14,5.5
36373,14.608045,75.353628,29.6,36.5,19.9,10.3,1.4,6.6
36375,14.43918,75.599091,39.7,27.2,27.9,11.0,1.45,7.4
36376,12.728709,75.423155,22.8,50.2,16.8,17.9,1.23,5.4
36377,11.034237,76.392503,21.5,46.7,20.9,23.9,1.15,5.3
36378,16.538023,73.677182,24.5,28.6,25.1,18.3,1.35,6.1
36379,14.481953,74.67134,15.8,46.5,21.3,23.0,1.26,5.6
36380,11.625224,76.877362,22.3,40.2,22.9,15.4,1.3,6.6
36381,17.908782,74.004316,26.9,29.7,21.9,12.5,1.39,6.8
36382,9.068458,76.978682,30.6,27.3,24.7,24.3,1.14,5.2
36383,12.977698,75.957198,27.2,39.8,21.3,12.0,1.28,6.0
36384,15.572327,74.33386,18.0,44.8,19.4,22.2,1.25,5.6
36385,17.597039,73.331784,20.0,36.8,23.4,21.6,1.28,6.0
36386,9.600407,77.261061,25.4,34.8,24.1,32.4,1.2,5.5
36387,15.582889,75.020467,24.0,32.9,26.9,12.1,1.4,7.2
36388,16.704735,73.843396,0.0,0.0,0.0,0.0,0.0,0.0
36389,11.391601,76.938836,27.1,38.3,24.3,26.8,1.09,5.6
36390,17.509289,73.651935,24.8,33.2,17.6,23.0,1.36,6.1
36391,10.908726,76.281698,25.2,47.1,17.1,22.4,1.19,5.3
36392,9.777529,77.112957,32.2,35.5,22.1,24.8,1.14,5.2
36393,9.530598,76.62842,24.6,36.8,23.2,23.7,1.21,5.2
36394,14.332251,75.565232,28.3,29.6,31.5,10.6,1.42,6.9
36395,13.743898,75.855128,19.7,41.2,18.6,11.6,1.4,6.7
36396,14.049717,74.893453,0.0,0.0,0.0,0.0,0.0,0.0
36397,15.825051,74.305584,20.0,39.2,18.7,21.1,1.23,5.8
36398,17.259943,73.59625,25.5,28.3,19.7,17.1,1.37,6.0
36399,9.216921,76.603224,0.0,0.0,0.0,0.0,0.0,0.0
36400,14.287391,75.207505,16.4,41.7,23.4,17.4,1.29,5.7
36402,17.025591,74.253445,29.9,32.5,17.4,10.6,1.46,6.7
36403,11.143941,76.702891,23.7,36.7,20.6,18.1,1.34,5.8
36404,9.949657,77.573577,18.9,49.7,14.1,13.5,1.4,7.2
36405,10.506117,77.171945,20.2,45.6,16.6,17.9,1.42,6.7
36406,17.12581,74.049737,27.3,35.6,19.4,11.0,1.42,6.2
36407,15.13708,74.103579,24.8,34.8,18.7,14.0,1.38,6.0
36409,18.22273,72.936845,23.7,40.3,19.2,15.2,1.42,6.5
36410,12.805895,75.780742,19.4,47.0,21.4,21.2,1.25,5.8
36411,12.844924,76.126938,33.1,39.5,15.5,10.0,1.36,6.8
36412,9.357816,76.896562,24.2,36.4,26.9,27.9,1.14,5.2
36414,9.264032,77.406629,16.8,47.0,20.2,19.0,1.4,6.2
36415,14.360272,75.514877,28.1,32.4,26.8,10.8,1.4,6.7
36416,12.74104,75.547883,26.4,54.4,13.5,18.1,1.14,5.4
36417,17.163038,74.100384,26.3,32.0,21.2,12.4,1.44,6.4
36418,10.18059,76.64731,25.2,39.3,25.7,25.6,1.1,5.2
36419,18.448166,73.420905,27.1,28.4,21.3,23.0,1.28,6.1
36420,17.307059,73.744623,32.6,30.7,21.1,27.8,1.15,5.6
36421,14.347108,74.746947,13.7,47.0,22.6,20.9,1.28,5.5
36422,18.019396,73.434422,31.5,28.2,22.9,24.4,1.31,5.7
36423,18.765762,73.79898,32.9,26.6,19.5,10.8,1.58,6.8
36424,18.728986,73.111518,39.1,32.0,20.7,13.8,1.44,6.4
36425,9.402557,76.359005,27.2,32.1,19.9,32.0,1.18,5.5
36426,9.840055,76.580121,22.6,41.4,21.6,22.6,1.2,5.4
36427,16.083589,74.777839,18.5,43.9,17.5,12.1,1.37,6.5
36428,8.754842,77.035741,31.4,34.1,20.5,23.8,1.2,5.2
36429,11.923084,75.36842,22.7,40.5,21.1,24.0,1.13,5.7
36430,10.193234,76.903794,27.7,33.6,21.3,30.9,1.04,5.1
36431,9.996719,77.784701,21.5,41.5,19.7,18.9,1.45,7.1
36432,18.519237,73.762903,0.0,0.0,0.0,0.0,0.0,0.0
36433,10.00876,76.409332,27.8,42.4,15.4,26.0,1.18,5.1
36434,17.517474,73.356788,25.5,34.0,23.4,18.5,1.38,6.1
36435,13.833981,75.483555,20.5,38.5,27.4,18.3,1.27,6.0
36436,9.921058,77.582417,23.1,40.7,16.5,14.6,1.42,7.2
36437,11.220088,77.041023,19.1,46.1,15.8,13.4,1.42,7.6
36438,15.751549,74.65479,26.9,30.2,25.4,11.2,1.38,6.2
36440,15.162774,74.035512,25.2,35.7,22.8,17.0,1.39,6.1
36441,16.215698,74.593953,32.8,30.1,28.7,10.1,1.4,6.6
36442,10.174858,76.667615,22.7,43.1,23.5,20.9,1.12,5.2
36443,18.549296,73.013768,35.5,32.8,22.4,12.7,1.02,6.4
36444,9.886139,77.527139,20.6,44.0,18.7,29.1,1.24,6.0
36445,10.275602,76.38223,23.5,45.9,16.2,24.3,1.23,5.2
36446,18.375649,73.853154,26.1,35.7,18.6,13.8,1.42,6.4
36447,11.092303,76.462667,23.9,40.8,22.5,31.1,1.04,5.4
36448,14.377457,74.454813,20.1,48.8,20.3,19.4,1.25,6.0
36449,11.787581,76.078597,25.7,46.6,19.5,22.2,1.2,5.5
36450,17.951382,73.86643,34.0,30.1,20.6,14.6,1.42,6.7
36451,10.37856,76.904025,30.2,35.6,20.4,27.5,1.14,5.2
36452,10.606732,76.319473,23.6,45.4,17.0,22.2,1.12,5.2
36453,15.964776,74.278022,22.6,38.7,17.2,18.8,1.28,6.1
36454,8.816335,76.766225,30.4,34.0,24.1,26.0,1.22,5.2
36455,9.811898,76.450178,0.0,0.0,0.0,0.0,0.0,0.0
36456,17.556304,73.993507,34.6,28.5,21.2,14.4,1.44,6.5
36457,11.428316,76.863656,0.0,0.0,0.0,0.0,0.0,0.0
36458,16.450013,74.053959,20.5,40.0,17.1,18.6,1.33,6.3
36459,11.886528,76.066947,23.2,41.9,22.5,22.7,1.14,5.3
36460,13.476435,75.639922,22.7,41.4,18.5,19.2,1.2,5.4
36461,12.690796,75.267522,23.9,42.6,19.8,21.1,1.2,5.4
36462,9.104325,76.648387,23.4,37.0,26.0,22.8,1.18,5.4
36463,16.895764,73.503952,26.9,27.2,28.2,17.9,1.35,6.1
36464,14.728403,75.132927,31.0,32.7,26.8,10.2,1.38,6.1
36466,13.455674,75.55916,26.5,37.9,22.4,27.9,1.04,5.5
36468,11.397787,77.142371,17.7,46.6,17.0,14.3,1.4,7.5
36469,16.963115,73.354302,20.9,34.5,24.9,16.6,1.37,6.2
36470,17.928301,73.460333,31.5,22.6,26.7,20.0,1.38,6.0
36471,15.437052,74.259941,22.7,38.7,21.6,23.0,1.24,5.6
36472,11.17373,77.098949,16.9,46.8,16.0,12.9,1.42,7.7
36473,10.627115,77.007303,19.8,45.4,15.5,16.0,1.46,6.3
36474,16.325062,74.537235,22.0,41.0,17.3,12.4,1.35,6.4
36476,17.500474,73.663778,31.0,30.6,18.5,22.8,1.37,6.1
36477,11.659937,76.525456,23.9,40.0,23.3,16.8,1.19,5.9
36478,9.699049,76.476554,25.2,25.6,29.7,31.2,1.21,5.2
36479,11.630606,76.548055,28.4,31.6,25.5,17.3,1.19,5.9
36480,14.601074,75.435439,33.1,33.2,25.4,10.7,1.4,7.2
36481,12.375074,76.547868,23.4,40.7,21.1,10.7,1.35,6.8
36482,18.44824,73.381307,32.4,30.9,23.2,16.8,1.37,6.2
36483,9.230589,77.66502,30.2,39.9,18.1,17.1,1.5,7.5
36484,12.344044,76.018235,24.7,40.9,22.6,12.0,1.21,6.0
36485,12.773289,75.505559,23.0,54.5,15.4,18.1,1.19,5.5
36486,13.197898,74.811453,29.3,46.1,16.3,23.6,1.16,5.9
36487,13.681089,74.854234,28.2,49.3,13.2,21.1,1.2,5.9
36488,10.553409,77.758854,18.8,46.2,17.6,12.9,1.5,7.6
36489,9.730603,76.511847,22.1,36.8,24.9,22.0,1.23,5.2
36490,10.165305,76.489531,24.2,39.2,19.5,23.1,1.18,5.4
36491,14.196698,75.467655,17.8,42.1,20.0,17.3,1.3,6.4
36493,10.294113,76.249256,23.1,35.6,22.2,23.0,1.22,5.1
36495,17.862285,74.010114,32.2,30.5,19.3,12.3,1.44,6.9
36496,8.857335,77.637644,20.9,36.2,24.5,13.2,1.48,6.9
36497,10.528136,76.968023,18.9,45.3,20.5,17.3,1.4,5.9
36498,14.154412,74.496107,23.8,46.3,18.5,21.8,1.21,6.0
36499,15.217507,74.664129,16.2,40.5,17.8,15.0,1.3,6.0
36500,15.665917,74.345716,26.2,39.1,18.0,26.0,1.2,6.1
36501,9.645643,77.669915,22.3,40.5,19.2,17.4,1.46,7.0
36502,14.063543,75.132789,17.3,46.4,19.1,15.7,1.32,6.1
36503,10.930137,77.34369,16.7,48.0,16.3,12.4,1.42,7.3
36504,18.498595,73.360912,31.7,32.3,23.0,18.0,1.4,6.4
36505,16.124323,74.468674,23.6,34.0,23.6,12.4,1.37,6.1
36506,12.931466,74.960686,36.1,45.2,10.9,24.0,1.24,5.9
36507,10.450937,76.294811,26.9,50.4,13.1,22.0,1.2,5.2
36508,15.748599,74.564428,22.6,38.3,16.0,14.1,1.38,6.2
36510,8.911998,76.885361,31.6,33.9,22.1,26.9,1.19,5.2
36512,13.556642,74.744498,28.2,45.3,14.8,21.4,1.24,6.0
36513,9.626659,77.481197,28.2,41.4,19.6,40.8,1.14,5.9
36514,11.894838,75.4073,24.5,44.5,18.9,22.0,1.2,5.5
36515,17.54027,73.269873,28.1,30.9,24.1,15.2,1.38,6.0
36516,10.769103,76.585427,18.4,52.7,15.7,21.8,1.24,5.4
36517,17.023042,74.193368,28.9,35.0,17.3,10.5,1.45,6.5
36518,11.934688,75.952911,28.1,33.8,23.4,37.3,1.01,5.5
36520,16.264358,73.941812,32.4,31.4,16.5,27.0,1.1,5.5
36521,10.38679,76.168169,22.5,49.0,14.9,20.2,1.2,5.3
36522,13.367669,75.329922,25.3,43.5,17.5,30.7,1.1,5.4
36523,11.952852,75.740701,22.0,48.8,18.1,24.0,1.12,5.4
36524,12.921358,75.708353,20.4,41.7,23.1,27.1,1.11,5.5
36525,11.424482,76.410728,28.6,42.2,14.8,29.5,1.12,5.3
36526,12.518997,76.456691,23.9,39.4,24.8,12.2,1.33,7.4
36527,13.747752,75.530319,16.9,39.6,21.1,15.4,1.3,5.9
36529,9.139465,77.607093,29.8,37.4,18.2,14.9,1.42,7.3
36530,11.752168,76.883467,22.0,42.5,21.5,11.1,1.3,7.1
36531,10.695439,76.375283,20.5,51.1,16.8,22.0,1.25,5.3
36532,17.289694,74.065642,23.5,37.7,18.3,12.2,1.42,6.6
36533,18.999593,73.962101,32.7,28.9,21.7,12.0,1.56,7.2
36534,18.764093,73.504043,34.0,26.3,22.9,13.2,1.4,6.3
36535,16.655996,73.765745,21.0,30.6,27.3,20.0,1.36,6.1
36536,9.486321,77.170893,32.4,31.1,23.6,32.2,1.1,5.2
36537,15.750125,74.603144,22.8,37.7,16.5,13.6,1.37,6.2
36538,12.636322,76.435186,29.8,39.6,15.9,12.1,1.38,7.3
36539,16.942104,73.492507,26.0,33.3,27.6,19.0,1.35,6.2
36541,16.761985,73.9354,22.2,37.7,20.0,16.9,1.35,6.3
36542,16.908117,73.807005,30.6,32.3,18.4,21.9,1.22,6.0
36543,15.541244,74.810271,18.7,36.9,20.7,12.8,1.3,6.1
36544,15.693253,73.784297,24.4,35.3,21.5,14.7,1.48,6.0
36545,9.232145,76.50399,23.5,26.4,34.1,30.1,1.2,5.3
36546,9.227865,77.129675,30.6,33.5,21.8,34.1,1.11,5.1
36547,16.795675,74.172171,19.8,39.8,20.7,22.9,1.3,6.2
36548,11.342911,76.317055,23.6,43.2,23.6,18.4,1.3,5.7
36549,13.540603,75.312349,23.1,44.2,16.5,19.1,1.19,5.3
36550,10.366133,76.209044,23.4,46.6,20.8,22.1,1.23,5.2
36551,10.694396,76.467299,17.9,55.9,16.0,18.0,1.27,5.3
36552,9.161403,76.893505,29.0,33.2,25.6,27.5,1.12,5.1
36553,15.084718,75.053563,23.8,38.2,19.4,12.1,1.38,6.3
36554,17.919548,74.023564,26.3,28.4,23.3,20.1,1.31,6.2
36555,18.776676,73.385668,28.4,29.6,22.0,16.2,1.38,6.3
36556,17.84393,74.071635,40.0,27.4,18.7,11.2,1.45,7.0
36557,15.444775,74.125967,20.2,40.1,19.4,19.0,1.34,5.5
36558,10.140923,76.745464,29.0,31.6,20.6,29.2,1.06,5.3
36559,12.586085,76.08567,31.0,37.6,17.2,11.8,1.36,6.8
36560,16.383941,73.8076,21.5,32.4,26.0,19.0,1.36,6.2
36561,10.413013,77.622057,24.5,39.2,20.3,29.4,1.22,5.6
36562,13.049893,75.73754,19.3,43.1,24.0,21.9,1.16,5.4
36563,14.085639,74.854845,0.0,0.0,0.0,0.0,0.0,0.0
36564,8.449894,77.590481,31.2,37.7,18.1,18.0,1.42,6.2
36565,18.695996,73.847332,0.0,0.0,0.0,0.0,0.0,0.0
36566,17.443474,73.48137,27.6,24.1,22.4,14.0,1.4,6.0
36567,9.896054,76.548795,24.9,41.6,21.6,24.2,1.14,5.4
36568,16.302292,73.779534,24.2,29.0,27.4,19.7,1.35,6.1
36570,14.768905,75.006101,17.1,49.9,18.6,15.0,1.3,5.6
36571,15.305553,74.001252,0.0,0.0,0.0,0.0,0.0,0.0
36572,12.749804,75.263371,27.0,43.6,13.8,19.4,1.2,5.4
36573,8.83362,76.832099,32.1,33.9,21.9,27.8,1.12,5.2
36574,14.510648,75.527721,31.4,30.9,30.8,11.0,1.4,7.4
36575,8.618283,77.114021,24.9,39.5,19.6,29.1,1.27,5.3
36576,13.213605,76.084534,18.0,41.2,19.3,10.7,1.38,7.2
36577,16.394883,73.474657,22.5,34.5,21.8,16.0,1.4,6.0
36578,8.360512,77.288463,28.6,30.9,24.4,28.4,1.38,5.6
36579,15.697657,74.585118,20.9,40.2,15.0,11.3,1.34,6.3
36580,11.408972,76.844836,25.4,38.1,27.2,33.0,1.14,5.9
36581,14.645494,75.287065,30.1,31.9,28.6,9.7,1.42,6.4
36582,12.564709,75.046252,25.6,49.5,13.1,18.1,1.23,5.7
36583,15.917982,73.621137,24.9,34.7,24.2,18.3,1.31,5.6
36584,15.94685,73.637641,24.3,32.8,28.3,19.0,1.37,6.3
36585,16.587578,74.064615,16.8,43.0,22.4,18.0,1.36,6.3
36586,10.989308,76.77523,17.9,41.2,24.2,17.0,1.37,6.1
36587,8.574662,77.55052,24.2,39.4,19.4,26.7,1.3,6.0
36588,13.064156,74.842213,33.2,48.0,12.9,21.7,1.24,5.7
36589,17.67764,73.188294,22.5,33.9,23.3,17.6,1.38,6.2
36590,15.663089,74.544417,21.9,37.7,16.6,11.2,1.33,6.2
36592,12.825899,76.052688,0.0,0.0,0.0,0.0,0.0,0.0
36593,17.721444,73.710506,32.5,26.4,19.3,19.5,1.27,6.2
36594,16.407675,74.158896,18.0,31.4,24.4,12.3,1.38,6.4
36595,15.449765,74.951574,19.4,40.2,18.1,9.2,1.35,6.2
36597,10.372194,77.820444,18.9,40.5,22.7,23.2,1.26,6.2
36598,18.930675,73.137659,33.1,32.6,22.7,12.4,1.42,6.7
36599,10.615144,76.945433,21.0,43.0,22.5,22.4,1.33,5.9
36600,14.972408,75.156268,29.6,41.4,15.4,11.3,1.38,6.3
36601,15.140291,73.985504,25.2,36.5,21.3,17.0,1.38,5.5
36602,9.112194,76.890491,26.3,28.7,23.1,31.1,1.1,5.1
36603,15.24615,75.036985,29.6,36.3,21.5,10.2,1.42,6.8
36604,18.160093,73.865162,29.3,27.7,25.2,11.4,1.4,6.9
36605,18.268369,73.813735,36.2,28.7,16.9,12.1,1.48,6.6
36606,10.81321,76.818669,26.2,42.9,17.4,17.5,1.32,5.8
36607,14.152514,75.316824,18.1,40.9,21.0,17.0,1.35,6.2
36608,14.059698,75.370805,18.6,39.6,19.1,15.8,1.3,6.0
36609,11.755881,76.33021,20.2,40.6,23.5,16.9,1.2,5.6
36610,15.383241,74.033773,22.0,36.3,21.6,17.0,1.35,6.2
36612,10.275353,77.10588,24.8,30.2,29.9,45.7,1.0,5.3
36613,11.460343,76.862403,23.6,39.3,26.8,32.1,1.05,5.8
36614,16.548143,74.466963,17.8,45.6,16.7,11.0,1.44,6.6
36615,11.191699,76.546614,23.7,33.4,29.3,37.0,0.97,5.5
36616,14.164575,74.541527,18.8,51.5,19.9,21.4,1.24,5.5
36617,16.216821,73.492118,21.4,33.8,25.6,16.8,1.35,6.4
36618,10.564369,76.42807,23.4,52.7,14.4,21.1,1.18,5.4
36619,11.691534,76.820153,22.8,36.5,23.7,16.2,1.27,6.5
36621,18.421672,73.340433,31.5,32.9,22.3,13.3,1.36,6.2
36622,11.60213,76.712556,23.6,39.9,21.3,18.2,1.26,6.2
36623,9.140604,77.700948,29.8,39.0,17.1,15.0,1.43,7.4
36624,13.079318,75.018226,32.5,48.7,11.2,21.1,1.23,5.6
36625,13.256509,75.382067,25.7,41.7,18.8,30.4,1.06,5.4
36626,11.127331,77.182608,24.9,36.7,21.7,17.4,1.4,7.5
36627,11.691105,75.545566,0.0,0.0,0.0,0.0,0.0,0.0
36628,14.660003,75.287568,26.5,32.4,32.9,10.5,1.4,6.4
36629,17.874448,73.968531,0.0,0.0,0.0,0.0,0.0,0.0
36630,8.712731,76.812304,28.2,35.4,19.0,24.7,1.3,5.2
36631,15.961038,73.74592,24.8,30.3,23.8,16.9,1.35,5.9
36632,15.113256,74.251366,16.8,43.4,19.8,30.0,1.16,5.5
36633,10.717305,76.815439,29.1,38.0,20.7,20.1,1.3,5.7
36635,9.707264,76.467064,26.3,22.6,31.6,23.9,1.16,5.2
36636,15.473785,74.141458,19.5,34.7,24.5,17.2,1.3,5.5
36637,14.763594,74.673321,16.1,47.6,20.6,22.2,1.2,5.5
36638,15.734119,74.761586,32.7,29.2,22.3,9.8,1.4,6.4
36639,8.957885,77.660869,23.5,37.4,20.3,19.1,1.5,7.0
36640,11.092723,77.02949,15.3,51.8,15.8,13.0,1.42,7.6
36641,9.605907,76.794058,27.8,29.0,26.2,24.6,1.06,5.3
36643,14.58573,75.000569,16.1,47.0,20.6,14.6,1.3,5.9
36644,18.860479,73.633457,32.9,24.7,24.8,16.4,1.37,6.2
36645,16.698406,74.178297,18.1,35.4,19.2,13.2,1.32,6.4
36646,16.352783,73.733475,22.6,28.5,28.3,17.7,1.35,6.0
36647,11.915503,76.134083,24.0,38.0,22.0,21.0,1.2,5.3
36648,13.08454,75.212763,23.5,52.1,15.9,29.2,1.15,5.4
36649,9.686785,77.138272,30.5,28.8,26.9,37.0,1.09,5.1
36650,18.903105,73.766525,35.3,27.2,17.2,14.1,1.41,6.7
36651,17.43445,74.095449,28.5,34.1,20.7,10.1,1.54,6.8
36652,13.069578,75.829096,19.7,41.3,24.4,19.6,1.26,5.7
36653,8.430873,77.374964,26.2,38.5,22.6,37.4,1.15,5.6
36654,18.138537,73.715642,33.2,27.8,20.9,19.0,1.31,6.4
36655,18.510725,73.56709,35.5,27.5,18.6,20.0,1.28,6.2
36656,18.01077,73.755883,31.5,29.4,21.4,16.4,1.33,6.2
36657,15.858839,74.390721,24.6,32.8,21.9,12.8,1.33,6.1
36658,8.859833,77.285728,32.3,36.8,18.4,38.0,1.19,5.4
36659,17.64457,73.992168,31.8,31.4,19.0,14.1,1.54,6.7
36660,13.491827,75.827484,22.6,42.9,19.1,19.8,1.25,6.3
36661,10.695457,76.646828,16.0,51.1,17.4,24.8,1.3,5.5
36662,15.010068,74.424021,16.7,48.9,17.8,27.8,1.2,5.4
36663,12.22593,76.338424,23.5,37.3,24.9,14.8,1.31,6.4
36664,17.431466,73.216469,22.4,36.4,20.1,16.6,1.38,5.7
36665,17.443546,73.440349,30.8,28.3,21.5,16.2,1.41,6.0
36666,8.543985,77.479171,27.2,37.2,21.2,31.9,1.24,5.6
36667,11.899845,76.452893,26.3,41.3,19.6,14.9,1.3,5.9
36668,10.52419,76.930241,21.2,41.8,19.4,19.4,1.36,6.0
36669,14.7348,75.14414,34.5,32.2,21.6,12.1,1.38,6.1
36670,10.442128,76.348279,25.7,48.0,16.8,23.0,1.14,5.2
36671,18.668644,73.077557,35.4,32.4,21.7,14.0,1.44,6.7
36672,12.458357,75.154649,24.9,49.3,16.4,25.1,1.16,5.4
36673,17.841942,73.569558,24.4,32.0,19.2,22.8,1.4,5.6
36674,17.642482,74.15889,32.6,28.2,24.0,9.1,1.48,7.4
36675,14.831372,75.367537,39.3,28.2,29.0,12.1,1.42,7.6
36676,16.232117,74.539903,24.7,35.1,28.4,10.2,1.4,6.3
36677,17.144954,73.357036,17.3,36.2,24.9,18.1,1.36,6.2
36678,16.653467,73.995767,22.3,39.9,18.5,21.0,1.3,6.3
36679,16.101336,74.058333,27.3,32.0,20.2,26.4,1.19,5.5
36680,10.568296,77.294921,15.4,50.0,16.4,11.7,1.44,6.9
36681,15.843104,74.353412,21.6,36.0,18.1,12.1,1.29,6.1
36682,9.69323,76.733989,23.8,36.8,22.0,22.1,1.21,5.4
36683,18.459896,73.645837,35.7,26.1,20.6,18.0,1.38,6.4
36684,14.485255,74.888252,15.7,45.7,23.9,18.0,1.27,5.5
36685,13.936177,75.269695,16.3,40.5,21.4,15.8,1.3,6.2
36686,18.782569,74.075909,28.6,28.6,25.7,9.1,1.56,7.2
36687,18.783772,73.152989,38.0,34.1,18.6,13.3,1.48,6.3
36688,9.691251,76.472078,22.7,31.4,26.4,24.3,1.22,5.1
36689,10.550955,77.780522,19.1,43.4,19.1,15.2,1.5,7.6
36690,10.217664,76.948378,31.9,32.5,25.7,31.3,1.1,5.2
36691,15.893585,74.712043,16.4,35.4,29.8,16.0,1.27,6.0
36692,14.882385,74.335154,18.1,42.3,19.5,27.5,1.2,5.4
36693,8.944608,76.857338,29.8,33.5,25.6,26.3,1.14,5.3
36694,12.72192,75.993375,24.4,41.9,18.8,14.6,1.27,6.0
36695,18.815989,73.895401,23.2,30.3,25.9,12.4,1.54,6.9
36696,9.618438,77.811883,32.2,40.8,16.3,14.9,1.57,7.6
36697,17.837603,73.778081,36.3,27.7,23.7,18.9,1.35,6.3
36698,13.816976,75.575185,20.1,40.2,21.9,16.6,1.32,6.0
36700,8.667645,77.677033,30.0,37.6,18.3,14.9,1.53,6.9
36701,13.861834,75.651438,22.5,35.5,21.3,11.3,1.38,6.5
36702,18.357485,73.944781,29.0,30.9,16.7,11.6,1.53,6.5
36704,17.034133,73.530823,24.6,30.9,27.4,21.6,1.34,6.1
36705,18.314329,73.953826,27.8,32.1,20.5,14.1,1.38,6.6
36706,17.949255,73.419698,30.8,27.0,28.8,19.1,1.37,6.0
36707,10.42092,77.176354,24.0,35.7,26.4,32.5,1.06,5.5
36708,8.962612,76.74765,28.5,36.4,23.4,22.0,1.15,5.2
36709,9.680377,77.206632,29.5,37.7,21.8,32.8,1.25,5.5
36710,15.370794,74.298424,19.7,39.8,21.2,22.6,1.25,5.6
36711,13.93189,75.753989,18.1,43.8,16.5,13.0,1.42,6.5
36712,11.31432,76.34761,22.1,43.8,21.8,20.9,1.19,5.4
36713,15.786632,74.061293,22.7,34.1,22.2,19.0,1.37,6.2
36714,10.88864,76.500988,21.2,43.4,21.4,24.7,1.25,5.4
36716,9.943746,77.179898,29.1,32.1,26.3,34.1,1.12,5.2
36717,9.69751,77.782348,25.6,39.0,15.8,23.9,1.46,7.6
36718,15.667044,74.282236,26.8,37.0,19.6,25.9,1.2,5.6
36719,9.217179,76.958593,26.2,35.7,22.5,27.8,1.09,5.1
36720,15.435104,75.123877,27.9,29.7,31.4,12.5,1.42,7.5
36721,15.135378,74.717022,17.9,38.4,21.0,15.9,1.31,5.9
36722,17.055544,73.499256,28.8,30.1,26.9,20.7,1.36,6.1
36723,15.57802,74.692093,19.6,43.6,14.5,12.1,1.32,6.2
36724,14.6622,74.969778,17.8,47.8,17.2,13.9,1.3,6.2
36725,9.681978,76.620285,23.5,39.6,23.7,21.6,1.22,5.3
36726,18.875249,73.922634,29.3,34.0,20.7,12.8,1.54,6.8
36727,14.859873,74.948249,16.7,46.4,22.3,15.2,1.29,5.7
36728,16.553448,73.998255,18.8,41.2,20.6,17.0,1.38,6.2
36729,16.579036,73.954894,22.0,35.5,20.4,16.9,1.31,6.3
36730,8.660002,77.441478,24.5,34.3,22.7,17.0,1.4,5.9
36731,16.488629,74.497547,20.8,41.6,16.2,11.0,1.42,6.9
36732,14.593651,75.491392,20.4,38.5,26.4,11.1,1.4,7.7
36733,9.480775,76.463119,26.7,23.2,36.2,28.0,1.18,5.2
36734,9.028529,76.582338,24.8,33.5,26.7,22.0,1.22,5.3
36735,13.896623,75.848314,21.6,39.5,17.3,16.5,1.3,6.4
36736,15.16132,74.034606,25.2,35.5,21.0,19.0,1.39,5.6
36737,12.60113,76.305869,25.7,42.5,17.0,12.0,1.38,6.9
36738,9.110168,77.238392,32.2,28.7,21.4,38.9,1.05,5.2
36739,18.038747,73.298315,33.3,30.5,17.5,21.2,1.32,6.1
36740,15.259381,75.020451,23.1,38.8,22.7,11.7,1.4,6.6
36741,15.171153,74.798529,24.4,40.6,17.4,13.6,1.38,6.0
36742,14.625884,75.094226,26.4,33.1,24.7,10.3,1.37,6.1
36743,10.840784,77.453126,20.9,44.0,15.7,13.2,1.49,7.0
36744,10.023282,76.296884,0.0,0.0,0.0,0.0,0.0,0.0
36745,9.305704,77.729826,30.3,37.1,20.7,14.1,1.56,7.6
36746,17.367598,73.960033,22.9,34.7,24.0,19.2,1.34,6.2
36747,18.603638,73.748536,0.0,0.0,0.0,0.0,0.0,0.0
36748,8.486555,77.251952,22.1,39.0,23.0,35.7,1.14,5.3
36749,18.002348,73.690544,38.2,28.7,19.1,27.3,1.17,6.4
36750,16.050414,74.496101,19.5,40.2,19.9,15.3,1.3,6.0
36751,16.22159,74.318702,22.3,33.9,20.2,11.6,1.38,6.2
36752,11.639538,76.506935,27.0,37.9,23.5,22.0,1.16,5.6
36753,17.393988,73.374552,25.7,29.4,24.6,19.2,1.38,6.0
36754,10.319197,76.370598,24.8,47.9,13.5,22.0,1.24,5.2
36755,17.432056,73.529698,24.6,27.7,24.1,16.7,1.38,6.1
36756,15.712874,73.764111,27.9,32.7,23.9,17.6,1.35,6.2
36757,9.255367,77.076338,23.4,34.2,23.1,31.9,1.15,5.1
36758,11.176111,76.871605,17.4,46.7,20.0,20.3,1.25,6.2
36759,9.70972,77.740999,25.0,41.4,19.3,17.8,1.43,7.0
36760,12.856586,75.42956,24.5,55.8,14.0,18.2,1.14,5.4
36761,12.791557,75.00372,33.0,49.3,10.6,21.5,1.23,5.7
36762,9.786766,76.425285,22.2,24.9,34.7,32.0,1.18,5.2
36763,9.243472,77.556462,28.4,39.0,18.9,21.2,1.38,6.8
36764,18.991936,73.948777,35.0,27.6,21.3,11.8,1.57,7.0
36765,12.739854,76.216627,26.4,39.2,18.1,10.2,1.3,7.2
36766,17.170304,73.664938,28.6,32.8,19.5,21.0,1.35,6.2
36767,11.851928,76.254766,20.3,43.6,22.5,18.4,1.15,5.5
36768,8.865732,76.995358,29.5,34.7,20.9,27.0,1.12,5.2
36770,9.811029,76.772575,25.4,35.5,27.4,41.0,1.1,5.3
36771,15.558627,74.726002,19.6,40.4,17.3,10.9,1.36,6.1
36772,10.378603,76.661237,28.5,40.4,19.2,24.8,1.12,5.1
36774,11.962667,76.626142,23.1,38.2,20.4,14.7,1.32,6.6
36775,11.618991,76.713033,27.0,40.3,20.8,22.8,1.28,6.2
36776,11.00183,76.624023,23.3,36.5,21.9,25.6,1.16,5.3
36777,9.290623,76.895952,32.5,29.9,22.1,27.8,1.14,5.2
36778,13.688469,75.390937,20.6,44.4,16.3,21.5,1.2,5.4
36779,15.816771,74.032249,23.2,33.7,22.9,22.3,1.24,5.6
36780,17.579076,74.101037,38.0,29.0,17.9,10.3,1.5,7.0
36781,14.357323,75.536135,28.9,33.1,28.7,11.1,1.4,6.7
36782,18.442998,73.072036,27.6,36.5,19.3,16.8,1.34,6.0
36784,16.538089,73.515997,26.3,33.7,21.0,20.3,1.42,6.0
36785,16.129862,74.455915,24.0,36.9,22.2,13.1,1.3,6.0
36786,15.17655,74.45948,16.5,49.1,18.2,18.0,1.27,5.5
36787,9.771558,77.750127,24.6,41.6,20.0,18.0,1.48,6.9
36788,17.661948,73.861761,32.7,29.9,24.3,28.4,1.32,6.3
36789,17.840031,73.209072,31.0,30.5,20.6,15.2,1.42,6.1
36790,10.377831,77.611685,22.3,40.4,23.1,31.1,1.12,5.9
36791,9.219116,77.191638,27.3,32.7,24.2,43.1,1.04,5.2
36792,16.356397,74.15022,17.5,37.5,22.9,13.1,1.4,6.4
36793,9.001661,77.322624,23.2,40.8,19.9,17.0,1.4,6.0
36794,14.305587,74.892092,17.2,44.9,21.9,14.5,1.38,6.0
36797,16.247324,74.537432,27.2,37.2,17.7,9.3,1.4,6.4
36798,12.577658,76.377578,35.4,36.3,15.6,12.2,1.38,7.6
36799,9.573387,77.76774,31.1,38.9,17.7,20.5,1.42,7.6
36800,10.020722,77.740344,24.3,39.3,20.3,27.1,1.28,6.3
36801,15.514104,74.950313,19.7,36.6,24.9,8.8,1.39,6.5
36802,14.455362,75.427708,24.2,35.5,25.9,10.3,1.42,6.9
36804,18.219503,73.820225,28.8,30.7,20.6,22.1,1.35,6.5
36805,9.420354,76.401459,25.0,23.1,31.1,34.1,1.17,5.3
36806,18.721962,73.019963,35.7,29.7,24.3,13.6,0.98,6.5
36807,17.090144,73.567457,24.0,35.0,19.9,17.3,1.31,6.1
36808,17.702829,73.844433,27.0,29.7,22.0,19.3,1.31,6.3
36809,13.986321,75.183408,15.0,47.8,20.9,17.0,1.29,6.0
36810,13.188704,76.045249,18.7,41.6,18.1,12.1,1.39,6.8
36811,16.823251,73.696492,21.8,35.1,23.6,23.4,1.34,6.1
36812,10.615359,76.937668,19.8,46.9,18.9,21.6,1.38,5.7
36813,18.215819,73.691326,40.4,26.0,20.3,21.7,1.4,6.3
36814,8.880003,77.439677,26.1,40.4,18.4,16.1,1.42,6.2
36815,17.331001,74.108727,27.4,42.6,13.2,13.1,1.36,6.3
36817,9.687294,76.45031,23.7,27.8,27.6,24.1,1.18,5.2
36818,13.44634,75.152992,23.3,42.9,20.3,29.9,1.08,5.5
36819,11.352577,77.300233,19.2,39.4,21.2,17.5,1.42,7.6
36820,10.229404,77.132222,30.0,35.0,24.2,32.8,1.09,5.5
36821,18.926281,73.66318,32.6,25.0,23.3,18.8,1.37,6.4
36822,10.823904,76.294263,24.9,51.2,14.6,22.1,1.2,5.2
36823,17.482609,73.780285,39.8,28.0,19.4,30.9,1.23,5.7
36824,13.988451,75.673508,19.7,38.0,19.3,14.4,1.42,6.8
36825,14.678369,75.434798,29.4,32.5,31.0,12.8,1.4,7.6
36826,10.725407,77.665915,20.3,42.4,21.0,13.9,1.48,7.2
36827,17.826684,73.355867,30.8,27.8,23.1,22.8,1.34,5.6
36828,17.693293,73.193866,23.8,34.7,24.3,17.0,1.38,5.7
36829,18.05807,72.992592,0.0,0.0,0.0,0.0,0.0,0.0
36830,14.09418,75.593844,27.5,32.6,29.4,11.8,1.4,6.7
36831,17.648911,74.04052,34.2,30.3,17.6,15.2,1.39,6.6
36832,9.420812,76.703241,20.8,39.2,24.7,25.7,1.2,5.2
36833,16.995418,74.191639,23.6,42.7,15.9,14.8,1.4,6.3
36834,15.128873,74.130503,23.0,36.8,18.3,16.1,1.27,5.5
36836,11.233192,77.12695,18.1,46.0,15.7,14.3,1.48,7.3
36838,13.025806,76.175161,21.7,35.8,27.8,10.2,1.3,7.0
36839,11.203901,76.595621,28.8,30.1,28.4,32.9,0.98,5.5
36840,14.259992,75.039261,15.4,47.2,20.5,12.7,1.3,6.1
36841,9.193549,77.01578,23.1,36.6,22.3,27.5,1.13,5.1
36842,8.939972,77.228345,32.9,38.2,21.1,32.9,1.15,5.5
36843,10.890911,77.168739,18.9,42.8,16.3,13.5,1.44,7.4
36844,10.98169,76.026021,25.5,52.0,13.9,19.5,1.2,5.4
36845,11.401803,76.413319,26.5,42.9,18.9,25.7,1.13,5.3
36846,14.810559,74.25468,18.6,46.9,19.8,25.5,1.24,5.4
36847,10.614679,77.297769,16.3,48.1,17.5,12.0,1.46,6.9
36848,12.138017,76.392621,25.8,38.9,20.8,10.2,1.36,6.7
36849,12.954343,75.48525,27.0,49.1,17.1,23.6,1.14,5.3
36850,14.622336,75.234763,31.3,33.7,22.6,9.1,1.35,6.3
36851,15.517773,74.2097,21.2,38.9,20.5,18.2,1.36,5.7
36852,15.885267,74.631853,28.5,34.6,15.9,10.3,1.38,6.0
36853,12.768281,75.030642,30.5,49.1,11.6,22.0,1.2,5.5
36854,9.325477,77.441364,22.0,40.9,19.3,21.0,1.4,6.2
36855,8.831969,76.891965,32.0,32.6,26.0,27.5,1.1,5.3
36856,18.411757,73.202495,34.6,34.0,20.8,13.3,1.4,6.2
36858,17.5029,73.355745,27.3,30.8,21.0,17.0,1.38,6.0
36859,9.569638,77.151063,30.8,35.3,22.5,32.9,1.08,5.3
36860,15.295482,74.600845,18.1,45.5,17.6,16.2,1.3,5.8
36861,11.070676,76.175153,24.3,51.6,16.4,24.0,1.16,5.4
36863,18.606353,73.863363,37.9,31.8,15.6,11.9,1.56,7.0
36864,11.060283,76.519888,26.6,39.2,21.8,29.9,1.08,5.3
36865,8.94647,76.590298,37.7,25.3,18.4,36.3,1.1,5.4
36866,9.987766,76.235136,25.7,31.7,23.7,26.0,1.1,5.3
36867,10.505897,76.267796,24.1,44.8,15.2,24.7,1.2,5.2
36868,12.560698,74.95906,0.0,0.0,0.0,0.0,0.0,0.0
36869,12.073636,76.489872,27.0,38.4,22.8,12.5,1.36,6.6
36871,19.545017,74.001513,35.0,18.8,28.3,10.5,1.6,7.0
36872,17.430932,74.044339,28.5,34.1,21.4,15.0,1.42,6.4
36873,8.663883,76.866234,26.4,33.9,23.6,21.9,1.23,5.3
36874,13.941092,74.591936,22.1,40.8,20.4,22.5,1.2,6.1
36875,10.78391,77.048594,13.4,51.5,15.3,12.1,1.5,7.4
36876,11.10483,76.269575,22.8,45.9,22.0,20.2,1.23,5.4
36878,15.276522,73.988912,0.0,0.0,0.0,0.0,0.0,0.0
36879,8.718815,76.796683,30.1,35.7,18.9,24.5,1.25,5.3
36881,17.643059,73.746719,31.4,29.4,21.9,30.4,1.25,5.7
36882,18.488761,73.909943,22.9,40.6,14.8,12.0,1.54,6.6
36883,15.011841,74.535999,16.9,45.6,24.8,27.8,1.21,5.5
36884,13.321414,74.810008,29.2,47.3,16.9,25.1,1.14,5.6
36885,14.973547,75.086735,27.1,41.2,15.3,12.9,1.4,6.2
36886,12.701185,76.099692,29.0,42.2,13.8,11.8,1.3,6.7
36887,14.261806,74.895079,18.7,40.6,21.0,13.4,1.37,6.2
36888,9.62256,77.770371,27.3,40.5,15.5,14.0,1.56,7.6
36889,8.482675,77.148556,22.5,37.3,20.7,25.2,1.29,5.3
36890,11.205504,75.88303,27.7,56.0,11.3,19.2,1.28,5.4
36891,15.055972,74.167004,16.6,46.9,17.3,30.8,1.15,5.6
36892,17.058074,73.874499,30.3,29.5,19.0,19.1,1.35,6.1
36893,14.336377,75.010922,16.9,44.8,23.9,16.9,1.35,6.1
36894,16.820233,73.303056,16.5,34.0,28.2,18.4,1.43,6.0
36895,10.704185,77.153858,19.2,46.1,15.1,12.4,1.49,7.2
36896,9.928549,76.515994,24.3,43.1,18.7,22.0,1.22,5.1
36897,10.416481,77.232623,22.2,48.7,15.3,22.9,1.3,6.2
36898,8.79643,77.121752,28.8,37.7,20.7,28.2,1.15,5.2
36899,14.885483,74.998992,20.7,40.7,17.8,15.0,1.28,5.7
36900,15.408402,74.597344,21.7,39.0,18.5,21.6,1.25,5.8
36901,16.472873,74.356395,33.4,32.8,16.8,13.0,1.38,6.6
36902,13.873041,75.806648,18.7,37.9,19.6,17.1,1.3,6.5
36903,8.801997,76.699856,26.4,35.5,22.4,22.0,1.23,5.1
36904,15.994533,73.97835,29.3,33.5,18.6,22.2,1.37,5.5
36905,15.919207,74.592103,22.4,32.9,31.7,17.0,1.27,6.0
36906,11.297397,76.794118,26.9,35.2,26.7,25.9,1.1,5.6
36907,16.594254,73.7184,22.0,27.9,29.2,17.1,1.3,6.0
36908,12.339382,76.609187,0.0,0.0,0.0,0.0,0.0,0.0
36909,9.104891,76.747535,22.1,34.3,29.6,24.7,1.19,5.2
36910,11.197028,77.154464,18.4,46.7,19.5,13.0,1.42,7.7
36911,9.440399,77.780307,30.0,39.5,19.3,14.1,1.54,7.7
36912,11.987136,76.129023,23.2,41.5,22.6,21.9,1.16,5.4
36913,15.046463,75.085206,28.2,37.6,19.4,12.2,1.39,6.3
36914,10.42447,76.083549,0.0,0.0,0.0,0.0,0.0,0.0
36915,16.334708,74.043735,22.6,38.6,18.9,19.1,1.3,6.2
36916,14.413042,75.553665,30.2,32.1,26.6,10.3,1.4,6.9
36918,9.619171,76.853305,27.6,33.0,27.4,28.1,1.04,5.2
36919,11.91841,76.894655,18.9,41.0,23.5,11.2,1.33,7.2
36920,13.076062,75.863541,22.0,43.0,21.5,18.0,1.24,5.7
36921,8.527455,76.912813,0.0,0.0,0.0,0.0,0.0,0.0
36922,13.293663,75.897522,22.7,40.9,20.2,17.0,1.25,6.2
36923,9.526826,76.924484,26.2,37.5,25.6,27.1,1.15,5.3
36924,18.599775,73.655667,32.4,28.2,19.6,16.9,1.36,6.4
36925,15.494458,74.129844,17.2,36.4,26.1,17.0,1.38,5.5
36926,13.247539,74.992824,31.1,49.1,12.9,24.0,1.2,5.6
36927,15.684037,74.256306,29.2,37.1,20.7,27.1,1.2,5.5
36928,15.155034,74.246848,17.8,41.1,22.0,22.9,1.26,5.5
36929,10.277617,76.494663,25.5,41.5,18.0,24.3,1.1,5.2
36930,11.480739,76.90716,20.8,40.5,28.7,33.6,1.15,6.1
36931,9.936667,76.68383,33.3,37.5,16.4,29.2,1.14,5.3
36932,17.720091,73.794701,28.8,29.3,21.0,22.0,1.23,5.7
36933,15.793033,74.610341,28.2,33.0,25.5,15.8,1.3,6.0
36934,11.139121,76.50237,25.1,38.1,25.1,35.7,1.0,5.4
36935,11.593824,77.105838,22.2,41.8,23.4,23.0,1.22,6.0
36936,12.991715,75.882951,26.9,42.7,18.1,16.0,1.26,5.9
36937,11.497735,76.538654,27.6,29.7,26.8,29.5,1.04,5.4
36938,18.142993,74.047753,0.0,0.0,0.0,0.0,0.0,0.0
36939,17.534866,74.078914,28.9,31.5,20.7,12.4,1.53,6.7
36940,8.934101,76.708865,26.4,38.0,24.2,22.7,1.2,5.2
36941,16.686648,74.116496,17.2,38.6,24.2,15.2,1.33,6.4
36942,10.653775,76.803559,17.9,47.2,22.2,19.0,1.35,5.7
36944,9.452414,77.659583,30.1,38.1,20.0,14.0,1.5,7.4
36945,16.468502,74.050011,16.7,42.4,20.5,15.8,1.4,6.4
36946,11.956232,75.476381,26.0,48.6,12.6,21.1,1.2,5.5
36947,19.500262,74.014268,50.2,17.7,21.7,16.9,1.44,6.8
36948,15.010649,75.137037,34.6,34.5,17.8,11.2,1.36,6.4
36949,16.496671,73.369844,16.1,33.9,25.7,16.0,1.36,6.1
36950,8.611827,77.557912,24.2,36.8,21.9,18.1,1.4,6.2
36951,16.208449,74.135244,21.8,39.9,21.9,20.9,1.22,5.7
36953,16.528199,73.712351,21.8,28.7,29.0,17.0,1.34,6.1
36954,19.278739,74.027394,43.1,20.0,24.8,17.0,1.42,6.7
36955,13.802351,75.168259,18.6,47.0,21.2,19.1,1.25,5.5
36956,10.71277,77.734752,18.9,44.7,19.9,13.0,1.49,7.3
36957,11.075202,77.523321,23.9,37.3,25.3,20.0,1.42,7.7
36958,10.349862,76.193254,22.5,46.7,21.4,20.9,1.2,5.2
36959,9.114237,77.471389,27.8,38.6,19.5,14.8,1.41,6.5
36960,12.503448,76.034987,34.2,33.7,19.6,11.6,1.31,6.2
36961,9.041395,76.534112,27.1,30.2,30.2,28.0,1.17,5.4
36962,18.423545,73.086324,32.0,34.8,19.2,13.8,1.4,6.1
36963,15.421589,74.782776,28.0,30.7,16.4,12.6,1.39,6.3
36964,14.034894,75.590357,21.8,35.9,25.0,12.8,1.4,6.7
36966,11.981958,75.685838,21.9,48.7,16.8,20.2,1.14,5.4
36967,17.917515,73.412084,33.8,22.4,25.3,19.3,1.38,6.0
36968,12.082327,76.611364,30.4,35.5,20.5,11.7,1.37,7.1
36969,18.02201,73.679209,35.6,27.1,21.0,27.0,1.2,6.2
36970,10.993083,76.44574,20.5,44.7,21.0,22.2,1.22,5.3
36971,13.718417,75.679805,20.4,41.8,17.8,14.6,1.38,6.2
36972,9.880838,76.308439,0.0,0.0,0.0,0.0,0.0,0.0
36974,16.991665,73.564617,26.8,30.2,27.4,21.3,1.33,6.1
36975,12.939941,76.1364,23.9,36.9,20.6,10.0,1.42,7.0
36976,17.072864,73.344351,18.0,35.9,26.4,17.0,1.42,6.0
36977,12.996134,74.828152,0.0,0.0,0.0,0.0,0.0,0.0
36979,18.962384,73.720932,30.5,26.5,18.9,15.2,1.38,6.5
36980,11.483401,76.937741,28.5,36.1,24.9,32.5,1.1,5.6
36982,8.827558,76.680068,26.6,33.6,24.9,23.5,1.22,5.2
36983,11.633711,76.752782,25.6,40.0,20.1,17.6,1.3,6.4
36984,14.235114,74.792623,15.1,45.6,24.0,22.5,1.2,5.4
36985,8.538599,77.229469,24.0,36.7,25.5,27.9,1.2,5.6
36986,10.619117,76.791094,20.2,41.9,21.2,17.8,1.25,5.6
36987,17.074941,73.827021,31.2,28.5,20.7,20.9,1.27,6.2
36988,11.001063,77.437069,19.2,45.2,17.5,11.2,1.5,7.5
36990,17.441969,73.347248,24.9,30.6,25.0,17.9,1.38,6.1
36991,9.322595,77.166862,31.5,30.8,23.6,43.8,1.14,5.3
36993,11.598723,75.96794,28.8,35.9,20.7,36.1,1.0,5.3
36994,14.700428,74.298803,23.4,42.2,18.2,22.2,1.27,6.1
36995,12.648067,75.075902,22.6,50.3,15.5,20.9,1.19,5.7
36996,11.096322,77.391537,18.9,37.4,24.7,15.7,1.4,7.7
36997,15.288199,74.773279,33.8,30.9,21.2,13.3,1.42,6.2
36998,10.524121,76.983026,20.5,44.9,19.2,15.4,1.4,6.2
36999,10.469408,76.063628,22.2,32.9,24.9,30.3,1.16,5.4
37000,17.352782,73.708043,28.5,29.3,21.6,22.7,1.23,5.6
37001,12.585012,76.181873,27.6,40.1,17.3,15.0,1.33,6.9
37002,18.036771,73.253046,24.1,34.4,20.5,21.0,1.36,5.8
37003,18.006518,74.094929,39.8,30.5,12.2,11.3,1.5,7.1
37004,8.746009,77.205853,26.9,31.4,30.7,32.6,1.09,5.2
37005,11.15066,76.04876,25.9,51.9,15.1,21.0,1.23,5.4
37006,12.658141,74.932736,28.8,47.9,13.0,21.4,1.25,5.8
37007,11.944965,75.374873,0.0,0.0,0.0,0.0,0.0,0.0
37008,10.096897,76.53495,23.9,39.1,21.1,24.7,1.22,5.2
37009,12.76143,75.438657,22.9,48.2,19.7,15.4,1.23,5.5
37010,9.508557,77.538348,29.2,40.1,16.6,22.1,1.4,6.5
37011,9.979778,77.463511,23.7,41.5,20.2,19.0,1.42,6.5
37012,18.663276,74.079247,37.1,25.0,26.4,9.5,1.6,7.2
37013,10.235757,76.755356,27.8,35.8,23.3,44.7,1.08,5.4
37014,18.85721,73.960386,21.5,37.3,19.2,11.8,1.59,6.7
37015,10.272852,76.406716,25.5,40.8,15.9,24.5,1.19,5.4
37016,14.553114,74.963964,16.4,47.7,18.4,17.7,1.38,6.2
37017,11.375359,76.528873,21.3,30.9,31.0,37.0,1.05,5.6
37018,16.782779,73.34256,19.5,36.5,19.1,18.6,1.42,6.2
37019,17.537512,73.687526,28.8,26.2,19.7,17.9,1.4,6.1
37020,10.485068,76.234828,0.0,0.0,0.0,0.0,0.0,0.0
37021,16.937361,73.852201,25.6,28.3,19.7,19.2,1.3,5.8
37022,13.419798,75.632728,25.4,38.1,19.9,23.4,1.1,5.4
37023,10.070254,76.503293,25.5,37.1,21.6,24.3,1.2,5.2
37024,18.036886,73.951305,29.9,37.0,18.4,19.0,1.35,6.5
37025,18.511825,73.019108,29.3,36.1,19.3,16.1,1.36,6.2
37026,17.689945,73.85421,27.8,28.3,26.5,17.0,1.33,6.2
37027,12.50999,76.256241,27.4,43.7,16.3,12.5,1.36,7.0
37028,13.875606,74.751768,23.6,47.0,18.0,28.4,1.2,5.6
37029,11.860679,76.189603,25.6,41.6,21.5,21.8,1.14,5.5
37030,10.773961,77.52214,21.8,41.8,19.5,12.2,1.49,6.9
37031,12.921452,75.380454,22.9,48.9,18.6,15.2,1.22,5.5
37032,8.852454,77.159521,27.7,33.8,23.2,36.9,1.14,5.1
37034,18.678236,73.346218,30.8,32.4,26.2,12.2,1.4,6.4
37035,14.929131,74.679594,16.5,47.8,21.6,23.3,1.23,5.5
37036,12.996558,74.857651,0.0,0.0,0.0,0.0,0.0,0.0
37037,16.058625,73.964398,20.5,32.9,25.1,22.1,1.27,5.5
37038,10.103658,76.369768,0.0,0.0,0.0,0.0,0.0,0.0
37039,9.851798,76.553741,22.7,41.2,22.9,25.5,1.16,5.2
37040,12.524839,75.121565,25.5,48.6,14.8,24.5,1.14,5.5
37041,10.681019,77.68547,20.5,44.1,19.2,18.2,1.4,7.2
37042,9.908282,77.346132,24.5,36.8,20.5,21.1,1.4,6.8
37043,18.007771,74.039457,26.6,33.7,15.7,20.1,1.36,6.4
37044,13.43793,75.549809,24.4,36.1,24.1,25.9,1.1,5.5
37045,12.190057,76.015273,22.7,41.0,23.0,17.1,1.24,5.8
37046,15.403777,73.796753,0.0,0.0,0.0,0.0,0.0,0.0
37047,16.115067,73.6051,26.7,31.5,21.2,19.1,1.29,6.1
37048,16.508286,73.749317,28.4,28.3,21.6,18.8,1.27,6.1
37049,8.951335,76.83085,29.7,33.4,23.8,24.5,1.14,5.1
37050,8.899204,76.847647,30.3,34.0,22.4,21.6,1.14,5.3
37051,18.87974,73.18222,0.0,0.0,0.0,0.0,0.0,0.0
37052,12.198,76.27304,23.5,38.5,20.6,11.0,1.3,6.8
37053,12.362185,76.163713,24.8,42.7,17.5,10.0,1.32,6.7
37054,16.490585,74.332826,29.6,31.2,19.9,10.1,1.36,6.6
37055,13.016696,75.301197,27.5,51.4,14.0,18.0,1.21,5.5
37056,16.76224,74.026779,16.6,36.9,27.3,14.3,1.39,6.6
37057,8.800658,77.39398,20.1,39.4,23.0,17.4,1.44,5.9
37058,14.171906,75.123056,15.6,48.9,18.2,12.9,1.37,6.2
37059,18.602656,73.39487,0.0,0.0,0.0,0.0,0.0,0.0
37060,10.421266,76.121372,22.4,42.3,19.7,24.0,1.2,5.3
37062,11.20949,76.248679,23.1,45.0,20.5,20.5,1.2,5.4
37063,8.904358,76.985808,31.9,30.1,20.5,28.5,1.12,5.2
37064,16.055091,74.24758,20.8,44.5,19.2,18.1,1.27,6.0
37065,9.688073,77.121446,28.6,31.0,27.4,34.5,1.06,5.1
37066,10.708555,77.325404,16.9,45.2,17.5,12.8,1.5,7.0
37067,18.345943,73.219634,31.5,31.3,21.4,14.0,1.38,6.1
37068,17.157465,73.411378,20.8,33.6,23.4,19.0,1.36,6.2
37070,12.105481,76.361866,25.7,41.4,18.6,13.8,1.3,6.3
37071,8.476083,76.985896,33.5,37.7,18.3,21.5,1.4,5.4
37072,18.090302,73.740452,36.4,26.1,22.2,16.4,1.34,6.1
37074,10.845888,76.604712,20.9,46.8,21.1,25.4,1.2,5.4
37075,9.511823,77.376501,30.5,32.8,20.6,42.7,1.06,5.3
37076,13.083303,75.784468,21.0,40.7,25.0,18.0,1.21,5.7
37077,14.772446,75.422555,40.0,27.3,27.7,10.2,1.4,7.7
37078,8.663844,77.214844,28.3,31.6,25.6,33.1,1.05,5.3
37079,10.708048,76.66313,16.3,50.7,17.4,22.3,1.3,5.6
37080,13.502765,75.653249,20.4,40.0,20.4,23.0,1.2,5.5
37081,18.241881,74.046996,28.1,31.3,19.3,14.6,1.42,6.7
37082,18.860804,73.597819,32.6,27.5,21.4,14.4,1.37,6.4
37083,11.344855,76.489515,23.7,34.9,27.3,30.2,1.13,5.4
37084,12.899035,76.234087,17.9,41.3,19.5,12.3,1.4,6.9
37086,11.118818,76.717162,25.0,38.9,20.5,22.0,1.3,6.0
37088,13.390993,75.564088,25.2,41.3,19.0,26.2,1.12,5.5
37089,15.543902,74.753329,20.2,36.5,19.8,11.4,1.34,6.1
37090,14.571274,74.624707,15.6,47.5,19.4,22.4,1.23,5.4
37091,10.544209,77.913043,18.7,47.3,18.6,12.4,1.46,7.7
37092,14.104796,75.20195,16.9,45.8,17.3,16.2,1.3,6.1
37093,10.330304,76.311905,24.0,54.2,13.3,21.2,1.22,5.4
37094,16.079233,74.096762,22.2,36.8,20.2,17.2,1.34,6.1
37095,13.33866,74.988021,25.3,45.0,15.6,16.8,1.25,5.6
37096,12.821803,75.228057,28.7,42.6,18.4,22.0,1.2,5.6
37097,16.377518,73.731779,20.5,30.9,27.7,16.5,1.35,6.1
37098,10.655578,76.681516,16.0,54.4,17.4,22.1,1.29,5.6
37099,13.131904,75.410123,24.7,37.8,23.0,38.3,1.04,5.6
37100,10.856834,76.782692,26.2,40.7,21.3,24.7,1.2,5.5
37101,9.326733,77.301084,29.0,31.7,24.1,49.8,0.96,5.3
37102,9.025227,76.662301,25.8,33.0,32.0,22.3,1.2,5.3
37103,12.879858,74.835059,0.0,0.0,0.0,0.0,0.0,0.0
37104,11.129171,76.335053,24.0,46.4,18.9,19.1,1.2,5.4
37106,10.509339,76.432684,23.9,48.3,15.7,22.7,1.12,5.4
37107,13.730077,75.682313,19.6,40.5,20.2,14.6,1.37,6.2
37108,9.547692,76.532869,0.0,0.0,0.0,0.0,0.0,0.0
37109,13.940575,75.820025,21.1,46.6,13.8,13.8,1.38,6.8
37110,15.982381,74.263488,19.8,49.6,14.8,17.9,1.29,6.2
37111,10.789197,76.566586,18.5,48.9,19.2,23.9,1.27,5.4
37112,10.262231,76.246277,22.7,42.3,23.4,23.1,1.27,5.2
37113,13.958056,75.520304,19.0,35.0,25.6,9.8,1.37,6.3
37115,9.092579,76.574382,24.5,31.4,27.4,23.2,1.22,5.4
37116,18.935965,73.954378,25.8,36.1,17.5,11.3,1.57,7.0
37117,17.82758,73.838564,28.4,29.2,24.7,21.1,1.34,6.2
37118,15.46863,74.223586,21.8,41.2,20.2,23.8,1.27,5.6
37119,18.660466,73.538533,31.5,29.5,18.7,15.7,1.35,6.2
37120,16.645985,73.547719,26.3,31.5,21.5,19.2,1.37,6.1
37121,15.367299,74.339276,18.3,45.3,18.6,21.4,1.27,5.6
37122,16.0139,74.363677,18.9,36.8,24.8,13.0,1.36,6.1
37123,14.005895,75.775449,17.2,49.5,15.8,14.0,1.38,6.5
37124,16.455159,74.31301,31.8,33.9,14.9,12.1,1.4,6.6
37125,11.811553,76.375977,22.2,42.1,21.0,20.0,1.2,5.7
37126,13.338919,75.573938,28.0,39.1,20.2,30.1,1.14,5.5
37127,12.012751,76.264368,27.1,43.1,15.5,14.2,1.3,5.8
37128,17.814158,73.614236,30.4,28.0,22.5,23.5,1.2,5.6
37129,15.633317,74.002156,26.0,33.0,19.9,16.5,1.42,6.0
37130,17.505936,73.597325,28.4,26.5,23.2,17.2,1.38,6.0
37131,8.928837,76.58923,0.0,0.0,0.0,0.0,0.0,0.0
37132,12.72727,75.058728,30.0,49.1,11.3,22.3,1.2,5.6
37133,14.721492,74.582709,15.5,42.6,23.7,23.3,1.15,5.4
37134,9.712264,76.49642,25.0,37.0,26.1,23.3,1.22,5.2
37135,8.349741,77.196084,28.2,37.5,21.6,28.2,1.43,5.7
37136,14.829968,74.904943,16.7,43.3,23.4,19.0,1.28,5.6
37137,14.984369,74.562986,20.7,40.5,22.4,22.6,1.26,5.6
37138,13.139335,75.770833,19.3,41.2,23.4,19.2,1.27,5.8
37139,18.098018,73.574953,35.1,28.4,22.2,27.4,1.32,6.2
37140,18.713562,74.016591,26.6,30.7,25.3,11.0,1.56,7.1
37141,11.8203,75.72064,27.4,48.2,15.8,30.0,1.06,5.2
37142,16.817855,73.365658,18.5,36.5,22.6,16.8,1.38,6.3
37143,18.513366,73.506594,0.0,0.0,0.0,0.0,0.0,0.0
37144,15.007664,75.228901,27.3,35.6,24.3,10.0,1.44,6.8
37145,9.433525,76.763959,20.2,40.5,24.4,24.1,1.12,5.4
37146,18.646529,73.328203,32.2,34.1,22.9,17.6,1.37,6.2
37147,12.865407,75.411853,25.7,55.5,13.0,16.8,1.22,5.5
37148,10.501162,76.471926,27.7,43.0,17.1,29.0,1.12,5.3
37149,14.975028,74.200234,16.7,43.4,21.2,22.6,1.24,5.4
37150,12.921955,76.18115,24.2,36.5,25.9,10.5,1.37,6.9
37151,17.716292,73.574889,32.5,28.5,18.9,20.1,1.29,6.0
37152,11.094678,77.317072,0.0,0.0,0.0,0.0,0.0,0.0
37153,12.984618,76.092875,20.2,40.9,19.3,11.0,1.3,6.9
37154,9.738617,77.616076,34.9,34.8,17.1,28.4,1.21,6.0
37155,8.603705,77.595025,32.5,36.8,20.8,19.4,1.42,6.5
37156,11.542668,76.505987,25.9,39.2,22.3,19.0,1.2,5.5
37157,15.701641,74.722447,23.8,36.4,16.9,9.7,1.4,6.4
37158,9.400239,77.168883,29.1,31.2,23.9,34.0,1.1,5.1
37159,16.634591,74.323716,22.5,39.6,16.6,10.3,1.44,7.2
37160,11.451128,76.196679,27.6,46.5,14.3,28.0,1.1,5.4
37161,9.129076,77.132299,26.8,39.0,20.4,26.8,1.19,5.4
37162,9.777728,76.640425,23.7,40.9,19.7,24.2,1.19,5.3
37163,16.324407,73.505905,23.3,32.9,21.4,20.3,1.38,5.9
37164,13.998818,75.468178,23.0,36.9,22.5,12.1,1.35,6.3
37165,18.886806,73.066706,35.1,33.4,21.0,13.1,1.48,6.2
37166,17.056923,73.619552,25.5,29.5,23.4,18.6,1.33,6.0
37167,15.024795,74.208768,19.8,47.0,17.2,29.6,1.2,5.6
37168,9.047915,77.624863,26.3,40.5,19.4,23.2,0.0,6.8
37169,16.410555,73.958255,0.0,0.0,0.0,0.0,0.0,0.0
37170,16.708395,73.736708,22.0,28.5,26.3,18.9,1.36,6.1
37171,13.556108,75.570343,0.0,0.0,0.0,0.0,0.0,0.0
37172,15.737439,74.080607,26.4,33.2,17.7,23.8,1.37,5.6
37173,8.770646,77.345432,22.7,40.7,18.8,18.4,1.4,5.9
37174,17.321234,73.419636,27.6,28.0,25.0,19.0,1.37,6.0
37175,13.908137,74.679685,25.5,46.9,17.6,21.2,1.22,5.7
37176,12.494891,76.162703,28.0,42.4,17.0,11.6,1.38,6.8
37177,14.742961,74.427303,14.7,45.5,22.2,30.0,1.14,5.5
37178,15.547508,74.453766,17.3,42.8,18.8,18.1,1.28,5.7
37179,11.327628,77.18666,15.7,42.8,18.9,10.8,1.48,7.2
37180,18.066583,73.425471,30.2,26.2,27.9,16.9,1.25,6.1
37181,13.135638,75.852851,27.3,40.1,18.8,12.2,1.28,5.9
37182,15.939244,74.204048,22.7,39.1,15.1,15.1,1.29,6.2
37183,16.481558,74.060381,19.3,42.7,17.2,17.4,1.35,6.3
37184,9.917724,76.861118,26.3,38.0,25.9,29.2,1.1,5.1
37185,9.467393,77.728911,28.1,38.1,16.8,14.0,1.54,7.6
37187,10.895152,77.131153,19.0,42.1,15.5,13.8,1.43,7.7
37188,13.186219,75.679703,25.1,36.2,22.8,23.8,1.1,5.5
37190,11.967164,75.652804,23.0,47.6,16.0,27.5,1.11,5.4
37191,11.68882,75.764401,27.3,50.5,15.0,27.8,1.09,5.4
37192,17.261061,74.232806,20.5,36.9,16.1,11.2,1.46,6.7
37193,9.510938,76.744652,22.3,39.5,25.4,25.3,1.16,5.2
37194,9.607534,76.298785,25.3,25.6,35.0,26.4,1.16,5.2
37195,15.013263,74.187428,19.3,44.4,18.8,23.5,1.27,5.4
37196,14.033225,75.470074,24.2,36.1,19.3,10.3,1.38,6.4
37197,9.43746,77.533101,23.7,40.7,19.0,17.9,1.42,6.6
37198,13.581108,74.90666,22.7,50.3,16.7,16.2,1.26,6.2
37199,17.964019,73.58299,30.1,31.1,18.0,20.9,1.38,6.1
37200,10.884679,76.891993,19.0,42.7,23.7,13.0,1.37,6.4
37201,10.160596,76.582666,20.9,41.2,21.0,22.0,1.18,5.1
37202,11.224164,75.818815,0.0,0.0,0.0,0.0,0.0,0.0
37203,14.827312,74.847166,14.9,47.7,22.3,16.0,1.3,5.8
37204,17.545843,73.170097,26.8,33.2,24.5,16.9,1.4,6.2
37206,15.968327,73.927331,26.2,32.6,24.1,16.2,1.34,5.4
37207,17.814321,73.21448,25.7,34.7,26.7,19.0,1.33,6.0
37208,10.92965,75.945257,25.0,33.2,23.8,21.9,1.14,5.3
37209,13.288622,74.844225,30.3,46.3,16.2,23.6,1.16,5.6
37210,15.653643,73.935942,25.8,34.4,19.3,17.3,1.42,6.1
37211,14.91279,74.996426,23.9,37.7,19.2,12.7,1.35,6.0
37212,17.089413,73.792641,21.2,33.6,25.0,23.0,1.33,6.1
37213,14.340376,75.617242,28.7,33.1,25.1,9.6,1.44,6.8
37214,14.266159,75.298935,29.8,31.9,20.6,10.5,1.38,6.2
37215,10.692508,77.403517,21.7,40.6,16.9,13.4,1.49,7.3
37216,16.607494,73.39163,18.4,38.7,21.1,17.0,1.39,6.1
37217,14.569377,74.704606,15.8,47.6,20.8,21.0,1.27,5.6
37219,16.67876,73.473324,24.2,30.8,24.3,17.1,1.44,6.1
37220,9.456762,77.610371,27.2,39.0,19.0,13.6,1.41,7.3
37221,16.732736,73.367616,20.4,35.3,24.8,17.8,1.38,6.2
37222,9.400058,76.824161,23.8,35.8,26.9,27.4,1.14,5.2
37223,13.06644,76.028095,21.8,39.9,22.7,11.2,1.28,6.3
37224,11.755533,75.729492,25.9,48.3,15.6,26.2,1.14,5.4
37225,14.235539,75.653949,29.1,35.5,17.3,12.1,1.42,6.8
37227,11.03326,76.837382,24.5,35.9,25.3,27.3,1.15,5.8
37228,11.349122,76.53661,25.2,33.5,28.5,43.4,0.97,5.2
37229,14.305758,75.316566,23.5,37.0,23.7,14.8,1.35,6.2
37230,9.103026,76.566846,23.9,33.7,28.2,25.2,1.23,5.4
37231,17.276648,73.486001,28.4,30.4,23.8,20.9,1.32,6.1
37232,9.467786,77.233079,33.9,28.8,21.8,38.0,1.14,5.4
37233,17.702225,73.351555,30.6,26.3,26.1,17.1,1.38,6.1
37234,11.991391,75.613176,24.8,47.8,15.7,21.9,1.15,5.3
37236,16.429612,73.452431,17.8,40.3,22.1,15.0,1.48,6.1
37237,10.382294,76.929201,26.0,36.1,23.2,32.5,1.06,5.1
37238,14.144962,74.59063,14.2,45.7,25.2,27.6,1.18,5.6
37240,18.498692,73.376214,33.3,29.1,21.1,19.3,1.37,6.1
37241,16.49237,73.757631,29.8,26.8,21.6,19.2,1.3,6.1
37242,9.00842,76.677061,27.1,33.9,26.0,24.1,1.2,5.4
37243,17.736025,74.091288,31.5,29.6,19.0,17.0,1.38,6.8
37244,9.151231,76.813992,28.5,36.3,21.4,26.8,1.1,5.2
37245,9.522061,77.49593,29.0,43.2,18.6,31.0,1.2,5.8
37246,15.77451,74.949622,0.0,0.0,0.0,0.0,0.0,0.0
37247,13.265951,76.053167,26.5,37.3,24.2,11.0,1.42,7.5
37249,14.086236,74.633366,20.3,47.7,18.7,20.1,1.33,6.2
37250,18.969624,74.020626,30.4,33.0,18.2,11.0,1.57,7.0
37251,10.548868,77.752869,19.5,43.1,17.1,12.9,1.54,7.6
37252,8.812371,77.59763,24.5,36.5,18.4,14.0,1.45,6.9
37253,15.629843,74.202376,18.8,36.2,22.8,22.7,1.29,5.7
37254,17.513957,73.299685,23.2,31.1,27.2,13.3,1.42,6.0
37255,16.419583,73.755362,21.2,32.3,26.8,17.8,1.4,6.0
37256,15.578899,74.743573,19.5,40.0,15.6,11.8,1.33,6.2
37257,13.062795,75.388911,24.8,50.3,16.7,29.0,1.14,5.4
37258,16.541982,74.148789,15.8,38.0,21.6,12.9,1.42,6.4
37259,15.575337,74.938651,23.8,34.9,25.4,9.1,1.41,6.7
37260,10.703222,77.407699,18.3,40.6,21.4,12.0,1.46,7.0
37261,15.903975,73.778429,26.2,30.3,19.1,18.1,1.38,6.0
37262,12.974359,76.175816,20.2,40.1,17.5,14.8,1.28,6.8
37264,16.240505,74.02775,23.6,37.9,18.8,19.5,1.25,5.7
37265,17.756128,73.488025,30.8,28.1,26.4,19.4,1.36,6.3
37266,9.878616,77.556013,24.2,39.9,15.5,29.6,1.24,6.3
37267,15.935888,74.086234,24.3,34.0,18.7,22.8,1.1,5.6
37268,12.736177,75.207275,24.4,50.6,14.5,21.0,1.16,5.5
37269,11.046476,77.435782,16.2,42.1,21.7,10.0,1.46,7.2
37270,17.053818,73.66336,25.6,32.3,21.3,18.1,1.34,6.0
37271,16.848651,73.83396,31.6,33.1,19.5,18.0,1.33,6.3
37272,11.35857,76.020706,27.8,48.6,13.3,22.9,1.2,5.4
37273,18.807582,73.953188,22.0,35.5,21.8,13.4,1.52,6.8
37275,14.404432,74.40936,26.1,34.0,20.5,26.8,1.2,6.2
37276,15.875631,74.048748,26.6,35.7,18.8,23.9,1.25,6.3
37277,10.230401,77.469446,26.7,31.8,28.8,45.2,1.08,5.4
37278,10.481942,76.18649,24.7,23.6,27.6,26.8,1.09,5.3
37279,17.967384,74.134948,31.7,34.0,13.0,10.6,1.49,7.0
37280,10.293436,77.673065,26.7,37.2,21.3,41.5,1.1,5.6
37282,18.993609,73.713618,33.9,24.8,20.2,16.2,1.4,6.6
37283,9.247572,76.729703,25.7,39.0,21.4,24.1,1.18,5.4
37284,11.239464,75.852578,27.3,56.9,12.1,21.7,1.15,5.4
37285,17.771515,74.125491,30.8,28.0,19.0,12.9,1.44,7.1
37286,9.356939,77.277727,31.3,27.3,21.8,35.1,1.06,5.3
37288,9.561077,77.07939,29.6,35.6,22.2,29.4,1.14,5.3
37289,10.462333,76.61693,29.7,38.6,19.7,36.0,1.08,5.3
37290,10.461374,76.954943,22.8,35.8,24.1,30.9,1.14,5.5
37292,12.911282,74.970984,32.2,47.2,11.5,21.3,1.25,5.7
37293,17.522467,73.684168,29.4,26.7,18.4,19.2,1.36,5.8
37294,14.477526,74.7643,16.8,47.9,18.6,18.1,1.27,5.5
37295,12.929929,74.890634,34.1,49.4,9.6,20.9,1.25,5.7
37296,10.837609,77.265576,18.6,49.0,18.7,12.1,1.42,6.8
37299,14.73145,75.365867,38.2,30.4,25.7,10.0,1.43,7.2
37300,8.726351,77.290534,30.4,31.1,25.7,45.8,1.09,5.1
37302,12.886122,74.827651,0.0,0.0,0.0,0.0,0.0,0.0
37304,14.947092,75.214177,30.5,35.9,20.9,14.1,1.38,6.6
37305,18.865053,73.709704,35.3,24.4,19.3,11.3,1.42,6.8
37306,11.018785,75.938038,26.2,53.1,13.9,22.0,1.28,5.4
37307,18.479943,73.830131,0.0,0.0,0.0,0.0,0.0,0.0
37308,15.243955,74.353241,17.4,43.6,23.4,20.6,1.31,6.2
37309,9.939961,77.350927,23.6,42.0,22.5,24.6,1.34,6.8
37310,13.788435,75.576913,25.3,36.2,22.5,15.6,1.3,6.1
37311,14.583157,74.798875,15.7,48.7,19.6,16.9,1.29,5.8
37312,9.302703,76.883405,29.8,31.8,25.0,27.0,1.21,5.2
37313,10.391751,77.915211,18.6,43.7,20.4,12.0,1.48,7.5
37314,18.312822,73.728959,31.0,31.9,21.0,23.5,1.36,6.2
37316,8.698435,76.823753,29.9,37.0,19.3,22.0,1.23,5.1
37317,14.587611,74.330606,21.4,47.2,18.7,19.0,1.25,6.1
37318,9.993713,77.697811,20.2,45.0,18.6,19.1,1.31,6.6
37319,13.556079,75.566438,0.0,0.0,0.0,0.0,0.0,0.0
37320,12.862192,75.386961,24.0,48.5,15.6,16.9,1.23,5.6
37321,17.385953,74.180694,32.9,27.8,23.5,10.1,1.5,7.1
37322,15.455365,73.887104,22.2,33.0,25.8,14.9,1.36,6.3
37323,16.799942,74.077029,18.5,38.4,22.9,15.4,1.36,6.2
37324,11.92767,76.567261,29.7,39.6,18.7,14.7,1.33,6.6
37325,12.391336,76.145921,25.7,41.5,16.6,12.0,1.31,6.4
37326,9.996914,77.704459,22.1,38.7,21.8,20.9,1.31,6.7
37327,17.404576,74.172534,31.0,27.6,22.6,11.0,1.46,6.7
37328,14.831809,74.600079,19.2,40.9,19.9,21.2,1.29,5.6
37329,16.47417,73.781435,27.1,32.4,23.0,21.4,1.35,5.6
37330,9.787851,76.819912,24.5,37.3,25.4,35.0,1.09,5.1
37331,12.710926,76.004128,26.5,39.9,21.0,15.0,1.26,6.2
37332,9.911276,77.084335,28.2,40.6,20.6,29.7,1.17,5.2
37333,11.429081,77.029307,20.6,42.8,22.0,25.4,1.26,6.8
37334,14.287254,75.441019,28.4,32.9,25.2,10.3,1.4,6.5
37336,17.030058,74.160077,28.4,40.5,15.4,13.7,1.43,6.2
37337,18.329509,73.357684,32.5,32.8,20.9,18.0,1.38,6.2
37338,8.42471,77.462216,31.9,28.8,23.8,39.1,1.11,5.3
37339,16.745316,73.371869,18.2,36.3,21.3,19.0,1.35,6.2
37341,15.784326,74.489565,22.5,42.2,13.4,11.2,1.31,6.2
37342,15.833839,74.249287,23.3,35.8,23.0,25.0,1.2,5.9
37343,18.859284,72.927539,0.0,0.0,0.0,0.0,0.0,0.0
37344,11.761443,76.255991,18.5,41.2,24.9,23.2,1.1,5.4
37345,14.945272,74.987167,22.6,40.0,17.6,14.3,1.37,6.0
37346,10.111631,77.300001,27.8,31.6,21.3,31.2,1.14,5.7
37347,12.259761,76.319086,20.7,40.9,22.9,11.1,1.35,6.7
37348,10.963554,77.083893,17.1,46.9,14.2,13.5,1.46,8.1
37349,13.952924,74.930367,0.0,0.0,0.0,0.0,0.0,0.0
37350,11.130641,77.230567,17.2,44.4,18.1,16.8,1.42,7.6
37351,13.628822,75.245268,17.3,39.4,21.6,18.2,1.29,5.4
37352,16.130041,73.959703,27.6,29.1,18.4,19.2,1.24,5.6
37353,14.699701,75.31945,37.9,27.8,28.3,12.1,1.42,6.4
37354,13.551188,75.960403,19.1,41.0,16.1,9.9,1.38,6.8
37356,9.405276,76.860891,26.8,35.4,28.4,31.5,1.12,5.2
37357,11.765669,76.684943,27.5,37.5,18.1,13.0,1.39,6.7
37358,11.023901,77.216844,15.2,48.8,19.8,19.1,1.42,7.6
37359,8.962362,76.619849,0.0,0.0,0.0,0.0,0.0,0.0
37360,18.077716,73.5769,34.7,25.2,22.7,19.6,1.38,6.3
37361,15.153851,73.996914,25.5,35.1,18.5,18.2,1.37,5.8
37363,10.722778,75.955094,20.8,29.6,27.6,29.0,1.1,5.2
37365,11.531385,76.841486,22.8,41.9,22.3,23.9,1.18,6.1
37367,16.141843,74.488857,25.5,34.9,24.3,11.3,1.31,6.3
37369,16.104653,73.637246,24.6,34.3,24.0,17.5,1.37,5.9
37370,16.018207,74.065258,25.8,32.5,20.3,22.6,1.17,5.5
37371,10.017441,77.297499,24.2,40.9,21.0,29.1,1.24,6.1
37372,17.459861,73.30276,22.4,33.4,27.2,18.0,1.38,6.0
37373,13.748279,75.205905,17.2,44.6,20.3,16.0,1.29,6.1
37374,12.557351,76.154037,31.4,33.7,18.7,11.6,1.39,6.7
37375,13.100424,76.116691,19.5,39.0,26.1,11.8,1.36,7.0
37376,18.358699,73.268645,32.0,31.9,23.1,11.2,1.4,6.2
37377,8.888666,76.664275,22.4,32.1,28.9,25.8,1.28,5.3
37378,11.442731,77.181975,18.4,38.4,23.8,14.1,1.4,7.7
37379,14.849993,75.178693,30.3,36.4,24.1,11.1,1.4,6.3
37380,9.800553,76.717481,26.8,38.6,22.4,30.5,1.12,5.3
37381,14.616034,74.724189,16.7,51.4,18.7,16.0,1.28,5.6
37383,9.593491,77.322193,31.3,30.6,24.2,58.4,0.93,5.1
37385,15.435747,74.545445,18.7,41.5,21.5,16.2,1.37,5.8
37386,13.848346,75.048794,15.4,46.9,21.1,25.1,1.3,6.0
37387,12.745033,74.872387,0.0,0.0,0.0,0.0,0.0,0.0
37388,9.291364,76.435034,23.3,26.1,34.0,34.5,1.18,5.6
37389,15.199566,74.094003,27.6,36.3,18.1,17.0,1.34,6.2
37390,13.84942,74.830131,19.7,46.6,20.2,25.0,1.22,5.6
37391,18.306866,73.701592,31.0,28.6,21.7,17.1,1.35,6.4
37392,12.086515,76.787232,26.3,39.3,20.1,12.1,1.39,7.3
37393,13.466719,75.870811,18.6,41.3,27.5,15.4,1.29,6.4
37394,15.12217,74.400055,15.7,44.8,19.3,17.9,1.24,5.5
37395,11.94673,75.39727,28.9,25.9,21.4,26.0,1.12,5.7
37396,14.552074,74.378576,0.0,0.0,0.0,0.0,0.0,0.0
37397,14.709854,74.57476,15.9,44.4,22.1,25.0,1.2,5.5
37398,17.47083,74.003489,33.1,30.6,22.2,20.1,1.34,6.5
37399,10.949643,77.140387,20.5,43.0,16.3,14.0,1.46,7.9
37400,10.159522,76.971011,31.1,28.8,27.0,46.6,0.96,5.4
37401,13.426512,75.893814,17.6,42.9,20.4,15.4,1.3,6.7
37402,10.673683,76.655496,16.2,51.8,16.7,24.0,1.3,5.6
37403,16.501082,73.884276,31.8,29.0,21.7,26.7,1.12,5.8
37404,18.241009,73.509506,30.6,30.1,23.9,19.8,1.33,6.0
37405,14.645861,75.003001,16.3,46.7,18.7,14.6,1.27,5.6
37406,11.045082,77.420598,17.3,43.6,22.9,10.8,1.48,7.5
37407,13.965056,75.516212,18.6,36.2,22.0,9.7,1.39,6.3
37408,18.505029,73.697747,28.4,27.9,20.3,12.4,1.52,6.3
37409,9.683672,76.834094,28.0,30.1,28.4,30.5,1.07,5.2
37410,15.435353,74.484304,18.7,36.4,23.7,17.4,1.33,6.2
37411,11.966058,76.390628,24.6,43.7,18.7,12.8,1.34,5.9
37412,14.576263,75.27736,33.8,31.9,25.3,10.0,1.4,6.6
37413,14.496751,74.626081,15.7,45.8,23.1,23.6,1.24,5.5
37414,14.489842,75.406736,25.9,34.2,29.1,10.3,1.42,6.6
37415,11.692339,75.748526,26.8,48.5,15.9,25.6,1.1,5.4
37416,10.095996,77.917732,25.0,40.4,19.9,13.9,1.54,7.4
37417,10.421246,77.448637,19.0,47.7,18.3,18.0,1.36,6.7
37418,17.479359,73.691395,26.6,30.1,20.0,21.9,1.37,5.8
37419,11.159894,76.69897,16.3,40.4,24.5,18.0,1.38,5.9
37420,14.727833,74.530307,17.8,43.6,19.9,15.3,1.29,5.5
37421,12.329206,76.366715,25.8,39.3,22.0,12.8,1.36,7.0
37422,13.755392,75.161575,18.8,47.5,22.1,21.0,1.21,5.4
37423,14.174476,74.692662,14.3,47.2,24.5,29.7,1.14,5.3
37424,9.263701,77.312676,33.6,28.9,21.9,44.4,1.08,5.4
37425,15.295495,74.518914,27.0,35.7,20.3,28.6,1.14,5.6
37426,13.701681,75.424267,18.6,45.5,17.6,19.0,1.29,5.6
37427,13.39007,75.026292,27.6,51.4,16.1,22.7,1.14,5.4
37428,13.54273,75.812347,19.2,41.2,21.9,18.8,1.25,6.2
37429,11.50406,76.741313,20.6,40.4,26.8,24.5,1.06,6.1
37430,12.781031,74.950109,31.7,49.9,10.3,21.0,1.2,5.7
37431,15.885615,74.496948,20.5,40.1,19.8,13.3,1.31,6.1
37432,11.513585,76.451313,22.1,43.4,23.5,19.1,1.19,5.5
37433,10.761583,76.872982,19.4,43.7,22.4,17.4,1.37,6.0
37434,8.874658,77.452545,24.2,40.6,16.7,18.8,1.45,6.4
37435,9.593457,77.105886,33.7,35.4,22.8,26.9,1.14,5.3
37436,11.653263,76.053334,27.5,39.9,17.7,19.2,1.2,5.4
37437,15.541527,74.819082,22.0,40.2,16.5,10.3,1.4,6.3
37438,18.212149,73.869533,28.8,32.4,17.8,14.6,1.38,6.7
37439,14.002259,75.304259,19.4,41.2,14.4,15.7,1.34,6.2
37440,12.635477,74.986978,33.0,49.7,10.4,21.9,1.27,5.7
37441,10.031831,76.401155,24.3,33.1,26.6,28.2,1.23,5.1
37442,17.356017,74.157145,32.2,29.0,15.0,10.8,1.5,6.7
37443,16.32926,74.189765,21.8,38.5,20.8,22.7,1.25,5.8
37444,11.132645,76.426871,26.2,40.0,21.3,29.1,1.12,5.4
37445,9.861527,77.846798,22.3,51.4,12.5,14.4,1.57,7.6
37446,18.108638,73.114616,24.1,36.6,17.1,17.4,1.4,6.2
37447,13.188546,75.685992,22.6,38.0,22.8,24.2,1.2,5.6
37448,15.402314,74.776676,31.4,32.3,18.5,12.1,1.4,6.3
37449,18.361483,74.090407,42.0,26.9,17.8,11.4,1.52,7.3
37450,9.679104,77.306516,31.7,41.6,18.7,30.4,1.3,5.9
37451,13.103504,75.12023,26.4,46.8,13.0,16.6,1.23,5.5
37452,11.161326,76.868659,21.6,45.3,19.3,18.4,1.28,6.4
37453,10.078425,76.914739,27.5,35.4,26.6,32.4,1.01,5.1
37454,15.061273,74.766692,18.6,40.6,20.5,16.5,1.28,5.6
37455,19.09677,74.0418,42.3,21.0,21.5,11.1,1.55,7.3
37456,14.849344,74.414916,17.3,43.3,19.5,21.2,1.32,5.5
37457,10.721042,77.078702,20.2,47.5,15.1,15.3,1.4,6.4
37458,14.879691,74.235722,23.1,29.5,27.0,18.9,1.25,6.1
37459,17.962237,73.055059,17.3,39.3,22.2,17.0,1.42,6.2
37460,9.407871,77.120195,29.9,35.5,22.7,39.3,1.08,5.1
37461,9.444542,77.097108,24.1,37.4,21.8,33.2,1.12,5.1
37462,18.863895,73.103118,32.3,34.4,20.1,13.0,1.49,6.5
37463,17.112598,73.87234,33.7,29.6,18.7,16.0,1.34,6.2
37464,14.057599,74.778584,16.5,47.3,20.8,23.5,1.27,5.4
37466,9.830004,77.759023,21.2,45.8,18.3,13.9,1.58,7.6
37467,10.661055,76.709615,14.5,60.4,16.6,22.0,1.24,5.4
37468,11.806935,75.732562,28.1,43.9,16.8,38.0,1.06,5.2
37469,13.971952,75.189703,15.9,44.9,19.4,16.2,1.3,6.2
37470,14.153371,75.019863,14.8,48.0,20.1,15.5,1.31,6.2
37472,14.568704,75.360415,27.9,36.6,22.2,9.9,1.41,6.4
37473,11.612927,76.18977,24.6,44.1,21.5,18.4,1.2,5.5
37474,15.276267,74.154389,23.1,38.0,17.5,17.5,1.38,6.0
37475,10.127348,77.577855,25.5,45.6,13.1,17.6,1.4,6.4
37476,17.454004,74.057046,22.2,33.7,23.1,12.8,1.49,6.5
37477,9.264349,77.258612,29.6,30.4,24.4,34.9,1.04,5.3
37478,9.232867,77.235786,26.3,35.2,24.0,35.7,1.06,5.3
37479,14.403331,75.265024,26.8,35.0,21.0,10.0,1.36,6.2
37480,14.948438,74.262574,14.4,46.3,20.2,31.6,1.12,5.6
37481,10.124083,77.656757,26.9,42.4,17.8,15.7,1.46,7.3
37482,8.335009,77.269093,29.5,32.5,23.0,26.2,1.35,5.6
37484,11.230053,76.895512,15.6,46.7,22.6,13.5,1.37,6.8
37486,18.517117,73.723169,27.2,36.8,17.4,13.2,1.47,6.4
37487,8.763963,77.52012,39.8,33.2,15.2,18.3,1.43,6.5
37488,13.099391,76.152363,19.7,36.5,27.0,11.8,1.3,7.1
37489,10.534651,76.832503,25.1,41.7,19.8,30.0,1.12,5.4
37490,16.235535,74.702805,17.3,52.1,15.2,12.8,1.41,6.6
37492,12.162222,76.70059,27.0,33.2,21.9,12.3,1.39,7.2
37493,9.129733,76.818233,26.6,35.4,22.5,26.1,1.2,5.3
37494,17.494803,74.177915,41.0,29.4,16.2,12.5,1.46,6.6
37495,13.954011,75.638378,18.5,41.1,20.8,13.3,1.4,6.5
37496,8.628464,77.129461,24.5,38.8,21.0,27.1,1.21,5.4
37497,14.083385,75.755277,19.3,43.3,14.7,10.3,1.42,6.7
37498,17.210071,73.613821,31.0,27.4,22.1,19.1,1.33,6.1
37499,14.635626,74.496087,15.3,44.8,23.1,22.9,1.21,5.4
37500,10.633138,76.892877,20.7,40.0,21.8,23.0,1.4,5.8
37501,9.286056,76.524426,20.9,34.8,28.7,27.9,1.19,5.2
37502,9.416308,76.818111,23.3,33.4,31.7,31.0,1.15,5.2
37503,14.877709,74.429071,0.0,0.0,0.0,0.0,0.0,0.0
37504,16.616892,73.398356,18.8,38.6,24.0,18.3,1.4,6.2
37505,11.042088,76.715153,26.9,36.8,24.9,30.9,1.0,5.3
37506,10.386809,77.787397,24.9,37.5,18.3,38.8,1.08,5.5
37507,13.812766,75.491419,17.9,44.1,20.9,18.5,1.29,6.0
37508,8.92834,77.334133,22.0,44.8,18.7,21.4,1.4,5.7
37509,14.852198,75.014619,17.3,42.5,20.4,13.3,1.3,5.7
37510,8.634402,77.201467,25.9,38.4,21.8,31.0,1.19,5.3
37511,10.089541,76.804743,27.3,39.7,22.2,35.0,1.09,5.2
37512,15.062947,74.667268,16.2,47.6,18.5,19.6,1.24,5.5
37514,17.723612,73.827415,28.3,32.5,21.3,22.5,1.26,6.2
37516,10.234427,76.461716,25.8,40.6,17.6,26.1,1.08,5.4
37517,14.37799,74.944079,16.4,48.0,19.5,14.2,1.34,6.1
37518,10.305853,77.149724,24.5,35.4,30.0,52.5,0.94,5.3
37519,16.008446,73.855245,30.0,30.0,20.5,17.1,1.4,6.0
37520,10.593073,77.100492,20.4,46.4,16.1,17.0,1.42,6.7
37521,13.842743,74.890924,18.0,46.6,21.9,24.4,1.19,5.4
37522,14.609351,75.017594,14.5,42.7,22.1,10.6,1.37,6.2
37523,15.956432,73.739991,26.8,30.3,24.9,17.8,1.33,6.1
37525,8.933731,77.363775,19.7,44.9,19.0,19.1,1.41,6.2
37526,13.626322,74.953046,25.3,49.3,15.6,18.0,1.28,6.0
37527,9.386902,77.319223,27.3,32.7,26.6,32.2,1.08,5.3
37528,15.156384,74.691709,0.0,0.0,0.0,0.0,0.0,0.0
37529,11.566539,75.702071,27.7,52.4,13.2,23.7,1.18,5.4
37530,12.379183,76.196839,26.5,43.2,15.7,11.2,1.3,7.0
37531,14.996994,74.18757,17.8,47.6,19.1,17.9,1.35,5.5
37532,13.910022,74.992009,15.0,43.6,21.8,18.1,1.26,6.0
37534,17.767286,73.244039,30.9,30.1,23.3,19.8,1.37,5.9
37535,11.784341,76.521621,22.7,43.1,20.5,19.2,1.21,5.9
37536,10.331267,77.259888,24.7,42.3,17.3,25.1,1.3,6.1
37539,12.728941,75.99967,26.1,42.0,17.4,14.9,1.25,6.1
37541,18.462393,73.446938,37.3,28.1,16.4,22.1,1.42,5.6
37542,11.319578,77.084683,20.7,48.6,12.9,14.0,1.43,7.3
37543,10.934701,77.618489,20.7,37.9,20.6,18.7,1.42,7.8
37544,14.792121,75.154605,35.9,30.7,24.6,9.3,1.38,6.2
37545,18.098554,73.585684,38.4,27.3,21.1,19.0,1.34,6.2
37546,9.595106,77.539884,25.9,39.9,21.5,28.6,1.19,5.8
37547,10.438211,77.580918,15.5,48.2,21.8,12.9,1.42,7.4
37548,11.113545,75.984452,27.7,48.2,13.8,26.8,1.16,5.2
37549,13.349942,75.341911,24.7,43.0,18.5,30.0,1.11,5.4
37550,13.16781,75.665699,23.8,40.0,25.6,29.8,1.08,5.4
37551,9.690927,76.457652,24.1,25.7,30.8,20.0,1.19,5.1
37552,14.150319,75.56784,23.6,34.7,22.8,10.0,1.42,6.7
37553,10.212247,76.318463,24.5,48.7,13.9,24.3,1.19,5.4
37554,14.674091,74.983474,15.5,50.2,18.4,18.1,1.29,5.8
37555,9.232542,76.616076,24.4,33.8,27.7,27.0,1.19,5.2
37556,9.356876,77.600972,32.1,34.9,15.7,17.8,1.41,7.5
37557,9.370353,77.355571,25.4,43.4,17.6,37.1,1.23,5.8
37558,11.943025,76.40373,28.7,38.2,18.7,13.9,1.31,6.2
37559,17.965673,73.295835,33.6,29.6,21.0,17.7,1.38,6.0
37560,12.814173,74.900787,30.2,48.7,11.2,23.9,1.25,6.0
37561,9.504302,76.4169,25.5,22.8,32.1,27.6,1.16,5.6
37562,9.723882,77.333645,23.7,42.0,20.9,22.0,1.4,6.0
37563,11.418986,76.409697,27.7,40.5,16.2,25.5,1.14,5.4
37564,9.902666,77.508037,18.2,42.4,20.6,16.5,1.4,6.9
37565,10.899114,76.66998,29.5,32.5,23.2,28.1,1.12,5.4
37566,17.175585,74.170149,30.6,32.2,16.6,10.9,1.45,6.5
37567,16.498396,74.187376,20.2,39.0,17.3,15.8,1.35,6.3
37569,13.683029,74.698549,27.1,45.3,17.4,21.9,1.2,6.0
37570,15.120899,74.111906,19.8,43.6,18.5,15.9,1.36,5.4
37571,11.808311,76.233339,20.4,40.6,21.5,19.9,1.17,5.5
37572,16.203232,73.843223,31.0,28.4,19.3,17.8,1.35,6.0
37573,12.977788,75.232116,25.1,48.5,14.7,17.8,1.25,5.5
37574,8.594485,77.206105,24.6,39.9,22.3,30.5,1.23,5.5
37575,14.430722,75.392507,26.9,33.0,28.5,11.3,1.4,6.6
37576,9.159918,77.01536,23.6,40.1,20.7,25.1,1.14,5.1
37577,11.915631,76.116514,22.5,42.9,22.1,23.0,1.17,5.4
37578,8.840426,77.594739,25.0,35.1,20.2,14.4,1.47,6.6
37579,10.59562,77.413319,15.5,47.7,18.8,12.2,1.46,7.0
37580,9.972506,76.794719,28.8,30.1,24.3,31.4,1.09,5.3
37581,11.262256,76.074902,27.7,52.9,12.1,24.3,1.14,5.4
37582,15.209257,74.364941,23.0,43.3,19.2,24.5,1.11,5.5
37583,18.127128,73.808535,35.9,31.1,17.4,14.6,1.4,6.6
37584,10.133457,77.780639,25.4,43.9,14.6,14.2,1.52,7.4
37585,17.872951,73.934704,27.5,28.9,24.3,14.0,1.42,6.6
37586,17.272957,73.307538,20.4,38.7,20.2,19.1,1.36,6.2
37587,15.312832,74.664748,15.6,47.1,19.0,14.6,1.29,5.7
37588,9.999791,77.346227,21.5,43.3,17.8,22.6,1.38,6.8
37589,11.441375,76.999592,29.4,36.8,24.6,24.4,1.1,6.0
37590,18.918087,73.565071,39.5,23.5,19.3,17.5,1.34,6.2
37591,10.498279,77.603723,17.0,49.7,16.6,14.0,1.42,6.9
37592,11.782698,76.241541,25.7,37.0,20.2,24.1,1.15,5.4
37593,18.939552,73.555971,38.7,21.0,20.2,19.9,1.27,6.2
37594,16.701094,74.198875,0.0,0.0,0.0,0.0,0.0,0.0
37595,16.149798,74.475965,25.6,32.8,28.2,12.6,1.37,6.2
37596,19.158528,74.053841,34.8,21.3,24.5,11.0,1.56,7.1
37597,16.671782,73.994429,19.4,42.6,18.6,19.2,1.31,6.5
37598,10.251336,76.153272,24.3,38.3,21.7,28.0,1.14,5.4
37599,15.564399,74.477599,19.1,37.5,18.8,15.4,1.37,6.3
37600,12.38751,76.19514,26.5,43.2,15.9,12.6,1.3,6.8
37601,11.535814,76.874864,19.6,41.2,23.0,23.8,1.2,6.2
37603,17.902165,73.833923,23.9,32.8,24.9,22.0,1.28,6.2
37604,15.168907,74.907587,31.4,31.2,22.7,10.5,1.38,6.3
37605,13.143875,75.959306,23.3,39.5,23.3,12.7,1.26,6.1
37606,10.175171,76.736027,26.9,33.9,23.9,27.8,1.04,5.3
37608,18.578891,73.04747,20.9,37.1,21.7,17.6,1.38,6.1
37609,12.45066,76.136188,23.8,44.4,17.8,15.3,1.3,6.6
37610,11.332672,76.613078,0.0,0.0,0.0,0.0,0.0,0.0
37611,12.63763,76.171914,29.7,38.7,16.9,12.4,1.4,6.9
37612,16.40491,73.559284,24.0,36.5,19.3,20.0,1.4,5.6
37613,8.625624,77.565598,26.2,35.1,19.0,18.7,1.4,6.4
37614,11.872126,76.167323,23.9,41.4,18.8,18.0,1.28,5.8
37615,18.668695,73.373691,28.0,33.0,23.5,19.0,1.37,5.7
37616,14.116537,75.059495,17.8,47.2,19.7,17.5,1.32,6.2
37617,13.008335,76.14051,18.1,41.4,17.3,10.3,1.37,7.1
37618,14.038625,75.249393,21.6,42.9,15.6,13.3,1.3,6.2
37620,14.184288,75.590209,29.9,31.5,28.1,15.6,1.4,7.4
37621,13.707099,75.783496,22.5,41.8,19.2,10.2,1.4,6.7
37622,11.843647,76.523762,22.4,43.9,21.0,19.2,1.2,6.1
37623,9.45451,77.630399,30.8,38.1,17.5,13.8,1.4,7.4
37624,9.486853,76.524721,22.4,30.8,31.3,23.4,1.29,5.2
37625,9.417475,76.756962,23.4,41.9,25.5,24.5,1.14,5.4
37626,11.561627,76.552924,24.0,41.3,21.4,21.0,1.15,5.5
37627,12.448791,76.422204,26.9,39.1,20.9,12.3,1.33,7.0
37628,14.959078,75.191235,30.3,36.8,20.4,10.5,1.4,6.3
37629,14.033521,75.614098,22.2,35.0,25.4,11.2,1.4,6.7
37630,11.663483,76.195158,25.0,40.4,20.0,25.1,1.18,5.4
37631,18.717884,73.838287,30.5,31.6,19.8,10.3,1.59,7.0
37632,18.868658,73.735906,36.5,27.3,18.7,12.0,1.41,7.0
37633,17.272184,73.765084,34.9,28.9,19.1,27.0,1.2,5.6
37634,13.169899,75.548616,26.3,43.2,20.2,29.1,1.14,5.4
37635,9.854308,76.632687,26.4,41.2,21.6,27.8,1.12,5.3
37636,9.860249,77.335598,21.7,42.2,22.6,23.0,1.37,6.7
37637,11.380995,75.966446,28.0,49.4,14.0,28.9,1.12,5.4
37638,14.210017,75.553425,24.2,34.5,31.2,15.7,1.39,6.8
37639,13.988789,75.346707,22.1,43.0,14.4,13.4,1.3,6.2
37640,10.884314,76.657132,22.1,40.4,22.2,23.8,1.23,5.5
37641,12.584401,75.207365,29.1,48.6,11.8,25.4,1.16,5.4
37642,8.942729,77.744594,24.0,39.1,18.2,16.8,1.43,7.2
37643,9.685378,77.345347,28.4,42.0,17.3,32.5,1.19,5.5
37644,8.672888,77.590449,36.8,29.4,13.6,21.0,1.44,6.5
37645,11.137827,77.382527,18.0,40.3,24.0,17.2,1.42,7.7
37646,13.830961,75.5697,20.3,41.4,18.9,15.0,1.35,6.1
37647,16.492238,74.458419,18.1,47.2,12.5,9.8,1.45,6.7
37648,15.003563,74.240603,16.7,44.7,18.3,33.0,1.14,5.5
37649,14.831658,75.161514,32.4,33.6,18.3,10.1,1.4,6.2
37650,10.402174,76.760583,24.1,39.3,22.5,27.1,1.16,5.3
37651,18.49144,74.091271,25.2,33.4,22.1,12.0,1.54,7.1
37652,11.356449,77.011282,24.4,38.7,21.4,16.1,1.38,7.4
37654,10.246184,77.391134,21.7,34.8,29.9,63.0,0.94,5.1
37655,13.436528,75.686806,25.8,40.7,17.4,23.2,1.14,5.5
37656,9.238162,76.747947,23.6,36.0,26.1,23.8,1.18,5.3
37657,9.178444,76.828854,23.6,32.0,29.9,28.6,1.09,5.2
37658,9.350317,77.159895,30.6,32.0,23.9,34.1,1.1,5.1
37659,14.920941,75.301741,40.0,27.0,28.8,9.9,1.4,7.5
37660,17.046608,73.419618,21.3,33.4,27.5,16.0,1.4,6.0
37661,11.358337,77.045628,24.4,40.3,18.3,12.9,1.38,7.0
37662,12.41076,76.299461,29.9,39.8,17.7,12.0,1.3,7.0
37663,17.078898,74.189132,22.6,41.5,19.0,14.1,1.42,6.5
37665,9.521941,77.496239,29.0,43.2,18.6,31.0,1.2,5.8
37666,13.861,75.285376,17.6,45.9,21.9,18.0,1.3,6.3
37667,9.625757,77.182325,29.8,35.9,24.0,32.9,1.18,5.2
37668,12.486983,75.083326,28.3,49.9,12.9,21.2,1.12,5.6
37669,14.172844,74.998869,14.7,48.1,22.1,14.3,1.3,6.0
37670,11.879716,75.72384,22.4,50.3,19.0,24.9,1.11,5.4
37671,13.018378,74.857548,33.0,49.9,11.3,21.5,1.18,5.6
37672,16.456498,74.537691,22.3,37.5,17.5,13.1,1.37,6.6
37673,11.901069,75.984756,31.1,40.6,19.5,30.7,1.06,5.4
37674,18.853859,73.675741,34.9,24.4,19.6,16.4,1.4,6.6
37675,17.643829,74.083655,30.7,29.6,18.3,11.1,1.5,6.8
37676,12.568539,75.25802,26.8,48.7,13.4,19.6,1.18,5.5
37677,16.875129,74.037211,18.1,36.4,21.3,11.4,1.36,6.4
37678,15.58893,74.96597,25.1,32.4,25.1,10.8,1.4,6.9
37679,18.016973,73.24935,22.2,34.8,21.1,18.8,1.38,5.9
37680,10.466906,77.039982,20.7,44.2,21.0,27.0,1.26,5.8
37681,17.938288,73.695523,29.4,25.8,20.7,27.9,1.16,6.2
37682,18.798088,73.126974,39.0,32.9,17.5,13.3,1.46,6.3
37683,18.588537,73.019316,27.7,33.7,21.9,19.3,1.4,5.7
37685,15.408615,74.60516,22.1,37.7,18.8,21.9,1.31,5.9
37686,14.043742,74.976823,15.1,43.8,22.2,20.6,1.23,5.6
37687,15.506472,74.786777,18.7,36.2,25.0,14.8,1.3,5.8
37688,14.582244,75.233248,29.1,33.7,24.0,9.3,1.42,6.3
37689,13.003137,75.170037,25.4,50.7,15.3,17.9,1.27,5.4
37690,14.066126,74.949174,14.8,46.4,19.3,22.6,1.21,5.5
37691,17.645532,73.302395,26.3,27.4,23.8,16.2,1.38,6.0
37692,14.458743,75.502782,37.0,28.6,27.3,10.0,1.4,6.8
37693,18.445018,73.90157,31.8,29.8,13.2,12.2,1.49,6.7
37694,9.783199,76.916796,0.0,0.0,0.0,0.0,0.0,0.0
37695,14.180373,75.319928,25.4,35.7,22.4,12.6,1.38,6.2
37696,15.526663,75.027221,23.7,34.4,25.6,12.5,1.37,7.1
37697,9.73744,76.719709,26.8,35.3,24.3,26.4,1.18,5.3
37698,17.098866,74.272006,19.3,36.0,18.2,13.7,1.48,6.7
37699,16.979372,73.499271,28.4,27.9,27.6,18.0,1.38,6.1
37700,10.942294,76.794656,17.1,44.9,27.1,16.9,1.37,6.0
37701,11.817294,76.928276,19.1,43.2,21.2,17.1,1.29,7.1
37702,9.254758,77.765983,29.6,38.9,19.6,18.0,1.41,7.5
37703,10.003097,76.479107,25.5,38.8,19.4,24.4,1.21,5.2
37704,13.000914,75.038949,33.4,46.2,10.5,21.9,1.26,5.5
37705,10.961409,75.929251,25.5,49.6,14.3,22.0,1.17,5.4
37706,11.183872,76.535125,25.9,34.0,26.8,59.0,0.96,5.3
37707,14.789429,74.58483,16.9,41.4,22.5,18.9,1.33,5.5
37708,14.284896,75.254997,31.8,29.4,24.5,11.2,1.39,6.2
37709,15.061222,74.598892,15.8,48.0,24.3,23.1,1.27,5.6
37710,10.348818,77.320264,20.2,39.5,24.1,26.5,1.19,5.9
37711,8.989352,77.227733,22.0,39.6,22.6,25.9,1.35,5.5
37712,16.197763,74.60263,31.4,31.8,15.1,9.8,1.42,6.4
37713,16.9952,73.341534,22.7,34.5,24.7,16.0,1.38,6.1
37714,10.171717,76.968469,27.9,28.7,28.8,46.8,0.96,5.0
37715,15.57354,74.422686,18.8,37.7,18.8,19.2,1.16,5.6
37716,10.46789,77.725262,17.6,48.0,17.1,22.9,1.28,6.6
37717,17.616122,73.600518,31.8,24.5,22.7,19.5,1.35,6.1
37718,10.197063,77.009586,34.4,27.2,26.0,38.5,0.98,5.1
37719,9.744808,76.709383,25.2,39.8,25.0,26.6,1.18,5.3
37720,13.483238,75.253354,20.4,48.2,19.2,22.7,1.14,5.3
37721,9.220381,77.049066,23.7,34.5,22.0,25.6,1.15,5.1
37723,13.02661,75.476659,25.7,52.0,16.5,22.9,1.14,5.5
37724,14.421934,75.403868,24.4,33.6,26.7,11.1,1.4,6.6
37725,8.810119,77.079332,28.2,31.4,19.6,23.8,1.19,5.3
37726,15.004826,75.148655,31.2,36.4,24.0,11.9,1.4,6.5
37727,10.627699,76.498973,20.9,58.5,15.3,18.9,1.23,5.4
37728,15.021806,74.701627,15.4,47.8,21.1,21.4,1.25,5.5
37729,9.47491,76.729513,19.0,38.1,29.4,22.0,1.15,5.4
37730,18.568292,73.567871,35.9,26.4,21.4,14.2,1.4,6.2
37731,17.20708,73.757136,33.3,28.4,20.9,43.5,1.23,5.8
37732,17.861646,73.907979,26.3,31.0,24.5,14.6,1.36,6.6
37733,10.427517,77.744285,21.2,44.3,18.7,26.3,1.23,6.6
37734,11.550032,76.479299,24.5,40.2,23.7,22.5,1.18,5.4
37735,14.92707,74.823414,16.4,42.4,27.1,17.8,1.25,5.5
37736,12.206717,76.644289,24.9,35.1,22.9,13.0,1.36,6.6
37737,13.492209,75.185312,23.2,46.4,18.0,27.0,1.18,5.4
37738,12.96572,75.204428,24.3,44.1,17.8,18.0,1.25,5.4
37740,13.830727,75.544413,22.5,43.3,19.7,18.2,1.28,6.0
37741,13.630366,74.967859,23.5,48.1,17.7,22.1,1.27,5.6
37742,17.040033,74.218197,27.5,33.9,18.9,10.3,1.46,6.8
37743,18.389045,73.558931,0.0,0.0,0.0,0.0,0.0,0.0
37744,10.843309,76.928529,18.6,41.2,20.5,14.2,1.42,6.5
37745,14.691996,75.342833,37.3,27.9,27.6,11.1,1.42,6.8
37746,13.030567,75.730582,24.9,43.5,18.1,17.9,1.25,5.7
37747,17.272017,73.76581,34.9,28.9,19.1,27.0,1.2,5.6
37748,13.795628,74.980043,18.8,45.2,22.5,30.4,1.19,5.6
37749,14.990992,74.936073,17.8,46.1,18.3,15.4,1.33,6.2
37750,13.199278,75.699945,21.7,37.1,27.5,22.5,1.15,5.3
37751,18.040877,73.050227,25.5,35.7,18.8,19.9,0.96,6.2
37752,16.085693,74.67332,24.2,38.7,15.2,10.1,1.38,6.2
37753,15.814505,74.416791,22.6,41.1,16.3,17.0,1.3,6.2
37754,10.147259,77.689891,23.9,43.9,18.1,19.6,1.45,6.6
37755,9.768485,77.119058,34.0,31.6,22.7,25.9,1.14,5.1
37756,15.708445,73.916171,28.9,31.4,18.7,19.6,1.37,5.4
37757,12.519365,76.052673,29.8,38.7,18.6,12.1,1.3,6.4
37758,14.324859,74.876476,18.2,43.2,20.2,11.2,1.34,6.0
37759,13.766834,74.778718,23.3,51.2,16.2,19.2,1.23,5.6
37760,14.656763,75.177912,32.2,33.4,23.0,11.1,1.34,6.2
37761,10.5689,76.890357,19.8,47.3,18.5,17.7,1.38,5.8
37762,18.2017,73.172541,25.9,34.5,19.1,14.9,1.4,6.2
37763,10.698054,77.643776,22.4,45.9,16.0,17.1,1.48,6.8
37764,16.625685,73.586668,26.4,30.7,21.7,18.6,1.38,6.1
37765,10.680709,76.83367,20.4,41.6,26.3,19.0,1.3,5.6
37766,15.099229,73.933015,0.0,0.0,0.0,0.0,0.0,0.0
37767,8.899366,77.241094,34.5,31.3,22.8,44.7,1.1,5.3
37768,15.625659,74.044288,27.0,32.1,19.0,18.3,1.38,6.0
37769,11.765792,76.144746,24.1,42.7,21.3,23.0,1.18,5.4
37770,10.272546,76.787081,27.5,37.8,21.2,26.4,1.1,5.1
37771,16.395762,74.152236,18.8,37.1,20.6,14.3,1.39,6.3
37772,9.777837,76.938664,27.2,34.3,24.3,44.6,1.09,5.1
37773,9.241375,76.697752,27.1,37.1,20.5,24.0,1.2,5.4
37775,10.026273,76.477211,27.8,42.2,17.6,24.3,1.17,5.3
37776,16.941364,73.771246,34.7,26.9,17.5,22.5,1.37,5.6
37777,15.792765,73.68619,22.2,36.6,19.5,19.0,1.34,5.9
37779,16.469527,73.342423,0.0,0.0,0.0,0.0,0.0,0.0
37780,10.039981,76.308765,0.0,0.0,0.0,0.0,0.0,0.0
37781,10.575216,76.009235,0.0,0.0,0.0,0.0,0.0,0.0
37782,18.920265,73.90584,26.4,33.9,20.9,13.7,1.53,6.8
37783,11.33556,76.983821,18.2,42.1,22.8,17.9,1.37,6.6
37784,15.186604,74.083241,25.5,36.9,19.0,18.8,1.34,5.7
37786,12.576813,76.100575,29.6,37.6,17.9,11.3,1.35,6.8
37787,17.771336,73.123681,20.9,36.2,27.8,17.2,1.42,6.2
37788,11.587436,75.94361,31.2,41.0,17.5,30.0,1.04,5.3
37789,18.370144,74.006365,40.0,28.4,13.3,11.3,1.54,7.0
37790,11.586965,76.003179,29.0,46.2,15.5,23.0,1.14,5.3
37791,17.308712,73.88966,24.5,34.8,23.1,17.1,1.31,6.0
37792,14.451799,75.62742,38.8,29.1,29.3,10.8,1.43,6.9
37793,16.846548,73.664423,25.6,29.8,22.0,18.2,1.37,6.0
37794,15.675643,75.003456,29.4,30.4,30.5,14.8,1.4,7.4
37795,17.002253,73.645418,24.3,27.5,24.4,16.4,1.35,6.1
37796,18.905337,73.307424,36.3,34.7,19.4,10.1,1.48,6.3
37797,14.859445,75.271592,39.7,27.3,27.3,10.8,1.42,7.5
37798,8.512858,77.4354,32.5,27.0,25.6,64.5,0.8,5.0
37799,10.982156,76.975472,18.4,48.1,18.3,15.5,1.45,7.0
37800,10.566677,77.322068,16.2,49.9,16.2,11.5,1.46,7.0
37801,16.133324,74.231972,17.8,47.8,16.0,15.6,1.33,6.0
37802,9.780789,77.442746,29.2,35.5,18.4,32.0,1.2,5.8
37804,16.627441,73.450043,18.9,39.4,19.2,17.9,1.42,6.0
37805,13.260073,75.232406,26.6,39.3,19.6,27.8,1.05,5.4
37806,15.128692,74.319689,21.7,41.6,20.5,31.2,1.14,5.6
37807,14.791292,74.800534,15.5,48.9,23.1,16.0,1.28,5.6
37808,16.467707,73.56465,20.9,36.6,20.0,17.1,1.33,6.1
37809,8.795543,77.686977,26.5,31.3,23.3,15.2,1.5,7.0
37810,9.744079,76.914291,29.4,33.8,27.5,30.9,1.04,5.1
37811,12.676591,75.02452,28.9,48.2,13.0,25.9,1.18,5.5
37812,9.141276,77.083439,26.3,41.5,21.0,29.8,1.16,5.2
37813,15.53618,74.839927,19.6,39.4,17.4,12.2,1.4,6.3
37814,10.829056,77.348248,18.3,41.8,19.2,11.1,1.49,7.0
37815,11.112362,76.531049,27.3,37.7,20.2,29.3,1.12,5.3
37816,11.15516,76.888712,18.7,48.3,20.1,22.4,1.26,6.5
37817,15.999638,74.614832,25.8,34.6,23.8,14.2,1.29,6.1
37818,14.74396,74.424267,15.0,45.3,23.2,30.5,1.14,5.5
37819,16.524328,74.182822,17.2,36.0,22.7,12.9,1.4,6.4
37820,10.932699,77.482735,21.3,37.8,22.3,18.3,1.42,7.2
37821,9.652102,77.570939,25.4,39.6,17.9,22.9,1.33,6.6
37822,9.012534,77.696682,24.8,40.5,20.1,24.0,1.4,7.0
37823,9.757096,77.032024,29.1,35.1,23.6,28.6,1.05,5.2
37824,18.897534,73.74023,34.4,26.5,18.6,20.8,1.38,6.6
37825,14.050563,75.514377,20.0,37.9,21.2,12.0,1.4,6.4
37826,18.520094,73.381101,32.1,29.0,21.6,25.2,1.3,6.1
37828,11.318703,77.067423,20.3,49.5,12.7,19.8,1.4,7.4
37829,11.508074,75.944883,28.8,49.8,14.5,27.8,1.04,5.4
37830,12.019232,76.278406,28.3,39.7,19.6,12.5,1.3,5.9
37831,16.033152,74.374346,19.9,39.7,17.4,15.5,1.3,6.1
37833,14.625102,74.494354,15.2,48.5,21.2,33.2,1.12,5.4
37834,15.048226,74.74278,17.7,47.7,19.4,15.3,1.25,5.6
37835,16.301988,73.651402,20.3,31.8,24.0,19.3,1.41,6.0
37836,11.806037,75.743458,28.6,46.8,16.4,33.1,1.09,5.3
37837,11.195342,76.679913,27.5,33.2,27.8,24.1,1.14,5.6
37838,16.89146,73.361304,23.0,31.9,25.9,16.0,1.4,6.1
37839,13.07757,75.432566,25.5,52.0,15.8,23.0,1.14,5.4
37840,18.326497,73.920953,27.9,33.8,20.1,11.2,1.48,6.5
37841,13.093475,75.899673,24.1,40.9,22.3,11.9,1.25,5.9
37842,8.422287,77.278134,27.6,32.0,25.7,26.3,1.26,5.3
37843,11.579172,75.966687,29.1,36.0,21.6,31.9,1.03,5.4
37844,9.774255,77.715913,25.3,41.2,19.2,16.9,1.44,6.8
37845,10.745311,76.685827,16.0,53.5,16.2,24.2,1.29,5.5
37846,12.873928,75.811037,18.9,45.1,20.5,18.6,1.25,5.9
37847,13.57133,75.60919,26.8,39.4,17.8,27.0,1.1,5.6
37848,13.039463,75.299517,27.8,51.2,14.5,21.8,1.2,5.5
37849,18.468492,73.925123,31.3,30.6,14.4,10.8,1.54,6.9
37850,10.191839,76.331703,25.3,41.6,17.7,23.9,1.21,5.3
37852,15.885525,73.930791,26.5,33.5,21.1,21.9,1.34,6.1
37853,14.303099,74.902193,18.8,47.9,19.5,13.4,1.38,6.2
37854,8.906879,76.677907,25.0,35.4,26.2,22.9,1.21,5.3
37855,15.647765,73.887137,23.8,33.0,19.1,18.3,1.36,6.1
37856,14.858613,74.382488,15.4,45.7,22.7,28.0,1.23,5.5
37857,15.860565,74.908192,19.8,38.6,22.1,14.0,1.36,7.0
37858,10.167019,76.63084,24.3,38.3,22.4,21.8,1.12,5.1
37859,12.414203,76.031472,27.5,39.1,18.8,11.0,1.27,6.1
37860,11.944498,76.578896,29.2,39.8,20.1,14.3,1.3,6.4
37861,16.059829,73.502093,19.2,36.3,27.0,14.3,1.48,6.0
37862,10.468359,77.355019,21.4,49.2,14.5,12.4,1.44,6.8
37863,15.133829,74.073205,19.0,43.5,21.2,22.4,1.19,5.4
37864,18.189002,72.996383,27.3,34.1,22.3,17.4,0.96,6.3
37865,14.419426,74.592399,18.2,50.1,19.9,17.0,1.37,5.6
37866,15.291511,73.975109,0.0,0.0,0.0,0.0,0.0,0.0
37867,11.070669,76.314988,22.9,45.9,21.0,23.0,1.2,5.4
37868,10.245045,76.795756,0.0,0.0,0.0,0.0,0.0,0.0
37869,13.831719,75.823765,20.1,35.9,21.6,13.3,1.38,6.5
37870,10.457751,77.471404,21.8,43.8,19.4,16.0,1.46,6.7
37871,12.175811,76.074453,24.6,41.8,21.6,22.6,1.24,6.0
37872,8.969348,76.870398,32.2,31.4,23.5,27.5,1.1,5.2
37873,9.835125,77.368585,26.4,41.0,19.0,19.2,1.4,6.4
37874,12.594936,76.003897,28.7,37.3,18.1,12.2,1.28,6.3
37875,17.216706,73.329588,20.0,34.5,25.0,16.8,1.37,6.0
37876,10.564519,76.483636,21.4,56.2,14.5,19.8,1.23,5.4
37877,15.583094,74.367833,19.3,44.9,18.6,22.7,1.23,5.6
37879,10.196679,76.27682,23.5,45.8,15.2,22.4,1.26,5.2
37880,10.782536,76.685532,16.4,57.7,15.0,24.8,1.28,5.7
37881,12.510587,76.220164,29.4,39.7,15.8,13.8,1.38,6.9
37882,9.211012,77.582079,27.5,36.1,21.9,13.9,1.48,7.3
37883,17.989831,73.690593,34.6,26.2,23.7,25.9,1.17,6.2
37884,10.222604,76.387608,24.7,46.8,13.3,20.9,1.2,5.4
37886,10.886552,76.71694,27.6,36.6,20.5,27.3,1.17,5.3
37887,10.368003,76.861163,22.5,43.0,19.0,26.5,1.1,5.3
37888,16.107918,74.350183,19.9,40.3,20.1,16.8,1.3,6.1
37889,14.639151,74.307055,23.8,40.7,19.1,20.4,1.27,6.2
37890,13.155591,75.171533,24.4,51.9,16.4,27.9,1.14,5.4
37891,14.22894,75.361796,29.5,35.4,22.5,11.3,1.38,6.2
37892,14.023605,75.286215,18.6,41.6,17.4,11.5,1.38,6.2
37893,11.06271,77.390226,17.1,42.1,21.2,15.8,1.42,7.6
37894,15.877661,74.823394,26.0,33.8,31.3,12.1,1.37,6.6
37895,11.805056,76.512271,24.3,40.5,21.2,19.0,1.2,6.0
37896,12.693495,75.021776,27.2,50.6,13.1,24.4,1.2,5.6
37897,9.746416,77.064714,30.1,35.0,22.3,26.3,1.1,5.3
37898,16.571233,73.833908,28.6,28.5,22.2,23.7,1.27,6.2
37899,13.030538,75.28959,26.2,52.4,14.3,20.8,1.18,5.4
37900,15.242589,74.969906,25.6,36.8,25.6,10.3,1.42,6.4
37901,14.272967,75.475527,27.9,32.0,25.6,10.3,1.41,6.5
37902,11.784259,75.936581,27.0,37.9,20.8,21.8,1.2,5.5
37903,9.411041,77.336179,31.9,27.2,22.8,47.8,1.02,5.3
37904,9.322247,77.632449,32.3,37.8,16.6,13.4,1.5,7.3
37906,8.880748,77.332045,22.7,41.4,19.0,19.0,1.37,5.8
37907,18.89406,73.275153,37.8,33.0,21.3,10.9,1.46,6.6
37908,11.043285,76.18242,26.1,50.0,16.7,29.7,1.1,5.2
37909,10.723384,77.058532,18.2,45.8,14.6,14.4,1.42,7.0
37910,15.335658,74.571308,16.7,42.1,23.8,20.4,1.3,5.6
37911,12.200729,76.328666,25.8,37.2,24.6,13.0,1.34,6.7
37913,18.041831,73.081361,28.5,33.8,24.7,16.0,1.38,6.2
37914,11.004956,77.142257,20.9,42.7,13.9,14.6,1.42,7.9
37915,9.973929,77.670436,21.3,43.2,16.3,28.7,1.25,6.6
37916,15.561714,74.190935,23.0,37.8,22.0,19.6,1.37,6.0
37917,11.208555,77.016293,18.2,45.0,16.4,15.6,1.42,7.4
37918,17.899824,73.9294,27.2,31.9,24.2,12.4,1.42,6.8
37919,13.22138,76.011061,17.2,47.8,16.8,10.1,1.37,6.8
37920,9.493952,77.050397,22.1,36.6,22.5,35.5,1.14,5.1
37921,16.656274,73.669234,24.6,31.0,24.2,18.0,1.37,6.1
37922,17.290005,73.213414,25.7,32.8,21.9,17.1,1.42,6.2
37923,8.893677,77.457887,22.8,37.8,20.6,14.9,1.43,6.3
37924,18.758481,74.015538,25.2,30.5,22.1,10.3,1.54,7.1
37925,17.147044,73.889365,28.2,35.4,19.3,19.2,1.27,6.0
37926,15.527988,74.264368,20.8,43.0,20.1,30.7,1.18,5.6
37927,16.896834,73.45373,20.3,33.4,23.4,17.8,1.44,6.1
37928,10.673695,76.020662,21.8,29.8,23.7,22.6,1.15,5.3
37929,15.841364,74.606576,24.2,34.7,24.4,11.3,1.35,6.2
37930,10.864665,76.937766,18.4,48.6,15.3,11.1,1.45,6.9
37931,11.871866,76.422397,24.7,43.7,17.0,13.1,1.3,5.9
37932,9.300153,77.332576,27.6,43.5,19.9,30.7,1.23,5.8
37933,18.246882,73.203069,31.9,36.8,17.1,16.0,1.41,6.1
37934,16.539324,74.162686,16.7,43.3,19.8,12.9,1.4,6.5
37936,18.355238,73.367868,33.0,30.6,19.9,16.2,1.37,6.2
37937,12.921215,75.893366,26.4,38.2,22.0,19.0,1.25,5.9
37938,11.307759,75.790464,27.5,46.9,14.4,21.7,1.18,5.5
37939,8.958431,76.669926,27.0,35.6,26.9,21.6,1.21,5.2
37940,18.689938,73.336093,31.5,32.9,24.5,18.0,1.35,6.3
37941,9.45936,77.7554,30.0,38.1,17.7,19.0,1.42,7.5
37942,13.165069,75.538308,31.0,39.1,17.5,27.9,1.17,5.5
37943,18.053574,73.894313,23.0,42.1,17.7,20.0,1.36,6.3
37944,9.407651,76.368483,30.3,23.6,29.5,35.0,1.14,5.2
37945,17.465784,73.744512,29.2,29.4,20.6,31.3,1.11,5.6
37946,12.185303,76.133093,22.0,41.9,23.9,16.2,1.23,5.9
37947,14.195789,75.372952,25.4,38.7,17.2,10.3,1.38,6.2
37948,16.524541,74.154815,15.8,39.9,22.3,13.3,1.42,6.5
37949,17.686345,74.013634,28.8,37.3,15.4,14.0,1.47,6.7
37951,17.521579,73.793041,0.0,0.0,0.0,0.0,0.0,0.0
37952,14.409142,74.520427,19.8,48.8,20.7,18.0,1.3,5.4
37953,8.342656,77.452704,30.1,30.5,26.5,30.7,1.15,5.5
37954,11.072329,76.792549,24.7,31.9,30.1,23.8,1.17,5.8
37955,15.24584,74.994604,32.8,37.9,16.9,10.8,1.4,6.6
37956,13.255569,75.3126,28.1,40.7,19.7,30.5,1.12,5.6
37957,11.338124,77.25023,20.7,39.3,19.0,14.4,1.42,7.6
37958,12.565064,76.387836,36.3,35.7,18.1,12.1,1.39,7.3
37959,15.349184,74.396095,20.3,43.6,18.6,22.7,1.29,5.5
37960,18.923234,73.594736,35.8,24.8,21.6,20.0,1.32,6.4
37961,10.223454,76.399218,25.7,48.2,15.0,24.1,1.23,5.3
37962,14.440335,75.545792,40.0,28.0,23.6,10.0,1.41,6.7
37963,13.402856,74.825479,27.9,43.6,15.2,25.0,1.24,6.0
37964,18.422855,72.950792,24.5,37.5,18.7,19.1,1.34,6.1
37965,16.388697,74.553131,22.9,36.9,18.2,11.8,1.38,6.5
37966,17.763877,73.921562,23.9,34.6,23.3,24.0,1.27,6.2
37967,9.387776,77.674775,28.8,37.8,18.2,15.2,1.46,7.5
37968,11.236424,76.5175,20.4,32.0,30.7,27.4,1.1,5.4
37970,17.742977,73.282032,29.1,28.3,23.6,13.2,1.4,6.0
37971,18.531252,73.838635,0.0,0.0,0.0,0.0,0.0,0.0
37972,17.892248,74.088333,37.6,27.1,21.3,13.0,1.47,7.3
37973,18.493151,73.38419,35.4,29.1,18.0,23.0,1.37,5.8
37975,16.747183,74.145749,17.5,35.2,22.0,15.4,1.4,6.5
37976,8.848054,76.639194,27.5,34.1,23.0,24.6,1.21,5.2
37977,9.449986,76.622122,22.0,38.7,24.6,24.4,1.18,5.2
37978,11.774365,75.881564,29.1,43.6,15.7,27.1,1.1,5.4
37979,9.771333,76.924121,0.0,0.0,0.0,0.0,0.0,0.0
37980,16.916064,74.2315,19.0,40.5,17.9,12.7,1.44,6.5
37981,16.731107,74.122434,15.7,40.0,23.2,13.2,1.39,6.5
37982,17.630816,73.767056,30.0,30.8,22.1,30.2,1.24,5.7
37983,16.661627,74.342013,18.0,37.5,16.4,10.7,1.48,6.6
37984,15.881483,74.085298,28.7,32.8,17.5,23.9,1.25,6.0
37985,12.224186,76.08512,22.2,44.1,21.2,21.0,1.2,5.7
37986,14.362084,75.401231,24.5,38.5,23.3,15.5,1.33,6.5
37987,11.057158,76.240406,23.3,49.7,21.0,25.5,1.21,5.3
37988,14.639409,75.065851,23.0,38.4,19.1,12.2,1.39,6.2
37990,12.890869,75.058795,30.9,48.0,11.9,21.1,1.24,5.5
37991,10.265964,77.209019,25.4,33.2,28.0,27.8,1.13,5.7
37992,12.928388,75.641795,22.7,37.6,22.8,29.6,1.06,5.4
37993,10.706972,77.349428,16.4,44.6,18.6,12.2,1.5,7.2
37994,15.920038,74.54784,18.5,37.9,22.3,16.9,1.29,5.8
37995,12.466066,75.183715,28.1,49.2,12.9,24.4,1.1,5.5
37996,18.18592,73.72575,40.8,27.2,18.2,20.0,1.38,6.2
37998,13.152567,76.004986,18.0,41.5,16.7,12.0,1.34,6.7
37999,9.055648,77.388362,17.3,45.5,19.0,17.7,1.4,6.0
38000,10.747636,77.754012,17.7,44.4,20.5,18.5,0.0,7.7
38001,10.22754,76.237082,0.0,0.0,0.0,0.0,0.0,0.0
38002,8.403154,77.149878,26.8,37.2,22.6,26.6,1.35,5.4
38003,17.892958,73.202673,30.9,28.8,21.2,19.1,1.36,6.1
38004,12.67278,76.202052,29.2,41.0,15.6,11.5,1.37,7.0
38006,11.422757,76.974168,25.4,37.2,24.5,25.0,1.12,5.7
38007,14.430462,75.23801,24.2,38.0,19.9,12.1,1.37,6.3
38008,11.227708,76.295152,24.3,48.5,16.5,23.5,1.2,5.4
38009,13.103857,75.391386,26.9,49.2,15.8,23.0,1.12,5.4
38010,15.711028,74.201072,25.3,37.8,20.4,26.9,1.15,5.6
38011,14.743215,75.00581,18.7,47.8,18.4,13.2,1.4,6.2
38012,16.665965,73.632038,26.2,27.0,21.8,17.1,1.34,6.0
38013,14.240151,74.943193,20.3,36.1,26.4,13.8,1.38,6.1
38015,10.909247,77.444504,16.2,48.6,15.3,11.8,1.46,7.1
38016,15.553502,74.940705,18.6,38.1,24.8,11.0,1.4,6.6
38017,13.090839,76.087254,17.6,43.4,17.6,10.5,1.35,6.8
38018,14.029274,75.392521,23.9,38.1,19.5,10.3,1.33,6.2
38019,13.388337,75.568304,28.1,39.7,19.1,29.8,1.1,5.5
38020,18.331721,73.843143,32.0,30.9,18.0,11.9,1.44,6.6
38021,14.608513,74.713799,17.4,50.4,18.5,19.2,1.29,5.7
38022,12.273643,76.159348,25.0,40.1,21.0,12.2,1.3,6.3
38023,12.253618,76.141245,27.8,35.8,22.8,10.7,1.3,6.2
38024,9.140007,77.241902,31.7,30.1,21.0,35.3,1.08,5.2
38025,18.728808,73.253787,29.9,35.2,21.2,18.0,1.38,6.2
38028,11.923422,75.738383,24.9,49.0,15.9,22.0,1.12,5.5
38031,15.188686,74.813501,22.1,42.9,16.8,14.0,1.33,6.0
38032,12.82116,75.947833,27.1,38.8,17.3,17.9,1.2,6.0
38033,10.941839,76.47754,21.4,45.6,22.7,26.8,1.2,5.4
38034,10.752367,76.706649,15.1,56.8,16.2,22.5,1.24,5.6
38035,15.058598,73.983044,25.1,40.9,16.1,21.8,1.3,5.6
38036,16.278318,73.680365,25.1,26.8,25.0,18.1,1.32,6.0
38037,8.947941,77.546877,24.7,38.7,20.7,14.0,1.4,6.7
38038,13.267278,74.764005,32.4,40.7,16.1,23.5,1.23,5.8
38040,10.488565,76.762082,25.7,39.1,21.3,30.8,1.1,5.3
38041,16.85301,73.868716,27.6,33.3,19.8,20.1,1.25,6.1
38042,13.854673,75.265502,16.6,43.7,20.4,18.0,1.29,5.8
38043,11.162095,77.375732,24.1,38.0,21.4,13.1,1.42,8.0
38044,9.751948,76.842487,25.2,36.0,24.3,36.1,1.08,5.4
38045,17.328492,73.935842,17.2,36.2,27.6,12.6,1.4,6.4
38046,10.433965,77.811012,19.0,42.6,22.3,11.7,1.5,7.4
38047,12.081354,76.005515,21.0,44.6,22.3,22.3,1.14,5.5
38048,13.818594,75.18461,15.7,45.0,19.8,16.6,1.27,6.2
38049,11.383531,76.244658,24.8,48.2,18.2,18.4,1.25,5.6
38050,17.796269,73.486174,31.3,27.0,23.6,20.4,1.36,6.2
38051,13.126623,75.109223,26.5,47.3,14.5,16.9,1.22,5.5
38052,15.063936,74.267759,16.6,43.5,21.5,28.7,1.22,5.6
38053,12.933086,75.639565,23.2,40.0,22.6,32.3,1.08,5.6
38054,16.757744,73.405959,28.0,31.0,23.7,19.4,1.31,6.2
38055,11.271985,76.756141,29.2,34.3,29.3,29.0,1.08,5.6
38056,13.542693,75.306957,23.7,44.2,15.8,22.1,1.25,5.3
38057,8.912142,77.443781,25.5,43.1,16.4,17.0,1.41,6.0
38058,15.45436,74.318478,20.8,39.7,18.6,18.1,1.25,5.4
38059,17.189417,73.659241,26.1,30.8,21.2,22.9,1.35,5.7
38060,13.335356,74.922386,29.1,46.1,16.6,18.7,1.1,5.4
38061,9.659123,77.885441,24.8,43.4,18.9,14.3,1.6,7.6
38062,15.476977,74.575921,18.3,44.5,17.8,16.4,1.33,6.1
38063,16.767472,73.993981,15.8,36.9,26.2,12.9,1.37,6.5
38064,12.409525,76.01779,31.4,37.3,18.5,11.3,1.24,6.2
38065,11.531207,77.153264,16.6,45.4,23.2,14.0,1.39,7.0
38066,18.513437,73.901706,27.6,38.0,14.8,11.3,1.53,6.6
38067,13.423504,75.55142,27.7,40.1,17.1,26.5,1.12,5.5
38068,14.356303,74.655274,14.6,47.5,21.4,22.7,1.18,5.5
38069,10.825186,76.528262,24.4,44.3,19.5,24.4,1.19,5.3
38070,16.923176,73.585579,26.2,29.6,21.7,17.0,1.37,6.0
38071,10.886242,76.919067,15.7,51.2,18.0,12.3,1.4,6.9
38072,15.631034,74.318702,26.2,38.9,18.5,29.0,1.1,5.5
38073,9.545123,77.167256,0.0,0.0,0.0,0.0,0.0,0.0
38074,18.237356,74.036418,33.5,27.7,20.9,18.2,1.38,6.8
38075,18.843294,73.472054,39.3,22.6,17.8,23.5,1.3,6.1
38076,16.031104,74.705849,28.1,33.8,23.9,9.1,1.37,6.4
38078,12.200361,76.061152,23.6,38.8,23.3,19.2,1.21,5.6
38079,8.956177,76.827142,27.6,34.8,26.3,26.0,1.16,5.2
38080,13.108257,75.195376,28.2,48.8,14.9,28.8,1.06,5.5
38081,12.558311,76.360292,29.8,39.9,16.2,10.7,1.4,7.0
38082,17.447493,74.162618,35.8,27.6,21.9,10.8,1.45,6.8
38083,18.722815,72.889712,26.3,36.6,23.6,12.0,1.4,6.6
38084,18.411864,73.494001,35.0,26.4,19.1,23.7,1.3,6.2
38085,8.479204,76.978713,0.0,0.0,0.0,0.0,0.0,0.0
38086,13.076405,74.959369,32.9,48.8,10.9,21.3,1.2,5.5
38087,14.258929,75.032441,15.6,47.7,19.8,14.0,1.33,6.2
38088,12.315572,76.263425,25.4,41.6,18.0,12.9,1.31,6.7
38089,15.333135,74.651807,17.0,46.2,18.3,15.3,1.3,5.8
38090,16.42622,74.303418,32.0,30.8,20.6,9.7,1.4,6.4
38091,10.422019,77.116667,24.6,37.3,26.4,32.0,1.1,5.6
38092,9.269547,77.780863,30.1,39.1,19.9,14.1,1.4,7.6
38093,14.616267,74.330476,19.4,40.7,23.0,22.0,1.23,6.1
38094,18.674287,73.263936,34.3,33.5,23.7,16.9,1.38,6.1
38095,11.589174,76.862714,22.7,39.0,25.5,22.9,1.3,6.5
38096,12.708356,74.911392,34.4,48.5,10.3,20.1,1.25,5.7
38097,16.138481,73.883921,31.2,26.9,18.8,32.5,1.13,5.4
38098,17.806984,73.263035,32.2,27.7,21.3,16.9,1.4,6.0
38099,11.574892,76.621716,27.0,35.9,21.4,20.4,1.19,5.9
38100,17.123842,73.388815,20.6,34.0,24.6,17.1,1.36,6.1
38101,10.821494,76.018845,23.7,47.8,16.8,19.2,1.2,5.2
38102,9.141048,76.912114,31.1,34.3,24.0,24.6,1.11,5.1
38103,16.334507,74.20461,21.4,38.9,19.5,22.9,1.25,5.6
38104,16.483149,73.583364,26.9,29.7,21.8,18.2,1.36,6.0
38105,17.21806,73.818612,34.3,30.0,17.5,25.5,1.2,5.6
38106,9.446516,76.859234,21.7,34.7,32.1,28.0,1.13,5.1
38107,13.952221,74.76079,14.1,46.3,23.8,21.8,1.25,5.4
38108,18.819697,73.33131,40.1,33.0,20.5,11.8,1.38,6.6
38109,13.658796,75.007506,16.5,47.1,22.8,29.9,1.13,5.5
38110,18.829671,73.658082,32.1,24.7,23.2,17.0,1.4,6.4
38111,13.08164,75.343237,25.2,51.3,16.5,23.8,1.14,5.4
38112,17.331379,73.382048,27.7,30.1,26.2,19.0,1.37,6.0
38113,13.978474,74.732458,17.3,47.9,22.7,28.5,1.22,5.6
38114,11.848729,76.193969,23.9,38.0,24.5,21.9,1.14,5.4
38115,18.774653,73.623925,31.8,26.7,28.8,13.6,1.44,6.4
38116,9.950689,77.526829,21.7,41.7,16.9,13.9,1.4,7.2
38117,9.76851,76.42288,24.3,29.1,30.2,29.6,1.2,5.2
38118,8.66031,77.022186,30.1,33.4,19.7,27.8,1.26,5.3
38119,10.789517,75.972483,23.1,23.5,28.4,22.2,1.13,5.2
38120,10.134904,77.703208,25.0,41.3,19.4,12.2,1.5,7.2
38121,11.553606,76.291824,18.3,41.9,24.9,22.0,1.14,5.4
38122,10.460602,77.198068,22.0,44.4,18.7,23.7,1.23,6.0
38123,16.312623,73.577077,23.2,30.0,24.7,21.4,1.36,5.7
38124,17.823906,73.553251,31.6,26.4,23.6,18.6,1.37,6.1
38125,13.983316,75.346513,22.8,42.0,16.9,15.6,1.3,6.2
38126,15.062803,75.05115,24.1,39.8,18.9,12.2,1.35,6.2
38128,11.754322,75.962731,28.6,43.7,18.3,21.1,1.15,5.4
38129,10.808391,77.241606,18.4,46.6,18.6,12.9,1.46,7.3
38130,16.041944,73.636045,29.4,25.9,30.1,20.0,1.3,6.2
38131,12.858637,75.48082,26.9,54.6,14.7,21.1,1.14,5.4
38133,14.898676,75.073939,25.1,42.0,15.8,12.1,1.36,6.2
38134,18.904814,73.496861,0.0,0.0,0.0,0.0,0.0,0.0
38135,10.636176,76.351068,25.0,47.9,14.1,27.8,1.12,5.3
38136,12.900503,75.313291,22.8,45.3,18.1,18.2,1.27,5.5
38137,15.923625,74.591186,23.8,36.3,24.2,14.2,1.27,6.0
38138,13.729353,74.887545,21.9,46.9,17.9,21.1,1.23,5.4
38139,8.863163,76.809613,28.4,34.7,22.5,22.0,1.12,5.2
38140,9.508921,77.014249,23.0,34.0,24.9,32.6,1.12,5.0
38141,13.688313,74.833383,27.6,48.7,13.1,19.2,1.27,5.7
38142,14.967591,75.205386,31.2,33.6,28.6,11.0,1.4,6.7
38143,18.693329,73.105302,29.1,35.1,22.2,17.6,1.37,6.2
38144,12.949823,75.984198,26.6,38.2,24.1,11.1,1.27,6.1
38145,12.13611,76.348723,27.1,37.7,21.4,14.2,1.3,6.6
38146,10.12479,77.427028,27.4,35.7,21.3,32.5,1.16,5.9
38147,16.073797,73.874846,26.2,33.1,21.3,22.5,1.25,5.5
38148,13.183768,75.05136,32.7,48.9,11.8,21.4,1.2,5.5
38150,10.748177,76.771093,23.7,42.8,16.3,22.6,1.28,5.7
38151,10.616135,76.366803,24.4,45.4,16.3,31.1,1.1,5.2
38153,9.72755,77.196938,26.6,32.8,29.9,23.3,1.19,5.3
38154,8.718047,77.653914,26.9,38.8,19.2,17.0,1.51,7.2
38155,17.581525,73.754243,32.5,29.5,19.9,24.7,1.29,5.7
38156,12.684726,76.070157,25.7,42.3,16.3,12.6,1.33,6.6
38157,8.7189,76.767976,0.0,0.0,0.0,0.0,0.0,0.0
38158,11.525882,76.731914,21.9,43.6,23.5,15.2,1.2,6.0
38159,10.841239,77.409125,16.0,45.7,19.9,11.7,1.46,6.9
38160,9.732805,77.479508,18.8,43.3,17.5,23.8,1.3,6.2
38161,13.961127,75.322279,18.7,40.1,22.5,21.0,1.2,5.9
38162,12.909793,76.241808,19.3,39.8,20.2,11.1,1.37,7.2
38163,15.456058,74.344723,19.2,43.6,18.5,22.3,1.2,5.4
38164,12.122377,76.755955,28.6,33.9,21.6,11.4,1.4,6.9
38165,13.982419,74.657506,16.6,48.9,21.1,30.4,1.14,5.6
38166,16.301263,73.45313,20.9,39.0,17.9,17.4,1.42,5.9
38167,9.680897,77.513361,19.2,45.4,18.8,30.1,1.28,5.9
38168,10.706417,76.655193,17.1,51.1,17.6,23.9,1.3,5.6
38169,12.898101,75.70217,25.4,42.1,19.4,26.4,1.16,5.6
38170,18.99275,73.560092,39.2,20.0,19.6,23.3,1.27,6.2
38171,10.223511,76.597632,24.4,38.1,26.6,29.1,1.11,5.3
38172,14.459365,74.797063,18.5,48.4,18.8,19.2,1.29,5.6
38173,17.501855,73.845245,28.2,28.7,23.6,16.3,1.28,6.0
38174,10.47325,77.580216,17.1,47.4,19.8,15.2,1.43,7.2
38175,10.017082,77.349909,0.0,0.0,0.0,0.0,0.0,0.0
38176,14.500466,74.490637,22.4,46.8,19.8,21.9,1.21,5.5
38177,18.528219,72.914431,0.0,0.0,0.0,0.0,0.0,0.0
38178,16.654518,74.247022,18.7,45.8,16.4,12.4,1.42,6.4
38179,11.268472,77.065313,15.2,50.5,13.3,12.5,1.46,7.8
38180,17.234806,73.910144,23.8,35.3,20.7,19.1,1.3,6.1
38181,9.276436,77.636673,26.9,38.1,17.7,19.9,1.45,7.4
38182,13.207699,75.46765,30.6,40.1,16.2,30.9,1.11,5.4
38183,9.394711,76.515901,0.0,0.0,0.0,0.0,0.0,0.0
38184,10.198131,76.643732,24.3,40.0,25.2,32.5,1.09,5.2
38185,14.688218,74.425234,17.8,43.6,21.4,19.6,1.29,5.5
38186,9.836119,77.243745,28.1,38.0,22.7,30.6,1.28,5.8
38187,10.729473,77.313487,16.9,46.7,17.5,12.4,1.44,7.1
38188,12.871738,75.524618,26.2,53.3,15.3,25.0,1.14,5.4
38189,10.625844,76.587516,21.2,47.3,14.9,25.0,1.3,5.5
38190,16.119802,74.603975,23.6,44.9,15.7,10.8,1.33,6.4
38191,16.155813,74.30693,18.4,43.2,16.8,11.8,1.3,6.3
38192,16.67492,73.656467,24.5,31.0,22.9,18.4,1.36,6.1
38193,13.49835,75.541557,20.7,41.4,22.2,27.8,1.12,5.3
38194,12.176438,76.393004,28.0,38.0,23.2,13.0,1.35,6.7
38195,9.10926,77.313271,21.4,41.5,21.1,26.0,1.33,5.8
38197,12.07632,76.051933,23.5,40.5,21.4,23.1,1.17,5.4
38199,10.523839,77.807991,17.0,47.0,21.4,17.2,1.41,7.4
38200,9.908009,76.914242,29.1,36.8,23.0,29.2,1.08,5.1
38201,11.599906,76.51128,19.3,44.2,22.1,21.6,1.14,5.5
38202,13.698682,74.662615,27.7,42.9,17.7,22.7,1.24,6.0
38203,11.931026,76.644585,22.6,36.4,24.0,14.1,1.33,7.1
38204,18.736048,72.966345,35.8,28.3,24.5,13.3,1.23,6.5
38205,14.934736,74.430692,15.4,45.5,19.3,27.6,1.23,5.6
38206,18.797209,73.201948,26.2,36.3,20.2,17.4,1.38,6.1
38207,18.643439,73.362742,30.0,27.7,19.9,25.0,1.32,5.6
38209,15.728372,74.379607,18.7,43.9,16.7,17.0,1.33,6.2
38210,11.683898,75.746329,26.9,47.9,15.7,22.0,1.23,5.3
38211,17.727256,74.073349,32.5,29.5,21.0,10.5,1.44,7.0
38212,8.884335,77.483623,18.4,42.2,16.6,18.8,1.42,6.4
38213,17.262272,73.60001,24.0,29.7,21.6,20.0,1.38,5.9
38214,17.553608,73.898411,24.7,33.1,21.3,20.1,1.3,6.2
38215,8.795781,77.264752,26.6,32.0,26.6,45.4,1.03,5.0
38216,8.331246,77.424395,33.1,30.8,23.0,31.3,1.39,5.9
38217,10.893101,77.314814,16.6,49.9,14.9,11.8,1.42,6.8
38218,10.94355,76.808758,16.9,43.4,26.3,15.7,1.34,6.2
38219,13.524926,75.425394,24.7,41.4,19.5,23.8,1.14,5.3
38221,13.132521,75.046393,34.4,49.2,11.2,22.4,1.15,5.4
38222,14.91587,74.289492,16.4,43.3,19.9,27.8,1.16,5.5
38224,8.979454,76.904789,23.3,30.8,29.7,29.2,1.12,5.4
38225,10.724818,77.362017,17.2,44.2,17.5,11.2,1.46,7.2
38226,8.487705,77.164584,30.0,32.8,22.1,28.0,1.2,5.4
38227,10.9329,76.477933,21.5,41.5,23.8,21.4,1.15,5.4
38228,15.469957,74.407963,18.7,39.4,20.0,18.6,1.24,5.6
38229,16.023186,74.002317,19.7,33.7,24.2,18.9,1.29,5.6
38230,10.534061,76.188939,0.0,0.0,0.0,0.0,0.0,0.0
38231,14.338434,74.451263,22.4,49.4,20.8,18.9,1.25,6.0
38232,18.117615,73.855555,36.3,31.2,17.7,13.5,1.42,6.7
38233,11.23114,76.391967,26.6,46.5,16.9,29.7,1.02,5.4
38235,13.718516,75.791272,21.1,40.3,19.6,10.4,1.4,6.6
38236,10.470014,76.621645,31.5,38.5,19.0,30.5,1.04,5.4
38237,11.886807,76.823541,24.6,41.1,18.9,12.1,1.33,7.2
38238,14.933077,75.065147,24.9,41.2,16.5,15.0,1.3,5.8
38239,9.254014,77.611859,32.2,37.8,15.4,19.6,1.52,7.4
38240,14.989131,74.865748,16.5,41.9,20.2,13.7,1.34,6.2
38241,14.734427,74.445989,16.3,43.6,23.3,27.7,1.22,5.4
38242,13.671389,75.424426,22.2,43.9,16.8,19.0,1.25,5.3
38243,14.203687,74.794333,15.8,48.4,22.6,23.1,1.28,5.5
38244,17.848992,73.118882,21.7,35.0,24.3,16.9,1.38,6.2
38245,14.387752,74.748905,15.4,47.4,24.0,23.0,1.2,5.4
38246,17.798354,73.992016,28.9,29.8,21.2,12.6,1.43,6.8
38247,14.455727,75.156464,29.1,31.5,21.2,12.5,1.33,6.1
38248,16.855319,73.562238,26.2,28.0,21.2,18.1,1.4,6.0
38249,11.519482,75.640908,26.5,41.7,19.0,25.1,1.18,5.5
38250,12.884208,75.566124,27.7,51.0,13.4,22.7,1.12,5.3
38252,10.353175,77.686195,24.8,41.7,18.9,33.8,1.14,5.6
38253,8.742319,77.462754,32.2,35.7,15.6,19.6,1.42,5.8
38254,18.873074,72.91772,27.3,31.3,25.8,23.2,1.2,6.5
38255,17.236338,74.231749,20.5,39.7,16.3,11.2,1.48,6.6
38256,12.872477,75.236448,29.2,41.7,17.5,23.9,1.2,5.6
38257,10.028574,76.574657,19.7,42.5,21.0,24.6,1.14,5.2
38258,11.408213,76.902598,23.5,35.8,28.1,29.8,1.12,6.0
38259,14.95861,75.32486,35.0,28.6,31.5,11.7,1.48,7.8
38260,13.211081,75.317602,29.7,42.4,18.0,29.7,1.09,5.4
38261,14.16326,74.604407,14.9,48.5,22.5,30.6,1.14,5.5
38263,9.97958,76.604527,24.5,34.6,25.1,21.4,1.2,5.2
38264,16.684762,74.071552,17.2,47.8,18.1,19.2,1.33,6.2
38266,12.769072,76.088682,31.0,38.4,16.3,11.3,1.3,6.8
38267,16.007782,73.752087,26.1,30.8,23.2,16.0,1.3,6.1
38268,10.161395,77.324951,30.3,27.9,27.6,60.3,1.0,5.1
38269,12.952442,76.014026,31.4,34.1,23.9,11.2,1.27,6.2
38270,11.407443,76.430565,23.0,42.3,22.3,29.7,1.06,5.4
38271,14.781876,74.608198,17.3,45.7,23.8,22.9,1.24,5.5
38272,8.974055,76.600787,0.0,0.0,0.0,0.0,0.0,0.0
38273,11.152529,76.216739,23.0,42.4,22.0,21.5,1.23,5.4
38274,18.955372,73.311921,29.2,36.2,17.6,19.0,1.37,6.2
38275,15.046238,74.003995,22.3,38.8,17.2,23.0,1.26,5.5
38276,12.637742,76.03408,25.1,42.7,18.0,11.1,1.31,6.2
38278,13.991596,74.681837,19.7,46.7,19.4,27.8,1.13,5.6
38279,10.349347,76.837522,29.2,33.7,23.2,35.4,1.0,5.1
38280,18.572607,73.907195,0.0,0.0,0.0,0.0,0.0,0.0
38281,12.562278,76.000602,29.6,36.5,20.9,12.8,1.3,6.1
38282,10.446276,76.643186,30.5,38.4,19.9,32.4,1.02,5.1
38283,14.030297,75.697254,21.0,38.1,19.9,12.8,1.42,6.6
38287,17.57795,74.065164,42.6,26.5,17.7,12.8,1.5,7.0
38288,12.786875,75.73836,22.7,44.1,20.3,29.1,1.14,5.5
38289,11.450917,76.154355,20.1,33.6,29.1,45.1,0.92,5.3
38290,11.498386,76.860795,25.7,37.7,25.6,33.1,1.1,6.0
38291,9.842828,77.027377,33.2,35.4,22.0,26.4,1.08,5.2
38292,18.594887,73.903994,0.0,0.0,0.0,0.0,0.0,0.0
38293,11.205662,75.953779,27.5,56.6,11.1,22.0,1.24,5.4
38294,15.391575,74.189712,21.0,40.0,21.2,19.0,1.32,5.6
38296,14.206621,74.981517,18.9,41.1,21.1,12.2,1.3,6.1
38297,9.60639,76.703626,23.9,35.0,26.2,27.0,1.16,5.2
38298,15.043335,74.053824,21.9,39.9,22.5,32.2,1.13,5.6
38299,16.350758,73.785931,23.4,30.9,24.3,17.9,1.33,6.0
38300,18.330686,73.731668,25.8,32.0,23.4,23.7,1.25,5.9
38301,15.617216,74.606674,17.8,45.9,15.2,12.0,1.33,6.1
38302,16.445418,73.514722,18.4,35.7,19.0,17.7,1.46,6.0
38303,13.498028,74.873887,29.7,41.3,16.9,21.9,1.2,5.9
38304,9.045147,77.385533,18.0,42.5,20.4,17.0,1.4,6.0
38305,10.808763,76.275535,22.9,52.7,15.8,16.7,1.2,5.2
38306,14.94036,74.539293,0.0,0.0,0.0,0.0,0.0,0.0
38308,16.204952,74.569857,27.6,37.1,15.5,9.5,1.4,6.4
38309,18.669583,73.542445,34.9,27.2,22.8,16.1,1.38,6.4
38310,15.930783,73.725976,0.0,0.0,0.0,0.0,0.0,0.0
38311,11.261748,75.930459,25.3,48.6,16.6,23.0,1.24,5.4
38312,9.126756,77.544519,27.8,36.3,21.4,15.2,1.37,6.8
38313,16.941384,73.864535,30.7,30.3,20.1,17.0,1.35,6.3
38314,11.879524,76.23903,20.4,46.2,20.3,17.3,1.14,5.6
38315,9.030547,77.301569,24.9,42.6,16.6,19.9,1.4,5.8
38316,10.525965,77.386039,17.6,48.9,19.3,11.7,1.46,6.7
38317,9.557236,76.924624,26.3,37.2,25.2,30.3,1.09,5.1
38318,16.407807,74.190322,17.0,32.6,24.0,12.9,1.36,6.5
38319,16.071163,74.632645,21.9,40.1,17.1,9.9,1.35,6.4
38320,17.030244,73.512113,27.6,27.5,27.5,19.0,1.33,6.2
38321,18.742195,73.906818,35.6,29.9,18.7,11.2,1.54,6.8
38322,14.211243,75.195689,18.0,45.3,20.8,16.1,1.33,6.2
38323,14.334193,75.45878,22.0,37.3,22.7,11.4,1.35,6.3
38325,14.224025,75.293747,38.6,28.2,18.5,10.6,1.36,6.2
38326,9.700046,76.469881,26.3,27.6,29.0,30.3,1.18,5.2
38328,10.893042,77.596316,27.7,41.4,18.1,18.0,1.41,7.7
38329,12.936123,74.984134,35.8,48.0,11.1,21.2,1.25,5.9
38330,11.099948,75.92867,27.1,57.3,12.7,21.1,1.23,5.4
38331,14.340317,75.126105,18.3,40.2,21.3,14.3,1.3,6.2
38332,10.45152,76.941304,25.9,30.9,29.2,40.3,1.08,5.6
38333,14.776685,75.27011,27.9,37.5,19.1,10.0,1.4,6.4
38334,8.772271,76.803201,30.3,35.1,20.7,22.0,1.23,5.2
38335,9.712779,77.149236,30.2,28.3,26.3,29.0,1.12,5.3
38336,10.207474,77.843689,18.6,46.3,19.6,14.0,1.44,7.5
38337,15.00083,75.335419,34.1,30.9,31.5,10.0,1.42,7.9
38338,15.938193,73.962426,24.3,34.7,19.1,23.3,1.23,5.5
38339,16.083706,74.67893,23.7,39.5,14.9,10.0,1.4,6.2
38340,10.321647,76.428921,24.6,41.1,21.6,22.1,1.15,5.4
38341,15.163194,75.17223,32.8,30.0,30.7,11.7,1.44,7.6
38342,9.32089,76.821683,24.6,34.5,29.2,28.9,1.15,5.1
38344,14.539705,75.212892,28.1,32.8,28.3,12.1,1.4,6.2
38345,10.080391,76.539845,23.2,38.2,24.5,26.6,1.15,5.2
38346,13.357035,75.150971,23.5,42.9,20.2,29.7,1.11,5.4
38347,11.708071,76.083049,24.2,40.6,20.9,18.1,1.2,5.4
38348,11.899879,76.614139,23.9,37.9,19.2,13.1,1.32,6.4
38349,13.737059,74.886657,25.3,45.4,17.4,19.3,1.3,5.6
38350,12.858019,75.193019,28.6,46.0,15.0,25.9,1.21,5.6
38351,16.272771,74.11469,17.1,47.4,19.9,15.8,1.34,6.4
38352,10.686087,76.82171,21.5,39.6,25.2,18.8,1.3,5.7
38353,15.976404,74.226207,20.2,44.7,15.7,16.6,1.29,6.1
38354,12.902745,76.169106,25.3,38.1,20.5,10.8,1.38,7.0
38355,16.555506,74.458911,16.7,44.2,19.2,10.9,1.42,6.7
38356,15.191062,74.183242,18.9,36.5,23.1,24.2,1.35,6.0
38357,13.361318,74.828259,27.9,46.3,16.1,21.0,1.25,5.9
38358,8.967423,77.107471,26.0,37.7,21.5,34.0,1.17,5.4
38359,9.008543,77.312776,20.7,42.0,20.2,17.0,1.43,5.8
38360,15.223879,74.355576,23.0,46.1,18.4,25.6,1.15,5.6
38361,9.10478,77.65188,28.8,37.5,19.5,19.6,1.4,7.1
38362,11.02179,76.736357,28.3,32.3,24.9,23.7,1.19,5.5
38364,18.537607,73.706545,23.1,32.1,19.8,11.2,1.53,6.4
38366,12.734987,75.797702,22.8,41.2,20.0,20.0,1.2,5.8
38367,10.493633,77.428793,18.6,47.1,16.3,16.4,1.46,7.0
38368,11.802524,75.488086,0.0,0.0,0.0,0.0,0.0,0.0
38369,10.262639,77.089772,28.5,31.0,30.6,44.7,0.98,5.4
38370,12.995702,75.237789,24.0,49.4,16.9,18.1,1.27,5.5
38371,9.508352,76.671694,24.1,38.0,24.4,24.9,1.2,5.3
38372,16.728518,74.315165,18.8,39.9,18.4,11.2,1.44,6.4
38373,12.407536,76.559275,0.0,0.0,0.0,0.0,0.0,0.0
38374,10.664089,76.113135,23.4,46.3,15.7,20.9,1.23,5.3
38375,9.286292,76.475997,25.5,31.9,26.7,28.4,1.19,5.3
38376,11.037593,77.343628,16.8,42.4,23.5,22.9,0.0,7.6
38377,10.544611,77.517899,19.0,46.4,19.9,13.6,1.42,7.2
38378,14.802486,74.30775,14.2,47.2,21.8,34.7,1.12,5.6
38379,17.467338,73.814223,40.6,28.6,19.3,21.7,1.27,5.8
38380,10.665162,76.785796,21.3,44.5,20.8,18.6,1.27,5.6
38381,15.479086,74.559993,17.3,37.1,21.0,14.6,1.3,5.8
38382,17.444121,73.597234,28.2,26.3,22.9,19.8,1.3,6.1
38383,10.433769,77.190318,22.6,36.8,27.8,29.9,1.18,5.7
38384,14.770607,74.750733,16.2,45.9,24.7,20.1,1.26,5.6
38385,13.48895,74.878303,30.0,42.9,16.2,21.1,1.2,5.6
38386,15.308864,73.916158,21.4,35.7,28.8,16.8,1.37,6.2
38387,17.943705,73.712256,31.9,26.2,22.8,28.6,1.19,6.2
38388,16.096257,73.580769,25.4,32.8,28.2,18.2,1.35,6.4
38389,8.947126,76.795121,26.9,36.0,25.1,20.6,1.12,5.3
38390,11.677457,76.050804,27.7,41.3,17.3,21.6,1.18,5.4
38391,11.221452,76.696043,30.7,33.8,23.1,27.5,1.09,5.5
38392,10.771733,76.584277,18.4,51.3,15.6,21.1,1.23,5.3
38393,16.413198,74.11948,18.4,36.2,21.8,15.0,1.42,6.4
38394,12.789223,75.870604,21.4,40.2,20.8,18.0,1.25,5.7
38395,10.263314,77.592567,21.7,37.9,25.1,31.0,1.09,5.6
38396,14.025407,75.368777,23.5,41.3,18.9,14.5,1.32,6.2
38397,15.18625,74.807828,23.0,43.1,16.9,13.4,1.35,5.8
38398,14.605051,74.908937,15.8,46.1,17.7,14.7,1.28,6.0
38399,17.064242,73.906476,26.6,32.1,19.5,17.0,1.3,6.2
38400,10.811573,77.080837,14.4,54.0,14.8,12.0,1.46,7.0
38401,11.865836,75.573232,23.9,39.9,16.6,25.0,1.16,5.4
38402,15.810519,74.048507,21.5,37.8,19.4,23.0,1.27,5.7
38403,18.74604,73.993742,29.6,29.8,23.7,10.1,1.54,7.2
38405,11.68322,75.649068,26.8,45.7,17.7,22.0,1.23,5.4
38406,10.270998,77.332788,25.4,39.0,24.8,33.0,1.02,5.5
38407,10.669642,77.55379,22.2,44.4,17.8,12.4,1.46,7.1
38408,11.116075,77.31936,0.0,0.0,0.0,0.0,0.0,0.0
38409,9.981115,76.729568,24.1,29.3,26.5,24.9,1.18,5.4
38410,11.261668,77.259122,19.7,39.9,21.3,14.2,1.4,7.5
38411,17.764729,73.541949,29.1,23.5,25.4,19.0,1.38,6.0
38412,17.373723,73.516267,18.0,33.6,22.2,18.6,1.42,6.0
38413,10.518476,76.740924,27.2,35.3,24.1,32.9,0.97,5.3
38414,8.879406,77.508872,25.9,40.2,17.8,14.9,1.43,6.3
38415,12.646771,74.998442,33.8,49.5,9.0,20.4,1.24,5.7
38416,17.540419,73.155518,22.9,37.4,19.4,17.0,1.42,6.4
38417,12.934992,75.604574,28.2,48.1,13.5,25.6,1.1,5.4
38418,8.873735,77.100795,28.5,33.5,20.3,28.0,1.14,5.2
38419,9.175876,77.507673,29.2,38.5,19.0,14.9,1.42,6.7
38420,12.34946,76.049134,24.4,38.5,21.4,11.8,1.26,6.1
38421,18.235608,73.29682,31.0,29.0,24.4,12.6,1.4,6.2
38422,10.745475,77.587338,22.6,40.7,21.5,11.3,1.49,7.4
38425,15.046953,74.166026,23.4,39.1,18.2,37.6,1.1,5.4
38426,17.63217,73.422568,27.7,31.8,21.1,18.8,1.35,6.1
38427,8.704764,77.270753,27.8,37.1,21.8,33.1,1.2,5.6
38428,10.383873,76.557353,25.5,41.4,18.9,26.9,1.12,5.3
38429,8.831695,77.584078,26.6,34.7,20.7,16.0,1.46,6.7
38430,9.32761,76.496083,22.1,33.8,27.3,28.2,1.23,5.2
38431,10.194663,77.748293,21.5,40.8,19.9,20.5,1.36,6.9
38432,8.540838,76.98049,30.8,37.7,18.8,26.6,1.4,5.3
38433,12.897169,75.07528,34.6,45.3,11.8,19.2,1.27,5.7
38434,17.256511,73.957327,18.1,36.0,25.4,17.6,1.34,6.2
38435,12.632081,76.351655,26.8,40.2,15.3,10.8,1.4,7.2
38436,14.075394,74.861836,0.0,0.0,0.0,0.0,0.0,0.0
38438,16.242349,73.994613,30.0,33.8,18.2,27.0,1.1,5.5
38440,15.824152,74.787083,29.9,32.1,29.3,12.0,1.4,6.6
38441,18.252637,73.622078,32.8,29.5,19.8,23.0,1.25,6.5
38442,13.744311,74.773673,24.4,50.6,15.7,19.1,1.26,6.0
38443,15.116165,74.611053,16.0,46.1,18.9,19.2,1.29,5.6
38444,15.400592,74.005794,0.0,0.0,0.0,0.0,0.0,0.0
38445,12.726988,76.377605,26.3,39.1,19.3,13.3,1.38,7.2
38446,18.025077,73.928751,25.6,29.4,26.5,22.6,1.26,6.4
38447,10.307571,77.913724,19.0,44.0,21.0,12.3,1.43,7.4
38448,10.118533,77.179799,27.3,28.7,29.7,60.0,0.9,5.2
38449,11.70686,76.512055,25.0,36.2,24.0,26.2,1.16,5.8
38450,10.925719,76.534293,23.2,43.8,21.1,23.5,1.18,5.4
38451,11.426476,76.860374,21.9,37.2,27.3,27.9,1.17,6.0
38452,9.536617,76.501448,37.5,21.1,22.3,35.6,1.16,5.3
38453,9.664169,76.998871,27.4,39.5,22.4,26.4,1.09,5.1
38454,11.860917,76.899104,17.5,45.3,21.3,12.5,1.31,7.2
38455,9.516738,76.602914,22.9,35.3,22.7,23.6,1.2,5.3
38456,8.561542,77.179237,23.5,38.9,20.5,30.9,1.19,5.6
38457,10.44826,77.614947,17.3,42.2,26.3,13.9,1.42,7.2
38458,18.21264,73.968096,22.1,31.5,25.0,14.0,1.36,6.8
38459,15.710923,74.405121,18.8,48.5,15.1,18.8,1.29,6.2
38460,10.877,77.552001,22.8,38.3,20.3,18.0,1.4,7.6
38461,8.794788,77.392203,19.9,37.4,22.4,19.2,1.4,6.0
38462,10.686955,77.320099,17.8,45.4,18.3,12.1,1.42,7.2
38463,13.583581,74.775728,27.4,43.9,17.2,21.3,1.21,5.7
38464,16.533767,73.544169,25.4,33.9,19.1,19.1,1.4,6.1
38465,14.100129,75.196579,16.0,50.2,14.8,17.0,1.3,6.0
38466,16.228196,74.669749,24.0,40.1,13.5,10.9,1.39,6.5
38467,15.258898,74.554869,15.7,45.3,21.3,19.0,1.31,5.7
38468,11.646654,76.167363,23.9,44.1,22.3,18.3,1.19,5.4
38469,18.931403,72.956933,29.6,35.2,19.4,16.0,1.31,6.1
38470,15.264678,75.088373,28.4,35.4,25.9,9.8,1.43,6.7
38471,15.284475,75.203035,42.3,24.8,28.0,12.4,1.42,8.0
38472,12.064024,76.44034,26.3,37.7,20.7,12.4,1.37,6.7
38473,11.611983,75.694909,27.0,36.6,21.2,26.7,1.18,5.6
38474,14.719978,74.291576,17.7,38.3,24.8,18.9,1.33,6.0
38475,17.123537,73.756984,34.1,28.9,18.9,26.0,1.23,5.6
38476,16.015287,74.396996,21.0,40.5,15.2,12.2,1.33,6.2
38477,12.658554,76.377805,30.5,34.9,16.3,11.9,1.37,6.9
38478,14.499955,75.182957,22.7,35.4,22.9,10.7,1.38,6.1
38479,13.721064,75.124912,18.7,48.9,21.1,29.9,1.11,5.5
38480,10.879466,76.503847,20.8,45.0,23.2,24.1,1.22,5.4
38481,16.520394,73.655143,26.0,27.8,24.8,17.8,1.32,6.0
38482,12.317777,76.313694,26.9,37.9,21.0,12.9,1.37,6.9
38483,15.539648,74.785154,21.3,36.1,21.6,11.2,1.36,6.0
38484,13.313728,74.770369,29.0,45.1,17.2,23.1,1.2,6.0
38485,14.058188,75.190798,16.6,47.0,20.6,18.0,1.3,6.2
38486,10.800752,77.057427,13.8,47.4,16.9,12.5,1.5,7.3
38487,9.343108,77.26825,26.1,27.4,30.8,35.8,1.07,5.3
38488,15.248231,74.566807,16.7,48.1,20.6,18.0,1.27,5.7
38489,9.130733,76.996609,27.5,40.5,18.9,26.1,1.15,5.2
38490,18.962004,73.819713,28.8,28.7,21.7,18.2,1.4,6.7
38491,12.267145,76.583285,31.1,36.7,20.6,12.2,1.38,6.7
38492,18.464526,73.477274,36.5,26.0,19.1,27.0,1.27,5.6
38493,17.611983,73.871216,25.7,31.4,25.6,18.0,1.27,6.0
38494,14.938675,74.616699,17.6,47.2,22.1,19.7,1.28,5.4
38495,13.471018,75.90238,21.6,40.4,25.8,14.7,1.25,6.4
38496,12.646978,75.053329,25.6,49.8,13.3,24.3,1.2,5.6
38497,16.692562,74.386102,18.5,42.0,16.2,10.6,1.45,6.5
38498,9.929499,76.38735,21.4,31.1,31.2,26.0,1.27,5.0
38499,15.538214,73.798304,22.3,38.0,22.8,17.8,1.34,5.8
38500,14.854441,74.199254,18.6,36.7,22.3,19.4,1.3,6.0
38501,16.202739,74.480783,32.2,30.4,24.7,9.2,1.37,6.2
38502,15.172714,74.050737,23.4,36.1,21.7,17.5,1.37,5.6
38503,17.545534,73.563156,29.6,22.3,27.1,17.1,1.38,6.0
38504,15.126334,73.969077,0.0,0.0,0.0,0.0,0.0,0.0
38505,9.730828,76.295964,23.7,31.1,29.5,33.3,1.12,5.4
38506,13.618365,75.161362,20.1,44.6,19.1,25.9,1.17,5.5
38507,18.703932,73.223749,29.2,36.3,19.2,16.4,1.37,6.2
38508,19.219746,74.010066,39.1,21.9,24.0,11.0,1.5,6.8
38509,15.2759,73.920609,0.0,0.0,0.0,0.0,0.0,0.0
38510,14.97032,75.274858,29.6,32.4,30.6,9.6,1.43,7.6
38511,14.823966,75.167689,37.2,30.4,21.1,10.7,1.4,6.3
38512,8.693149,77.466806,25.6,37.0,17.5,22.4,1.44,6.0
38513,13.077963,75.151656,26.3,49.7,14.9,18.1,1.21,5.4
38514,17.817692,73.336738,32.2,23.1,27.7,18.1,1.38,5.9
38515,11.734994,76.951681,24.4,38.7,22.9,12.2,1.39,6.6
38516,18.426996,72.965988,28.0,37.1,19.5,17.0,1.34,5.9
38517,13.027098,74.792998,25.9,35.5,19.6,23.5,1.19,5.9
38518,10.183945,76.250877,24.6,43.0,16.6,22.0,1.2,5.2
38519,13.205389,75.488089,28.7,41.2,18.7,30.3,1.08,5.4
38520,8.746625,77.236014,26.9,33.2,26.6,34.5,1.03,5.3
38522,17.692794,73.924572,27.2,30.5,22.6,15.5,1.34,6.2
38523,11.87168,75.707624,22.6,49.0,19.8,24.7,1.1,5.4
38524,13.99469,74.584107,18.9,47.5,20.5,21.8,1.25,5.7
38525,11.326443,77.082993,20.4,49.2,12.7,14.4,1.42,7.6
38527,15.044098,74.211539,20.9,39.4,21.2,38.9,1.1,5.6
38528,13.75799,74.799557,26.7,49.2,16.5,22.1,1.26,5.9
38531,14.851822,74.962354,17.7,46.9,19.2,14.7,1.29,5.8
38532,18.298756,74.044093,46.4,25.8,16.3,11.1,1.49,7.2
38533,10.644302,76.093627,24.0,40.5,23.4,20.9,1.22,5.3
38534,15.768659,74.712869,35.7,32.1,20.6,11.7,1.36,6.4
38535,10.362119,77.311277,18.9,43.9,20.7,27.1,1.29,6.3
38536,11.083142,77.497928,23.4,37.1,24.9,20.0,1.4,7.7
38537,11.587709,76.236535,21.4,42.7,20.1,22.5,1.13,5.3
38538,16.502059,74.44162,19.5,42.9,16.1,9.4,1.44,6.5
38539,17.289155,73.994632,26.1,35.3,20.5,20.3,1.35,6.2
38541,10.303991,77.571399,19.1,33.2,30.6,53.0,1.04,5.4
38542,16.793813,74.321488,17.6,42.4,16.4,10.4,1.44,6.8
38543,12.933316,75.597612,26.4,44.7,17.2,28.8,1.12,5.4
38544,11.552037,76.116511,26.0,45.3,18.1,23.1,1.12,5.2
38545,15.391915,74.480065,19.0,41.4,18.8,18.1,1.3,5.6
38546,13.063115,76.039957,18.7,38.8,25.7,10.8,1.3,6.6
38547,13.106474,75.908109,26.4,40.9,18.8,10.4,1.26,6.1
38548,17.318979,74.193668,25.8,33.9,15.1,11.2,1.46,6.8
38549,11.289578,76.313675,21.2,46.5,22.5,18.1,1.27,5.5
38550,9.738126,77.502049,18.4,46.2,15.9,23.8,1.38,6.4
38551,16.427148,73.969567,22.3,37.6,19.8,18.6,1.3,6.0
38552,13.685264,75.027912,15.8,46.9,21.8,30.7,1.11,5.5
38553,15.760265,74.011973,25.7,33.0,20.6,21.5,1.34,6.0
38554,18.949153,73.17848,33.5,32.7,23.1,12.0,1.41,6.6
38555,16.307372,74.443076,21.0,37.7,19.9,10.6,1.36,6.4
38556,18.228323,73.574355,36.6,27.7,17.3,19.8,1.38,6.3
38557,14.401644,75.341137,25.2,37.5,22.5,10.3,1.36,6.2
38558,10.913403,77.646557,26.8,40.9,20.0,19.0,1.44,7.6
38559,12.664344,76.346623,29.0,42.5,15.0,10.0,1.35,7.2
38560,16.018738,74.489253,18.2,41.3,16.9,19.0,1.3,5.8
38561,13.652516,75.519175,20.4,43.5,18.5,19.0,1.19,5.6
38562,9.019382,76.995113,32.1,35.4,21.6,34.0,1.12,5.1
38564,14.940544,74.856641,16.8,40.5,22.0,14.7,1.29,5.8
38565,17.433781,73.756931,0.0,0.0,0.0,0.0,0.0,0.0
38566,12.081453,76.609154,28.3,35.3,21.2,12.2,1.35,7.1
38567,13.196698,75.94581,20.9,43.5,18.8,10.1,1.28,6.4
38568,14.418204,74.830101,17.6,48.1,19.3,19.2,1.3,5.6
38569,15.790787,74.530334,24.3,41.9,13.3,10.2,1.33,6.2
38570,11.808546,75.587315,24.8,42.6,16.2,24.6,1.2,5.5
38571,14.320372,74.674973,14.2,48.0,23.4,22.1,1.2,5.3
38572,10.606207,77.018724,19.6,46.7,14.5,20.2,1.42,6.3
38573,10.312835,76.261896,22.3,45.4,19.3,22.1,1.22,5.2
38574,18.871154,73.238941,41.0,31.9,23.5,11.3,1.42,6.6
38575,10.947364,76.277328,21.6,49.5,17.1,23.3,1.2,5.3
38576,14.060571,75.676168,20.4,36.6,26.1,12.1,1.39,7.0
38577,9.298117,76.39622,27.3,26.9,31.8,38.0,1.15,5.2
38578,9.992108,77.682052,20.0,42.8,22.1,17.0,1.45,7.0
38579,10.086284,77.400206,24.5,37.1,24.9,42.2,1.06,5.4
38580,11.841797,76.927973,20.0,42.3,22.3,10.1,1.37,7.2
38581,13.122869,75.578203,24.0,45.3,18.5,21.3,1.23,5.7
38582,16.219512,73.622714,26.3,31.9,20.7,19.9,1.35,5.8
38583,10.256766,77.061525,31.1,27.7,28.8,44.0,0.96,5.1
38584,12.267937,76.429867,21.1,42.5,20.7,13.0,1.3,6.7
38586,10.18224,77.408952,23.4,32.4,27.4,52.2,0.96,5.1
38587,10.460652,77.510428,24.1,43.7,18.2,11.6,1.42,7.0
38588,14.119037,74.656918,22.6,43.8,20.7,33.1,1.1,5.5
38589,10.660047,77.173775,16.8,44.3,15.7,12.4,1.48,7.7
38590,13.223247,75.519262,27.5,42.0,16.6,24.5,1.14,5.3
38591,14.593919,75.011113,15.1,46.2,19.6,12.7,1.3,5.7
38592,18.327439,74.033715,43.2,25.8,18.4,11.3,1.48,7.2
38593,11.955096,75.619169,24.1,48.1,14.9,25.3,1.14,5.5
38594,11.078311,75.868161,25.4,46.0,16.8,26.7,1.19,5.4
38595,17.3366,73.560909,29.5,26.0,22.4,16.0,1.38,6.0
38596,18.992681,73.740554,0.0,0.0,0.0,0.0,0.0,0.0
38597,15.890277,74.632842,27.1,34.4,15.3,11.3,1.36,6.0
38598,14.512743,74.721075,15.7,51.4,17.8,19.0,1.29,5.6
38600,8.871484,76.712244,29.5,29.4,27.2,22.6,1.21,5.3
38601,8.738222,77.46568,33.6,35.9,14.8,19.0,1.45,6.0
38602,17.31788,73.309473,25.4,32.9,24.0,15.6,1.33,6.1
38603,14.497158,75.522487,35.0,29.8,29.9,10.3,1.4,7.5
38604,13.654589,74.971781,21.9,49.2,18.1,20.1,1.19,5.4
38605,9.053488,77.261426,19.7,44.0,23.0,24.2,1.31,5.6
38606,9.811115,76.953286,0.0,0.0,0.0,0.0,0.0,0.0
38607,17.623899,73.533638,32.0,27.6,22.2,21.4,1.31,6.0
38608,10.214713,76.332078,25.7,48.0,14.0,26.0,1.19,5.4
38609,18.981763,73.214609,28.6,34.7,19.3,18.6,1.38,6.0
38611,11.388678,75.836199,27.7,51.8,12.1,25.6,1.2,5.4
38612,13.509892,75.796656,21.6,39.2,24.4,24.2,1.16,5.8
38613,16.045642,73.636452,29.5,26.3,27.8,19.4,1.31,6.2
38614,8.525688,77.457692,29.0,33.0,25.1,45.5,1.0,5.1
38615,11.876789,76.613625,26.8,38.6,18.3,12.4,1.35,6.6
38616,9.311175,77.19551,35.4,32.2,23.4,32.6,1.06,5.2
38617,15.938112,74.863811,23.4,34.2,32.6,12.7,1.36,6.8
38618,18.574955,73.688239,22.9,34.6,18.6,14.2,1.46,6.4
38619,14.056345,74.583645,16.9,49.9,19.6,21.2,1.18,5.5
38620,17.511588,73.508002,27.3,28.3,26.8,18.9,1.37,6.1
38621,15.576896,75.047928,30.6,28.8,28.7,14.2,1.4,7.6
38622,8.60391,77.48143,28.4,34.4,22.1,48.2,1.27,5.5
38623,15.873544,73.814105,21.9,34.0,22.6,22.1,1.3,5.5
38626,10.057738,77.610229,24.5,36.1,18.2,15.8,1.48,7.4
38627,10.494425,76.688242,25.2,42.0,24.0,27.5,1.04,5.1
38628,8.754568,76.798104,26.3,35.5,25.0,20.2,1.25,5.2
38629,17.414063,74.156124,35.7,28.6,21.4,10.4,1.5,6.6
38630,14.40007,74.828785,16.5,48.0,20.8,17.1,1.34,5.6
38631,18.889866,73.911639,24.4,31.6,21.8,13.8,1.48,6.8
38632,10.982539,76.298549,25.8,49.5,13.8,31.2,1.14,5.5
38633,9.126076,76.841088,28.5,33.2,21.9,25.1,1.16,5.4
38634,10.870932,76.351847,20.5,48.8,21.1,23.1,1.22,5.2
38635,11.312957,76.721722,26.1,35.3,26.7,29.0,1.01,5.6
38636,14.269928,75.261581,28.4,33.1,22.8,12.1,1.38,6.2
38637,18.64703,73.179224,29.1,35.2,21.4,17.9,1.42,6.3
38638,14.489946,74.58151,15.7,45.7,21.3,22.8,1.21,5.5
38640,14.832753,74.938704,16.7,45.8,22.2,15.8,1.33,6.5
38642,11.393667,75.838606,27.7,53.3,12.1,26.1,1.23,5.4
38643,18.753882,73.786982,29.0,29.4,20.6,10.9,1.59,6.8
38644,15.921995,74.359106,18.9,46.5,14.9,12.3,1.33,6.1
38645,15.833766,73.747644,24.5,35.4,21.1,17.8,1.4,6.1
38646,16.54385,73.959198,21.8,37.8,19.8,16.9,1.26,6.3
38647,14.179406,75.431894,22.4,37.7,19.6,10.0,1.34,6.5
38648,18.372394,73.831949,21.2,36.1,21.0,15.1,1.38,6.4
38649,8.868356,77.096347,27.6,32.8,20.1,25.9,1.18,5.3
38650,12.539548,76.229409,27.9,39.8,17.9,10.6,1.4,7.2
38651,14.905004,74.111638,14.5,37.2,23.1,20.1,1.34,5.7
38652,16.159274,74.375913,17.9,39.9,18.4,14.8,1.3,6.0
38653,13.801449,75.785708,21.9,38.4,18.9,15.5,1.33,6.4
38654,14.801414,74.522811,18.3,48.5,18.7,22.7,1.24,5.5
38655,14.670269,75.106419,32.6,33.3,21.1,11.3,1.34,6.2
38656,14.614255,75.228526,30.2,33.1,25.0,8.2,1.4,6.4
38657,12.741175,75.640426,29.9,43.3,13.2,30.0,1.07,5.4
38658,9.160887,76.739601,24.6,36.1,26.4,26.4,1.2,5.4
38659,8.96245,77.669293,26.2,36.8,22.2,20.0,1.42,7.2
38660,10.521505,77.622613,17.1,46.4,20.5,14.4,1.44,7.1
38661,9.583653,76.59044,17.7,39.4,24.1,22.9,1.22,5.2
38662,9.765434,76.579114,21.6,36.6,23.9,24.4,1.14,5.3
38663,10.458321,77.143482,20.8,40.9,20.7,28.1,1.14,5.9
38664,14.306001,75.615633,25.7,30.6,31.7,11.1,1.43,7.4
38665,13.259884,76.013327,26.5,39.8,18.6,10.6,1.4,7.6
38666,14.161798,75.548822,24.4,30.8,28.7,10.2,1.42,6.8
38667,12.007058,76.09438,23.2,40.9,22.5,20.4,1.16,5.3
38668,9.690907,77.88054,19.3,46.2,13.3,13.2,1.6,7.6
38669,8.954159,77.120904,29.5,38.6,22.6,34.0,1.12,5.3
38670,12.467059,76.438945,0.0,0.0,0.0,0.0,0.0,0.0
38671,15.946364,74.169414,19.0,45.6,17.3,19.2,1.26,6.1
38672,10.546131,77.339565,18.3,47.3,14.5,13.7,1.42,6.6
38673,17.107145,73.623987,27.5,25.6,28.7,19.3,1.36,6.1
38674,14.508318,74.684026,16.7,47.7,18.4,19.2,1.27,5.6
38675,13.196948,76.098905,18.8,39.8,23.1,10.8,1.37,7.2
38676,8.634519,77.17233,25.2,37.8,21.5,24.4,1.22,5.3
38677,14.736267,74.406022,15.5,46.4,22.5,28.0,1.19,5.4
38678,18.733976,74.002101,28.3,30.1,22.2,10.9,1.54,7.3
38681,9.674681,77.34225,31.1,34.3,20.3,38.3,1.14,5.4
38682,12.918812,76.127297,25.8,36.2,22.5,10.8,1.37,6.8
38684,13.550526,74.886632,31.7,48.0,13.3,24.1,1.2,5.6
38685,12.587706,75.27949,27.9,47.8,15.5,27.1,1.12,5.5
38686,10.810924,76.665353,16.1,58.8,16.2,23.1,1.23,5.6
38687,15.929204,74.364584,20.6,46.6,14.6,14.5,1.33,6.2
38688,11.571552,76.723505,22.8,38.4,23.0,14.0,1.32,6.1
38689,9.964184,77.855201,21.4,41.5,18.2,14.6,1.53,7.5
38690,15.09065,74.506354,16.7,48.1,19.1,27.8,1.21,5.5
38691,19.49934,74.008951,47.4,16.6,26.4,16.4,1.44,6.9
38693,8.726393,76.744869,26.9,34.3,26.7,24.1,1.17,5.1
38694,11.964143,76.310873,0.0,0.0,0.0,0.0,0.0,0.0
38695,9.099691,76.481885,30.5,26.2,29.3,33.3,1.15,5.1
38696,11.603606,76.446407,20.8,40.3,25.8,21.8,1.14,5.4
38697,8.764091,76.817459,30.6,33.8,23.2,24.3,1.2,5.3
38698,16.70668,73.414968,27.6,32.8,24.5,16.4,1.33,6.3
38699,9.005147,77.599681,25.8,38.9,19.6,21.3,1.37,6.8
38700,8.832332,77.721007,20.9,38.2,23.5,15.1,1.54,7.1
38701,14.016144,75.602875,19.2,38.2,21.8,15.4,1.35,6.6
38702,9.753386,76.692473,25.8,39.9,24.8,22.1,1.17,5.4
38703,9.014681,77.203734,25.4,42.6,19.5,26.6,1.34,5.6
38704,14.314978,75.637464,36.1,30.9,25.0,10.2,1.46,6.8
38705,10.943202,76.518667,20.8,41.3,23.1,26.5,1.19,5.3
38706,9.879114,77.504478,21.9,42.3,19.4,17.8,1.37,6.4
38707,10.902666,76.048116,24.0,49.6,14.5,21.8,1.25,5.4
38708,13.440554,75.056358,14.5,47.7,20.4,30.0,1.14,5.3
38709,12.964562,75.929041,24.9,41.9,21.7,12.2,1.27,6.0
38710,13.628039,75.804007,18.1,40.7,25.6,9.8,1.38,6.8
38711,8.367607,77.515446,26.5,36.9,22.5,35.1,1.15,5.4
38712,11.70201,76.852552,21.8,38.7,22.7,14.1,1.27,6.5
38713,10.355516,77.231153,22.5,43.6,18.2,21.1,1.37,6.7
38714,11.494364,76.623009,27.1,39.3,25.2,52.7,1.02,5.4
38715,13.962798,74.848247,14.3,47.4,22.9,19.1,1.27,5.4
38716,9.165386,76.989058,31.7,35.7,19.3,29.6,1.15,5.2
38717,18.133716,73.989334,39.8,23.7,22.2,11.3,1.45,7.2
38718,12.381605,76.489282,25.6,41.8,19.8,12.4,1.3,7.2
38719,11.817177,76.844545,20.1,40.2,18.9,14.2,1.34,6.6
38720,16.080912,74.005947,32.6,32.7,18.2,29.1,1.1,5.5
38721,10.76802,77.275333,17.7,47.3,18.5,12.7,1.48,7.2
38722,16.787415,74.074785,17.5,42.4,20.3,16.8,1.33,6.2
38723,12.750733,75.923976,23.9,37.0,22.9,17.6,1.27,6.0
38724,14.914398,75.057019,27.7,40.7,16.5,13.8,1.3,6.1
38725,15.707132,74.815774,28.6,32.7,20.6,9.9,1.39,6.5
38726,11.152845,76.832735,18.8,41.8,23.8,18.1,1.3,6.5
38727,15.177799,74.963744,35.8,33.0,19.8,10.3,1.39,6.3
38728,14.376511,75.16914,27.3,34.0,26.5,14.8,1.32,6.2
38729,15.709459,74.4144,17.9,48.3,16.0,16.8,1.3,6.0
38731,12.936032,75.201647,30.1,43.3,13.3,21.6,1.2,5.6
38732,12.036564,76.188254,24.8,41.8,22.1,16.8,1.2,5.6
38733,11.985191,76.039937,25.1,40.9,21.3,21.1,1.19,5.5
38734,10.925951,76.950956,14.6,60.9,13.0,13.9,1.4,7.4
38735,17.493626,74.140204,38.0,26.6,21.6,10.4,1.51,6.9
38736,14.367833,75.265627,24.3,35.0,24.8,11.2,1.35,6.2
38737,16.234433,74.547546,23.1,34.8,27.7,9.2,1.39,6.3
38738,10.331972,77.225905,21.5,43.2,19.3,20.3,1.36,6.3
38739,11.301628,76.997681,17.7,45.7,16.5,14.0,1.4,7.1
38740,9.001753,77.718694,22.2,40.8,22.0,14.0,1.44,7.2
38741,15.757196,74.772472,34.6,28.2,26.6,10.9,1.4,6.5
38742,15.073368,74.556927,17.2,46.6,20.7,22.9,1.2,5.5
38743,11.413975,77.244799,24.3,40.8,20.7,18.1,1.37,6.9
38744,10.372243,76.739206,29.8,34.8,22.2,37.9,1.04,5.1
38745,12.946248,76.12231,30.3,36.6,25.1,12.2,1.36,6.9
38748,13.539462,75.684772,24.0,41.5,17.8,25.4,1.18,5.7
38749,16.530937,74.120375,17.2,41.2,19.6,16.0,1.38,6.4
38751,10.025148,76.461789,24.7,41.4,15.8,20.9,1.21,5.3
38752,18.681041,73.300879,36.7,33.0,25.0,12.1,1.4,6.5
38753,10.801912,77.013013,14.4,55.1,14.6,12.0,1.48,7.2
38754,18.405392,73.186369,29.3,32.9,25.8,17.6,1.38,6.3
38755,18.330608,73.196969,30.8,32.0,20.7,14.0,1.41,6.1
38756,12.819824,75.257198,27.0,47.2,16.7,24.8,1.23,5.6
38757,10.672937,76.876457,26.5,39.5,18.7,18.0,1.38,5.7
38758,14.725657,74.450167,18.2,42.8,20.4,19.2,1.27,5.4
38759,17.613322,73.531679,29.1,28.0,25.2,20.6,1.38,6.2
38760,9.227601,77.47955,24.3,39.9,19.4,15.3,1.42,6.5
38761,11.567858,76.950545,20.4,42.3,23.8,19.1,1.33,6.6
38762,15.936398,74.398836,22.6,43.4,17.4,16.0,1.29,6.0
38763,13.062032,75.370913,24.6,52.6,14.9,17.5,1.17,5.5
38764,16.778544,73.982639,16.4,39.3,26.1,14.8,1.38,6.4
38765,8.611307,77.608495,29.2,34.7,21.9,17.9,1.4,6.7
38766,13.837666,75.518193,0.0,0.0,0.0,0.0,0.0,0.0
38767,10.897331,76.318139,24.8,47.0,19.1,21.9,1.23,5.3
38768,13.682444,75.925348,18.2,44.2,14.7,11.0,1.4,6.8
38769,17.648207,73.859096,24.5,32.1,24.2,20.4,1.28,6.1
38770,12.530274,76.176464,27.7,37.0,18.4,11.3,1.38,7.0
38771,14.005806,74.975852,0.0,0.0,0.0,0.0,0.0,0.0
38772,11.444391,77.202762,19.3,35.9,24.2,14.4,1.42,7.6
38773,15.206212,74.039915,23.2,38.4,22.4,18.2,1.39,6.2
38774,10.374612,76.957627,24.9,39.3,26.4,32.2,1.06,5.2
38775,15.052803,74.182947,17.9,47.1,19.5,25.2,1.19,5.5
38776,11.146602,76.547868,25.3,34.7,25.5,32.7,1.02,5.4
38777,15.898499,73.678231,24.8,32.4,19.8,17.3,1.35,6.1
38778,15.749336,74.01368,22.3,34.1,20.7,19.6,1.38,5.6
38779,10.218908,77.407126,26.0,30.9,28.8,61.8,1.02,5.1
38781,18.893348,73.69817,37.4,25.6,21.3,13.4,1.4,6.6
38782,9.71826,77.891557,26.3,39.2,18.6,17.8,1.59,7.7
38783,11.029082,77.227585,14.7,48.2,18.3,17.9,1.4,7.7
38784,11.021704,77.280604,16.2,50.8,16.3,13.6,1.43,7.4
38785,17.321349,73.386388,27.4,28.9,26.7,19.4,1.36,6.0
38786,16.71077,73.833848,28.3,29.2,21.7,22.0,1.28,5.7
38787,17.150876,74.227903,18.2,36.0,16.9,12.6,1.48,6.7
38788,14.954489,74.292389,17.3,43.6,19.7,27.8,1.21,5.6
38789,16.203396,74.093983,19.8,40.8,19.3,16.1,1.37,6.4
38790,15.412706,74.991756,24.2,36.6,23.1,9.3,1.39,6.5
38791,15.975438,74.23091,19.1,46.9,15.1,16.6,1.29,6.0
38792,9.562843,77.359623,31.9,27.9,22.6,57.5,1.01,5.2
38793,12.915472,74.922737,35.2,48.0,10.4,21.6,1.29,5.9
38794,18.964486,74.06914,25.2,33.9,19.5,10.3,1.56,7.0
38795,12.5163,76.472263,23.1,39.4,25.8,10.4,1.35,7.5
38796,10.948613,76.453654,23.6,43.9,19.5,26.1,1.16,5.2
38797,11.154536,76.456265,20.0,33.9,27.6,29.8,1.01,5.3
38798,17.559064,74.171322,36.6,26.0,22.9,10.3,1.48,7.0
38799,16.693383,73.608061,24.5,34.5,20.9,17.9,1.34,6.0
38800,15.404238,74.431894,17.3,40.5,21.0,16.1,1.3,5.6
38801,16.164915,74.261356,21.5,41.2,19.3,12.4,1.36,6.3
38802,17.425535,73.394803,29.9,28.1,23.8,17.0,1.37,6.1
38803,13.778199,75.289885,18.2,46.2,19.4,18.1,1.29,5.8
38804,15.053107,74.410242,17.4,46.8,19.5,27.8,1.19,5.5
38805,14.843882,74.416738,16.6,42.7,21.8,27.7,1.22,5.5
38806,10.241873,77.456499,31.6,29.9,28.0,53.6,0.98,5.1
38807,17.32444,73.941736,18.7,34.1,25.0,14.8,1.39,6.4
38808,17.688142,73.904387,32.3,30.7,25.5,14.3,1.37,6.2
38809,14.090567,75.261245,17.7,41.6,21.2,19.2,1.29,5.7
38810,13.669738,74.99596,23.6,49.3,17.4,21.4,1.27,5.5
38811,10.672372,77.595978,20.4,46.8,15.4,13.6,1.44,7.2
38812,16.113114,74.25421,21.0,47.9,14.9,19.1,1.31,5.8
38813,11.214899,76.257793,22.2,46.3,20.2,20.8,1.22,5.5
38814,15.519673,74.514457,18.5,40.5,18.7,15.0,1.33,6.4
38815,19.336939,74.057036,37.4,21.9,18.8,12.4,1.56,6.6
38816,18.010275,73.452697,29.6,27.0,28.6,21.1,1.34,5.9
38817,9.712752,77.077745,32.2,31.8,24.7,30.1,1.03,5.4
38818,15.769381,74.37218,24.9,37.1,18.1,15.8,1.33,6.2
38819,14.55158,74.449842,16.8,45.3,21.9,30.0,1.14,5.6
38820,14.810188,74.796308,16.2,46.5,24.1,17.9,1.29,5.6
38821,15.870429,74.259263,19.2,45.7,16.3,19.6,1.29,6.1
38822,18.668467,73.435063,39.5,25.4,17.7,23.0,1.35,5.6
38824,12.027651,76.121327,22.8,40.0,21.7,22.8,1.2,5.4
38825,17.552054,74.119979,33.2,32.2,14.1,10.4,1.5,6.8
38826,12.352143,76.421786,25.7,40.8,20.7,10.5,1.35,7.0
38827,11.694941,75.714812,26.3,48.9,15.1,22.6,1.2,5.4
38829,8.777864,77.234101,28.7,31.6,25.9,35.7,1.01,5.3
38830,17.997719,73.702426,36.4,24.6,21.9,27.8,1.21,5.8
38831,9.535607,77.176354,29.4,32.2,24.5,27.4,1.14,5.6
38832,9.722814,76.64081,24.4,42.2,22.4,24.9,1.2,5.3
38833,10.671313,76.192767,24.2,45.5,17.3,18.6,1.16,5.4
38834,8.582609,77.634736,31.8,33.8,19.6,18.1,1.43,6.6
38835,18.095019,73.73987,37.9,29.0,19.0,16.2,1.36,6.2
38836,17.128344,74.036199,29.3,35.3,18.3,10.4,1.4,6.3
38837,11.062725,75.9042,25.5,53.5,13.7,22.0,1.23,5.4
38838,16.798841,73.608391,25.5,34.5,21.5,18.3,1.38,5.9
38839,12.886869,75.282055,30.1,51.8,11.5,19.2,1.19,5.4
38840,15.951145,74.761785,21.1,38.2,18.9,12.8,1.3,6.2
38841,14.774263,74.743301,15.1,49.4,23.7,21.4,1.25,5.4
38842,13.011631,76.160918,19.8,37.7,22.5,10.3,1.29,6.8
38843,9.961086,76.960237,23.3,38.0,22.0,32.0,1.17,5.3
38845,14.168893,74.831707,16.7,48.0,21.1,19.8,1.29,6.2
38847,10.621159,77.817415,19.5,45.7,19.6,13.0,1.48,7.8
38849,18.256202,74.049064,37.0,27.1,19.7,15.4,1.42,6.8
38850,10.952098,76.589306,21.9,38.0,27.2,35.5,1.01,5.4
38851,18.821567,73.546486,33.7,26.3,21.7,16.4,1.38,6.5
38852,16.296978,74.301338,21.8,32.2,25.0,16.1,1.3,6.0
38853,12.190787,76.692911,27.3,37.5,22.6,12.0,1.36,6.9
38854,11.263787,76.475703,23.8,31.8,30.2,39.5,0.98,5.3
38855,10.383418,76.278958,23.5,46.7,21.4,22.1,1.2,5.3
38856,15.550751,74.459697,17.9,40.5,18.0,17.9,1.33,5.8
38857,15.340068,74.847155,31.6,36.6,20.7,12.4,1.35,6.0
38858,15.390062,74.544599,18.3,43.8,20.8,16.5,1.3,5.9
38859,9.572128,77.647759,27.2,39.6,16.7,19.7,1.4,7.2
38861,9.726137,77.80011,28.2,42.1,13.2,16.5,1.47,7.4
38863,12.12848,76.523511,25.8,36.4,22.8,10.0,1.37,6.8
38864,15.233291,74.630916,17.8,45.9,18.7,17.3,1.33,5.8
38865,16.048187,74.548639,18.5,40.3,18.8,14.0,1.35,6.2
38866,18.097505,73.062011,31.8,33.7,20.5,13.6,1.4,6.2
38867,11.437677,77.072087,0.0,0.0,0.0,0.0,0.0,0.0
38868,10.874529,76.533016,21.0,45.9,22.7,23.6,1.22,5.4
38870,16.265936,73.72718,26.8,25.8,24.0,17.0,1.38,6.1
38871,12.646942,76.145611,31.1,39.8,13.5,11.4,1.39,6.9
38872,12.926695,76.254296,20.0,39.8,18.1,11.1,1.4,7.2
38873,11.515627,76.360837,22.1,42.1,24.2,20.5,1.16,5.4
38874,18.061786,73.952291,32.8,30.8,19.1,11.9,1.44,7.2
38875,9.33618,77.455972,24.3,40.8,19.0,21.1,1.42,6.5
38876,9.199777,77.132327,26.7,32.6,24.5,39.1,1.12,5.0
38877,9.234947,76.464671,24.8,28.8,30.4,28.0,1.18,5.3
38878,10.539174,76.470346,23.0,55.5,14.7,21.8,1.17,5.4
38879,18.136019,73.727581,37.0,27.1,19.0,18.3,1.34,6.2
38880,11.251243,76.160846,24.8,50.1,15.4,21.8,1.16,5.4
38881,13.64295,75.532164,20.7,48.1,16.2,27.9,1.2,5.9
38883,13.183711,74.951151,27.9,48.5,13.1,17.9,1.12,5.7
38884,13.295299,75.407646,30.1,42.6,16.0,29.4,1.08,5.4
38886,13.071652,74.867543,33.4,48.6,12.1,22.4,1.2,5.5
38888,17.271385,74.054724,29.0,34.0,20.7,15.7,1.36,6.1
38890,16.721768,73.722498,19.9,31.8,24.5,18.1,1.29,6.1
38891,13.313365,75.405595,28.7,39.0,21.6,32.4,1.05,5.3
38892,9.536415,76.678425,23.6,38.1,25.2,25.4,1.15,5.3
38894,14.447426,74.677223,15.2,45.1,24.0,25.2,1.21,5.5
38895,13.635829,75.93588,18.0,41.0,22.9,10.0,1.42,6.7
38896,11.644176,76.13269,25.9,43.7,20.0,22.1,1.15,5.3
38897,17.901108,73.207891,31.4,32.3,19.9,18.0,1.38,6.1
38898,9.470434,77.04723,26.1,31.9,27.4,35.5,1.03,5.1
38899,14.022087,75.140317,15.5,40.6,26.5,16.1,1.32,6.0
38900,15.053141,74.593916,17.5,45.7,25.8,23.0,1.34,5.6
38901,10.200561,76.316434,27.3,42.7,15.1,27.5,1.19,5.2
38903,12.009111,76.663769,22.0,40.2,20.2,12.5,1.34,7.0
38904,15.827247,73.714577,26.1,36.4,21.1,18.6,1.29,5.7
38905,14.971166,74.304893,15.5,47.3,22.0,28.6,1.2,5.5
38906,9.495986,76.329658,0.0,0.0,0.0,0.0,0.0,0.0
38907,14.129193,75.728749,18.5,39.6,18.0,11.5,1.4,6.8
38908,11.013494,76.353625,23.6,50.9,16.4,20.9,1.2,5.3
38909,10.958868,77.489284,15.4,44.7,17.8,13.7,1.48,7.5
38910,11.249523,76.342818,24.5,48.7,18.2,23.0,1.18,5.6
38911,10.91117,76.707979,27.1,32.5,27.8,41.1,1.0,5.3
38912,18.88046,74.042949,31.4,30.1,18.9,11.8,1.54,6.8
38914,16.158219,74.132963,23.1,38.2,18.8,19.2,1.28,5.8
38915,14.053553,74.870835,18.0,46.5,18.6,23.9,1.16,6.1
38916,10.229376,77.28169,23.5,33.3,29.1,49.8,1.04,5.2
38918,13.607648,74.946956,23.9,50.3,15.6,15.4,1.27,6.2
38920,9.825814,76.279474,0.0,0.0,0.0,0.0,0.0,0.0
38921,9.918625,76.647021,23.5,39.6,20.1,22.9,1.18,5.3
38922,9.572983,76.675126,22.9,38.1,28.0,24.9,1.18,5.3
38923,9.437499,77.354156,31.8,31.3,21.5,47.8,1.06,5.4
38924,10.127368,77.450375,22.1,39.0,19.5,29.0,1.2,5.9
38925,10.189486,77.087885,24.8,28.1,30.9,36.2,1.05,5.4
38926,12.654208,75.276811,27.3,48.5,13.9,19.9,1.18,5.4
38927,11.228584,76.32859,23.1,48.5,19.0,18.1,1.21,5.6
38928,13.104412,75.306965,29.3,42.9,17.4,37.6,1.12,5.5
38929,12.355924,76.335287,26.3,37.5,22.5,12.3,1.36,6.9
38930,11.603082,76.217073,21.1,41.9,21.3,22.8,1.17,5.4
38932,9.712487,76.448226,24.6,26.6,27.8,26.3,1.16,5.3
38933,15.425363,74.888509,23.9,36.6,20.2,10.4,1.4,6.2
38934,14.28704,75.581113,22.1,35.5,27.4,13.3,1.34,6.8
38935,14.811338,74.353268,14.9,45.6,20.9,30.7,1.14,5.5
38936,17.606945,73.537045,29.6,23.9,23.2,19.3,1.38,6.0
38937,10.248988,77.262393,25.1,36.7,21.2,29.2,1.1,5.6
38938,12.846786,75.998372,30.3,40.2,16.7,14.0,1.26,6.2
38939,15.033884,74.882294,25.0,36.9,20.9,12.2,1.35,6.2
38940,10.833028,77.340435,17.3,50.5,16.7,12.4,1.44,6.9
38941,15.379157,74.339833,17.8,45.3,19.6,18.1,1.28,5.6
38942,10.767335,77.091541,24.4,45.1,13.8,14.3,1.42,6.4
38943,11.640309,75.980862,29.2,43.6,15.7,22.6,1.15,5.3
38944,18.787055,73.65944,30.1,27.4,21.1,16.4,1.44,6.5
38945,18.351532,73.334286,32.8,30.4,21.6,12.4,1.4,6.1
38946,17.938246,73.085186,25.6,34.5,25.5,27.6,1.23,6.3
38947,16.493878,73.438408,23.6,37.6,20.4,14.8,1.42,6.2
38948,10.716997,76.680744,15.0,51.1,18.0,22.1,1.3,5.6
38949,15.397944,75.104326,21.5,37.9,22.3,10.3,1.4,6.6
38950,18.049452,73.835763,32.4,31.9,18.3,15.3,1.34,6.5
38951,11.692748,76.869703,22.2,39.1,23.2,14.5,1.27,6.4
38952,11.95527,76.379654,22.1,44.3,19.9,11.0,1.34,5.9
38953,12.133923,76.679728,27.3,33.8,23.0,13.0,1.4,6.7
38954,16.591762,73.852344,30.8,32.0,18.4,22.0,1.31,6.1
38955,10.222236,76.921855,31.1,29.4,26.9,35.5,1.06,5.2
38956,10.983873,76.902509,16.1,50.1,20.9,16.1,1.4,6.4
38957,10.502505,77.050097,21.2,40.9,20.2,32.0,1.1,5.5
38958,12.004105,76.057873,21.9,40.9,21.0,21.4,1.2,5.5
38959,18.194762,74.107187,43.0,24.9,20.0,10.8,1.55,7.2
38960,9.365435,77.669547,32.1,34.6,17.2,16.0,1.48,7.5
38961,12.763007,75.380952,24.4,48.1,15.9,17.0,1.19,5.4
38962,12.523451,76.489206,23.2,37.6,24.6,10.3,1.38,7.5
38963,13.185688,75.870691,27.5,39.1,19.5,10.3,1.29,6.0
38964,18.301264,73.919822,30.8,27.9,23.3,13.8,1.42,6.6
38965,13.03723,75.287934,26.0,52.0,14.2,18.0,1.25,5.5
38967,8.89733,77.495665,22.9,38.5,17.1,15.0,1.42,6.6
38968,11.777041,76.927953,24.6,40.1,19.1,11.1,1.36,7.2
38969,10.289165,76.976908,28.2,35.4,25.9,38.5,1.0,5.2
38970,17.349066,73.969145,24.5,35.7,19.1,15.5,1.38,6.4
38971,18.119346,73.610411,36.2,26.2,17.0,24.0,1.41,5.8
38972,15.802869,73.758049,19.8,37.1,20.6,19.1,1.27,5.5
38973,15.439532,74.261779,22.1,38.6,22.9,23.0,1.25,5.6
38974,14.328574,74.470001,23.1,44.4,20.5,23.0,1.25,5.7
38975,9.942477,77.481085,25.7,37.4,16.6,14.5,1.4,7.0
38976,15.377275,74.275275,19.6,41.2,20.3,27.6,1.24,5.6
38977,13.841742,74.89755,17.2,46.4,22.4,27.9,1.14,5.3
38978,12.15469,76.201576,25.1,42.2,18.2,14.0,1.23,6.0
38979,11.375869,76.290624,24.4,48.5,18.6,22.8,1.25,5.5
38980,11.793412,76.004082,22.9,43.9,20.1,18.1,1.2,5.4
38981,10.184788,76.581799,23.4,40.9,25.2,21.4,1.16,5.2
38982,17.701889,73.507155,33.8,27.5,22.4,19.2,1.36,6.0
38983,16.016711,74.792896,19.4,40.5,20.1,13.2,1.3,6.2
38984,16.440594,73.441509,18.6,37.3,24.4,14.5,1.49,6.1
38985,18.170539,74.081259,33.6,28.0,20.5,9.1,1.54,7.0
38986,13.204666,75.936318,22.9,42.9,20.2,10.7,1.29,6.2
38987,16.182988,74.039847,22.9,34.1,19.8,17.8,1.37,6.3
38988,10.917523,77.529596,25.9,35.4,23.4,20.0,1.4,7.3
38989,13.200716,75.175878,22.1,37.3,24.2,30.7,1.05,5.4
38990,8.714084,77.48414,28.0,33.9,17.7,26.1,1.45,6.1
38991,16.02121,74.324034,21.7,43.0,14.8,13.1,1.32,6.2
38992,8.428332,77.610368,28.4,38.3,18.4,15.4,1.42,6.8
38993,8.949121,76.930648,28.7,32.2,24.8,22.0,1.17,5.2
38994,11.325549,76.042284,27.7,48.9,12.8,26.2,1.18,5.4
38995,10.495508,77.397942,17.3,50.1,17.3,14.0,1.42,7.0
38996,13.01257,75.126168,28.1,47.9,13.8,22.5,1.2,5.6
38998,12.887916,74.935212,35.2,49.1,10.4,25.1,1.23,5.5
38999,9.94056,77.172839,28.9,29.1,28.4,32.4,1.1,5.3
39000,16.244313,74.679494,21.1,38.4,13.7,10.3,1.4,6.5
39002,18.74652,73.176498,28.8,36.2,20.6,16.0,1.42,6.2
39003,13.612977,74.674623,0.0,0.0,0.0,0.0,0.0,0.0
39004,10.795914,76.385552,23.8,53.0,15.3,23.0,1.2,5.2
39005,11.456788,76.743656,24.4,35.1,27.1,37.0,1.02,5.7
39006,9.808384,76.492211,22.7,34.4,22.8,22.8,1.21,5.2
39007,18.415286,73.17655,31.6,30.0,24.0,16.3,1.38,6.4
39008,15.71728,74.404742,18.0,49.5,16.5,17.7,1.29,6.0
39009,9.399125,77.07013,25.4,35.4,22.1,32.8,1.14,5.1
39010,11.512121,76.64593,23.2,33.7,30.8,24.1,1.03,5.8
39011,13.724015,74.933784,21.9,51.5,14.9,18.1,1.3,6.0
39012,9.711298,77.683291,26.5,36.0,24.3,42.2,1.2,6.0
39013,17.845356,73.875958,31.7,29.4,21.8,12.5,1.41,6.6
39014,18.527146,73.718915,26.0,32.0,17.9,12.9,1.52,6.3
39015,10.219352,77.667682,24.2,38.1,23.9,32.3,1.07,5.6
39017,16.424106,74.153393,19.7,38.0,22.8,14.3,1.36,6.4
39018,9.5358,77.815622,26.1,39.4,21.9,13.6,1.54,7.6
39019,17.434751,73.415107,27.6,28.0,24.6,15.6,1.4,6.0
39020,9.410191,76.657649,22.4,33.1,29.0,23.7,1.18,5.2
39021,17.107009,73.637298,32.6,26.7,20.9,20.8,1.34,6.1
39023,9.195511,76.888457,28.8,31.4,26.2,27.9,1.13,5.2
39024,13.641605,74.816151,26.8,46.3,17.1,22.9,1.23,6.0
39025,13.033193,75.205236,27.9,49.6,13.5,18.1,1.25,5.6
39026,13.730001,74.724175,25.0,48.6,17.1,20.0,1.26,6.0
39027,14.893155,75.361489,40.9,27.9,27.7,11.0,1.4,7.7
39029,13.793871,75.451869,18.5,44.4,20.1,17.8,1.3,6.0
39030,11.925563,76.101031,24.0,41.7,22.2,20.4,1.19,5.3
39031,12.658699,76.228825,22.2,42.0,15.9,12.0,1.33,7.2
39032,10.694257,77.08896,18.6,45.8,15.8,15.8,1.42,6.7
39033,16.833121,73.522752,25.3,30.3,23.1,27.4,1.32,6.1
39034,11.714863,75.857325,29.5,40.6,19.2,33.4,1.04,5.3
39035,10.699717,76.871023,21.5,39.5,22.5,18.1,1.4,6.0
39036,17.219248,73.254981,14.7,41.7,21.1,17.8,1.39,6.2
39037,17.059484,73.609412,26.1,29.8,21.9,16.3,1.39,6.0
39038,13.916487,75.05169,16.0,45.4,23.1,20.0,1.33,6.0
39039,9.848096,77.548333,23.3,39.0,24.4,32.0,1.24,5.9
39040,9.402569,77.616651,32.7,35.6,16.9,14.9,1.46,7.4
39042,10.642431,77.312482,17.7,50.4,17.2,14.0,1.42,6.9
39043,16.607067,74.310235,19.0,43.3,13.8,12.4,1.42,6.6
39045,8.722776,77.635917,26.5,40.3,18.6,23.0,1.45,7.5
39046,9.405525,77.325837,28.3,30.6,27.1,31.6,1.1,5.4
39048,9.463155,77.829313,31.8,39.3,18.3,20.4,0.0,7.7
39049,10.63723,77.697776,18.6,45.9,22.1,13.2,1.43,7.0
39051,13.777592,75.440127,19.9,42.9,18.6,19.1,1.25,6.1
39052,10.300652,76.300363,23.1,48.5,16.7,26.0,1.25,5.2
39053,16.219304,74.489467,31.2,35.2,18.0,9.7,1.4,6.3
39054,15.751949,74.359448,19.5,40.0,19.6,15.2,1.29,6.2
39055,10.400242,77.255321,0.0,0.0,0.0,0.0,0.0,0.0
39056,9.435128,77.629121,27.8,34.9,19.8,14.0,1.47,7.6
39057,10.10342,77.821126,27.0,37.6,17.3,14.6,1.5,7.4
39059,11.186884,76.207762,24.1,44.7,20.1,18.6,1.2,5.4
39060,18.849544,73.402542,30.3,34.7,22.8,23.7,1.34,6.1
39061,15.234566,75.000324,34.7,36.8,18.2,11.1,1.42,6.6
39062,15.058186,75.257846,30.9,31.9,30.3,10.8,1.4,7.5
39063,12.462397,76.361231,25.5,41.0,19.3,14.5,1.33,6.8
39064,15.455972,74.910695,23.0,34.9,27.1,11.3,1.39,6.3
39065,16.613385,73.960543,21.5,36.9,17.9,21.2,1.23,6.0
39066,14.47564,75.591874,39.5,29.9,28.1,10.3,1.42,7.5
39069,11.113922,77.435416,23.7,36.7,24.9,19.9,1.4,7.7
39070,16.505032,73.430729,0.0,0.0,0.0,0.0,0.0,0.0
39071,18.244274,73.41069,30.5,29.5,24.4,22.9,1.36,6.1
39072,17.61364,74.162729,30.7,28.0,22.2,11.0,1.48,7.2
39073,15.304907,74.585272,17.1,45.2,20.4,15.9,1.3,5.9
39074,12.699301,76.314263,27.5,42.9,15.1,10.3,1.34,7.4
39076,12.729245,75.232408,27.9,44.7,14.8,19.0,1.19,5.6
39077,12.637475,76.312538,20.9,46.2,15.5,10.0,1.37,6.9
39078,11.649227,76.480037,21.1,40.5,24.7,26.0,1.07,5.6
39079,18.208016,73.145461,25.3,34.6,19.8,19.2,1.38,6.0
39080,11.922473,76.663535,22.6,37.9,24.0,12.5,1.33,7.3
39081,10.911377,76.301412,21.7,45.0,23.5,22.6,1.23,5.4
39082,16.150396,73.45155,0.0,0.0,0.0,0.0,0.0,0.0
39084,9.486721,77.592248,23.9,40.6,17.0,15.9,1.46,7.2
39085,18.246568,73.271046,32.6,28.2,25.0,12.0,1.31,6.2
39086,14.440484,74.902665,15.9,47.1,20.4,17.9,1.28,5.6
39087,12.796837,76.341409,29.3,38.3,17.4,13.7,1.37,7.0
39088,11.702195,76.247249,21.5,38.6,23.2,23.7,1.09,5.4
39089,18.829149,73.625059,30.8,27.3,24.0,14.6,1.39,6.5
39090,10.223273,77.059731,32.7,26.6,28.8,40.2,1.0,5.3
39091,10.295814,76.134917,24.3,36.2,20.9,31.0,1.16,5.3
39092,14.735218,75.404623,39.9,28.1,27.7,10.0,1.4,7.5
39093,18.590903,73.016013,28.0,33.3,23.4,17.2,1.42,6.2
39094,16.170869,73.848107,24.9,30.0,22.7,20.3,1.34,5.9
39095,17.528733,73.534732,30.0,24.5,32.3,17.9,1.35,6.1
39096,16.067495,74.236521,21.1,43.8,15.9,19.1,1.3,6.0
39097,17.514566,73.900346,23.7,34.9,23.0,22.3,1.25,6.1
39098,17.909456,73.993658,24.8,31.8,20.7,12.8,1.36,6.6
39099,10.852286,77.432902,16.2,47.8,18.6,13.0,1.47,7.0
39100,11.119152,75.880171,26.7,54.7,13.0,26.8,1.25,5.4
39101,13.051081,76.000979,21.3,41.2,24.6,11.1,1.26,6.2
39102,13.847562,75.559495,24.1,40.5,18.2,14.8,1.34,6.1
39103,10.227476,76.655063,27.0,39.3,21.4,35.2,1.1,5.2
39104,10.333735,77.269514,21.4,44.9,19.5,27.1,1.23,6.1
39105,15.190424,74.052018,25.2,35.1,21.5,17.8,1.39,6.1
39106,13.807098,75.206856,15.1,44.5,22.9,15.4,1.27,6.0
39107,9.477795,76.895182,28.6,34.5,25.6,25.2,1.12,5.1
39108,11.193368,77.144064,18.7,43.1,18.8,12.5,1.44,7.6
39109,17.219962,73.776199,36.4,27.9,19.2,23.7,1.24,5.7
39110,14.750695,74.76204,15.0,49.4,24.0,19.3,1.27,5.5
39111,10.024378,77.485111,0.0,0.0,0.0,0.0,0.0,0.0
39112,15.071994,75.196393,33.9,33.1,26.9,10.3,1.4,6.9
39113,11.848408,76.898428,0.0,0.0,0.0,0.0,0.0,0.0
39114,10.978426,77.372896,19.4,43.0,16.9,19.0,1.4,7.5
39115,9.503009,77.694425,28.4,37.8,16.2,13.9,1.5,7.6
39116,10.810093,77.705135,25.6,41.1,20.0,17.8,1.4,7.8
39117,9.600292,77.332031,26.3,32.8,27.7,60.6,0.99,5.0
39118,9.537559,77.735978,34.1,38.6,15.2,12.6,1.5,7.6
39119,17.762295,73.272861,30.9,27.3,23.2,14.0,1.43,6.0
39120,17.259542,73.3912,29.6,30.3,24.5,19.0,1.36,6.0
39121,10.342777,76.579427,27.8,44.0,18.2,35.0,1.12,5.3
39122,13.416562,75.997874,19.4,40.5,19.5,10.3,1.37,7.6
39123,13.210073,75.367109,27.5,42.1,17.9,29.6,1.08,5.5
39124,13.645841,75.94551,18.6,39.7,26.4,10.0,1.39,6.8
39125,9.581018,76.646947,23.5,39.2,22.5,24.7,1.14,5.2
39127,10.669549,77.355703,16.5,44.5,20.3,12.0,1.48,7.2
39128,15.726849,74.731656,39.5,28.1,20.7,10.9,1.37,6.5
39129,11.524233,77.067579,20.7,41.7,24.8,19.5,1.37,6.5
39130,15.830774,74.301364,20.0,37.8,17.7,21.3,1.2,5.6
39131,9.054792,76.699213,24.9,35.4,29.6,25.2,1.2,5.3
39132,15.658809,74.158575,29.1,38.8,17.6,27.4,1.2,5.5
39133,9.997006,77.370391,25.5,41.4,15.7,21.0,1.36,6.4
39135,11.015603,76.675554,27.6,31.4,23.2,27.8,1.1,5.3
39136,8.837431,76.644614,26.2,31.4,24.7,26.0,1.24,5.3
39137,14.605925,75.052747,23.2,37.3,20.4,12.6,1.32,6.2
39138,18.159726,73.969504,0.0,0.0,0.0,0.0,0.0,0.0
39139,10.968671,75.986953,24.1,47.6,17.1,22.9,1.27,5.3
39140,15.46846,74.655814,20.7,44.7,18.1,17.9,1.3,5.7
39141,8.811715,77.234961,32.0,28.9,23.7,62.9,0.93,5.1
39142,15.286374,74.241374,22.0,41.5,20.1,20.0,1.27,5.6
39143,11.580446,75.747933,26.9,42.0,17.9,26.0,1.23,5.4
39144,10.714873,76.548936,22.3,43.4,17.5,22.2,1.23,5.4
39146,10.079871,77.400747,26.5,35.3,25.6,39.0,1.06,5.7
39147,16.31447,74.615462,23.2,36.7,21.2,12.3,1.35,6.9
39148,17.625839,73.402656,28.0,28.3,25.4,18.6,1.3,6.1
39149,10.107972,76.547196,26.6,36.9,23.1,24.2,1.2,5.3
39150,8.69874,77.302489,26.3,39.2,21.8,30.0,1.29,5.6
39151,15.377923,74.597221,17.9,41.0,25.4,21.6,1.29,5.8
39152,12.73437,75.056316,29.2,49.1,12.3,21.4,1.2,5.4
39153,10.397262,76.573207,27.1,45.1,17.0,31.8,1.12,5.2
39154,17.570548,73.687032,28.1,30.5,17.6,22.9,1.37,6.0
39155,9.544933,76.496397,30.7,23.3,28.2,29.0,1.18,5.3
39157,18.751523,72.873156,27.2,33.7,25.2,13.8,1.23,6.5
39158,9.92726,76.697603,24.6,36.6,23.3,21.5,1.19,5.3
39159,14.394407,75.091729,15.0,42.6,25.0,11.6,1.33,6.2
39160,13.438422,75.532751,23.2,38.9,21.5,29.4,1.1,5.3
39161,18.063584,74.061634,32.2,30.9,18.1,10.3,1.54,7.1
39162,18.621673,73.904514,31.5,29.0,16.3,12.0,1.53,7.2
39163,17.231947,73.271672,19.8,37.6,25.1,13.7,1.4,6.1
39164,18.056575,73.572895,38.2,28.6,20.3,23.0,1.37,5.6
39165,9.978299,76.684251,24.9,34.2,22.8,20.4,1.15,5.4
39166,15.152836,75.040987,31.4,36.0,23.8,10.3,1.4,6.3
39167,8.676313,77.384192,25.4,44.8,17.0,29.9,1.25,5.5
39168,9.943155,77.569721,19.0,46.9,14.0,15.9,1.39,7.2
39169,11.672774,76.996256,24.5,39.5,19.5,14.7,1.3,6.6
39170,18.885824,73.335093,37.8,35.2,20.4,12.4,1.42,6.4
39171,11.470008,76.723523,25.8,37.0,23.3,28.5,1.1,6.0
39172,9.240466,76.717195,26.0,37.3,21.1,23.8,1.2,5.4
39173,8.975501,77.53484,26.7,35.4,21.2,14.0,1.4,6.5
39174,15.260421,75.199084,38.5,27.2,30.7,11.2,1.42,7.9
39175,13.15166,75.173817,22.6,52.0,17.2,27.8,1.13,5.4
39176,12.162632,76.074691,23.8,41.1,22.4,17.9,1.2,5.5
39177,13.158846,75.606113,26.7,41.0,17.4,23.0,1.12,5.4
39178,10.505927,77.61176,16.2,50.3,15.6,15.1,1.42,6.9
39179,15.880161,73.917966,28.8,31.8,20.2,22.8,1.3,6.1
39180,9.790683,76.410801,27.4,31.8,27.0,27.4,1.17,5.3
39181,13.154252,74.923182,29.5,46.3,14.0,22.6,1.16,5.9
39182,10.21451,77.752246,23.2,42.2,20.0,20.6,1.38,6.8
39183,9.765145,77.025344,25.9,34.4,25.7,30.9,1.09,5.3
39184,14.606843,74.964878,16.7,46.3,18.2,16.4,1.29,5.8
39185,17.714548,74.135925,33.3,29.7,21.2,10.8,1.44,7.3
39186,18.429013,73.100187,28.8,36.2,19.8,16.0,1.38,6.1
39187,18.810951,73.73359,33.6,32.6,16.2,12.3,1.5,6.7
39189,18.830148,73.255393,39.8,34.0,21.2,11.2,1.48,6.4
39190,14.347479,75.55072,27.5,32.0,32.6,11.0,1.4,6.8
39191,14.373411,75.335457,26.6,36.9,22.3,10.3,1.36,6.4
39192,18.814977,73.46637,0.0,0.0,0.0,0.0,0.0,0.0
39193,9.481357,76.587798,22.1,37.0,25.5,22.0,1.24,5.2
39194,13.649407,75.244796,19.5,45.3,17.4,21.9,1.24,5.4
39195,13.497332,74.882005,30.5,45.3,13.5,21.9,1.2,5.5
39196,18.366268,74.062765,43.6,27.2,16.2,13.1,1.52,7.2
39197,18.274538,73.885203,28.1,30.6,20.2,13.1,1.48,6.7
39198,16.707302,74.313706,20.9,38.7,16.7,10.7,1.44,6.5
39199,10.96922,77.340735,21.8,43.1,17.2,22.3,1.42,7.7
39200,9.019724,77.263645,25.1,41.2,19.4,22.0,1.4,5.6
39201,12.981433,76.137423,18.1,43.3,17.1,10.5,1.34,6.9
39202,13.913637,74.770546,20.6,43.3,22.7,32.9,1.11,5.5
39203,9.876403,77.03739,29.5,35.5,21.9,23.6,1.14,5.1
39204,11.266839,77.191101,16.9,45.5,17.6,13.1,1.46,7.8
39206,13.01965,75.59982,21.7,41.1,21.6,25.7,1.12,5.6
39208,12.050499,76.010073,20.5,42.4,25.1,18.9,1.2,5.6
39209,16.836843,73.645796,24.2,33.8,21.3,18.8,1.3,5.9
39210,11.653716,76.113567,26.1,41.6,20.1,18.4,1.2,5.5
39211,13.753692,75.629788,20.9,39.5,21.0,14.4,1.34,6.2
39212,9.837202,77.902696,18.8,48.7,14.5,21.0,1.54,7.7
39213,17.660421,73.607731,23.8,32.6,17.6,23.7,1.37,6.2
39214,14.536126,75.140935,24.3,33.3,22.1,10.2,1.34,6.2
39215,9.832932,76.550203,24.0,38.8,21.5,22.0,1.22,5.2
39216,14.366004,74.739985,14.1,48.5,23.9,20.7,1.23,5.5
39217,16.147266,74.126284,23.2,37.5,19.1,20.3,1.27,6.2
39218,8.962633,76.977587,29.5,29.3,25.6,25.4,1.16,5.2
39219,16.179698,73.562055,21.9,34.6,28.7,19.4,1.38,6.1
39220,14.680224,74.423419,17.7,46.4,21.5,22.7,1.24,5.5
39221,10.615682,77.323451,17.4,48.3,18.4,13.5,1.44,6.8
39222,11.454579,75.712759,27.7,47.1,16.0,23.1,1.16,5.5
39223,14.461434,75.416508,29.9,32.1,27.0,10.8,1.4,6.7
39224,13.849595,74.913956,18.4,42.5,21.9,30.1,1.12,5.6
39225,11.247643,76.826293,23.0,41.7,21.4,24.9,1.28,6.4
39226,9.871689,76.779901,25.4,38.3,24.2,27.1,1.12,5.2
39227,10.745801,77.438422,24.3,36.4,21.9,17.4,0.0,7.2
39228,9.356119,76.869792,22.6,35.7,28.6,26.9,1.12,5.2
39229,12.875326,75.837113,22.0,40.9,22.7,17.9,1.25,5.9
39231,16.391103,74.471668,22.8,36.6,18.8,10.3,1.38,6.6
39232,16.504272,73.517528,24.0,33.2,21.9,20.9,1.38,5.6
39233,15.819213,74.132792,26.9,33.8,18.6,21.7,1.27,5.6
39234,8.528964,77.271102,23.9,37.5,22.6,33.8,1.21,5.6
39236,9.006594,76.541021,31.1,29.5,22.9,25.7,1.16,5.4
39237,10.222806,76.390881,25.3,49.2,13.2,21.9,1.22,5.3
39238,15.51472,74.779094,24.4,32.5,22.1,12.2,1.37,6.2
39239,10.481995,77.546024,20.5,47.6,15.3,13.9,1.42,7.3
39241,9.924649,76.66226,30.0,41.1,16.4,28.6,1.14,5.3
39242,8.753713,76.815603,26.7,35.6,20.8,19.0,1.25,5.2
39243,15.96675,74.141133,20.4,41.5,17.8,19.9,1.29,5.6
39244,15.142291,74.124845,22.5,38.5,19.0,17.4,1.27,5.5
39245,9.733885,76.524413,23.1,36.7,23.1,22.0,1.23,5.2
39246,9.642383,77.57358,25.0,41.8,16.6,21.1,1.39,6.5
39247,17.089683,73.670294,23.9,34.9,19.5,22.9,1.41,6.2
39248,9.442325,77.516005,24.6,41.3,17.8,20.5,1.4,6.4
39249,18.418499,74.041238,27.3,31.9,17.7,20.3,1.42,6.8
39250,10.776404,76.57778,18.8,49.1,17.6,24.0,1.3,5.4
39251,13.7562,75.503565,20.1,43.0,16.2,15.5,1.3,5.9
39252,15.57834,74.182871,22.3,37.6,20.1,19.0,1.29,5.6
39253,15.003871,74.929734,23.3,39.3,16.0,12.8,1.3,6.0
39254,11.582164,76.372849,19.5,43.5,24.6,19.2,1.2,5.4
39255,11.689748,76.060391,24.5,41.1,20.1,19.1,1.2,5.4
39256,11.755948,76.726944,28.6,36.2,17.8,11.6,1.33,6.7
39257,10.153876,77.768341,22.4,42.6,19.4,12.6,1.52,7.2
39258,11.051687,76.772606,22.6,36.1,26.0,24.9,1.18,5.8
39259,10.708864,76.11853,23.9,44.8,15.5,19.0,1.2,5.3
39260,11.530334,76.547066,24.9,39.5,25.3,22.8,1.1,5.4
39261,18.569698,73.231648,34.4,32.2,21.2,12.0,1.4,6.3
39262,10.238549,77.686957,20.4,43.9,22.4,30.3,1.19,5.9
39263,13.28397,74.84207,29.6,46.2,16.5,24.0,1.16,5.6
39264,12.339676,76.051079,24.6,36.8,21.9,10.8,1.27,6.1
39265,15.632073,74.525443,19.7,38.7,17.5,12.8,1.36,6.2
39266,10.765391,76.347926,21.2,47.0,18.6,19.1,1.22,5.4
39267,13.055281,76.142792,22.0,37.5,22.4,11.3,1.3,6.9
39268,13.423831,74.879478,32.0,43.7,13.3,23.0,1.24,5.9
39269,9.687329,76.759185,21.6,37.0,26.9,22.0,1.16,5.3
39270,9.263216,76.620599,23.0,33.8,27.6,26.3,1.17,5.4
39271,18.096943,73.190156,23.4,37.5,17.1,17.9,1.4,5.9
39272,9.0728,77.265017,24.6,43.9,21.4,25.4,1.37,5.5
39273,15.782814,74.858353,23.6,35.5,22.8,9.6,1.4,6.7
39274,15.072314,75.262276,30.5,32.1,31.9,10.1,1.4,7.4
39275,16.143284,74.594026,0.0,0.0,0.0,0.0,0.0,0.0
39276,15.316199,74.686781,18.3,43.6,15.5,12.9,1.37,5.8
39277,15.792752,74.862162,23.2,35.7,25.5,11.2,1.39,6.7
39278,10.545235,77.273493,16.8,44.2,16.9,11.9,1.42,7.0
39279,11.713165,75.86148,27.4,40.2,21.2,35.8,1.02,5.3
39280,14.353087,75.280054,25.1,33.8,26.8,12.6,1.34,6.3
39281,18.320252,73.033,20.9,41.0,18.8,16.8,1.3,6.2
39282,10.396432,76.141799,22.6,40.4,20.8,25.0,1.2,5.3
39283,18.381026,73.282199,32.2,30.3,22.2,13.0,1.38,6.2
39284,15.727192,74.975562,31.5,30.6,29.1,12.5,1.42,7.4
39285,14.21183,75.545388,24.2,33.2,31.3,11.9,1.4,6.8
39288,17.176229,73.263662,14.0,38.6,24.9,17.2,1.4,6.2
39289,14.845807,75.270159,35.5,27.1,29.0,12.1,1.42,7.5
39291,14.422291,75.176912,28.6,33.9,20.6,10.2,1.35,6.2
39292,10.172106,77.813573,18.9,40.5,21.3,11.8,1.57,7.6
39293,9.778702,76.526234,20.9,36.0,24.4,24.0,1.23,5.1
39294,18.095861,73.866585,34.5,30.5,17.3,14.0,1.39,6.4
39295,14.972788,74.463231,17.5,45.8,19.9,28.2,1.23,5.5
39296,18.274606,73.264251,32.6,29.9,22.7,12.7,1.3,6.1
39297,8.734822,77.054618,28.4,35.6,20.2,25.9,1.24,5.3
39298,9.751897,77.012357,0.0,0.0,0.0,0.0,0.0,0.0
39299,9.038269,77.240717,20.4,37.7,24.0,25.2,1.37,5.6
39300,17.780743,74.084263,31.3,32.9,18.2,11.0,1.41,7.1
39301,13.201832,75.553767,31.2,44.3,14.6,26.0,1.12,5.4
39302,11.361878,76.997527,18.0,41.2,20.5,16.9,1.37,6.9
39303,15.671186,74.930389,18.2,37.1,31.6,12.1,1.35,6.5
39304,10.708774,77.190623,15.7,46.3,17.0,14.4,1.44,6.9
39305,9.573838,77.729717,35.3,35.3,13.8,14.0,1.54,7.6
39306,9.510322,77.098806,28.4,32.9,22.8,35.4,1.1,5.2
39307,8.615446,76.898732,28.3,34.2,22.3,23.1,1.3,5.2
39308,8.957193,76.876205,32.5,31.1,25.8,29.3,1.19,5.2
39310,9.382468,77.697762,27.6,37.8,22.6,15.6,1.54,7.5
39311,13.065511,75.365448,23.3,50.8,15.0,17.5,1.29,5.5
39312,8.860702,77.445443,28.8,41.2,15.7,15.1,1.43,6.2
39313,14.238168,75.31111,26.8,35.6,17.5,10.3,1.33,6.2
39314,8.474888,76.988086,31.7,37.0,21.0,18.2,1.46,5.4
39315,10.328475,77.863667,18.7,42.5,19.5,14.0,1.53,7.6
39316,14.089058,74.944838,0.0,0.0,0.0,0.0,0.0,0.0
39317,17.032971,73.902942,29.5,31.0,18.8,17.9,1.3,6.1
39318,17.887405,73.131297,29.1,32.2,24.2,18.8,1.35,6.1
39319,13.752054,75.107902,14.0,49.8,20.9,22.4,1.28,6.2
39320,13.58179,75.526236,22.1,44.6,16.7,22.8,1.28,5.6
39322,16.189071,73.559328,23.0,36.3,23.0,19.1,1.41,6.1
39323,16.422557,74.478731,30.2,31.1,21.4,10.4,1.4,6.8
39324,11.211954,76.580781,20.5,35.0,28.7,58.4,0.97,5.5
39325,18.980078,73.097343,0.0,0.0,0.0,0.0,0.0,0.0
39326,16.550276,73.779339,23.6,29.6,22.3,21.5,1.33,6.1
39327,17.425289,73.574121,30.8,30.8,21.3,22.9,1.28,6.1
39328,12.315061,76.518127,27.0,37.2,22.9,12.5,1.38,6.8
39329,13.830996,75.148322,16.6,48.8,20.4,18.1,1.3,6.0
39330,17.959583,73.046726,21.0,39.6,20.3,17.0,1.4,6.2
39331,14.184328,75.332818,23.7,38.0,18.1,10.9,1.36,6.2
39333,10.314485,76.613928,25.9,42.0,20.7,29.5,1.12,5.2
39334,8.988926,77.08779,30.9,37.6,18.8,24.0,1.17,5.3
39335,16.235032,73.892326,28.4,30.3,20.3,24.4,1.23,5.6
39336,18.258879,73.519914,35.5,27.7,18.0,20.5,1.37,6.2
39337,15.884761,74.382878,20.9,40.4,17.2,17.1,1.29,6.2
39338,16.883177,73.813824,31.7,28.7,17.2,21.1,1.27,5.7
39339,9.255066,76.623874,23.5,35.1,26.1,25.4,1.22,5.2
39340,9.487774,76.636594,21.2,37.0,26.8,24.7,1.16,5.2
39341,14.178487,74.588833,17.5,46.8,20.4,22.4,1.21,5.6
39342,9.309892,76.623727,22.8,41.9,21.7,22.7,1.2,5.1
39343,12.583208,76.010016,32.8,33.5,19.2,13.1,1.28,6.3
39344,15.09244,75.184013,34.5,31.9,29.0,11.0,1.4,6.8
39345,18.728457,73.467069,34.5,29.2,18.7,16.7,1.35,6.4
39346,11.75826,76.697062,26.5,42.5,16.2,12.8,1.3,6.8
39347,10.014358,77.520314,27.4,39.6,14.7,17.2,1.4,6.6
39348,14.322769,75.274806,25.9,35.0,23.6,10.3,1.36,6.2
39349,17.793466,73.506479,36.5,27.9,18.2,23.0,1.39,5.7
39350,15.263486,73.965686,0.0,0.0,0.0,0.0,0.0,0.0
39351,13.968045,75.444895,22.6,37.6,25.0,10.5,1.3,6.2
39352,16.944676,73.587775,25.9,28.2,22.5,17.0,1.37,5.9
39353,17.063994,73.811096,25.7,30.4,21.7,22.9,1.23,5.6
39354,17.150549,73.806635,36.3,32.3,17.5,21.9,1.21,5.7
39357,16.708402,74.060192,16.0,40.4,26.3,14.1,1.4,6.6
39358,10.051398,77.697032,22.4,45.9,18.0,19.0,1.33,6.8
39359,13.770059,75.737705,19.8,43.2,17.3,12.9,1.39,6.5
39360,14.01036,75.021314,16.5,47.2,21.3,27.6,1.32,5.6
39361,15.346464,74.553258,16.4,40.7,21.0,16.2,1.36,6.4
39362,15.401363,73.836828,0.0,0.0,0.0,0.0,0.0,0.0
39364,18.440179,73.979763,32.3,27.5,17.5,11.5,1.48,7.0
39365,13.148828,75.285985,27.4,37.3,19.2,31.6,1.1,5.5
39366,16.195993,73.630726,25.3,31.6,23.1,21.4,1.35,6.2
39367,13.153371,75.539699,30.6,39.4,16.6,25.9,1.16,5.4
39368,17.468211,73.420649,26.1,28.0,25.0,14.8,1.41,5.9
39369,14.167116,74.546118,20.6,49.7,17.5,21.9,1.24,5.4
39371,14.655752,74.975982,16.8,47.9,17.6,15.5,1.35,6.2
39372,12.846502,76.257993,30.2,41.9,17.5,10.8,1.35,7.2
39373,10.199784,77.355247,22.0,33.1,33.2,38.0,1.06,5.5
39374,14.495298,75.272777,31.8,35.6,17.2,10.0,1.37,6.3
39375,17.45829,73.924267,23.2,33.1,23.9,23.5,1.27,6.2
39376,17.323112,73.931763,18.0,34.6,27.6,14.2,1.38,6.3
39377,14.900035,75.201255,27.8,35.2,25.8,11.3,1.4,6.3
39378,18.930963,73.124784,33.4,32.8,22.6,12.3,1.43,6.6
39379,16.72088,73.76476,21.2,31.1,27.7,17.9,1.34,6.1
39380,8.765808,76.85743,29.8,34.9,22.2,26.2,1.24,5.4
39381,15.200313,75.023123,37.4,33.5,17.9,10.3,1.44,6.6
39382,14.343987,74.962382,13.4,44.9,22.0,12.5,1.37,6.1
39383,10.287697,77.418838,24.8,34.8,28.1,30.6,1.17,5.9
39384,10.224949,77.604458,21.9,39.5,21.8,26.2,1.3,6.6
39385,15.737895,74.332068,23.7,41.6,17.3,23.3,1.2,5.6
39386,10.817345,77.187135,17.7,41.7,19.6,14.1,1.42,7.2
39387,10.628788,77.572739,20.3,43.0,23.3,16.6,1.48,7.2
39388,10.214301,77.004283,37.3,26.5,28.4,32.8,1.04,5.1
39390,11.063154,77.376061,16.6,38.5,25.0,11.3,1.43,7.7
39391,14.339203,75.196241,26.5,32.0,27.7,13.9,1.4,6.2
39392,14.163535,74.518928,23.6,46.9,18.7,26.4,1.2,5.6
39393,10.842717,76.951775,15.7,46.5,16.2,12.7,1.42,6.7
39394,18.950429,73.389923,29.4,34.9,20.5,13.6,1.38,6.3
39395,9.173989,76.925811,29.6,33.5,24.1,29.6,1.1,5.2
39396,10.127754,76.578947,21.8,39.2,22.9,23.0,1.16,5.4
39397,10.017277,76.280675,0.0,0.0,0.0,0.0,0.0,0.0
39399,9.428804,76.904906,25.5,35.2,25.1,28.0,1.15,5.4
39400,15.682948,74.991144,31.6,29.7,28.8,12.4,1.42,7.4
39401,17.104896,73.815752,28.8,33.8,18.8,18.8,1.27,6.0
39402,9.850541,77.840265,24.0,47.5,11.0,20.2,1.5,7.6
39403,9.626565,76.958632,27.3,35.3,26.1,31.0,1.02,5.3
39405,12.397616,76.111478,24.2,43.2,17.5,10.9,1.31,6.4
39406,15.829344,74.652655,31.7,33.2,21.8,12.1,1.33,6.3
39407,11.310767,75.966875,27.6,47.2,13.6,26.4,1.23,5.4
39408,9.040232,77.482508,26.3,39.2,16.5,15.1,1.41,6.4
39409,18.565782,72.982733,35.3,32.0,22.3,12.0,1.34,6.3
39410,17.172735,73.721684,37.0,28.0,20.5,29.1,1.22,5.6
39411,9.856444,76.586605,23.5,41.6,20.2,22.0,1.22,5.2
39412,17.468167,73.779132,0.0,0.0,0.0,0.0,0.0,0.0
39413,16.632093,73.977188,24.9,38.8,16.8,21.0,1.25,6.0
39414,12.22485,76.231923,25.9,34.7,24.1,12.9,1.31,6.3
39415,16.729596,73.903433,25.4,31.6,20.7,18.1,1.35,6.3
39416,11.569598,77.024574,18.8,39.1,26.3,21.7,1.3,6.4
39418,18.370172,72.968001,30.8,36.7,22.8,17.1,1.36,5.7
39419,18.953655,73.994265,19.2,35.7,19.1,12.0,1.5,7.1
39420,16.596344,73.502804,26.3,29.7,20.3,17.9,1.3,6.0
39421,12.583937,76.230153,24.1,44.5,15.9,11.5,1.4,7.4
39422,10.845149,76.073767,22.1,48.9,16.6,21.9,1.21,5.3
39423,9.63914,77.57405,22.7,42.5,18.0,20.4,1.4,6.6
39424,11.210095,76.714859,29.2,37.8,19.9,25.4,1.26,6.1
39425,14.213165,75.105486,16.7,48.4,21.3,16.4,1.34,6.0
39426,16.4085,73.613058,21.5,36.4,24.1,20.6,1.37,5.7
39427,16.973993,73.956307,17.9,39.9,21.3,18.8,1.32,6.2
39428,8.997399,77.002226,28.6,33.4,19.3,25.9,1.14,5.2
39429,10.984106,76.991342,19.5,48.1,16.5,17.9,1.46,7.0
39430,13.0229,76.027092,21.2,38.4,26.9,12.6,1.28,6.2
39431,10.849914,77.467151,17.0,42.4,20.4,12.6,1.44,7.1
39432,16.685146,74.143058,17.0,38.8,22.9,13.1,1.3,6.4
39434,15.428349,73.957634,23.7,36.8,21.6,17.0,1.4,6.1
39435,17.705553,73.143584,22.1,38.1,25.3,17.1,1.41,6.2
39436,15.257091,74.670975,17.9,37.6,17.7,15.4,1.3,5.8
39437,9.356991,76.68011,24.7,35.7,24.7,23.9,1.23,5.3
39438,15.593434,73.839977,25.5,33.6,26.1,18.1,1.31,6.2
39439,8.705015,77.071291,30.8,35.0,21.0,27.3,1.3,5.3
39440,8.628228,76.883131,25.4,30.3,29.5,23.4,1.24,5.1
39441,8.992147,76.874207,27.9,33.3,25.6,23.6,1.12,5.1
39443,9.593917,77.10154,33.4,35.4,22.8,27.0,1.2,5.4
39444,11.740553,76.338176,22.4,35.8,24.1,19.0,1.2,5.6
39445,11.196926,76.023317,27.8,53.8,12.6,22.9,1.18,5.4
39446,8.681296,77.01885,28.9,37.1,20.0,23.8,1.16,5.2
39447,13.001097,76.031939,25.9,36.4,28.0,11.2,1.27,6.3
39448,11.6101,76.30125,19.6,43.3,24.1,23.7,1.14,5.4
39449,14.087727,75.592579,28.0,34.7,26.1,12.8,1.4,6.5
39450,14.793468,74.934628,16.1,41.8,24.7,21.9,1.26,5.6
39451,16.271412,73.969762,29.5,34.2,18.4,32.7,1.08,5.5
39452,14.22161,75.07148,15.6,47.1,20.1,12.8,1.31,6.2
39453,16.176484,74.054871,20.9,36.8,18.6,16.0,1.32,6.1
39454,18.660253,73.593351,30.8,27.5,23.7,13.6,1.45,6.2
39456,10.687732,77.306081,16.9,49.3,16.4,12.1,1.48,7.1
39457,15.328683,74.554864,17.0,45.2,20.1,19.2,1.3,5.6
39458,11.823038,75.974859,26.7,46.7,17.1,22.2,1.17,5.4
39459,16.312547,74.079613,20.8,39.8,18.4,19.7,1.3,6.2
39460,10.94919,75.8909,21.5,47.1,21.4,26.4,1.19,5.4
39461,18.116992,73.418881,32.6,32.5,23.2,16.0,1.43,6.0
39462,13.134997,75.021803,34.9,48.8,11.3,22.0,1.2,5.4
39463,18.007869,74.131001,42.8,26.3,15.2,9.4,1.54,7.0
39464,13.024876,75.240408,25.1,48.9,16.5,18.1,1.27,5.4
39465,13.553845,75.552116,19.6,45.7,19.4,24.7,1.15,5.5
39466,17.916604,73.253492,27.6,30.8,19.8,21.1,1.36,5.6
39467,16.75563,73.595413,26.7,30.3,20.7,18.7,1.37,6.0
39468,11.670362,76.620741,24.5,41.2,20.9,17.1,1.19,5.8
39469,13.755094,75.777297,19.9,43.1,15.5,11.9,1.38,6.6
39470,10.324357,76.786633,25.7,39.2,22.5,27.8,1.1,5.1
39471,13.14585,75.230434,32.1,32.2,20.9,32.5,1.08,5.4
39472,15.315391,75.041645,22.1,38.2,20.9,13.3,1.34,6.2
39473,9.346872,77.274405,30.9,26.4,29.1,34.0,1.08,5.3
39474,10.898135,76.668319,30.1,38.7,17.3,27.3,1.14,5.4
39475,18.067132,73.669672,36.5,26.4,20.9,16.7,1.3,6.3
39476,16.77892,73.355453,23.8,36.6,19.2,17.2,1.38,6.2
39477,13.666855,75.533961,19.3,46.9,16.8,19.1,1.25,5.7
39478,15.517036,74.961419,18.9,36.9,25.5,9.0,1.39,6.6
39479,10.476341,76.348616,26.1,47.5,13.9,21.1,1.12,5.4
39480,13.107514,75.101723,31.8,47.7,13.0,23.0,1.21,5.6
39481,16.8324,73.439877,26.0,32.4,25.7,19.0,1.38,6.1
39482,16.482675,73.974705,21.4,41.5,19.9,17.9,1.27,6.2
39483,12.292078,76.1169,23.4,38.7,22.5,11.4,1.3,6.2
39484,18.755601,73.554754,35.0,26.4,23.7,16.9,1.38,6.3
39486,10.962781,76.121151,24.1,53.7,14.0,24.2,1.2,5.3
39487,9.682947,77.10891,31.2,30.9,21.8,32.8,1.06,5.1
39488,13.683732,75.85638,22.2,38.4,27.4,10.2,1.4,6.7
39489,9.27955,76.559808,23.9,29.0,30.6,29.7,1.16,5.2
39490,11.148545,76.772828,25.4,35.5,20.3,23.0,1.32,6.2
39491,12.300732,76.386715,22.9,38.9,23.0,12.1,1.3,6.8
39492,11.724519,76.799122,27.0,34.0,25.0,11.0,1.31,7.0
39493,13.22118,75.028506,30.2,45.0,13.8,22.5,1.2,5.5
39494,11.382239,75.985498,27.3,50.2,14.1,23.9,1.2,5.4
39495,14.019167,75.560887,21.5,37.7,26.6,15.8,1.33,6.2
39496,18.025791,73.264363,22.3,36.1,20.0,19.2,1.38,6.0
39497,14.083898,75.328028,18.6,42.5,16.9,16.0,1.3,6.1
39498,14.835297,75.023994,15.8,44.9,19.2,13.2,1.3,5.9
39499,9.866523,77.764412,23.8,41.8,15.4,14.3,1.5,7.2
39500,15.693372,74.782852,22.3,40.2,18.1,10.3,1.37,6.4
39501,13.942831,75.823451,19.9,49.5,14.5,13.3,1.33,6.8
39502,9.78426,76.772865,24.7,35.9,26.2,33.9,1.09,5.2
39503,9.361577,76.698698,21.9,40.8,24.6,23.9,1.2,5.3
39504,13.04311,75.074473,31.4,48.0,11.0,23.2,1.24,5.6
39505,16.416186,74.213733,18.0,33.1,22.6,12.6,1.38,6.4
39506,11.985916,75.846446,24.5,45.4,16.2,30.3,1.06,5.4
39507,10.224453,76.719944,28.8,36.3,21.5,32.9,1.06,5.1
39508,11.502086,76.044923,29.3,43.7,16.3,33.4,1.04,5.4
39509,11.793648,76.703498,31.5,36.7,20.1,12.1,1.35,6.7
39510,15.292233,75.023102,23.6,36.2,24.3,10.1,1.4,6.8
39512,18.695826,74.036632,32.5,27.8,24.6,9.2,1.59,7.2
39513,12.857776,75.332752,24.1,55.6,14.8,16.8,1.16,5.5
39514,15.901335,74.628532,24.2,35.0,18.0,10.3,1.34,6.2
39515,14.254771,75.065646,17.7,46.5,19.6,14.6,1.25,5.6
39516,10.55313,77.694299,18.4,43.8,20.2,12.0,1.43,7.6
39517,14.29194,75.523163,18.7,37.6,25.0,13.0,1.31,6.5
39518,10.772275,77.082291,20.7,43.6,15.9,14.0,1.46,6.8
39519,13.446046,75.369129,23.6,44.6,18.2,31.1,1.14,5.4
39520,12.936475,74.823664,0.0,0.0,0.0,0.0,0.0,0.0
39521,15.25854,74.94038,20.2,38.1,22.1,13.2,1.41,6.3
39522,12.39359,76.436373,0.0,0.0,0.0,0.0,0.0,0.0
39523,13.735373,75.784919,18.5,43.9,15.9,11.6,1.42,6.6
39524,18.260491,74.116344,33.8,31.1,15.4,12.5,1.49,6.6
39525,16.642416,74.422393,18.2,45.8,17.1,10.4,1.4,6.6
39526,15.871991,74.552295,23.1,36.7,15.4,11.3,1.34,6.2
39527,14.574334,75.14305,28.7,34.5,21.6,10.5,1.38,6.0
39528,10.755524,77.18636,15.7,48.3,17.4,14.0,1.48,7.1
39529,16.908617,74.173298,20.3,38.2,15.8,10.7,1.42,6.7
39531,15.94029,74.5556,19.0,38.2,18.3,14.6,1.28,6.0
39533,14.035939,74.83206,14.9,51.6,20.2,23.0,1.14,5.3
39534,16.65738,74.256009,17.6,45.3,18.7,11.0,1.38,6.2
39535,16.157851,74.366516,17.8,40.7,17.2,12.8,1.37,6.0
39536,14.109416,75.294813,18.7,42.7,16.1,15.7,1.27,6.1
39537,12.859034,75.498936,24.7,53.0,15.7,18.1,1.25,5.4
39538,8.784353,77.645048,26.4,37.9,20.5,14.0,1.5,7.0
39540,15.928836,73.782465,30.3,28.6,18.4,16.2,1.4,6.1
39541,9.112262,77.505892,23.1,41.4,21.6,25.4,1.31,6.5
39542,17.442363,73.786702,38.2,26.8,20.3,27.9,1.2,5.9
39543,9.78944,76.628367,23.6,41.4,21.5,26.0,1.14,5.2
39544,10.38521,77.831006,19.4,42.3,20.8,19.3,1.3,6.6
39545,12.386479,76.249828,29.4,41.7,16.4,11.7,1.36,6.7
39546,13.489527,75.19855,21.7,44.7,18.2,19.9,1.2,5.3
39547,13.624887,75.299252,20.5,46.7,17.3,21.1,1.24,5.6
39548,10.890475,76.466557,20.9,42.0,21.4,23.2,1.23,5.4
39549,10.091756,76.682363,21.2,42.9,23.1,24.7,1.1,5.3
39550,8.616527,77.561926,25.2,37.3,22.1,18.0,1.4,6.2
39551,9.983779,77.576631,18.7,45.4,16.4,13.8,1.42,7.2
39552,13.3166,75.11133,23.5,42.2,18.5,27.8,1.12,5.5
39553,16.053746,74.658295,21.8,36.4,20.5,9.9,1.37,6.2
39555,14.101328,74.933304,0.0,0.0,0.0,0.0,0.0,0.0
39556,10.827137,77.475463,21.7,40.9,17.8,13.9,1.49,7.4
39557,15.54314,74.648428,20.5,46.3,15.5,12.2,1.3,6.2
39558,12.988008,75.4367,26.3,51.4,16.8,16.6,1.23,5.4
39559,13.474024,74.734543,25.9,39.7,17.9,22.5,1.2,6.0
39560,15.865587,73.67676,22.3,34.6,21.3,19.0,1.41,6.2
39562,9.814585,77.810855,19.0,48.1,16.0,16.4,1.58,7.6
39563,12.918796,76.096669,29.2,37.5,19.9,12.1,1.29,6.8
39564,14.989913,74.776037,18.1,44.6,21.3,17.1,1.27,5.6
39565,18.500845,73.976426,28.7,32.7,18.6,11.8,1.54,6.9
39566,10.595823,76.340615,26.5,41.9,15.5,27.8,1.09,5.2
39567,14.717452,74.617532,18.8,44.9,20.6,22.5,1.2,5.4
39568,12.07558,76.267341,25.5,41.6,18.5,13.8,1.3,6.0
39569,12.996974,76.095475,19.0,39.7,20.7,10.3,1.37,7.0
39570,10.607287,77.557286,21.7,41.9,19.3,16.0,1.48,7.2
39572,18.765638,73.748451,31.1,29.5,18.7,11.6,1.59,6.8
39574,18.511196,73.211469,28.4,35.3,24.0,19.0,1.38,6.1
39575,18.58328,73.072075,26.0,33.8,23.1,18.0,1.38,6.1
39576,15.295782,74.278446,18.5,42.3,20.9,25.7,1.26,5.6
39577,10.212094,77.471351,25.6,34.2,28.9,40.8,1.05,5.2
39578,10.539361,76.310227,23.1,49.4,14.9,23.1,1.18,5.4
39579,8.358995,77.22617,23.7,34.5,23.2,29.3,1.44,5.4
39580,11.135927,76.082762,25.9,52.7,15.2,20.8,1.16,5.3
39582,15.358038,74.676234,16.9,43.0,19.4,12.9,1.32,6.0
39583,16.8521,74.032808,17.3,37.1,24.4,12.8,1.34,6.4
39584,15.783326,73.840731,18.5,33.6,25.7,17.0,1.34,6.1
39585,12.981603,75.416889,23.8,50.5,17.9,18.4,1.23,5.5
39586,17.253692,73.40792,27.6,32.1,24.3,20.0,1.28,6.2
39587,10.15601,76.946715,31.7,33.9,22.1,35.1,1.01,5.1
39588,13.013307,75.129034,28.2,47.2,13.8,22.5,1.2,5.6
39589,17.487884,73.515738,28.5,28.0,24.0,19.5,1.33,6.1
39590,11.277456,76.585628,23.6,32.5,28.8,42.4,1.0,5.5
39591,8.71069,77.478547,27.7,33.4,19.9,17.1,1.46,6.0
39592,17.759851,73.690151,26.1,28.6,21.1,25.0,1.22,6.2
39593,10.899411,77.619389,25.8,39.1,20.0,17.9,1.42,7.8
39594,17.859908,73.952054,30.2,29.4,22.0,12.4,1.44,6.6
39595,11.799009,76.473551,23.1,45.9,17.3,17.3,1.23,5.8
39596,11.906936,75.568394,22.5,43.2,17.9,26.2,1.2,5.4
39597,11.889462,75.539097,22.3,44.7,17.2,22.7,1.19,5.5
39598,13.382675,75.369097,25.5,41.9,18.4,29.6,1.07,5.4
39599,18.725005,73.164586,40.2,34.6,18.2,13.3,1.49,6.4
39600,18.3464,73.043535,20.7,37.4,24.7,17.6,1.38,6.2
39601,9.762751,77.16152,29.6,32.0,26.6,27.4,1.14,5.1
39603,18.660836,73.837219,34.7,31.0,17.6,9.6,1.58,7.2
39604,10.177631,77.514374,23.2,40.1,22.7,34.0,1.2,5.8
39605,14.59464,75.414589,28.7,33.5,25.3,10.3,1.4,6.8
39606,15.964621,74.842396,23.8,35.0,31.5,12.4,1.38,6.7
39607,11.826974,76.017635,28.1,45.3,17.8,23.0,1.2,5.5
39608,9.128899,77.484038,20.6,44.4,20.7,14.9,1.4,6.4
39609,16.12455,74.185147,19.6,43.2,16.3,13.8,1.33,6.1
39610,9.778776,77.338132,27.5,40.4,20.0,19.0,1.4,6.3
39611,16.614284,73.424411,18.7,37.5,25.5,14.8,1.4,6.2
39612,16.03932,74.691101,26.5,33.8,24.5,9.0,1.38,6.2
39613,10.427301,76.353176,23.9,48.7,15.0,21.4,1.19,5.2
39614,18.419094,73.949577,29.2,33.3,13.3,17.0,1.38,6.8
39615,17.58489,73.637553,29.4,27.2,28.4,23.7,1.31,5.7
39616,11.782407,76.835175,24.0,40.1,20.3,12.8,1.31,7.2
39617,10.872198,76.108519,18.7,38.9,23.8,21.6,1.2,5.3
39618,12.924486,75.134402,28.9,49.0,12.3,19.4,1.2,5.5
39619,17.738734,73.864512,25.9,29.3,25.8,18.1,1.33,6.4
39620,13.174909,75.338919,27.5,39.0,21.8,29.8,1.1,5.4
39621,17.795038,74.084638,31.7,31.9,14.7,11.0,1.44,7.0
39622,10.402584,76.527367,28.5,39.2,20.7,40.3,1.01,5.2
39623,9.04531,77.483072,23.8,40.5,16.0,16.5,1.4,6.4
39624,15.818304,73.831809,22.6,30.7,22.5,14.3,1.4,6.0
39625,13.414767,74.797591,32.8,48.0,13.6,23.0,1.2,5.8
39626,10.364225,77.892502,20.0,43.1,20.9,13.1,1.44,7.6
39627,8.704897,76.783783,26.3,36.8,21.2,25.9,1.25,5.2
39628,15.881504,74.152275,19.6,40.6,19.5,22.7,1.14,5.4
39629,13.94647,74.640908,19.0,48.8,19.7,22.5,1.23,5.6
39630,14.654312,74.868826,15.4,49.9,18.6,17.9,1.36,6.2
39631,9.554327,77.885173,31.7,38.7,20.7,13.9,1.54,7.6
39632,9.670985,77.745988,24.3,37.3,14.7,18.4,1.41,7.6
39633,11.510825,75.765217,27.7,53.9,12.2,20.8,1.16,5.4
39634,13.901654,74.604224,27.3,39.5,17.1,21.8,1.16,6.2
39635,18.966617,73.236199,20.5,34.8,22.0,23.5,1.3,6.0
39636,12.805196,74.846136,0.0,0.0,0.0,0.0,0.0,0.0
39637,11.462163,75.964818,27.7,51.3,13.3,25.8,1.14,5.4
39639,16.28357,74.531597,28.4,34.8,16.4,10.0,1.37,6.3
39640,14.186765,74.654798,22.5,44.0,18.8,23.1,1.2,5.4
39641,18.004046,73.317369,31.8,27.6,19.3,21.2,1.38,5.7
39642,13.704361,74.950247,22.1,48.8,17.7,16.3,1.29,5.6
39643,10.558254,76.685818,23.0,40.6,20.8,30.7,1.15,5.3
39644,16.592272,73.538691,26.7,30.0,24.1,15.9,1.51,6.0
39647,11.441567,77.075917,0.0,0.0,0.0,0.0,0.0,0.0
39648,14.901796,74.786524,16.5,47.6,22.7,16.8,1.24,5.5
39649,14.615805,75.053958,23.4,37.3,20.0,12.5,1.38,6.2
39650,15.153652,74.913665,31.3,35.3,20.6,12.3,1.38,6.1
39651,9.975288,77.334969,25.9,38.7,19.7,27.7,1.33,6.6
39652,17.066696,74.223738,20.3,36.2,21.6,10.8,1.45,6.7
39653,17.322717,74.202194,23.7,35.7,18.1,10.8,1.46,6.8
39654,14.554287,74.817797,15.0,47.6,19.0,18.0,1.28,5.6
39655,10.09401,76.735652,29.5,33.7,22.0,26.8,1.1,5.2
39656,12.926591,75.443953,24.3,53.6,15.0,18.6,1.25,5.4
39657,11.356027,77.126776,18.9,42.1,15.6,13.2,1.46,7.6
39659,13.406528,74.906306,29.4,44.4,14.9,22.0,1.19,5.5
39660,15.878749,74.610214,34.9,32.3,20.2,10.7,1.37,6.2
39661,15.486427,74.474714,18.3,40.7,18.2,18.8,1.27,5.8
39662,13.775563,74.916191,17.3,46.2,22.9,28.0,1.16,5.5
39663,15.444557,74.374644,17.5,42.3,20.4,17.5,1.26,5.6
39664,16.766177,73.44423,27.7,31.0,23.8,19.3,1.36,6.1
39666,10.236576,77.057905,31.9,28.0,29.5,38.4,1.02,5.3
39667,11.626649,76.586273,24.0,40.7,21.0,18.4,1.2,5.9
39668,15.800895,74.195844,22.2,41.3,18.5,21.2,1.27,6.1
39669,10.101727,77.555216,26.6,42.5,16.3,18.4,1.4,6.4
39670,15.675599,74.434765,21.4,44.0,18.1,17.0,1.33,6.4
39671,11.816076,76.515176,21.1,42.9,21.6,21.4,1.19,5.9
39672,10.474966,77.308523,19.3,48.0,18.5,13.2,1.4,6.8
39673,15.230697,74.708439,24.3,36.1,18.4,14.0,1.36,5.9
39674,12.613864,75.00975,31.2,49.3,11.4,18.1,1.27,5.8
39677,11.421359,77.193117,21.6,37.7,20.6,21.0,1.4,7.6
39678,16.225929,73.792638,29.0,32.3,20.0,16.1,1.34,6.0
39679,11.491221,76.64843,25.2,37.2,24.9,24.6,1.11,6.2
39680,17.247407,74.026733,23.8,35.4,21.9,12.1,1.37,6.2
39681,15.541709,74.10732,20.8,38.7,19.0,21.0,1.28,5.5
39682,13.488568,74.731883,26.6,37.5,18.6,22.1,1.19,5.9
39683,18.416554,73.355639,30.4,30.2,27.2,12.8,1.39,6.2
39684,18.874387,73.621691,35.7,24.3,23.5,22.3,1.31,6.3
39685,12.091454,76.514053,27.4,37.1,23.6,11.4,1.36,6.7
39686,10.690674,77.214108,14.6,47.4,19.9,12.9,1.49,7.1
39687,15.611203,74.121354,21.8,36.4,18.8,22.9,1.24,5.5
39688,15.475541,74.879287,23.0,34.9,23.7,9.1,1.4,6.4
39690,10.231884,77.067648,32.7,28.0,26.6,38.8,1.04,5.4
39691,17.865709,73.108106,24.2,36.4,24.7,20.0,1.39,6.1
39692,16.354467,74.038388,23.2,38.6,17.6,21.0,1.3,5.8
39693,9.47841,76.368372,22.7,24.7,30.3,20.2,1.16,5.1
39694,11.925187,75.812223,24.7,48.0,17.1,21.6,1.14,5.4
39695,16.324749,74.355342,23.2,35.1,19.5,11.1,1.36,6.0
39696,13.17897,75.149271,24.6,51.5,15.9,27.8,1.14,5.4
39697,15.258983,75.069758,32.3,32.5,25.8,10.0,1.42,6.7
39698,12.745893,75.579758,24.2,52.9,15.9,18.1,1.19,5.4
39699,11.830792,75.585844,25.5,49.2,13.6,18.7,1.2,5.4
39700,9.163164,77.676222,27.4,39.9,20.2,24.0,1.42,7.5
39701,14.588174,74.973746,16.1,47.9,18.7,15.7,1.32,5.7
39702,13.726595,75.067442,16.4,49.9,19.4,30.0,1.13,5.5
39703,15.005009,74.824346,15.7,48.4,21.0,17.1,1.3,5.7
39704,14.776948,74.608309,18.2,44.8,22.7,28.1,1.21,5.5
39705,9.748507,77.467885,22.0,43.2,16.8,22.4,1.37,6.4
39706,10.630657,77.171956,15.3,52.2,14.7,12.9,1.48,7.2
39707,15.234959,74.833879,35.9,29.9,20.3,12.4,1.42,6.2
39708,12.976496,75.598004,21.4,41.9,23.3,27.9,1.04,5.4
39709,18.070124,73.921367,25.8,37.1,18.5,12.2,1.44,6.8
39710,17.519606,73.333889,22.8,36.2,23.9,17.0,1.31,6.0
39711,16.538027,73.4469,25.2,35.2,19.2,16.0,1.46,6.0
39712,16.697115,73.331278,17.5,36.6,24.6,17.5,1.41,6.2
39713,18.674266,73.182722,30.8,36.7,16.7,18.0,1.37,6.2
39714,10.543231,77.556119,18.3,44.9,19.9,16.9,1.43,7.0
39716,15.468353,74.216735,20.9,40.0,19.7,25.8,1.28,5.6
39717,16.675465,73.522482,24.4,30.1,25.7,19.2,1.4,6.2
39718,16.082727,74.66397,21.8,41.0,17.1,9.7,1.38,6.2
39719,13.362183,74.984853,21.9,43.9,16.6,16.1,1.27,5.6
39720,11.188421,76.88656,16.0,50.7,20.7,18.3,1.33,6.6
39721,16.90497,73.930714,19.7,35.5,21.1,14.8,1.39,6.2
39722,10.677982,76.502671,18.5,49.1,17.0,21.2,1.27,5.3
39723,13.590469,74.752644,25.3,44.4,17.4,23.5,1.2,6.0
39724,15.355691,74.150809,22.5,36.3,23.0,18.2,1.35,5.7
39725,16.201689,73.849226,29.5,28.8,20.8,17.9,1.36,6.0
39726,11.459318,77.127792,0.0,0.0,0.0,0.0,0.0,0.0
39727,8.913189,77.357051,17.7,44.8,20.9,19.0,1.4,5.8
39728,9.222822,77.428476,20.6,38.7,18.9,19.0,1.4,6.3
39729,18.716457,73.342058,28.6,31.2,24.8,22.0,1.33,5.7
39730,14.573241,74.456861,16.4,45.7,21.5,25.7,1.23,5.5
39731,10.707794,77.680885,17.7,45.1,20.1,14.6,1.42,7.1
39732,11.869499,76.628881,25.5,39.7,19.4,10.2,1.31,6.7
39733,14.79626,74.380865,17.1,43.6,19.2,22.9,1.29,5.6
39734,8.408049,77.163327,24.9,36.9,24.0,28.0,1.32,5.3
39735,13.000239,75.053314,31.2,48.0,11.8,24.0,1.2,5.5
39736,10.895974,75.89072,0.0,0.0,0.0,0.0,0.0,0.0
39737,16.806807,73.977182,18.7,39.8,20.1,17.5,1.35,6.3
39738,15.360419,75.102759,18.1,40.6,18.6,10.9,1.37,6.5
39739,16.071004,74.777049,19.4,43.9,16.6,10.8,1.38,6.5
39740,11.423709,76.022126,24.8,49.2,16.2,26.1,1.13,5.4
39741,10.894443,76.569692,22.7,42.4,23.2,32.1,1.19,5.5
39742,11.5165,76.871919,22.9,36.7,27.5,33.6,1.12,5.7
39743,9.125567,77.229296,30.9,30.7,24.4,39.9,1.03,5.2
39744,10.913712,76.320455,23.3,49.5,18.3,20.5,1.22,5.2
39745,10.813905,75.92649,19.8,34.4,28.9,33.1,1.12,5.3
39746,15.997935,74.531096,23.3,36.5,22.2,14.6,1.28,6.0
39748,17.946774,73.124375,25.5,34.2,23.1,17.1,1.33,6.2
39749,15.485536,74.320428,17.5,42.3,20.3,19.0,1.29,5.5
39750,10.289065,77.032224,31.1,26.4,30.2,35.3,1.04,5.1
39751,9.578143,77.294482,33.9,30.9,22.6,47.3,1.04,5.3
39752,16.002125,73.724347,25.7,24.4,28.5,16.0,1.38,6.1
39753,10.657107,76.268158,24.2,46.7,16.4,19.5,1.16,5.3
39754,18.389427,74.112431,37.1,28.1,18.3,11.0,1.54,7.2
39755,18.828614,73.83014,25.2,30.0,23.2,11.1,1.5,6.7
39757,16.9125,74.04406,20.2,38.5,14.6,14.6,1.4,6.4
39758,18.497684,73.95621,0.0,0.0,0.0,0.0,0.0,0.0
39759,16.423975,74.191277,20.9,30.7,24.3,11.2,1.4,6.4
39760,11.858225,76.627908,24.6,40.7,18.3,12.4,1.35,6.7
39761,10.689008,77.385326,19.0,40.4,19.4,12.8,1.48,7.1
39762,15.787133,74.907643,30.6,31.8,27.5,10.3,1.4,6.4
39763,15.447921,74.213579,19.6,39.0,21.3,18.0,1.31,5.6
39764,10.887628,77.216763,18.7,46.2,17.5,12.4,1.42,7.7
39765,14.230077,75.385596,25.8,38.2,20.8,11.7,1.38,6.2
39766,15.955044,74.169806,19.2,48.0,17.0,22.2,1.29,6.1
39767,18.18041,73.15353,22.2,36.1,24.5,20.5,1.32,6.2
39768,14.796106,74.919256,17.7,46.4,19.6,18.8,1.26,5.5
39769,10.733689,76.335833,24.1,50.7,16.5,20.6,1.15,5.4
39770,18.122197,73.9507,44.4,25.7,17.1,11.9,1.45,7.0
39771,10.326904,76.433239,23.8,44.4,21.6,24.4,1.12,5.4
39772,14.034828,75.517055,19.6,36.5,26.4,10.3,1.4,6.3
39773,16.407992,73.800088,25.9,29.2,21.4,20.0,1.37,6.0
39774,16.934984,73.884467,32.3,29.4,19.1,16.3,1.33,6.3
39775,15.317193,74.755264,29.7,29.5,25.1,11.8,1.4,6.0
39776,15.665134,74.947373,17.2,37.0,34.3,11.2,1.39,6.7
39777,11.410768,76.59325,21.9,35.2,30.2,46.9,1.02,5.6
39778,12.414802,76.178951,27.9,42.1,14.5,12.5,1.35,6.9
39779,18.164099,73.432277,30.8,30.0,21.3,20.9,1.37,6.1
39780,9.270963,76.84476,25.6,37.3,24.9,27.0,1.16,5.3
39781,16.896731,73.889388,25.5,31.9,21.0,14.0,1.4,6.1
39782,10.249652,77.615063,21.7,36.4,23.9,29.3,1.2,5.9
39783,13.343721,75.343053,24.2,43.3,18.7,27.8,1.11,5.4
39784,17.729783,73.875484,27.6,28.6,25.6,17.9,1.33,6.3
39785,17.221153,73.572556,30.8,27.3,22.6,20.8,1.28,6.2
39786,13.721474,75.524613,17.4,46.4,16.4,16.1,1.36,5.9
39787,9.69283,77.524178,19.1,43.9,16.2,24.2,1.28,6.3
39788,17.293816,74.181266,0.0,0.0,0.0,0.0,0.0,0.0
39789,9.979323,76.948886,27.8,36.8,23.9,33.5,1.12,5.1
39790,13.030233,75.660656,21.8,42.1,23.3,24.8,1.11,5.3
39791,15.488134,74.507405,18.7,41.4,18.8,17.5,1.3,6.4
39792,16.982662,74.053644,25.6,33.9,16.9,11.4,1.35,6.5
39794,12.55163,76.111488,30.7,36.8,20.3,10.5,1.38,7.1
39795,17.372799,73.823918,27.1,32.5,22.9,19.7,1.33,6.3
39796,13.333948,74.75842,31.8,46.5,15.7,21.2,1.23,6.0
39797,17.332899,73.88901,24.6,31.9,21.9,18.5,1.37,6.1
39798,10.401886,76.21244,23.3,43.8,19.9,21.1,1.18,5.5
39799,9.62556,77.788697,25.7,39.3,19.5,14.2,1.56,7.7
39800,17.518601,73.622553,32.2,27.3,22.4,23.0,1.33,5.6
39802,11.894539,75.476056,23.1,39.0,19.2,26.8,1.2,5.6
39803,9.419551,77.768844,30.3,40.3,16.8,14.1,1.45,7.6
39804,12.353104,76.594286,0.0,0.0,0.0,0.0,0.0,0.0
39805,14.764596,74.154487,0.0,0.0,0.0,0.0,0.0,0.0
39806,10.521999,76.894381,25.1,41.3,21.1,20.0,1.27,5.8
39807,13.001797,75.159415,28.9,48.0,13.0,21.4,1.23,5.7
39808,15.770959,74.732256,34.8,31.3,21.5,11.6,1.38,6.3
39811,10.202948,76.73765,28.8,37.6,19.1,25.2,1.06,5.2
39812,18.694431,73.000966,0.0,0.0,0.0,0.0,0.0,0.0
39813,14.146553,75.213043,20.8,42.6,14.6,14.0,1.33,6.1
39814,15.233385,74.230093,21.9,35.8,20.2,16.8,1.37,5.9
39815,9.412795,76.741161,22.4,40.5,26.5,26.6,1.2,5.4
39817,9.178635,77.022505,19.2,32.9,24.2,32.0,1.17,5.1
39818,12.758915,76.008468,29.2,38.9,20.0,12.2,1.28,6.2
39819,14.967668,75.056767,27.0,38.2,17.5,11.5,1.38,6.2
39820,13.623609,75.22629,18.3,44.2,18.3,19.2,1.2,5.3
39821,16.472576,74.327082,38.8,32.5,17.3,10.4,1.4,6.6
39822,17.55179,73.831996,28.8,30.7,21.4,24.4,1.21,6.2
39823,9.225533,77.577173,30.5,37.8,19.2,20.4,1.44,7.4
39825,11.470692,77.118193,23.9,37.4,22.9,20.4,1.4,7.3
39826,9.004427,77.302812,20.0,45.2,21.5,19.1,1.4,5.8
39827,16.761494,74.234832,20.3,43.2,16.3,12.0,1.4,6.6
39828,12.749195,74.973348,32.7,49.7,9.6,21.2,1.24,5.7
39829,10.4639,76.830284,27.5,38.7,21.0,24.1,1.12,5.2
39830,8.364954,77.109063,23.8,39.5,24.0,27.4,1.4,5.5
39831,11.800071,75.535568,27.2,43.4,15.0,22.8,1.2,5.6
39832,15.068938,74.87122,23.3,40.0,18.2,10.7,1.38,6.0
39833,9.125812,76.660377,21.8,36.2,29.6,25.5,1.2,5.3
39834,15.365084,74.63637,17.4,42.4,22.0,15.3,1.3,6.0
39836,17.449295,74.05019,27.6,35.6,21.4,13.6,1.42,6.5
39837,17.230321,73.409118,20.3,33.8,23.4,21.4,1.35,6.1
39838,14.326675,74.823089,16.7,46.5,22.3,18.1,1.33,5.7
39839,14.858953,74.420583,18.3,42.3,19.0,19.5,1.36,5.5
39841,17.035505,73.517794,28.0,30.8,24.6,20.1,1.38,5.6
39842,16.692382,74.136558,16.6,39.8,19.8,12.9,1.33,6.4
39843,8.460957,77.625739,30.0,35.5,20.7,15.2,1.4,6.6
39844,15.297759,74.399104,20.4,37.7,22.0,27.9,1.16,5.5
39845,10.748979,76.794172,34.0,38.1,14.7,20.9,1.3,5.7
39846,13.601683,75.58686,0.0,0.0,0.0,0.0,0.0,0.0
39847,15.85357,74.373119,26.3,33.4,21.2,12.6,1.34,6.2
39848,8.778823,76.945489,25.8,33.0,21.6,24.1,1.26,5.1
39849,9.423749,77.827639,35.4,38.5,17.5,15.3,1.5,7.7
39850,16.54425,74.522282,19.5,44.1,15.0,11.0,1.47,6.8
39851,11.587558,76.977051,20.4,40.2,25.8,21.7,1.3,6.5
39852,16.379228,74.614658,26.5,36.2,18.9,12.0,1.39,6.7
39853,15.076536,74.589696,17.7,43.1,26.5,22.4,1.25,5.5
39854,13.347168,75.084177,21.4,44.5,20.5,30.4,1.1,5.5
39855,13.239834,75.406067,27.4,42.1,17.9,29.1,1.07,5.4
39856,11.389348,76.981705,19.9,40.9,22.3,23.1,1.25,6.4
39857,18.789797,74.054862,27.8,29.7,25.8,9.3,1.55,7.0
39858,15.567193,74.666921,18.0,44.5,14.2,10.8,1.3,6.2
39859,14.095213,74.656541,17.6,50.5,19.0,19.3,1.28,5.4
39860,9.792988,76.337302,25.2,31.5,24.9,31.7,1.19,5.1
39861,17.82487,74.103537,40.4,27.2,21.5,11.1,1.48,7.2
39862,17.791055,73.4276,31.8,23.7,27.0,21.1,1.3,6.0
39863,16.26078,74.062173,24.3,39.3,17.0,21.0,1.25,5.8
39865,10.389845,77.543637,20.2,42.8,18.2,21.3,1.3,6.2
39866,11.061962,76.438178,27.6,44.2,17.8,30.2,1.17,5.4
39868,13.084328,75.9014,24.7,41.6,20.9,11.4,1.26,5.8
39869,18.830226,73.177103,29.0,35.6,19.5,17.0,1.42,6.1
39870,12.371019,76.358872,28.8,38.1,22.0,12.1,1.38,6.9
39871,16.185259,73.790319,29.9,29.7,20.8,20.9,1.38,5.6
39872,9.898769,77.544969,19.7,43.1,18.6,20.1,1.34,6.7
39873,8.65531,77.519067,26.6,36.0,20.5,19.3,1.38,6.0
39875,14.613734,74.91597,16.1,43.4,20.2,14.6,1.3,6.2
39877,18.748455,73.90342,33.2,31.6,17.6,11.8,1.54,6.8
39878,9.888252,76.337561,0.0,0.0,0.0,0.0,0.0,0.0
39879,13.227723,74.769104,31.2,44.1,16.5,21.3,1.15,5.9
39880,15.788189,73.753972,22.8,35.1,18.8,19.0,1.29,5.5
39881,16.717213,73.873837,27.0,30.8,19.2,21.0,1.31,5.7
39882,10.449015,77.346756,19.4,47.0,15.2,16.0,1.33,6.6
39883,14.556686,75.005526,16.0,46.9,19.3,13.3,1.3,5.8
39884,17.930485,73.209618,28.2,31.9,22.1,19.3,1.33,6.1
39885,8.433151,77.335964,26.0,35.7,22.8,27.9,1.25,5.8
39886,9.756143,77.098143,30.5,33.4,26.7,29.0,1.1,5.2
39887,10.246524,77.160133,31.1,32.7,21.8,26.2,1.12,5.5
39888,18.3567,73.948852,26.4,35.2,16.8,10.6,1.54,6.7
39889,8.740451,76.826116,27.7,35.4,24.1,25.1,1.22,5.3
39891,18.071408,73.583054,34.3,28.3,23.6,18.0,1.35,6.1
39892,12.871944,76.187902,28.4,41.2,18.3,10.9,1.36,7.0
39893,11.260635,76.166718,25.9,50.0,15.0,21.9,1.16,5.4
39894,9.484202,77.694569,26.2,35.3,20.0,23.8,1.42,7.4
39895,15.954074,74.021698,27.3,35.0,18.9,26.9,1.2,5.6
39896,10.036442,77.44398,25.2,42.1,18.2,21.3,1.3,6.7
39897,10.075863,76.266836,0.0,0.0,0.0,0.0,0.0,0.0
39898,11.002208,77.545128,22.6,40.2,18.5,11.9,1.5,7.8
39901,16.544297,74.033351,21.3,36.4,18.6,15.4,1.38,6.5
39902,13.691848,74.763429,25.9,49.0,15.8,22.9,1.27,6.0
39903,10.42846,76.099205,22.0,36.0,25.3,24.4,1.17,5.4
39904,11.269568,76.942562,15.8,42.1,19.6,14.5,0.0,7.5
39905,9.381698,76.455242,0.0,0.0,0.0,0.0,0.0,0.0
39908,10.243331,77.177446,28.2,30.7,25.2,26.1,1.2,5.9
39909,10.540218,76.991944,20.4,44.5,19.9,14.4,1.46,6.2
39910,13.097998,75.735865,23.1,40.6,22.6,19.2,1.19,5.4
39911,15.730936,74.010654,24.2,32.4,22.0,19.2,1.4,6.0
39912,16.037241,74.411993,19.6,40.3,16.4,14.6,1.3,6.1
39913,11.319607,77.213323,18.1,39.6,22.7,13.2,1.42,7.2
39914,15.197308,74.722198,18.2,43.7,17.4,13.3,1.34,5.8
39915,16.41726,74.081099,16.2,42.0,23.4,15.7,1.37,6.4
39916,11.588337,76.867568,23.0,37.5,26.3,19.2,1.3,6.7
39917,17.792406,73.526273,30.9,28.3,23.2,23.9,1.34,6.3
39918,17.618297,73.267302,25.9,29.7,27.6,19.5,1.3,6.1
39919,15.673087,73.95308,26.0,31.6,21.0,15.0,1.4,6.0
39922,8.938378,76.642184,25.4,31.8,24.6,20.7,1.21,5.2
39923,17.357017,73.222528,21.3,38.7,18.0,30.1,1.32,6.4
39924,14.888492,74.587895,18.7,47.1,19.6,22.2,1.26,5.5
39925,17.185495,73.276493,16.7,39.0,24.7,16.3,1.4,6.3
39926,15.025491,74.064495,20.4,46.8,17.1,15.5,1.25,5.5
39927,11.477186,75.789346,27.8,53.3,12.1,21.0,1.22,5.4
39928,14.597144,74.925379,15.5,44.2,18.8,14.4,1.28,5.6
39929,9.772698,77.555106,23.2,38.1,19.6,22.6,1.4,6.4
39930,16.423334,74.109938,20.2,34.1,20.7,13.5,1.4,6.4
39931,15.498689,74.125221,17.9,33.2,27.2,16.2,1.34,6.0
39932,18.961422,73.632249,29.5,26.0,23.7,17.2,1.36,6.4
39933,9.711532,76.501716,25.6,25.4,33.7,32.1,1.18,5.2
39934,15.979121,73.595017,24.2,32.7,29.0,18.1,1.31,6.6
39935,17.536009,73.226069,27.3,32.0,24.1,13.2,1.39,6.1
39936,14.517119,75.422719,29.7,32.4,29.7,11.2,1.4,6.6
39937,18.84342,73.058111,35.7,34.1,21.8,13.3,1.42,6.4
39938,14.891423,74.53293,17.0,46.1,21.4,24.8,1.19,5.4
39939,9.945587,77.698774,23.7,40.3,18.3,27.2,1.26,6.2
39940,11.076043,77.470573,18.3,39.7,25.2,18.9,1.42,7.6
39941,9.383078,76.866319,26.0,34.2,30.7,31.1,1.11,5.1
39942,15.122336,75.141856,37.6,30.3,26.6,10.3,1.4,6.7
39943,9.745303,77.740711,26.1,37.7,19.4,26.6,1.33,6.6
39944,18.695415,74.069031,39.4,26.3,22.4,9.6,1.59,7.2
39946,11.104213,76.550994,24.2,37.7,27.1,32.8,1.05,5.5
39947,12.770357,74.926032,30.5,50.2,11.4,21.9,1.25,5.9
39948,14.461799,75.468032,35.3,31.4,29.3,10.8,1.4,7.3
39950,10.161098,76.255911,24.7,43.9,15.4,31.0,1.18,5.4
39951,14.395787,74.649386,15.8,44.8,22.9,24.2,1.18,5.4
39952,16.772382,73.408455,22.1,33.6,22.2,18.1,1.44,6.3
39954,15.10592,74.125238,21.9,41.9,19.8,20.0,1.38,5.4
39955,16.838408,73.517824,29.3,30.1,27.5,18.1,1.38,6.1
39956,18.870369,73.140405,29.5,35.2,23.6,16.2,1.42,6.2
39958,11.177586,77.127683,14.6,48.3,16.0,18.2,1.42,7.6
39959,11.293824,76.773096,28.3,34.8,26.6,26.6,1.04,5.6
39960,10.514356,76.06616,0.0,0.0,0.0,0.0,0.0,0.0
39961,10.073132,76.8926,25.7,34.3,27.2,33.1,1.0,5.3
39962,10.7818,75.92495,0.0,0.0,0.0,0.0,0.0,0.0
39963,9.210188,77.417606,20.3,41.1,18.8,20.0,1.38,6.2
39964,16.768305,73.761057,24.5,32.9,21.9,22.9,1.33,6.2
39965,12.553214,74.98339,27.6,47.4,13.1,21.3,1.24,5.7
39966,10.059476,76.99011,34.2,33.6,22.2,34.4,1.0,5.1
39968,18.623137,73.526368,32.8,27.9,22.9,19.0,1.35,6.3
39969,17.601243,73.194036,23.8,35.6,26.9,19.0,1.37,6.1
39970,9.321254,76.520104,25.8,31.4,25.9,27.5,1.2,5.2
39971,10.608425,77.041101,21.3,39.7,15.9,17.8,1.42,6.4
39972,8.56408,76.970916,34.3,34.8,20.5,25.2,1.29,5.4
39973,9.798821,77.740258,18.8,44.2,18.6,17.0,1.5,7.4
39974,12.291354,76.55783,27.6,36.7,22.2,12.1,1.38,6.6
39975,14.064692,75.599405,20.4,36.4,26.8,13.1,1.3,6.5
39976,14.591545,75.132248,31.7,27.9,25.1,10.5,1.37,6.2
39977,18.236536,73.57334,36.7,29.0,16.8,18.7,1.38,6.2
39978,13.458077,75.690974,23.5,37.7,18.1,21.2,1.2,5.6
39979,11.248678,76.153208,24.2,53.2,16.4,27.0,1.16,5.4
39980,9.01248,76.967259,27.5,31.2,25.2,27.0,1.13,5.2
39981,15.457716,74.389368,17.7,45.5,19.1,15.5,1.27,5.6
39982,10.494727,77.562789,17.2,42.4,20.2,14.5,1.46,6.9
39983,16.323645,74.215,21.0,36.9,17.2,19.1,1.31,6.0
39984,8.443383,77.159343,31.0,32.4,20.1,27.8,1.27,5.4
39985,10.099826,77.797729,28.4,37.6,16.3,15.7,1.54,7.2
39986,17.711747,73.244398,32.2,29.3,23.6,18.8,1.33,6.1
39987,17.315525,73.306584,24.8,33.7,24.3,14.9,1.38,6.1
39988,12.542594,75.176093,24.4,48.2,14.4,24.5,1.08,5.4
39989,12.248687,76.319591,22.8,38.3,24.5,13.8,1.3,6.7
39990,9.305235,76.652811,27.0,31.7,26.6,31.0,1.15,5.1
39991,18.697067,74.038615,31.5,27.8,24.3,9.4,1.59,7.2
39992,16.539157,74.058678,18.6,40.5,19.7,14.3,1.4,6.3
39994,11.845337,76.432107,28.1,43.9,15.3,15.5,1.27,5.9
39995,18.033894,73.449616,30.8,29.8,22.4,22.8,1.32,6.2
39996,13.144477,74.831981,29.0,45.7,16.1,22.5,1.1,5.7
39997,14.290256,75.211173,21.2,38.4,20.0,13.9,1.3,6.2
39998,16.567653,74.411206,0.0,0.0,0.0,0.0,0.0,0.0
39999,16.393096,74.194191,16.8,34.4,22.9,13.3,1.38,6.4
40000,14.04768,75.349731,22.0,40.2,17.9,14.2,1.33,6.2
40001,9.734448,76.793952,23.7,35.6,27.7,31.0,1.1,5.2
40002,9.709622,77.623489,29.8,40.1,20.5,24.3,1.32,6.4
40003,9.607028,77.857725,32.9,34.9,18.8,18.6,1.5,7.7
40004,16.710003,74.124815,16.7,34.9,19.9,12.5,1.4,6.4
40005,15.68934,74.029042,31.4,28.3,16.3,17.6,1.36,6.0
40006,12.744492,75.906862,25.3,38.7,22.0,19.2,1.27,5.8
40007,10.082824,77.140166,27.2,30.3,29.5,35.1,0.94,5.1
40008,11.064179,75.878599,27.0,50.8,14.5,20.5,1.23,5.4
40009,17.097741,73.84696,27.2,32.4,21.1,17.1,1.27,6.0
40010,13.12163,76.041959,17.1,43.4,20.2,14.8,1.26,6.7
40011,10.001545,77.709669,24.1,41.3,19.3,24.9,1.3,6.2
40012,15.06345,74.741101,15.7,46.8,20.9,16.2,1.29,5.7
40013,15.918605,74.397628,22.9,40.9,16.8,18.1,1.26,5.7
40014,9.243838,76.898882,26.0,31.7,24.6,32.2,1.1,5.1
40015,13.123843,75.461644,25.7,40.2,17.8,29.7,1.08,5.3
40016,18.589192,72.960234,30.6,32.9,24.9,11.4,1.35,6.2
40017,13.648417,75.377395,19.8,44.4,17.3,18.2,1.24,5.4
40018,8.692807,77.453663,25.6,36.7,18.6,19.1,1.42,6.0
40019,10.324362,76.917749,27.9,36.5,23.0,21.8,1.12,5.4
40022,10.581472,76.867975,21.5,41.7,21.1,18.0,1.33,5.8
40023,17.848253,74.12884,42.4,27.8,19.8,11.9,1.46,7.0
40024,15.158582,74.876501,32.5,31.4,21.1,10.0,1.37,6.0
40025,17.584633,74.000432,30.4,32.6,21.2,13.1,1.48,6.6
40026,19.153269,74.017439,37.1,20.0,27.1,10.9,1.54,7.2
40027,13.126784,75.943935,21.9,41.7,20.3,12.6,1.26,6.0
40029,10.877035,76.443979,21.9,46.6,22.0,20.8,1.19,5.3
40030,13.175722,75.512509,25.1,39.7,23.5,29.6,1.06,5.4
40031,15.550919,74.871122,23.5,38.8,19.4,11.4,1.35,6.3
40032,15.404176,75.111779,23.3,36.9,27.5,11.9,1.36,6.9
40033,15.758931,74.536478,24.9,36.5,20.9,15.7,1.29,6.0
40034,16.304968,74.435405,22.9,37.0,19.8,10.7,1.4,6.4
40035,9.743347,76.901443,27.2,35.8,27.0,26.9,1.09,5.1
40036,15.914305,74.47386,27.2,32.6,24.3,12.4,1.39,6.2
40037,13.3412,75.290558,29.5,38.5,19.2,27.9,1.08,5.4
40038,9.646807,76.664896,26.4,36.9,20.4,25.4,1.15,5.3
40039,11.194432,76.407833,24.0,32.4,27.0,36.0,0.98,5.3
40040,16.876765,73.639989,25.8,30.3,22.0,21.8,1.37,6.0
40041,10.543125,76.529534,22.2,55.8,15.2,19.6,1.21,5.4
40042,18.612849,73.647085,29.4,30.0,19.3,16.2,1.44,6.4
40043,10.529334,76.955223,19.5,46.4,19.3,16.9,1.4,5.9
40044,9.037731,77.369361,17.4,46.1,18.1,17.5,1.4,6.0
40045,10.960874,76.502632,22.8,40.9,24.4,19.2,1.18,5.4
40046,17.4038,74.038973,27.9,32.4,21.8,13.7,1.41,6.3
40047,18.445355,73.584713,34.9,26.4,20.2,17.2,1.37,6.3
40048,10.330637,77.763734,24.4,37.6,23.4,30.9,1.12,5.8
40049,12.217675,76.547763,23.2,39.6,19.0,11.2,1.33,6.7
40050,11.329445,77.091304,15.8,52.3,13.3,12.9,1.42,7.6
40053,15.518927,74.887623,22.7,38.9,20.6,11.8,1.4,6.3
40054,13.340409,75.860845,22.6,42.4,21.4,11.7,1.33,6.3
40055,14.225184,75.249155,23.0,38.5,19.7,15.4,1.35,6.2
40056,11.830632,76.481434,20.8,42.3,21.3,19.0,1.22,6.0
40057,17.221041,74.064729,29.6,36.2,20.8,12.3,1.39,6.2
40059,18.435608,73.800537,24.9,33.5,20.7,14.4,1.48,6.5
40060,14.469917,74.386518,0.0,0.0,0.0,0.0,0.0,0.0
40061,9.083834,76.511392,25.5,32.3,24.0,34.0,1.2,5.4
40062,11.182764,76.77771,27.8,34.9,20.8,23.5,1.3,6.1
40063,11.803381,75.866408,30.8,41.8,15.8,25.0,1.09,5.4
40064,11.846303,75.3972,0.0,0.0,0.0,0.0,0.0,0.0
40065,15.314365,74.75688,30.6,27.0,25.7,12.5,1.4,6.2
40066,18.372417,73.093591,30.8,33.8,21.5,13.6,1.4,6.2
40067,9.121288,77.676488,28.7,37.4,18.4,14.9,1.42,7.4
40068,15.109026,74.064373,21.4,41.3,20.4,24.1,1.22,5.5
40069,18.377009,73.251461,32.8,31.0,22.2,18.1,1.34,6.2
40070,16.288822,74.364421,22.1,35.9,20.6,14.0,1.33,6.1
40071,13.894674,74.682608,22.8,49.5,17.4,21.8,1.26,5.6
40072,13.781888,75.848791,22.0,37.8,21.6,15.1,1.28,6.6
40073,17.277905,74.111752,26.1,32.3,17.1,11.0,1.48,6.8
40075,17.187213,74.173706,28.6,32.0,16.2,10.8,1.48,6.7
40076,12.265526,76.526169,23.7,42.4,21.1,12.9,1.3,6.8
40077,15.07038,74.21755,17.4,46.2,19.5,28.2,1.21,5.5
40078,10.73151,77.606632,20.4,44.0,21.5,13.7,1.48,7.2
40079,9.048079,77.000387,29.2,34.6,20.2,31.5,1.12,5.1
40080,15.595887,73.910652,24.5,34.6,19.1,17.2,1.49,6.1
40081,11.965813,76.255801,26.6,38.1,18.6,14.8,1.26,5.9
40082,14.330979,75.252062,28.0,31.4,29.0,11.4,1.38,6.2
40083,16.257895,74.163934,17.8,40.4,19.2,19.1,1.28,6.2
40084,11.016105,77.543628,20.9,38.2,19.9,12.9,1.46,7.5
40085,10.308742,77.112782,23.9,27.3,34.3,40.2,1.0,5.3
40086,13.517925,74.801185,31.6,45.0,14.6,23.0,1.24,5.9
40087,16.465372,74.487114,21.0,36.5,20.2,10.3,1.42,7.1
40088,15.541241,74.023623,23.7,33.0,21.5,16.8,1.48,5.8
40090,10.068765,77.901547,24.2,43.9,19.4,16.6,1.48,6.8
40091,9.056607,77.343465,16.6,45.3,19.7,19.0,1.38,6.1
40092,10.2473,76.948348,32.0,35.0,20.8,32.8,1.1,5.1
40093,16.000254,73.978772,26.9,32.4,19.7,19.8,1.35,6.2
40094,11.614506,76.667962,24.9,39.1,21.0,22.4,1.26,6.0
40095,16.745762,74.274206,0.0,0.0,0.0,0.0,0.0,0.0
40096,18.34493,73.135505,31.8,32.7,23.3,14.3,1.41,6.3
40097,8.923621,77.057587,23.9,42.1,19.0,26.0,1.16,5.4
40098,15.282106,74.178623,23.8,31.9,18.8,14.5,1.38,5.6
40099,16.132832,74.161366,18.8,42.5,17.9,17.8,1.34,5.9
40100,12.939821,75.605971,28.5,45.9,13.5,25.9,1.09,5.4
40101,15.425737,74.703443,22.5,35.5,15.9,9.9,1.4,6.2
40102,11.062507,75.911419,24.3,53.7,14.5,21.5,1.23,5.4
40103,17.522985,73.2462,26.5,34.0,23.3,13.1,1.38,6.1
40104,9.885263,77.193166,28.4,29.3,31.5,31.9,1.1,5.3
40105,9.095047,76.831485,30.3,33.6,22.9,22.9,1.12,5.1
40106,14.728924,74.659489,16.3,49.2,19.3,21.7,1.23,5.4
40107,12.774462,75.606257,27.1,50.1,14.5,27.4,1.14,5.3
40108,14.683359,75.437531,27.2,32.5,31.8,12.6,1.4,7.7
40109,12.974318,75.308386,26.2,48.2,15.8,17.3,1.29,5.7
40110,14.728588,74.852523,15.8,46.9,22.9,15.6,1.27,5.6
40111,10.861459,75.906962,20.2,35.7,25.2,24.3,1.1,5.4
40112,11.112346,76.041692,27.0,55.6,13.0,24.5,1.21,5.4
40113,13.340618,75.441797,29.8,41.4,17.9,28.0,1.1,5.4
40114,14.56843,75.423124,25.1,39.2,17.9,10.2,1.4,6.8
40115,18.508842,73.515569,34.5,29.0,18.6,18.0,1.38,5.9
40116,18.106616,73.03806,28.0,35.8,20.8,17.0,1.37,6.2
40117,9.095755,76.58487,0.0,0.0,0.0,0.0,0.0,0.0
40118,14.907147,74.838244,16.0,41.4,26.1,17.2,1.27,5.6
40119,15.641207,74.854605,25.1,33.7,32.9,10.3,1.36,6.6
40120,18.161963,73.639232,26.7,27.8,18.0,18.1,1.42,6.2
40121,9.517576,77.728663,32.8,36.8,17.9,14.9,1.52,7.5
40122,9.875816,77.915236,20.3,49.0,12.5,13.7,1.6,7.7
40123,14.272127,75.405163,28.0,32.6,24.2,12.2,1.4,6.4
40124,12.313041,76.29391,25.3,38.8,22.7,12.4,1.37,6.8
40125,10.771937,76.098855,21.7,50.9,14.9,22.1,1.21,5.2
40127,18.871369,73.60098,34.5,26.9,20.8,16.9,1.36,6.3
40128,8.391463,77.310193,30.6,32.3,22.0,29.4,1.2,5.5
40129,10.957111,76.876018,14.9,47.3,22.4,13.0,1.41,6.5
40131,14.364596,75.264018,26.1,33.9,25.5,10.5,1.36,6.2
40132,18.176274,73.199796,28.0,37.0,18.5,17.1,1.39,6.1
40133,12.398541,76.359711,28.0,37.7,18.5,12.1,1.38,7.0
40134,16.239081,73.421089,0.0,0.0,0.0,0.0,0.0,0.0
40135,15.973528,74.641611,19.8,44.1,14.2,14.4,1.3,6.2
40136,9.228968,77.811649,30.0,39.7,17.1,14.0,1.46,7.6
40137,16.70201,73.568816,28.7,30.5,21.3,20.0,1.37,6.1
40138,10.456475,77.226478,25.6,41.1,16.6,25.0,1.24,5.9
40139,9.826533,76.536707,22.7,37.0,24.6,22.0,1.14,5.4
40140,12.730429,75.540141,24.9,54.0,15.2,16.2,1.2,5.4
40141,15.858703,74.903601,23.3,36.5,23.1,15.2,1.35,7.2
40142,18.260018,73.699443,38.3,26.2,19.4,19.4,1.38,6.2
40143,14.145052,74.482796,25.3,36.4,21.7,22.5,1.25,5.8
40144,13.969876,74.707244,17.6,43.6,22.2,23.0,1.2,6.1
40145,8.559086,77.307982,27.2,34.1,22.6,49.8,1.0,5.1
40146,12.435542,76.161334,25.5,40.3,19.8,11.1,1.31,7.0
40147,10.459165,76.870636,26.5,37.1,22.4,35.7,1.04,5.3
40148,14.693984,75.451653,37.3,28.2,29.4,12.3,1.4,7.5
40150,9.721867,77.075415,29.0,35.6,23.7,33.4,1.01,5.2
40151,9.252653,77.167179,32.6,32.8,23.9,32.5,1.11,5.1
40152,10.291799,77.927653,19.4,44.3,19.3,13.2,1.44,7.3
40153,12.999714,75.596898,22.0,38.7,21.4,23.0,1.2,5.5
40154,16.78233,74.205158,21.8,44.4,14.2,12.8,1.37,6.4
40155,16.655476,73.884418,26.5,29.9,20.8,21.0,1.25,6.2
40157,9.763227,76.587776,20.9,35.0,27.4,24.6,1.12,5.3
40158,16.155307,73.960229,35.6,26.4,18.6,20.0,1.27,6.3
40159,9.684434,77.60865,24.7,39.9,18.9,24.5,1.34,6.5
40160,10.635704,76.694612,16.4,57.7,16.2,24.8,1.3,5.6
40161,10.243234,76.671265,25.4,39.8,21.0,31.1,1.1,5.2
40162,12.7801,75.798842,16.9,46.0,23.3,20.2,1.26,5.8
40163,17.639791,73.485689,30.8,29.9,24.0,19.1,1.32,5.9
40164,11.430812,77.00679,25.2,41.5,23.4,22.9,1.23,6.2
40165,10.529676,77.479465,20.0,47.1,18.0,13.8,1.5,6.8
40166,8.720261,77.269678,32.3,36.5,21.6,33.8,1.14,5.5
40167,14.916056,74.176219,18.0,49.5,21.4,27.4,1.2,5.5
40168,13.098931,75.357737,25.8,51.3,14.5,20.9,1.24,5.4
40170,13.524385,75.516913,23.3,41.9,20.9,24.0,1.19,5.4
40171,14.812355,74.990996,16.3,46.1,21.2,12.6,1.33,6.2
40172,19.550658,74.01472,39.9,19.7,25.8,13.3,1.59,6.8
40173,17.099302,73.743149,28.6,30.9,20.0,18.0,1.3,6.1
40174,10.983213,76.141955,24.0,49.5,16.5,22.4,1.25,5.3
40175,16.478012,73.700179,25.8,29.8,22.2,20.0,1.37,6.0
40176,10.362399,77.005806,27.3,29.6,27.8,40.7,0.96,5.1
40177,9.483402,76.968851,25.1,34.3,28.2,35.4,1.12,5.1
40178,9.812824,77.198378,29.9,35.5,22.5,27.5,1.19,5.6
40179,11.375178,76.495131,27.6,31.1,24.5,24.1,1.04,5.2
40180,12.13325,76.56018,29.3,36.0,21.9,10.1,1.39,6.8
40181,18.869135,73.551099,0.0,0.0,0.0,0.0,0.0,0.0
40182,15.727427,74.455469,23.4,42.2,14.0,13.4,1.33,6.2
40183,11.517738,75.922314,28.5,47.5,13.5,31.1,1.06,5.3
40184,13.998309,75.532442,19.5,36.3,24.9,11.2,1.38,6.4
40185,15.742687,74.376424,18.7,42.0,18.9,18.6,1.29,6.2
40186,10.672245,77.271655,16.5,51.1,17.4,11.9,1.48,7.2
40187,9.125138,77.490733,21.5,43.4,22.1,18.2,1.38,6.6
40189,10.807888,77.300562,19.2,46.6,15.1,14.0,1.45,6.8
40190,14.007069,75.070916,17.2,48.5,20.4,18.1,1.36,6.0
40191,11.046041,76.375197,21.2,43.8,21.5,20.9,1.16,5.4
40192,15.112464,74.546052,18.2,46.6,21.0,22.0,1.33,5.9
40193,18.643633,73.090366,37.1,29.8,24.5,10.1,1.44,6.5
40194,15.244297,74.913969,26.4,35.3,22.0,18.0,1.3,5.9
40195,12.283067,76.537194,25.5,40.0,20.0,11.5,1.36,6.8
40196,9.760375,77.849416,22.8,45.8,15.3,24.3,1.44,7.6
40197,16.57036,74.356597,19.0,41.9,13.9,12.0,1.42,6.5
40198,17.960967,73.612626,36.9,27.8,17.2,22.1,1.38,5.8
40199,9.732165,77.261617,20.3,44.2,22.1,19.9,1.37,5.9
40200,10.093613,77.561909,22.2,44.1,16.4,13.8,1.43,7.2
40201,13.676251,75.530432,20.6,41.2,17.3,30.7,1.24,5.7
40202,13.912297,74.604394,27.1,42.0,17.8,21.9,1.2,6.0
40203,13.181377,75.990871,16.7,45.2,20.7,13.7,1.27,6.7
40204,10.559723,76.107476,23.4,25.8,27.4,26.0,1.14,5.3
40205,11.88884,76.43047,27.3,39.2,19.0,11.3,1.33,5.8
40206,9.039356,77.67702,28.5,37.1,18.4,25.1,0.0,7.4
40207,16.600564,73.569385,24.4,30.9,23.6,21.0,1.41,6.1
40208,12.626422,76.358609,25.2,41.5,16.5,10.8,1.39,7.3
40209,12.484742,76.05619,30.5,39.6,15.9,13.0,1.3,6.3
40210,8.965176,77.71766,24.9,42.2,18.2,15.6,1.46,7.0
40211,16.58398,73.636259,26.2,33.9,19.2,18.0,1.36,6.1
40213,12.465384,75.18101,27.9,49.7,13.4,22.9,1.1,5.5
40215,12.508862,76.082757,27.8,37.6,19.2,14.0,1.31,6.6
40216,17.402851,73.270745,21.3,37.0,23.2,16.0,1.36,6.1
40217,11.471014,76.503319,19.2,36.2,33.3,26.6,1.04,5.3
40219,12.652441,75.185459,24.0,48.3,16.1,22.9,1.12,5.5
40220,10.164173,76.88667,28.7,34.9,21.7,30.8,1.01,5.2
40221,13.710502,75.313035,19.9,42.2,19.4,22.7,1.18,5.3
40222,15.57761,74.567402,20.0,45.7,16.1,12.5,1.33,6.2
40223,16.448554,73.904962,28.8,29.1,20.4,26.2,1.19,6.0
40224,13.72685,75.459651,17.5,46.0,21.1,23.2,1.31,6.1
40225,8.476371,77.189794,30.4,32.3,20.8,27.7,1.19,5.3
40226,11.866879,76.322727,21.5,48.5,18.0,17.0,1.25,5.6
40227,12.042418,76.286742,27.3,39.5,18.6,14.1,1.29,5.9
40228,12.792862,75.597812,24.6,52.9,14.9,28.0,1.13,5.3
40229,15.242462,74.798268,27.3,30.9,21.3,12.1,1.41,6.2
40230,10.522202,77.591221,16.7,46.7,16.1,18.0,1.46,7.2
40231,9.282563,77.699534,26.1,40.5,20.3,14.1,1.58,7.5
40232,9.438187,77.326663,30.2,30.2,23.1,35.4,1.14,5.3
40233,9.015822,76.740109,27.2,36.6,24.3,26.2,1.13,5.2
40234,13.418406,75.451544,26.8,41.9,17.8,27.8,1.15,5.4
40235,13.63266,74.963993,23.8,49.0,18.0,21.8,1.15,5.6
40236,16.099377,74.510826,30.2,34.7,24.9,11.1,1.37,6.3
40237,15.546905,74.699513,23.6,39.6,15.7,12.1,1.33,6.1
40238,16.064697,74.287083,19.5,42.8,17.2,17.7,1.27,5.8
40239,9.807859,76.657045,24.2,36.6,20.5,25.2,1.1,5.3
40241,18.722958,72.896249,28.0,33.9,26.6,12.4,1.35,6.5
40242,16.012247,73.869932,29.1,32.4,17.8,19.6,1.33,5.4
40243,11.093353,77.134558,21.6,42.5,18.3,23.4,1.4,7.5
40244,15.573443,74.836148,20.0,36.8,22.8,9.7,1.38,6.2
40246,10.070549,77.614541,20.7,41.6,19.7,14.0,1.48,7.4
40247,10.992758,76.889424,18.6,47.1,21.2,14.0,1.42,6.6
40248,16.288912,73.615739,22.9,31.4,25.4,18.3,1.35,6.1
40249,14.444416,75.50161,39.8,27.2,27.9,10.3,1.42,7.1
40250,15.753445,74.855904,29.9,33.4,19.9,15.5,1.4,6.8
40251,11.682981,76.643839,20.4,40.3,22.9,17.0,1.2,6.1
40252,9.936056,77.904796,24.9,40.3,19.9,14.2,1.54,7.6
40253,14.719471,74.912102,16.5,47.7,19.9,15.8,1.3,5.6
40254,9.595791,76.854245,23.8,34.0,30.1,30.9,1.09,5.2
40255,15.089034,74.88279,23.1,40.6,20.1,12.7,1.4,6.1
40256,9.084399,77.21662,29.1,33.5,21.1,38.5,1.1,5.3
40257,13.317843,75.203569,23.8,45.3,17.6,30.4,1.12,5.4
40258,11.114769,77.321205,0.0,0.0,0.0,0.0,0.0,0.0
40260,12.730516,75.532398,26.3,54.8,14.6,17.7,1.2,5.5
40262,15.690248,74.792814,21.8,35.8,21.8,10.1,1.37,6.2
40264,11.296739,77.26889,18.3,39.9,24.5,15.9,1.38,7.4
40265,17.846334,73.18619,29.4,31.7,23.9,16.7,1.38,6.1
40266,10.436203,76.337247,25.4,48.0,14.3,21.4,1.2,5.2
40267,16.498692,73.495412,21.5,35.5,22.3,18.0,1.45,6.1
40268,17.791454,74.016646,32.0,27.6,21.9,14.2,1.44,7.0
40269,18.185265,73.100553,26.5,35.6,20.4,14.3,1.4,6.2
40270,18.860298,73.575326,33.8,27.8,22.8,15.0,1.38,6.3
40271,15.473874,74.576504,17.7,43.8,17.4,14.7,1.35,6.2
40272,15.617639,74.173993,21.1,36.8,20.5,19.4,1.35,5.9
40273,17.971219,74.028977,25.6,35.1,20.5,13.3,1.42,6.8
40274,15.91328,74.106653,31.5,31.3,16.6,24.6,1.19,6.1
40275,17.4147,73.760066,0.0,0.0,0.0,0.0,0.0,0.0
40276,11.366122,76.38936,25.8,44.1,18.9,22.6,1.09,5.4
40277,12.92364,75.12104,29.0,47.2,12.6,20.9,1.21,5.5
40278,10.836572,76.220565,22.0,45.7,18.9,26.4,1.15,5.3
40279,10.03703,76.390098,25.5,34.8,27.1,25.1,1.2,5.2
40280,9.681962,77.144065,29.8,29.6,25.3,31.1,1.1,5.4
40281,11.34374,77.164606,17.3,48.7,17.3,13.0,1.42,7.2
40282,12.070158,76.790117,24.1,39.4,18.8,12.5,1.34,7.4
40283,14.449629,74.615109,19.4,48.2,18.4,19.0,1.32,5.5
40284,15.622102,74.923608,21.2,35.0,31.1,9.9,1.4,6.9
40285,12.239095,76.335376,22.2,39.8,24.2,24.0,1.3,6.7
40286,8.858646,77.257702,24.2,32.8,31.6,51.0,0.98,5.0
40287,10.596582,76.541388,21.2,52.6,16.0,23.5,1.25,5.4
40288,14.110396,75.316569,21.0,42.7,14.8,15.2,1.31,6.2
40289,16.361395,73.486912,18.5,38.2,21.0,14.5,1.44,6.0
40290,13.017064,74.847601,32.1,46.3,12.4,22.5,1.26,6.0
40291,10.736026,76.219793,22.2,42.1,22.4,22.9,1.2,5.3
40292,11.475718,77.155114,24.6,35.5,23.7,18.1,1.4,6.6
40294,10.534248,77.163584,16.0,44.7,19.7,16.3,1.4,6.5
40295,9.518073,77.770571,26.2,39.9,17.9,13.4,0.0,7.6
40296,14.702294,74.318467,22.2,42.1,17.5,16.3,1.38,5.5
40298,13.219656,74.791521,31.0,46.3,14.7,22.0,1.16,5.8
40299,14.185082,75.029538,18.0,40.6,23.4,12.9,1.37,6.1
40300,10.142265,77.761156,24.3,42.0,18.1,14.9,1.57,7.5
40301,18.556885,73.281973,31.9,32.8,24.9,12.0,1.38,6.2
40302,16.582548,74.094409,17.3,43.1,21.5,15.5,1.4,6.5
40303,11.148476,76.137977,25.5,49.7,16.8,21.7,1.1,5.4
40305,16.7993,74.230867,22.7,45.6,15.0,15.5,1.36,6.2
40306,15.522256,74.15134,18.5,31.8,27.2,17.5,1.35,5.6
40307,14.231416,74.780646,18.3,45.8,22.5,23.0,1.28,5.5
40308,9.263296,76.901183,32.3,32.7,22.7,27.8,1.12,5.1
40309,18.303059,73.236564,30.9,29.5,25.3,12.6,1.41,6.1
40310,18.661045,73.438712,41.1,26.2,17.6,18.7,1.37,6.2
40311,15.874249,74.047965,27.9,35.0,20.2,26.0,1.25,6.2
40312,11.997702,75.981075,22.7,44.2,21.0,22.5,1.12,5.4
40313,11.817039,76.097289,18.6,38.0,24.2,21.2,1.22,5.4
40314,14.323988,74.840031,14.9,47.1,20.9,14.0,1.39,6.2
40315,15.153196,74.14226,21.4,39.4,19.3,16.6,1.28,5.4
40316,14.564732,74.421187,17.7,49.3,20.7,22.1,1.23,5.5
40317,16.073088,74.205125,19.7,47.4,16.2,17.8,1.3,6.1
40318,11.262478,76.300547,23.4,46.5,19.9,20.4,1.21,5.6
40319,9.668896,77.022932,25.0,40.9,22.4,23.8,1.17,5.1
40320,17.948403,73.2612,32.1,30.4,21.2,17.6,1.37,6.1
40321,12.066174,76.593576,26.7,36.1,21.1,13.0,1.34,7.1
40322,14.418561,75.310478,22.1,35.8,26.4,10.3,1.37,6.1
40323,18.111452,73.17748,23.9,37.8,18.9,16.7,1.44,6.0
40324,15.578087,74.721169,19.8,40.6,15.7,10.2,1.37,6.1
40325,9.710111,76.905252,25.5,35.1,27.4,30.9,1.04,5.1
40326,15.170334,74.90705,28.3,32.3,22.0,10.3,1.36,6.3
40327,10.14558,76.430052,0.0,0.0,0.0,0.0,0.0,0.0
40328,12.655264,76.24691,19.8,43.2,16.8,11.6,1.3,7.1
40329,10.04448,76.294017,0.0,0.0,0.0,0.0,0.0,0.0
40330,13.37461,75.51082,25.0,49.3,15.8,19.0,1.18,5.3
40331,15.101988,74.614821,17.7,45.7,18.6,20.8,1.23,5.6
40332,8.998574,76.727275,26.1,35.6,25.3,24.7,1.15,5.4
40333,16.506272,73.505363,27.5,33.0,21.1,20.3,1.39,6.1
40334,11.549954,76.483004,24.1,40.6,24.1,21.3,1.2,5.4
40335,13.752316,74.986241,16.8,44.3,22.0,26.1,1.14,5.4
40337,14.356409,74.566419,16.6,44.9,20.4,29.0,1.1,5.6
40338,11.834844,75.453007,27.3,42.7,16.1,23.4,1.12,5.5
40339,10.376805,77.039875,26.7,33.6,27.0,35.3,1.0,5.2
40340,11.583815,76.562025,25.4,36.6,23.4,19.9,1.16,5.6
40341,13.725795,75.26023,20.7,44.4,15.9,18.9,1.27,5.4
40342,10.828427,76.795771,30.8,41.2,17.6,19.1,1.3,5.8
40343,15.972696,74.163574,18.6,46.2,17.4,17.7,1.27,6.0
40345,16.382,74.167168,18.7,33.3,24.1,12.6,1.4,6.5
40346,9.958087,77.519842,20.3,42.4,16.9,14.7,1.46,7.2
40347,15.713373,74.234625,17.8,44.4,18.3,16.8,1.28,6.1
40348,16.150176,74.610696,0.0,0.0,0.0,0.0,0.0,0.0
40349,10.033035,76.79096,22.7,35.8,29.0,30.1,1.1,5.2
40350,12.933687,76.178457,22.9,37.3,24.3,12.1,1.36,6.9
40351,18.994996,73.352691,40.3,33.3,20.7,9.5,1.42,6.5
40352,16.468352,73.79611,27.8,31.4,22.4,21.7,1.34,6.1
40353,10.148128,77.315918,25.5,31.5,28.1,65.4,1.0,5.1
40354,9.384776,77.674292,28.4,38.1,18.6,15.2,1.54,7.5
40355,10.619027,77.478565,21.7,41.9,17.6,14.8,1.48,7.2
40358,14.2893,75.29075,33.4,32.2,17.4,10.1,1.38,6.3
40359,15.705051,73.801521,20.9,32.8,22.4,16.9,1.3,5.4
40360,11.210833,76.096328,23.4,48.3,20.2,20.1,1.21,5.4
40361,17.718755,73.849631,27.2,26.7,23.9,19.4,1.27,6.0
40362,14.598303,75.468426,26.0,38.4,19.0,11.8,1.4,7.5
40363,11.340334,76.885077,22.4,39.1,23.6,25.0,1.27,6.2
40364,10.881393,77.13627,17.2,44.5,16.5,14.0,1.44,7.8
40365,11.62224,75.709848,27.0,51.3,14.5,19.9,1.23,5.4
40366,13.698793,75.493078,20.2,47.9,16.0,17.8,1.24,5.6
40367,18.029841,73.519079,32.6,26.3,22.7,22.7,1.34,5.9
40368,15.633444,74.320838,26.8,37.7,18.7,29.9,1.13,5.5
40369,17.67364,73.659721,22.0,32.9,19.0,23.2,1.36,5.8
40370,13.148023,75.59448,24.8,40.8,19.0,18.7,1.2,5.5
40371,16.445753,74.370867,31.3,33.7,16.8,10.5,1.4,6.5
40372,11.242817,76.6006,24.6,33.6,26.7,56.9,0.92,5.4
40374,18.344114,72.969909,29.6,36.1,24.4,15.2,1.36,6.2
40375,8.784405,77.104718,25.6,31.5,26.6,38.2,1.06,5.2
40376,14.622379,74.334628,20.2,49.1,19.3,21.2,1.25,6.1
40377,17.223362,73.838975,31.1,30.8,21.5,25.0,1.2,5.8
40378,9.584593,77.21701,29.9,33.6,24.9,35.1,1.07,5.3
40379,11.997653,76.806708,20.8,42.3,21.0,11.1,1.38,7.5
40380,9.029812,77.318805,24.9,43.7,17.6,21.0,1.4,5.8
40381,13.604206,75.106845,16.5,48.2,19.4,27.0,1.19,5.5
40382,17.987311,74.00608,37.3,25.9,20.6,13.9,1.34,6.8
40383,16.712716,73.870483,28.1,29.3,20.7,20.4,1.28,6.2
40384,12.026859,76.701066,23.0,37.9,22.4,12.6,1.36,7.6
40385,9.111715,76.915184,28.1,33.1,23.8,24.2,1.14,5.1
40386,15.713571,73.817572,20.7,35.1,22.8,18.1,1.37,6.1
40387,12.89942,75.064918,34.3,45.1,11.9,21.7,1.24,5.7
40388,18.325049,73.700617,21.5,32.8,25.5,20.1,1.35,6.1
40389,11.152839,76.978169,16.4,54.7,13.3,12.1,1.41,8.0
40390,17.96982,73.86482,30.6,30.8,19.0,12.6,1.42,6.8
40391,15.759906,73.813899,24.3,35.1,19.1,20.2,1.42,5.9
40392,11.746239,75.752296,28.6,48.2,14.9,26.8,1.1,5.4
40393,18.257519,73.625487,32.8,29.4,19.4,20.4,1.25,6.1
40394,10.562538,77.720966,18.9,44.5,17.0,12.5,1.48,7.8
40395,10.071004,76.467148,23.7,42.6,16.7,24.5,1.2,5.2
40396,10.813149,76.405543,24.5,52.4,15.0,22.9,1.22,5.2
40397,8.883411,77.420862,26.6,41.5,18.0,16.0,1.42,6.1
40398,8.859842,76.722221,27.6,33.1,24.3,22.7,1.24,5.3
40399,16.231076,74.162462,19.2,38.2,21.9,21.9,1.26,5.9
40400,13.46979,75.356488,23.3,41.9,19.9,25.2,1.14,5.3
40401,11.494815,77.151006,27.4,37.6,20.8,17.0,1.4,6.7
40402,13.48208,75.014946,24.9,47.0,16.6,22.4,1.2,5.6
40403,11.706716,76.797177,24.5,35.5,18.9,10.2,1.37,6.5
40404,10.466469,77.584493,18.1,46.8,18.8,14.8,1.42,7.0
40405,8.829636,77.648563,22.9,38.9,22.1,14.0,1.5,7.0
40406,12.230301,76.419108,26.5,37.7,22.6,11.7,1.33,6.9
40407,13.402525,75.092534,24.9,44.3,19.1,32.4,1.12,5.5
40408,17.609601,73.814177,28.3,29.9,21.1,22.4,1.21,6.2
40409,17.001723,73.854036,27.8,29.4,21.0,18.0,1.38,6.0
40410,18.728452,74.03384,22.8,31.8,24.8,10.8,1.56,7.2
40411,11.101248,76.264161,21.5,46.2,23.5,21.2,1.22,5.4
40412,14.306317,74.429544,0.0,0.0,0.0,0.0,0.0,0.0
40414,10.062015,76.882876,27.2,33.3,25.2,29.6,1.08,5.1
40415,11.661908,76.890964,26.8,33.0,23.1,11.9,1.32,6.9
40416,12.496396,75.26388,28.3,51.3,12.7,23.9,1.07,5.4
40417,13.323111,75.260214,29.5,41.9,16.4,25.9,1.1,5.4
40418,14.893573,74.914196,17.5,47.2,18.9,15.7,1.28,5.6
40419,13.879748,75.539843,25.7,38.4,16.2,12.7,1.39,6.3
40420,14.269935,74.485805,23.7,41.8,21.5,22.7,1.25,5.6
40421,11.006896,77.485689,17.9,43.9,18.6,11.8,1.5,7.3
40422,10.855639,76.084847,23.1,49.4,14.7,20.9,1.23,5.2
40423,9.60723,77.027756,31.5,38.2,18.9,30.4,1.18,5.3
40424,10.883787,76.438954,20.6,46.9,21.2,21.8,1.2,5.3
40426,16.596841,74.153918,17.2,44.6,18.5,15.1,1.39,6.4
40427,15.578303,74.900062,19.1,34.8,30.5,10.3,1.4,6.6
40428,16.448131,73.661094,26.2,28.1,23.2,17.0,1.37,6.0
40429,9.500461,76.541485,23.7,31.4,28.2,22.7,1.22,5.1
40430,9.844955,76.445215,22.9,35.4,26.1,21.5,1.2,5.2
40431,18.644084,73.315667,30.9,33.5,25.9,12.9,1.39,6.4
40432,14.882976,75.1947,27.8,33.3,30.2,12.5,1.42,6.5
40433,17.207103,74.007715,23.3,35.6,20.0,14.1,1.34,6.3
40434,15.081266,75.248703,33.0,30.7,32.2,10.8,1.4,7.6
40435,10.860491,77.303171,16.4,49.9,15.6,11.8,1.46,6.9
40436,13.442283,75.464418,24.2,43.7,19.7,18.7,1.18,5.3
40437,15.079697,74.709367,16.9,46.7,18.6,15.8,1.3,5.6
40438,10.643234,76.952868,22.5,42.9,21.8,20.4,1.4,5.8
40439,10.522295,76.119391,25.5,23.0,27.2,22.1,1.1,5.2
40440,15.949093,74.36388,18.0,50.1,15.0,12.9,1.3,6.1
40441,9.287204,77.300222,31.5,31.7,23.3,39.5,1.14,5.3
40442,15.036212,74.364489,17.1,47.1,20.1,26.5,1.23,5.5
40443,13.822966,75.273796,16.5,49.8,16.9,17.7,1.26,5.6
40444,13.741916,75.804184,21.8,43.2,17.1,10.3,1.4,6.5
40445,14.956083,75.203314,27.9,35.4,23.7,11.1,1.4,6.5
40446,12.937478,75.368665,25.9,49.7,15.9,18.1,1.23,5.5
40447,16.84328,73.655029,25.9,28.6,22.3,18.1,1.37,6.0
40448,13.287542,75.60131,30.2,41.9,14.7,25.8,1.12,5.4
40449,9.518474,76.699825,24.1,39.0,26.2,26.9,1.14,5.3
40450,14.60834,74.430512,20.1,44.2,19.6,22.5,1.25,5.5
40451,11.57499,76.164712,27.3,42.4,18.6,23.0,1.19,5.4
40452,16.855186,74.097568,19.3,42.0,17.5,13.6,1.39,6.3
40453,9.46967,77.155964,30.4,32.2,23.9,35.4,1.06,5.3
40454,10.744528,76.914787,19.7,45.8,20.4,14.9,1.42,5.9
40455,8.321972,77.328036,31.6,29.6,22.2,31.0,1.43,5.8
40456,16.338626,74.414467,21.4,36.7,23.7,12.2,1.35,6.2
40457,12.994458,75.237111,24.3,49.4,16.0,18.0,1.27,5.5
40458,16.68971,73.398775,25.8,32.8,24.7,14.0,1.4,6.1
40459,15.461255,74.833062,26.6,35.7,15.8,10.2,1.42,6.3
40460,10.246826,77.31875,27.6,35.3,24.1,31.1,1.06,5.4
40461,11.084553,75.92591,27.0,56.4,12.2,18.8,1.25,5.3
40462,10.423385,77.467973,19.4,45.8,16.7,17.1,1.39,6.8
40463,18.76163,74.041938,27.0,28.7,25.0,9.1,1.58,7.2
40465,16.145206,73.74335,31.0,26.7,20.5,19.2,1.33,5.6
40466,11.577581,75.65379,28.0,48.5,13.2,24.0,1.23,5.4
40467,10.009585,76.715669,24.2,37.4,24.4,24.3,1.2,5.3
40468,12.472157,75.233114,27.5,53.8,12.0,22.9,1.1,5.4
40469,10.623372,76.383362,21.1,55.3,15.0,21.2,1.12,5.4
40470,10.268134,77.000672,29.2,32.9,26.7,34.9,1.01,5.1
40471,11.487994,76.749656,25.8,38.6,24.8,32.5,1.04,5.7
40472,15.579275,74.675395,18.7,45.8,15.0,10.4,1.33,6.2
40473,12.116708,76.570006,29.8,35.0,22.6,12.5,1.37,6.4
40474,11.2571,76.792376,22.2,41.4,19.5,23.2,1.3,6.2
40475,9.283705,76.879275,30.9,30.6,26.4,23.9,1.12,5.3
40476,16.125867,73.995415,25.2,31.0,18.7,16.3,1.31,6.0
40477,13.412554,75.396093,30.2,44.8,15.3,30.7,1.1,5.4
40478,15.707291,74.772658,29.1,34.5,16.3,9.8,1.38,6.3
40479,12.99493,74.956595,34.2,49.2,9.9,19.9,1.24,5.5
40480,9.746621,76.481453,21.2,31.6,29.9,20.6,1.23,5.2
40481,11.673621,76.052608,25.0,43.8,19.1,19.2,1.18,5.4
40482,10.271112,77.696258,25.5,40.6,21.6,23.6,1.31,6.6
40483,15.044263,75.110158,24.9,38.1,17.6,12.0,1.4,6.2
40484,10.388829,76.844172,27.3,35.0,20.0,29.9,1.09,5.2
40485,10.906833,77.2441,18.6,46.2,16.0,12.4,1.43,7.8
40486,9.358266,76.483675,22.9,28.3,31.5,30.0,1.19,5.3
40487,15.624126,74.3127,29.2,34.0,18.1,23.8,1.19,5.6
40488,12.724448,76.268746,25.2,42.3,16.2,10.5,1.3,6.9
40489,14.937794,74.660308,15.7,47.3,22.1,22.7,1.24,5.5
40490,13.432497,75.491332,24.1,47.0,18.7,17.0,1.23,5.5
40491,18.641497,73.697532,27.8,27.8,21.1,10.0,1.54,6.5
40493,11.862314,76.66553,27.2,36.8,20.0,12.5,1.34,6.8
40494,11.160013,75.920055,27.7,56.9,11.8,23.0,1.27,5.4
40495,9.51087,77.389522,31.3,29.1,21.7,52.2,1.06,5.2
40496,15.773904,73.766079,23.6,36.5,21.3,16.1,1.44,6.1
40497,9.145113,77.388162,16.8,44.1,21.8,18.8,1.37,5.8
40498,15.543468,74.327629,29.2,37.5,17.7,24.6,1.2,5.6
40499,11.599509,76.15935,26.0,45.4,18.7,23.9,1.22,5.3
40500,9.330112,77.229171,32.1,30.8,27.4,56.4,1.01,5.1
40501,15.932367,73.604149,24.9,33.0,27.9,17.8,1.38,5.8
40502,11.108051,76.703144,26.6,35.6,21.6,23.3,1.23,6.0
40503,10.700068,76.250886,23.9,44.8,18.8,19.5,1.17,5.4
40504,14.050861,75.545976,19.3,36.0,27.7,12.3,1.4,6.6
40505,10.309997,77.348813,23.9,34.1,24.8,37.0,1.02,5.5
40506,9.838168,77.21346,29.9,31.1,25.3,27.5,1.1,5.2
40507,15.067132,74.942792,28.5,36.6,21.9,13.3,1.36,6.0
40508,14.285881,74.573288,15.7,48.5,19.1,27.9,1.21,5.6
40509,8.739608,77.413782,21.1,40.9,20.9,17.4,1.45,6.0
40510,11.288559,76.205785,23.7,44.1,18.4,18.9,1.3,5.6
40511,14.226983,75.065251,14.7,46.6,21.9,15.4,1.33,6.1
40512,18.164578,74.107148,27.8,29.2,25.2,10.7,1.58,7.2
40513,11.967965,76.067458,22.6,43.0,21.9,25.2,1.08,5.3
40514,9.641787,76.508234,21.4,33.6,32.0,23.0,1.23,5.2
40515,18.290638,73.36504,23.8,32.4,22.2,20.8,1.36,6.0
40516,8.770821,77.021288,35.1,30.6,19.1,26.0,1.2,5.2
40517,15.645325,73.717657,0.0,0.0,0.0,0.0,0.0,0.0
40518,8.971388,76.789787,26.1,38.3,23.9,19.7,1.14,5.3
40520,9.967754,77.387502,24.2,41.5,16.1,19.3,1.4,6.9
40521,14.177099,75.066777,16.3,48.8,20.6,15.7,1.3,6.2
40522,9.859104,76.481709,23.5,36.1,23.8,26.7,1.16,5.2
40523,12.939942,75.620782,25.6,47.8,15.5,27.8,1.1,5.4
40524,10.393374,76.87956,28.9,39.3,18.9,26.8,1.15,5.2
40526,9.423135,76.981347,28.9,32.7,22.8,29.9,1.14,5.2
40527,12.44154,76.08627,23.2,42.1,19.7,10.9,1.35,6.4
40528,11.377015,76.316844,22.0,47.2,21.5,19.2,1.27,5.6
40529,13.351083,75.401401,24.9,45.0,16.9,26.8,1.1,5.4
40530,14.72262,74.342732,20.8,45.7,17.8,21.2,1.27,5.4
40532,16.222018,74.207922,22.8,38.9,17.0,17.8,1.33,6.1
40534,15.501071,74.892015,20.2,36.3,24.2,10.8,1.4,6.2
40535,12.853525,75.30239,26.8,48.7,13.8,19.3,1.2,5.4
40536,8.924961,76.917113,0.0,0.0,0.0,0.0,0.0,0.0
40537,16.664418,73.833498,25.3,31.2,24.4,21.6,1.31,6.1
40538,18.758632,73.460416,31.7,29.3,22.2,13.2,1.37,6.3
40539,14.866538,74.461978,19.5,42.4,18.8,22.8,1.25,5.4
40540,13.546909,74.997327,25.9,49.4,14.9,18.0,1.25,5.5
40541,15.119013,74.675816,17.7,47.6,20.4,15.3,1.32,5.8
40542,11.764535,76.552693,24.9,42.6,19.9,18.1,1.22,6.0
40543,10.794769,76.207818,23.0,46.7,15.7,21.9,1.22,5.2
40544,10.110123,76.977108,29.2,28.2,29.9,51.2,1.0,5.1
40545,12.41174,76.262337,28.8,41.1,18.3,12.3,1.33,6.7
40546,12.402538,76.262591,27.6,42.3,18.1,10.8,1.33,6.7
40547,18.618952,72.956728,33.4,33.9,22.4,12.0,1.38,6.5
40548,14.812709,74.638087,19.6,43.3,23.6,23.7,1.23,5.5
40549,16.879686,74.190249,0.0,0.0,0.0,0.0,0.0,0.0
40550,13.161635,74.984173,26.2,49.4,13.8,20.9,1.22,5.6
40551,15.968569,73.816907,26.8,31.7,18.9,19.8,1.37,5.6
40552,15.352162,74.577318,17.7,43.3,20.9,21.0,1.28,5.6
40553,15.798136,74.50464,23.7,40.2,15.4,11.9,1.3,6.0
40554,17.565708,74.050939,25.1,33.5,22.1,11.8,1.51,6.8
40555,13.560115,75.696296,22.0,38.5,23.6,32.1,1.16,5.8
40556,15.287748,75.125037,33.1,36.0,18.6,10.0,1.4,6.7
40557,18.991498,73.619142,33.5,22.4,24.2,16.4,1.36,6.4
40558,12.901549,75.653658,21.8,42.3,21.7,27.2,1.12,5.5
40559,18.31754,73.395579,31.1,29.3,18.6,25.0,1.33,5.7
40560,9.468373,76.923876,26.4,34.5,27.8,31.1,1.12,5.1
40561,10.947633,76.483576,23.3,43.3,21.4,22.6,1.23,5.4
40562,18.544731,73.175616,30.9,36.3,18.1,19.0,1.37,6.2
40564,10.468252,76.58028,28.9,44.4,15.9,31.9,1.07,5.3
40565,10.939962,77.560454,21.9,37.1,23.6,19.1,1.41,7.6
40566,15.293663,75.094214,23.3,38.3,18.9,10.0,1.42,6.6
40567,11.712653,76.337211,20.6,40.1,22.1,20.3,1.2,5.6
40568,11.427305,77.16814,18.0,41.1,19.8,12.0,1.4,7.9
40569,18.822704,73.405162,27.3,31.3,21.9,23.5,1.34,6.2
40570,12.586367,76.363568,32.5,37.0,15.8,14.8,1.37,7.0
40571,11.162781,76.312474,24.1,46.0,18.8,22.9,1.19,5.5
40572,12.06553,76.725543,26.0,38.3,23.1,11.1,1.37,7.3
40573,13.006713,74.879541,35.2,49.0,9.7,20.9,1.23,5.9
40574,14.953492,75.263311,27.8,32.3,29.4,9.9,1.44,7.2
40575,9.719883,77.659974,36.0,33.2,18.1,29.8,1.24,6.3
40576,13.174333,75.86312,24.3,39.5,22.7,10.0,1.28,5.7
40577,19.309922,74.017074,42.8,20.7,21.2,17.9,1.44,6.7
40578,12.022821,76.11463,23.9,37.6,19.6,21.1,1.2,5.4
40579,14.959061,74.177834,17.8,43.6,19.7,26.0,1.25,5.6
40580,18.216331,73.624568,36.8,26.9,20.0,21.2,1.3,6.1
40581,8.674697,77.413297,21.2,39.0,22.2,18.4,1.4,6.0
40582,15.689351,74.752116,29.1,34.8,14.6,9.7,1.39,6.1
40583,18.779651,73.787923,35.3,25.7,20.5,10.8,1.55,7.0
40584,9.758593,77.460814,20.6,46.0,17.5,20.0,1.37,6.4
40585,10.208632,76.24738,27.5,41.9,15.9,21.4,1.2,5.2
40586,15.33281,75.035418,25.6,36.5,18.6,10.3,1.39,6.5
40587,10.753485,76.250703,19.6,45.6,18.1,23.8,1.22,5.3
40588,11.80644,76.910117,19.4,43.0,21.4,12.2,1.32,7.3
40589,10.123393,77.200465,26.0,31.4,29.5,60.0,0.97,5.1
40590,10.80135,76.657512,21.8,44.8,17.1,23.6,1.27,5.6
40591,13.100228,75.586743,23.1,41.5,23.1,18.1,1.2,5.5
40592,9.978187,76.796717,28.3,30.0,26.3,27.8,1.1,5.3
40593,14.589006,75.141854,32.3,28.6,24.1,10.3,1.33,6.2
40594,12.461176,76.468548,0.0,0.0,0.0,0.0,0.0,0.0
40595,17.419709,74.092436,23.2,37.7,20.6,10.4,1.5,6.8
40596,9.657549,76.423316,25.8,29.6,31.4,24.1,1.18,5.2
40597,10.961434,76.905081,14.5,53.1,16.2,12.3,1.4,7.0
40598,16.478874,73.383866,20.2,34.5,24.3,18.7,1.38,6.3
40599,10.268047,76.289518,22.4,52.9,14.5,20.7,1.23,5.2
40600,14.767126,74.774833,16.3,47.6,21.7,19.3,1.24,5.5
40601,14.127802,74.606735,16.7,45.1,20.2,21.9,1.24,5.4
40602,16.094643,74.533079,30.8,34.3,24.8,15.5,1.38,6.4
40603,9.494898,77.510619,29.0,40.9,17.6,22.7,1.33,6.2
40604,16.451835,74.451427,23.8,35.5,18.8,11.1,1.43,7.1
40605,18.35551,73.133862,32.0,32.9,23.5,16.3,1.4,6.2
40606,11.687776,75.864222,30.0,40.6,16.4,34.4,1.04,5.2
40607,18.122494,73.621675,30.8,30.3,15.7,23.0,1.4,5.9
40608,9.161322,77.046614,27.9,37.6,19.5,32.0,1.14,5.2
40609,16.112241,74.016896,28.8,32.2,16.3,30.9,1.2,6.2
40610,13.705223,75.825333,20.6,41.8,16.7,9.7,1.38,6.5
40611,14.70408,74.970133,18.9,39.8,22.5,18.1,1.29,6.1
40612,8.94412,76.728203,25.0,36.5,27.9,23.6,1.18,5.4
40613,10.412327,76.504051,24.2,44.0,19.0,31.2,1.1,5.3
40614,17.019318,74.119213,27.8,36.9,18.5,19.0,1.38,6.4
40615,16.384513,74.12715,18.6,36.6,24.3,13.0,1.4,6.3
40616,18.013005,73.219301,29.1,32.5,21.2,30.9,1.26,5.6
40618,16.333284,74.596348,24.1,34.6,21.8,10.4,1.4,7.0
40619,11.37986,77.132794,16.2,46.0,18.1,14.7,1.4,7.6
40620,12.575711,75.034748,24.8,51.4,13.4,18.1,1.2,5.7
40621,12.261435,76.298016,21.0,41.9,21.3,12.1,1.31,6.7
40622,17.674168,73.308257,34.3,27.0,21.9,16.3,1.38,6.0
40623,15.346883,74.678917,18.7,40.6,18.9,14.0,1.31,6.0
40624,18.998481,73.112964,0.0,0.0,0.0,0.0,0.0,0.0
40625,18.876177,73.672702,34.9,24.4,18.3,20.1,1.4,6.6
40626,12.78642,74.897248,31.8,47.9,10.5,23.0,1.25,5.7
40627,16.991738,73.608417,26.0,30.3,22.6,19.2,1.37,6.2
40628,11.598406,75.715948,26.2,44.6,18.5,20.9,1.14,5.4
40629,17.566228,73.798689,31.5,28.0,23.7,34.0,1.14,5.6
40630,12.865105,75.651512,27.7,44.3,15.3,27.8,1.08,5.4
40631,15.837076,74.929308,21.3,36.9,26.0,11.1,1.38,6.9
40632,14.924821,75.107101,27.9,40.8,15.3,11.2,1.34,6.1
40633,11.85834,76.763607,24.2,42.2,15.8,12.5,1.38,7.0
40634,11.621698,75.966752,31.5,40.8,17.2,32.4,1.06,5.3
40635,16.080089,73.787471,26.6,30.5,19.8,19.9,1.36,6.1
40636,15.686801,74.586491,21.3,39.6,16.7,12.9,1.33,6.2
40638,16.990427,73.704335,24.3,33.0,21.2,19.2,1.35,6.1
40639,12.881539,75.298209,29.0,44.5,14.5,21.3,1.2,5.4
40640,9.701112,77.004971,31.8,34.1,22.7,31.0,1.09,5.2
40641,18.027786,74.05427,41.9,30.6,13.7,13.6,1.43,7.0
40642,9.257712,76.63561,24.3,36.0,24.4,26.1,1.2,5.2
40643,9.738567,76.58111,21.9,39.5,23.9,23.8,1.1,5.3
40644,9.894127,77.735443,26.0,44.6,15.3,16.5,1.4,7.4
40645,12.92282,76.00767,31.5,34.7,23.3,12.0,1.3,6.3
40647,18.052726,73.929336,26.1,36.9,19.8,14.7,1.41,6.8
40648,18.115322,73.826919,23.9,33.3,22.0,23.1,1.35,6.2
40649,17.143984,74.048668,25.8,36.2,20.6,11.3,1.4,6.2
40651,13.38446,75.458835,26.2,45.2,17.8,19.9,1.14,5.3
40652,14.124306,74.952431,0.0,0.0,0.0,0.0,0.0,0.0
40653,9.362288,76.715507,28.1,38.6,21.9,24.6,1.13,5.2
40654,14.169879,75.156488,15.1,49.0,19.5,17.5,1.3,5.7
40655,18.758325,73.218496,32.7,36.2,18.5,15.1,1.42,6.2
40656,17.806275,73.979313,29.6,28.6,23.3,14.0,1.41,6.8
40657,8.81364,77.403673,22.6,46.4,18.6,17.8,1.42,6.2
40659,9.36983,77.457282,23.1,38.8,23.7,20.0,1.4,6.6
40660,14.166583,75.323729,24.8,36.7,20.2,10.7,1.4,6.2
40661,10.686787,77.522558,19.2,48.2,19.2,18.1,1.4,6.6
40662,9.277466,76.601984,26.4,39.5,15.9,27.2,1.2,5.4
40663,11.710553,76.778245,26.2,37.1,18.8,12.8,1.33,6.4
40664,10.149139,77.81972,23.6,47.1,13.6,15.8,1.41,7.1
40665,9.555807,76.815439,25.3,35.1,30.5,25.6,1.11,5.1
40666,13.158578,75.834599,25.1,42.8,20.5,14.0,1.27,5.8
40667,17.675267,74.003333,31.1,33.8,16.2,17.9,1.37,6.6
40668,16.008825,73.775385,22.2,28.1,24.6,15.2,1.38,5.9
40669,9.320678,76.899484,23.7,35.8,25.4,28.1,1.17,5.2
40671,18.563019,73.15754,30.9,36.5,18.0,16.0,1.38,6.3
40672,10.132695,77.658163,25.6,42.7,18.9,12.9,1.48,7.4
40673,14.838928,74.795373,15.3,49.2,21.6,15.5,1.29,5.7
40675,18.835995,73.444072,21.9,28.9,20.0,25.4,1.28,5.6
40676,13.238397,74.884301,29.0,49.5,13.9,20.5,1.16,5.7
40677,12.884275,74.845503,0.0,0.0,0.0,0.0,0.0,0.0
40678,9.392966,76.532598,28.2,29.5,30.5,26.1,1.2,5.4
40679,11.788374,75.838559,27.2,44.1,15.7,24.2,1.12,5.4
40680,17.578367,73.959323,25.7,35.8,21.8,21.4,1.35,6.1
40681,10.909311,76.2818,25.2,47.1,17.1,22.4,1.19,5.3
40682,14.758399,74.975247,16.7,42.6,22.4,16.9,1.28,5.6
40683,17.284637,73.701015,34.9,28.1,19.1,22.7,1.23,5.7
40684,10.273133,76.880007,27.3,35.4,26.8,30.8,1.07,5.2
40685,14.432787,74.830974,16.6,50.9,19.5,19.0,1.32,5.5
40686,12.464994,76.086822,25.3,42.3,17.1,12.8,1.29,6.4
40687,16.459247,73.367007,16.8,36.6,24.0,14.3,1.4,6.1
40688,12.958437,75.428335,25.2,53.3,14.4,16.8,1.23,5.4
40689,17.329763,73.457405,30.8,26.3,23.9,17.8,1.37,6.0
40690,17.292091,73.386093,27.8,28.3,25.0,19.1,1.37,6.0
40691,16.115426,74.602388,22.7,45.9,14.2,10.5,1.3,6.4
40692,15.178488,74.325756,24.3,44.0,18.7,27.8,1.12,5.6
40693,10.831813,77.426244,19.3,39.6,19.8,12.9,1.48,7.2
40694,13.798175,75.019111,14.8,47.8,24.0,17.7,1.29,5.4
40695,13.596103,75.091257,20.2,46.3,18.8,29.1,1.14,5.6
40696,11.822858,76.935966,20.0,45.0,21.3,12.9,1.31,7.2
40697,10.838839,77.511963,21.9,37.8,23.4,20.0,1.4,7.2
40699,13.941568,75.15358,16.1,49.5,21.5,19.2,1.3,5.8
40700,18.038201,73.506067,32.1,24.0,24.3,20.7,1.37,6.0
40701,11.109758,76.630039,25.8,34.3,20.1,19.8,1.3,6.0
40702,8.842587,77.254921,26.9,32.4,26.6,46.1,1.04,5.1
40703,11.7577,76.447154,26.0,42.5,18.3,18.0,1.22,5.8
40704,18.942095,73.90464,26.8,29.6,21.6,10.8,1.57,6.9
40705,14.957666,75.04826,22.3,39.7,20.0,14.6,1.34,6.0
40706,15.726051,73.869934,24.0,35.4,20.0,17.3,1.41,6.0
40707,13.131671,75.57532,23.3,42.1,18.7,18.3,1.21,5.4
40708,11.039384,76.390192,21.8,43.8,22.1,23.9,1.12,5.4
40709,15.387226,74.426157,17.4,35.6,23.4,15.8,1.29,5.7
40710,14.470357,74.893005,15.6,45.4,21.3,15.4,1.32,6.2
40711,16.694246,74.321736,19.0,36.5,17.3,12.5,1.45,6.6
40712,11.579117,76.353508,21.0,44.1,22.4,21.1,1.14,5.4
40713,15.463691,74.90842,23.5,35.1,26.8,11.2,1.36,6.3
40714,16.386423,74.558856,21.5,40.4,17.2,10.3,1.4,6.5
40715,11.281165,77.083967,15.3,50.9,14.4,14.0,1.44,7.6
40716,16.6351,74.446717,18.4,46.6,16.8,10.4,1.44,6.5
40717,14.306524,74.810659,15.2,47.7,19.5,16.7,1.26,5.6
40718,17.992143,73.497457,31.5,24.5,26.0,23.0,1.34,5.6
40719,11.929076,76.586015,24.6,40.5,19.2,16.0,1.3,6.7
40720,11.410789,76.162758,26.2,38.6,22.7,40.7,0.98,5.2
40721,17.667591,73.936495,35.3,29.3,22.6,14.1,1.38,6.5
40722,10.268562,77.069255,27.4,30.4,29.5,33.5,1.04,5.3
40724,11.450099,76.54672,22.4,34.8,29.8,33.8,1.04,5.7
40725,18.311202,73.663572,31.2,29.5,21.7,16.9,1.37,6.3
40726,11.164498,75.857424,0.0,0.0,0.0,0.0,0.0,0.0
40727,18.192689,73.868853,28.9,31.6,21.7,17.6,1.4,6.7
40728,12.685232,75.246665,26.2,44.3,16.0,21.1,1.2,5.4
40729,9.17236,76.999562,28.4,38.2,18.8,23.9,1.16,5.2
40730,10.78187,75.982792,0.0,0.0,0.0,0.0,0.0,0.0
40732,14.001148,75.687868,20.4,38.8,19.6,11.1,1.4,6.6
40733,15.546267,74.980308,18.3,37.0,30.3,10.0,1.4,6.8
40734,17.366356,73.819634,30.2,31.4,21.8,18.0,1.34,6.3
40735,8.71869,77.217416,26.7,32.7,25.5,32.8,1.06,5.1
40736,12.493514,76.022629,32.3,36.6,18.2,14.4,1.24,6.3
40737,9.774491,77.237468,27.4,34.5,23.5,32.0,1.19,5.8
40738,17.752383,73.669868,33.8,28.2,20.3,21.0,1.29,6.1
40739,13.728414,74.871668,25.6,49.2,16.9,21.4,1.23,5.6
40740,10.453455,77.137222,28.6,34.7,25.1,29.7,1.15,5.8
40741,10.042052,77.660489,23.5,44.3,17.1,17.0,1.42,7.2
40742,18.067587,73.468171,32.2,27.5,26.0,20.2,1.36,6.1
40743,9.428698,76.900143,26.3,32.4,26.5,28.0,1.15,5.2
40745,10.783394,75.971671,21.9,22.2,29.8,25.0,1.12,5.3
40746,15.582304,74.464639,17.7,36.5,23.8,14.8,1.33,6.0
40748,8.62884,77.262975,30.2,36.6,21.0,32.0,1.12,5.2
40749,12.555644,76.445996,27.7,37.6,18.8,14.5,1.35,7.0
40750,10.755779,77.647127,23.9,39.0,21.5,17.8,1.4,7.2
40751,9.877929,76.624014,25.4,39.3,18.3,21.5,1.14,5.3
40752,9.785734,76.822882,25.1,38.9,24.6,35.0,1.1,5.1
40753,16.626593,73.430993,22.1,37.1,20.8,18.0,1.38,6.1
40754,11.127843,76.942273,15.3,51.6,13.3,12.3,1.4,6.9
40755,14.936147,75.326567,40.0,26.4,28.7,10.9,1.42,7.8
40756,9.011794,77.747911,24.3,45.2,17.6,19.5,1.41,7.5
40757,8.394735,77.045769,29.5,37.5,20.0,29.5,1.35,5.4
40758,9.264017,77.145248,26.7,31.7,27.6,31.0,1.12,5.1
40759,9.466906,77.500234,21.6,40.8,22.5,19.2,1.4,6.4
40760,12.916538,75.892817,24.4,41.4,21.0,18.8,1.23,5.9
40761,9.943735,77.695397,20.5,39.0,22.7,29.8,1.24,5.9
40762,12.42832,76.469087,0.0,0.0,0.0,0.0,0.0,0.0
40763,16.414097,74.604273,25.7,38.6,14.6,12.0,1.39,6.6
40764,14.48238,74.514165,22.4,47.9,20.1,22.5,1.24,5.5
40765,15.313772,74.008386,0.0,0.0,0.0,0.0,0.0,0.0
40766,19.482527,74.002449,41.8,19.2,25.1,19.3,1.43,6.7
40767,11.986217,76.674021,24.7,40.4,19.0,13.1,1.33,7.4
40768,15.681321,73.733587,24.9,34.5,24.4,17.0,1.38,5.8
40769,12.742504,74.884345,0.0,0.0,0.0,0.0,0.0,0.0
40770,11.189103,77.343887,20.9,38.2,18.1,13.2,1.42,7.7
40771,13.088627,75.843489,23.3,42.6,21.2,14.6,1.26,5.7
40772,15.758871,74.108541,26.6,35.0,17.3,23.2,1.37,5.6
40773,13.470615,75.652405,23.3,41.2,21.6,21.7,1.2,5.4
40774,11.467973,75.749516,27.0,48.5,14.7,21.1,1.24,5.5
40775,14.521864,75.143001,25.4,34.8,20.4,9.9,1.35,6.2
40776,9.843247,76.535283,22.3,43.1,20.5,22.4,1.19,5.3
40777,16.763358,74.167515,17.7,39.6,20.0,15.4,1.35,6.6
40779,14.699676,74.368913,15.0,49.5,20.5,28.7,1.22,5.5
40780,18.728788,73.132877,40.3,32.6,19.3,12.4,1.49,6.6
40781,15.81932,74.721655,33.9,31.6,23.8,11.0,1.38,6.5
40782,10.039779,77.836057,24.5,44.0,14.7,21.1,1.35,6.8
40783,8.714418,77.402757,20.0,38.0,24.0,17.8,1.4,5.9
40784,9.283534,76.492689,24.2,34.8,22.0,26.1,1.18,5.1
40785,13.224367,75.081819,27.4,45.5,15.0,18.0,1.3,5.7
40787,16.008482,74.636786,26.9,31.5,25.7,20.2,1.35,6.4
40788,17.151171,73.474436,23.0,34.2,22.8,20.9,1.37,6.1
40789,12.400878,76.059316,24.9,39.9,23.3,11.2,1.27,6.2
40790,8.566241,77.094426,30.6,37.2,19.8,21.8,1.3,5.3
40791,12.025489,76.283744,26.7,39.5,19.1,15.3,1.3,5.9
40792,14.165179,75.386565,19.4,41.1,19.2,10.1,1.4,6.3
40793,15.585932,74.932246,23.9,35.6,26.9,8.8,1.42,6.4
40794,16.323179,73.740379,24.4,29.9,23.8,18.0,1.31,6.0
40795,10.872191,76.70954,24.7,40.3,18.8,26.2,1.2,5.7
40796,16.351769,73.952591,30.1,30.7,16.4,30.9,1.1,5.5
40797,9.286268,77.347085,22.6,39.7,21.8,41.0,1.33,5.8
40798,13.742118,75.348527,16.4,42.0,23.8,16.2,1.3,6.0
40799,8.881501,77.41121,21.2,43.0,21.1,15.3,1.42,6.0
40801,12.907114,75.709264,25.2,42.0,22.1,26.4,1.14,5.6
40802,10.860044,76.591513,23.9,45.2,21.5,26.8,1.2,5.5
40803,17.611411,73.847116,27.7,30.3,21.7,19.2,1.27,6.2
40804,13.449341,75.80786,19.6,42.0,21.8,19.1,1.22,5.9
40805,15.73176,74.73424,41.0,28.0,20.0,11.7,1.4,6.5
40806,14.168901,74.906473,18.0,49.3,18.6,20.6,1.27,5.9
40807,15.486682,74.337107,17.7,41.3,19.8,21.6,1.27,5.5
40808,10.351648,76.522529,26.9,41.1,19.6,28.0,1.12,5.3
40809,10.595925,77.180166,16.4,48.6,15.6,11.9,1.45,7.0
40810,9.03538,76.740259,27.4,37.4,22.5,24.2,1.12,5.2
40811,8.717525,76.88901,27.9,35.2,19.7,24.3,1.3,5.3
40813,15.552586,73.785492,25.1,30.7,24.7,14.9,1.27,6.2
40814,16.099097,74.368354,19.2,40.3,16.0,15.4,1.3,6.0
40815,16.623875,74.087167,17.6,43.4,17.8,17.0,1.33,6.1
40816,17.386439,73.712792,32.7,29.8,18.5,19.3,1.26,6.2
40817,15.204108,74.00955,26.3,35.1,19.8,18.0,1.4,6.2
40819,9.761271,76.739391,27.1,36.4,21.8,30.1,1.13,5.2
40820,18.691638,73.855573,25.8,31.0,22.5,12.4,1.57,7.0
40821,17.921599,74.039402,29.8,29.8,19.4,16.7,1.38,6.6
40822,13.049796,75.432949,22.9,54.1,17.2,23.0,1.15,5.4
40823,11.670905,76.414593,16.5,42.3,26.6,16.6,1.15,5.4
40824,9.715984,76.79282,22.6,33.2,28.9,31.0,1.04,5.3
40825,11.638888,76.343517,19.1,40.2,25.3,22.0,1.14,5.4
40826,18.373725,73.611428,0.0,0.0,0.0,0.0,0.0,0.0
40827,11.408626,76.000435,25.5,45.6,17.8,22.9,1.18,5.4
40828,14.434005,74.61164,15.7,50.5,20.1,17.5,1.37,5.5
40829,10.542285,77.005051,20.2,45.8,18.2,20.9,1.4,6.1
40830,17.127065,73.900274,27.1,27.6,23.0,17.0,1.32,6.1
40831,14.009915,75.316293,20.5,40.2,17.1,18.8,1.27,5.9
40832,14.820644,75.396751,39.7,27.3,28.3,11.0,1.4,7.9
40833,18.111108,73.583477,34.3,28.7,20.1,19.0,1.37,6.1
40834,12.584032,76.121302,34.4,35.7,16.0,14.6,1.33,6.6
40835,10.841465,77.632918,25.9,40.9,19.1,12.2,1.5,7.0
40836,17.175255,73.404591,21.5,34.5,23.1,19.3,1.36,5.9
40837,11.810787,75.717237,27.2,45.9,16.5,33.9,1.07,5.2
40838,15.36435,75.163377,20.3,41.0,14.6,10.9,1.4,6.8
40839,13.984966,75.707768,18.6,38.9,19.7,12.6,1.42,6.5
40840,10.88772,75.990661,23.1,42.8,19.1,22.4,1.2,5.3
40841,13.413526,75.222412,19.6,45.4,19.3,22.7,1.2,5.3
40843,17.406339,73.890575,24.3,32.3,22.0,12.4,1.38,6.0
40844,9.127881,76.943902,31.0,31.0,22.0,27.5,1.12,5.2
40845,13.159933,75.325603,26.0,40.6,21.0,36.1,1.02,5.4
40846,13.128266,75.119664,26.0,47.8,15.1,16.8,1.2,5.5
40847,9.250237,77.595343,29.0,37.8,18.5,26.6,1.37,6.9
40848,11.36807,76.477199,28.5,33.0,24.5,29.7,1.01,5.2
40849,15.826104,74.518088,19.0,41.5,13.7,10.7,1.36,6.0
40850,15.676152,73.791806,23.9,32.0,24.9,16.9,1.4,6.2
40851,11.854893,76.4931,22.8,43.9,20.1,16.9,1.24,6.1
40852,11.388142,76.206346,25.3,47.7,14.7,29.9,1.06,5.4
40853,13.002433,75.38805,26.8,52.9,14.5,21.4,1.14,5.4
40854,9.59911,77.417476,30.7,38.9,19.7,34.0,1.2,5.7
40855,18.264809,73.485018,32.4,26.8,20.8,23.8,1.33,6.2
40856,12.626642,74.943819,27.9,48.5,13.1,21.6,1.25,5.7
40857,10.260234,77.781127,19.5,42.5,20.3,24.6,1.3,6.7
40858,16.421099,73.618703,20.5,35.0,23.0,21.0,1.37,6.0
40859,15.098212,74.843111,24.8,38.2,16.7,13.7,1.3,6.0
40860,12.299347,76.216594,22.7,41.9,17.5,12.2,1.3,6.8
40861,13.678984,75.512458,22.1,43.7,16.0,17.4,1.19,5.6
40862,16.920083,73.870939,28.1,34.4,17.8,17.0,1.28,6.0
40863,11.031742,76.387966,22.1,48.2,18.3,23.9,1.15,5.4
40864,10.744572,77.340395,17.5,43.8,18.4,11.7,1.43,7.2
40865,17.204662,74.123085,28.9,36.1,15.6,10.3,1.49,6.4
40866,14.34337,74.96762,13.9,44.4,22.2,11.6,1.37,6.2
40867,15.0242,74.306055,16.4,44.0,21.1,29.5,1.15,5.5
40868,14.613363,74.34418,19.3,49.5,19.7,20.0,1.28,6.0
40869,15.317796,74.739061,33.9,27.0,22.9,12.1,1.4,6.0
40870,16.038204,74.127214,20.1,38.6,18.0,17.9,1.25,5.8
40871,18.692346,73.347986,31.5,33.1,25.1,15.2,1.33,6.3
40873,14.426739,75.57836,38.2,27.6,28.5,11.1,1.44,6.9
40874,16.670897,74.408372,18.5,45.8,15.4,11.8,1.4,6.5
40875,11.438072,77.131239,23.9,38.3,19.5,12.7,1.41,7.6
40876,9.693603,77.727528,31.5,32.2,21.6,17.0,1.48,7.2
40877,15.903762,73.593662,20.0,34.7,28.3,28.7,1.3,6.4
40878,17.082521,74.186637,19.2,41.9,19.6,11.7,1.42,6.4
40879,15.943085,74.801885,21.1,37.5,24.8,12.1,1.35,6.6
40880,11.155284,77.010173,18.0,48.9,14.0,14.0,1.41,7.3
40881,16.648443,73.758511,24.5,28.9,23.1,18.0,1.34,6.2
40882,16.915984,73.946095,16.8,34.1,25.1,11.3,1.39,6.4
40883,17.685215,74.12644,44.1,26.2,21.5,10.5,1.5,7.4
40884,17.183315,74.023539,27.6,36.1,19.9,17.0,1.31,6.3
40885,11.887832,76.103465,25.0,42.0,21.6,23.7,1.17,5.4
40886,15.566591,74.345517,20.8,41.8,18.5,21.1,1.25,5.7
40887,10.690813,76.159703,23.6,44.3,17.1,16.3,1.2,5.2
40888,9.772084,77.81934,22.0,44.5,15.2,19.2,1.48,7.5
40889,13.168094,75.767457,23.1,35.3,22.4,18.1,1.25,5.7
40890,10.167327,77.613686,29.2,39.1,15.3,34.8,1.2,6.0
40891,13.821665,75.109126,17.4,48.5,19.4,21.4,1.25,5.3
40892,17.977758,73.172487,27.8,32.1,22.0,22.5,1.38,5.7
40893,18.564617,73.025116,32.9,35.0,19.1,19.1,1.37,5.8
40894,8.852676,77.105159,30.4,36.5,20.3,30.4,1.12,5.2
40895,15.522336,74.510404,18.0,40.5,17.6,16.2,1.3,6.2
40896,11.25664,76.295816,23.2,48.0,20.4,19.5,1.2,5.6
40897,15.615749,74.319524,20.6,40.0,20.8,22.1,1.29,5.6
40898,13.958294,75.451173,20.0,39.5,20.6,13.0,1.4,6.2
40899,18.053215,73.707484,27.1,27.4,18.2,25.0,1.2,5.6
40900,12.447366,76.436402,26.7,39.6,20.1,12.1,1.39,6.8
40901,18.697273,72.860905,0.0,0.0,0.0,0.0,0.0,0.0
40903,14.146925,75.339029,24.1,38.5,20.9,10.9,1.39,6.2
40904,8.885453,77.325522,21.8,43.0,20.9,22.6,1.35,5.9
40905,17.76792,73.893222,34.3,30.8,20.1,17.5,1.39,6.4
40906,13.611283,75.843582,21.0,37.3,21.0,12.7,1.33,7.3
40907,14.836954,74.499143,18.6,45.6,22.3,19.1,1.31,5.6
40909,9.607774,77.202903,27.4,33.8,25.3,27.4,1.09,5.4
40910,17.285508,73.346916,24.4,28.8,24.9,18.6,1.38,6.2
40911,11.431487,76.269955,24.8,47.2,19.9,23.3,1.17,5.5
40912,14.357231,75.233001,32.6,30.4,29.4,12.6,1.37,6.3
40913,11.366959,76.584865,20.5,35.1,31.9,49.3,1.04,5.6
40914,14.24767,75.244222,26.8,31.2,25.2,15.4,1.38,6.3
40915,10.744645,76.773981,19.4,42.8,19.7,22.3,1.27,5.6
40916,13.318847,75.490877,24.7,43.0,18.0,18.6,1.16,5.4
40917,10.591479,76.370351,26.0,51.2,13.3,25.2,1.18,5.3
40918,12.656162,75.247112,27.8,46.7,12.9,20.2,1.11,5.4
40919,11.268396,76.626064,22.8,31.5,35.5,33.8,1.0,5.5
40920,16.893569,74.040226,18.5,38.2,17.0,12.0,1.35,6.3
40921,13.402907,75.19324,24.3,44.3,18.0,27.9,1.15,5.5
40922,9.843085,76.508253,21.3,38.5,26.3,20.3,1.18,5.4
40924,15.737874,74.238365,17.7,39.2,18.1,17.0,1.25,5.5
40925,9.871852,77.043559,27.7,37.1,22.7,28.4,1.13,5.1
40926,13.045703,75.346716,24.7,53.6,15.2,22.8,1.14,5.5
40927,14.175042,74.871528,0.0,0.0,0.0,0.0,0.0,0.0
40928,14.6496,75.313891,26.3,35.1,25.3,11.2,1.41,6.4
40929,9.233579,76.536927,23.3,35.0,24.7,32.0,1.24,5.4
40930,8.862659,76.798676,29.2,34.8,24.3,21.2,1.18,5.3
40932,10.277158,77.03622,32.9,27.2,27.3,47.0,0.94,5.1
40933,14.51346,74.617967,17.4,46.4,21.2,22.3,1.2,5.3
40935,17.125323,73.518433,30.8,29.4,23.5,21.1,1.36,5.9
40936,10.376538,76.713587,23.6,36.9,24.9,35.5,1.04,5.2
40937,17.051303,74.052816,22.1,38.6,19.5,11.3,1.39,6.4
40938,13.502749,75.872739,21.8,39.6,25.5,15.2,1.29,6.6
40939,12.088796,76.107511,23.4,39.9,24.3,22.5,1.19,5.4
40940,9.452502,77.831467,35.4,39.0,16.6,18.7,0.0,7.6
40941,18.080935,74.080369,35.7,28.3,17.8,10.1,1.56,7.0
40942,12.818739,75.635466,31.6,46.2,12.8,25.7,1.09,5.4
40943,16.878226,73.877026,26.8,33.2,18.9,21.0,1.29,6.1
40944,10.521172,77.207985,24.2,43.3,16.9,17.9,1.4,6.6
40945,14.068904,75.428999,24.5,36.5,22.7,10.8,1.38,6.5
40946,11.61123,76.378126,19.1,42.5,24.0,22.4,1.11,5.4
40947,17.558441,73.526907,28.9,28.6,25.2,21.0,1.37,6.1
40948,9.93766,76.691904,27.9,39.5,18.3,23.8,1.14,5.3
40949,17.638206,73.286253,29.0,31.3,20.7,17.1,1.39,6.1
40950,13.134813,75.004725,32.3,50.6,10.5,21.0,1.23,5.7
40951,11.191005,77.166653,18.2,47.4,17.7,13.0,1.42,7.6
40952,13.429579,74.778321,25.5,44.5,17.2,21.0,1.23,5.9
40954,13.259737,74.94405,26.1,43.1,16.6,20.1,1.18,6.0
40955,12.619921,74.974525,32.2,49.9,10.1,20.7,1.23,5.9
40956,16.553357,74.047324,19.1,40.9,19.8,17.0,1.36,6.3
40957,9.441968,77.26536,33.8,28.5,23.8,42.0,1.08,5.2
40958,12.411915,76.041718,26.0,39.3,24.1,11.1,1.24,6.2
40959,14.948285,74.95617,19.8,39.9,19.7,15.0,1.29,6.0
40960,12.055244,76.635036,26.5,37.3,21.0,11.5,1.35,7.2
40961,16.82505,73.520704,27.7,30.4,28.4,18.5,1.4,6.1
40962,15.429866,74.15823,21.2,35.9,20.5,17.8,1.35,5.7
40963,9.156319,77.549168,25.2,38.6,21.9,13.7,1.4,6.8
40964,16.577918,74.113221,17.9,38.6,21.5,14.2,1.36,6.5
40965,16.31131,73.852585,27.8,30.7,21.6,23.4,1.25,5.9
40966,8.702448,77.349609,27.7,41.6,17.3,30.9,1.23,5.5
40967,9.089337,77.544991,27.1,38.5,19.3,18.2,1.4,6.4
40968,17.732482,74.055146,33.0,27.2,21.0,11.2,1.45,6.8
40969,17.454281,73.774794,0.0,0.0,0.0,0.0,0.0,0.0
40970,15.284623,74.271706,16.4,48.5,18.8,26.9,1.21,5.7
40971,13.030806,75.51212,25.1,37.9,22.1,35.6,1.11,5.6
40972,16.08336,73.604633,26.2,32.4,27.7,17.8,1.37,6.0
40973,13.656267,75.86375,19.0,41.2,16.1,10.3,1.38,6.6
40974,9.553521,77.799133,34.7,36.4,18.9,14.0,1.52,7.7
40975,11.28079,75.888668,27.7,54.5,11.8,21.5,1.22,5.4
40976,13.025067,75.357609,23.9,49.2,17.6,17.8,1.25,5.5
40977,17.8875,73.919656,29.9,29.3,22.4,15.8,1.4,6.5
40978,9.838666,76.399072,23.9,30.7,29.0,24.9,1.16,5.3
40979,12.713815,76.292329,25.2,40.8,18.2,10.1,1.38,7.0
40980,14.30597,74.464446,24.0,44.8,19.5,16.4,1.26,6.0
40982,11.469009,77.106761,0.0,0.0,0.0,0.0,0.0,0.0
40983,17.76474,73.829776,28.7,29.2,23.6,18.3,1.32,6.2
40984,16.81703,74.009542,20.3,42.8,18.2,20.1,1.3,6.2
40985,18.280371,73.89016,28.7,30.8,22.1,13.0,1.49,6.9
40986,11.171118,76.112187,25.7,53.1,14.9,19.5,1.14,5.4
40988,8.980738,76.733705,24.8,39.8,26.3,24.3,1.18,5.3
40989,18.983707,73.229851,21.0,31.3,21.8,23.4,1.37,5.7
40990,11.031192,76.773947,25.6,33.9,28.5,27.0,1.14,5.7
40991,15.238418,75.147956,35.6,30.3,30.6,10.1,1.42,6.7
40992,14.465702,75.389871,25.8,33.9,28.5,17.3,1.4,6.9
40993,11.598547,75.647912,28.2,48.4,13.4,27.4,1.2,5.3
40994,10.012331,76.520231,24.7,38.4,23.4,22.7,1.2,5.2
40995,18.171398,73.023624,27.0,35.9,22.8,16.0,1.38,6.2
40998,11.25678,77.160817,18.5,48.2,16.1,14.8,1.48,7.4
40999,17.702194,73.350585,29.2,26.5,26.7,16.5,1.38,6.0
41000,17.750157,73.628127,29.8,29.2,20.1,22.9,1.26,5.7
41001,14.818991,75.174291,29.4,36.3,20.5,12.1,1.42,6.1
41002,15.616692,74.205288,18.4,37.8,23.7,21.6,1.34,5.6
41003,14.013986,74.929122,0.0,0.0,0.0,0.0,0.0,0.0
41004,15.505255,74.428342,21.9,40.4,19.4,24.0,1.2,5.8
41005,15.51076,74.001089,23.1,34.3,21.3,23.2,1.3,6.0
41006,15.30318,74.746333,35.5,28.0,21.8,12.5,1.4,6.1
41007,18.076591,73.019607,22.4,36.8,21.6,16.1,1.4,6.0
41008,8.602893,76.997841,30.2,35.1,19.2,24.0,1.4,5.5
41009,9.157993,76.9766,30.5,33.7,19.2,28.0,1.15,5.2
41010,14.679709,75.336729,27.3,33.0,29.4,11.6,1.4,6.6
41011,10.123129,77.366363,29.7,33.1,23.3,31.0,1.13,5.8
41012,10.596719,77.487584,20.4,45.4,16.4,14.7,1.47,7.0
41013,17.851077,73.610694,27.2,30.6,18.0,25.1,1.2,5.6
41014,15.0644,74.260081,16.5,43.7,21.0,28.0,1.2,5.6
41015,14.961438,75.077777,24.2,42.4,15.4,13.9,1.4,6.0
41016,13.388907,75.994752,19.3,40.3,19.7,11.0,1.38,7.6
41017,17.762269,73.391297,31.1,26.2,26.4,16.2,1.36,6.0
41018,9.239684,77.357035,20.1,40.2,22.6,21.7,1.36,6.2
41019,18.452614,73.418899,24.9,29.2,21.9,23.1,1.3,5.8
41020,15.864728,74.019156,24.2,34.7,19.1,22.9,1.32,5.9
41021,18.185168,73.907776,26.9,29.7,26.3,11.3,1.45,6.8
41022,9.519004,77.694818,30.0,35.9,16.8,14.0,1.5,7.5
41023,15.559213,74.941039,20.7,35.9,23.6,10.1,1.4,6.6
41024,14.527363,74.898366,15.6,46.9,20.1,15.3,1.29,5.6
41025,14.409263,74.744699,15.8,46.1,21.8,23.2,1.24,5.5
41027,12.931627,75.875285,28.8,38.5,20.0,18.1,1.2,5.7
41028,11.828885,76.130145,22.7,41.8,22.6,19.1,1.17,5.4
41029,15.513851,74.691174,20.7,39.7,15.5,10.1,1.34,6.2
41030,14.810354,74.255078,18.6,46.9,19.8,25.5,1.24,5.4
41031,12.708859,76.246609,20.2,44.4,16.3,10.8,1.35,7.0
41032,15.784142,74.950624,0.0,0.0,0.0,0.0,0.0,0.0
41033,18.32851,73.333166,33.1,30.5,20.8,16.4,1.38,6.2
41034,12.938803,76.079934,18.0,39.9,21.0,10.6,1.29,6.7
41035,15.166634,75.221466,36.3,27.3,27.3,12.0,1.41,7.8
41036,11.289152,76.307771,22.9,43.8,22.2,23.1,1.24,5.4
41037,16.201626,73.467083,19.8,36.8,24.0,17.6,1.4,6.2
41038,14.606051,74.7338,16.5,51.2,18.6,15.7,1.35,5.6
41041,17.904147,73.647936,38.3,25.8,22.2,31.2,1.18,5.6
41042,18.369205,73.097929,31.4,35.0,21.3,13.2,1.4,6.1
41043,13.811763,74.834905,22.6,47.8,19.7,19.0,1.3,5.5
41045,16.956613,73.361849,22.9,32.5,26.5,19.3,1.36,6.1
41046,9.533867,76.8515,24.9,33.8,27.4,30.9,1.1,5.2
41047,17.770833,73.976012,31.8,31.1,23.2,14.2,1.4,6.7
41048,16.832068,74.142855,17.8,43.4,20.6,15.8,1.35,6.1
41049,10.234809,76.421133,25.7,41.9,15.9,22.0,1.16,5.3
41050,11.890747,76.315496,22.6,42.1,20.9,16.8,1.25,5.8
41051,18.779599,74.015306,24.7,32.1,20.8,10.4,1.57,6.8
41052,14.276259,75.482369,22.6,34.2,25.5,9.9,1.4,6.5
41053,11.34281,75.949894,27.1,48.4,14.1,22.0,1.24,5.4
41054,13.305361,75.468884,23.6,41.2,19.4,19.2,1.16,5.3
41055,12.381033,76.358165,26.8,37.3,22.3,11.2,1.36,7.2
41056,10.559474,77.071953,17.9,46.2,16.1,15.0,1.44,6.8
41057,14.91306,74.349732,14.4,38.0,23.5,18.0,1.31,5.4
41058,11.251729,77.240853,18.2,42.9,22.7,14.0,1.38,7.4
41059,11.479135,76.98987,26.0,39.4,21.0,25.0,1.18,5.8
41060,13.593834,75.883639,21.1,38.0,25.7,14.6,1.27,7.3
41061,8.778304,76.920161,28.4,34.2,23.1,21.0,1.15,5.3
41062,16.014769,74.810615,22.3,35.1,28.6,9.4,1.38,6.7
41063,17.734527,73.625738,32.6,28.8,19.2,23.0,1.27,5.7
41064,13.93352,75.046589,14.1,39.5,27.7,18.1,1.27,6.1
41065,16.364702,73.445077,20.2,36.4,21.9,17.2,1.36,5.7
41066,15.406233,74.912669,26.4,33.4,25.8,9.2,1.4,6.4
41067,14.457756,74.89353,15.8,46.5,20.7,14.3,1.35,6.2
41068,17.187126,73.603665,30.8,28.2,22.9,29.7,1.26,6.1
41069,15.550616,74.950472,17.4,36.9,30.2,10.2,1.38,6.6
41070,13.055744,75.369735,24.1,52.9,15.8,16.8,1.24,5.5
41071,16.908906,74.027401,16.8,35.3,19.6,10.7,1.37,6.4
41072,8.813593,76.96337,29.6,33.6,20.9,22.9,1.23,5.2
41073,9.909986,77.377145,21.0,44.7,20.6,18.6,1.37,6.4
41074,18.086906,73.008938,27.0,35.4,22.8,17.1,1.02,6.2
41075,12.316908,76.037299,22.8,38.7,22.1,12.9,1.25,6.0
41076,11.125625,76.357656,21.6,48.6,19.9,21.6,1.2,5.5
41077,18.218533,73.170289,25.2,35.2,20.0,17.9,1.38,6.1
41078,18.920445,73.704157,35.5,26.5,21.5,18.0,1.4,6.6
41079,14.958828,74.400156,16.0,45.7,20.2,25.9,1.22,5.5
41080,11.116231,76.54353,25.0,35.0,27.0,31.1,1.04,5.3
41082,11.791068,76.012344,23.7,40.7,21.2,18.1,1.17,5.4
41083,16.887763,73.434166,23.2,34.0,22.3,16.1,1.48,6.1
41084,16.97597,74.053575,23.4,33.8,19.8,10.8,1.36,6.5
41085,14.836344,75.160075,28.0,35.5,22.8,10.5,1.4,6.2
41086,16.05425,73.847726,24.6,34.2,23.9,23.0,1.33,5.5
41089,11.649198,75.651592,26.4,46.9,17.3,24.2,1.2,5.4
41090,11.353232,76.494445,26.8,34.0,27.8,34.0,1.02,5.3
41091,13.084627,76.140252,20.0,36.6,28.0,11.3,1.31,7.1
41092,11.181814,77.389243,24.2,36.9,21.5,15.2,1.42,7.6
41093,13.076828,74.932435,33.3,46.4,12.1,24.8,1.2,5.4
41094,14.538177,74.700393,17.5,47.8,18.7,22.5,1.28,5.7
41095,14.246756,75.136238,18.2,43.5,17.2,15.9,1.34,5.9
41096,9.287096,77.630035,28.7,35.0,17.5,18.5,1.45,7.5
41097,10.21616,77.571525,26.0,34.8,24.6,37.0,1.14,5.9
41099,10.966963,77.428107,17.1,42.9,17.3,10.3,1.48,7.0
41101,18.407436,73.38779,32.7,30.8,20.7,19.4,1.38,6.2
41102,14.789126,75.441443,39.3,29.1,24.8,11.4,1.42,7.9
41103,10.715404,75.990639,0.0,0.0,0.0,0.0,0.0,0.0
41104,13.865751,75.830555,22.2,38.5,15.8,17.0,1.35,6.4
41105,9.008422,77.633576,27.0,37.0,18.8,21.2,1.4,7.1
41106,15.72844,74.565515,22.1,37.4,19.9,12.5,1.38,6.2
41107,9.812717,76.530049,22.4,35.6,25.9,22.9,1.2,5.4
41109,10.470043,77.152415,0.0,0.0,0.0,0.0,0.0,0.0
41110,18.636507,73.722724,26.3,30.1,17.8,10.8,1.56,6.4
41111,15.231351,74.844571,35.3,29.9,26.8,11.4,1.4,6.2
41112,10.584465,77.297654,15.9,53.3,15.1,11.7,1.48,6.7
41113,17.422797,73.484725,31.6,23.7,23.5,14.8,1.4,6.0
41114,10.815499,76.206818,21.0,51.0,15.2,19.1,1.21,5.2
41115,11.189644,76.909016,18.9,46.0,20.6,19.4,1.26,6.5
41116,17.298454,73.223285,0.0,0.0,0.0,0.0,0.0,0.0
41117,11.459383,76.869716,22.4,37.5,27.7,33.8,1.08,5.9
41118,8.674465,77.382879,24.4,41.4,20.5,27.8,1.22,5.4
41119,16.164229,74.662493,25.2,43.2,14.0,10.3,1.4,6.4
41120,12.847243,76.288136,30.3,36.3,19.1,11.5,1.39,7.2
41121,15.359812,74.05485,18.6,42.0,20.1,22.4,1.29,5.6
41122,14.29491,75.399045,33.5,29.3,21.8,10.0,1.4,6.4
41123,13.053322,75.215896,27.6,49.4,13.3,17.9,1.28,5.5
41124,10.32056,77.420743,20.5,36.3,30.1,31.1,1.14,5.7
41125,17.697362,73.214286,29.0,30.6,22.1,17.3,1.38,6.1
41126,14.132726,75.048706,16.6,46.6,20.7,15.4,1.32,6.0
41127,14.087833,75.373107,21.3,40.6,18.1,15.1,1.33,5.9
41128,9.661095,76.608251,21.5,40.9,23.7,26.0,1.2,5.3
41129,16.514574,73.34736,21.1,33.0,27.3,19.3,1.23,6.3
41130,15.53108,74.298438,30.5,37.5,17.6,30.0,1.11,5.6
41132,17.794699,73.678755,33.5,30.4,18.8,30.7,1.36,6.2
41133,10.758484,76.238168,20.5,44.9,17.9,19.7,1.2,5.3
41134,11.746068,75.502095,0.0,0.0,0.0,0.0,0.0,0.0
41135,13.000971,76.04375,29.4,33.4,28.8,10.9,1.29,6.4
41136,12.721064,75.661621,31.1,45.8,12.5,27.8,1.1,5.4
41137,14.962676,74.458181,18.3,44.3,21.4,29.0,1.21,5.6
41138,10.554993,77.571018,20.9,42.9,19.2,15.2,1.44,7.2
41139,15.532302,74.503631,18.9,44.5,15.4,17.6,1.28,5.9
41140,12.987223,74.948635,37.0,48.3,8.8,18.9,1.27,5.8
41141,9.785048,77.920652,21.0,45.0,15.4,12.6,1.58,7.7
41142,9.607887,77.806151,28.2,42.9,16.0,14.0,1.58,7.6
41143,9.05294,77.310552,19.5,45.7,17.7,20.3,1.4,5.7
41144,18.650241,73.626019,31.7,28.0,20.9,13.2,1.49,6.2
41145,12.910289,75.140581,32.1,49.6,11.6,24.4,1.17,5.4
41146,16.648968,73.688006,22.7,27.8,28.8,18.3,1.38,6.2
41147,9.525611,76.872082,22.9,38.1,26.2,27.9,1.16,5.2
41148,9.187915,77.008512,27.6,33.8,21.0,28.8,1.13,5.2
41149,16.299836,73.750079,24.4,25.6,27.6,17.4,1.31,6.0
41150,16.811778,73.703008,24.3,34.4,22.7,22.9,1.39,6.1
41152,14.493188,75.538945,38.4,26.5,29.2,9.3,1.4,7.5
41153,11.792174,76.123861,24.3,43.6,19.9,25.1,1.13,5.4
41154,14.175081,75.452133,18.6,40.0,21.9,12.9,1.35,6.3
41155,16.774065,73.524889,28.3,30.8,27.6,20.1,1.28,6.2
41157,10.984918,76.075654,24.1,53.6,14.0,24.4,1.21,5.2
41158,9.116913,77.782442,28.6,41.3,16.8,17.2,1.47,7.5
41159,15.152039,73.96809,26.1,35.7,19.1,17.8,1.38,5.6
41160,14.16608,75.213876,25.4,41.1,17.0,12.8,1.35,6.2
41161,11.036941,77.536836,17.4,41.2,24.6,13.2,1.43,7.5
41162,16.325725,73.522146,22.3,31.2,18.9,19.0,1.42,5.9
41165,15.455696,74.385737,18.0,44.7,18.8,20.0,1.28,5.7
41166,17.928451,73.679151,24.9,27.7,23.5,28.1,1.19,6.2
41167,15.784294,74.301859,0.0,0.0,0.0,0.0,0.0,0.0
41168,10.693873,77.683316,16.1,45.1,17.7,15.6,1.43,7.2
41169,9.993274,77.148187,28.2,29.7,29.7,26.0,1.1,5.4
41170,10.655418,77.314551,16.4,51.3,19.9,12.8,1.48,6.7
41171,15.923543,73.846685,28.4,34.6,16.3,20.0,1.26,5.7
41172,8.963839,76.840514,29.4,33.0,25.7,20.1,1.15,5.2
41173,16.929878,74.105977,19.9,45.0,16.1,11.6,1.36,6.3
41174,9.234045,76.875229,27.1,32.9,25.2,23.9,1.11,5.2
41175,13.623951,75.911301,18.5,38.0,21.8,11.1,1.42,6.8
41177,9.672116,77.199186,23.5,38.9,26.4,35.0,1.15,5.4
41178,17.759733,73.464413,27.4,27.1,27.9,16.6,1.37,6.0
41179,8.915321,77.302215,19.3,41.3,23.4,18.4,1.38,6.0
41180,13.16482,74.963505,27.9,47.6,15.8,23.4,1.16,5.6
41181,18.353901,73.285518,32.0,31.1,21.8,20.3,1.36,6.2
41182,9.554224,77.78843,30.8,39.7,19.5,14.6,1.5,7.6
41183,13.743931,75.875699,21.0,39.7,15.6,13.7,1.4,6.8
41184,13.511663,75.240452,18.9,44.6,17.5,21.2,1.23,5.2
41185,16.498428,73.667228,19.7,30.0,27.9,17.4,1.32,6.0
41186,10.751153,77.769561,20.9,43.6,19.9,12.4,0.0,7.6
41187,10.73167,76.420705,22.4,50.4,17.3,22.0,1.23,5.2
41188,12.290712,76.017216,25.7,36.1,24.4,23.2,1.18,5.8
41189,16.300389,73.652029,25.3,31.3,22.1,17.1,1.4,6.0
41190,11.158229,76.322916,21.9,48.3,18.8,22.9,1.15,5.5
41191,11.605988,76.765051,22.4,42.5,20.5,18.3,1.27,6.3
41192,17.1223,73.643066,29.8,32.3,16.9,16.6,1.4,6.2
41193,18.428228,74.112863,34.6,28.9,21.3,15.1,1.48,7.2
41194,13.741184,75.312596,19.1,43.7,17.5,20.0,1.27,5.6
41195,12.445121,76.162152,28.1,38.4,18.9,13.6,1.33,6.7
41196,17.153574,73.564082,27.9,31.0,25.8,22.8,1.35,6.2
41197,10.725592,76.800336,21.7,39.2,23.2,18.1,1.3,5.8
41198,9.143954,76.859589,31.7,32.5,23.1,24.5,1.13,5.2
41200,14.160389,74.7681,18.0,43.6,21.5,35.4,1.08,5.4
41201,12.338609,76.280368,23.5,41.0,20.0,13.8,1.35,6.9
41202,16.123195,74.440303,18.8,35.6,20.2,13.8,1.3,6.0
41203,13.82469,74.780838,22.5,49.6,17.7,22.6,1.25,5.4
41204,10.37285,77.814544,19.0,40.0,22.1,26.2,1.25,5.9
41205,10.287473,76.272526,22.3,50.6,16.1,21.2,1.23,5.2
41206,11.35326,76.620189,21.3,34.0,31.9,43.5,1.0,5.5
41207,16.091966,74.639928,22.7,41.0,17.3,11.1,1.3,6.3
41208,14.254108,75.597298,26.0,30.8,30.7,11.1,1.4,7.0
41209,18.05882,73.192224,0.0,0.0,0.0,0.0,0.0,0.0
41210,17.358663,74.123846,27.8,32.1,17.7,11.0,1.5,6.5
41211,9.093817,76.700698,26.1,34.5,23.2,24.6,1.2,5.3
41212,13.490484,75.577513,23.6,39.1,18.9,21.5,1.12,5.3
41213,18.743617,73.863278,0.0,0.0,0.0,0.0,0.0,0.0
41214,11.772196,75.605822,27.6,50.1,13.2,19.0,1.21,5.4
41215,15.177319,74.283558,18.2,41.3,25.2,22.9,1.28,5.7
41216,10.893043,76.925536,16.7,48.0,18.2,13.8,1.39,6.9
41217,13.161512,76.096547,19.0,40.2,20.9,14.6,1.38,6.7
41218,11.754853,76.082278,27.2,40.4,18.4,22.3,1.14,5.4
41219,17.936593,73.469517,35.0,24.5,25.2,21.2,1.37,6.1
41220,12.908218,74.909498,35.4,49.7,9.5,19.5,1.23,5.5
41221,14.75529,74.262199,16.7,45.5,20.2,30.7,1.1,5.6
41223,17.206618,73.569464,25.3,32.3,25.9,23.0,1.34,6.2
41224,15.193013,74.859503,35.0,32.7,19.7,11.6,1.37,6.2
41225,13.600084,75.96405,18.7,47.1,13.3,10.2,1.38,6.8
41226,9.545649,77.657399,27.9,39.1,16.1,13.1,1.45,7.3
41227,15.263398,74.835683,28.8,32.4,21.1,11.4,1.38,6.2
41228,9.297875,77.697595,27.8,39.4,21.3,15.8,1.55,7.6
41230,12.856105,74.94824,35.6,48.2,9.9,20.9,1.2,5.5
41231,10.136301,76.708451,28.8,36.8,18.5,28.0,1.04,5.3
41232,14.433485,75.289585,22.1,35.1,29.1,10.3,1.36,6.2
41233,15.044176,74.201298,22.4,45.2,17.4,31.2,1.1,5.5
41234,15.594369,75.057586,31.1,28.6,26.6,12.5,1.4,7.7
41235,17.305406,73.268131,24.5,35.5,21.2,17.4,1.36,6.2
41236,13.606342,74.959076,23.0,51.4,16.0,19.0,1.28,6.2
41238,15.06235,74.658742,15.7,46.7,19.9,17.0,1.27,5.4
41239,18.937515,73.931951,26.9,30.1,18.7,10.8,1.57,6.8
41240,16.969578,73.545917,28.1,30.3,28.1,19.0,1.32,6.1
41242,8.632856,77.023171,31.4,33.1,22.9,24.6,1.19,5.2
41243,9.587292,77.208023,30.1,31.3,25.0,37.0,1.05,5.3
41244,17.282059,73.992016,24.6,35.6,17.2,17.9,1.31,6.2
41245,15.671261,74.52399,22.9,37.1,15.2,11.0,1.32,6.2
41246,13.552478,75.657934,30.6,38.9,17.7,27.0,1.11,5.6
41247,18.907418,73.315688,40.8,33.0,20.5,10.5,1.42,6.6
41248,14.149635,74.825386,13.8,49.2,22.8,18.2,1.28,6.1
41249,16.220313,74.454854,23.9,39.9,15.2,10.0,1.39,6.1
41250,18.357309,74.100534,48.5,24.9,14.6,10.8,1.52,7.2
41251,16.050848,73.859729,26.4,32.3,21.0,20.0,1.34,6.2
41252,11.109468,77.325956,0.0,0.0,0.0,0.0,0.0,0.0
41253,10.68087,76.358625,21.8,48.3,16.9,18.4,1.2,5.4
41254,15.59097,73.947167,0.0,0.0,0.0,0.0,0.0,0.0
41255,12.15428,76.725551,27.6,32.1,19.9,10.3,1.4,6.6
41256,11.30406,77.259002,17.8,40.4,22.2,15.7,1.37,7.4
41257,9.903506,76.397614,24.2,39.1,24.0,22.0,1.3,5.2
41258,11.72928,76.649493,27.4,43.2,17.9,10.7,1.34,6.7
41260,10.02232,76.78912,23.6,37.4,23.6,27.2,1.1,5.2
41261,13.64341,75.703422,18.1,42.1,18.4,16.5,1.25,6.1
41262,8.478163,77.512541,21.8,40.7,22.1,37.5,1.25,5.7
41263,16.812284,74.045809,19.4,37.2,21.3,19.4,1.3,6.2
41264,17.248565,73.810072,32.2,28.0,18.3,25.0,1.21,5.9
41265,11.818677,75.771676,27.5,46.8,15.0,33.8,1.04,5.2
41268,9.279069,77.474709,19.7,42.1,23.3,18.2,1.4,6.8
41269,9.786463,76.430793,25.2,23.3,31.1,30.0,1.12,5.4
41270,18.938848,73.795489,36.2,25.7,19.8,14.1,1.42,6.9
41271,18.78815,73.140171,32.6,33.8,18.4,13.8,1.41,6.2
41272,17.618976,73.913295,24.0,35.4,22.2,20.1,1.31,6.1
41273,13.717295,74.86199,23.6,49.7,17.1,21.2,1.2,5.6
41274,13.727251,75.488504,17.9,46.9,17.5,17.2,1.29,5.9
41275,11.423417,76.183041,28.5,44.3,16.0,35.4,1.01,5.3
41276,14.714645,74.598003,17.8,43.6,21.0,20.1,1.27,5.3
41277,9.049753,76.605049,26.2,32.6,29.1,24.3,1.21,5.3
41278,9.448527,76.591813,22.2,37.0,26.7,19.8,1.22,5.1
41279,14.798476,75.337291,34.8,27.8,29.2,10.2,1.43,7.4
41280,13.262557,75.577343,31.1,41.5,17.2,26.6,1.08,5.5
41281,14.662748,74.719718,15.7,52.3,18.6,18.9,1.3,5.6
41282,15.29224,74.532256,16.9,43.6,20.9,19.0,1.25,5.6
41283,11.263359,77.103928,19.7,49.3,12.9,14.0,1.48,7.4
41284,10.417098,77.577968,18.8,45.4,18.9,19.1,1.33,6.8
41285,17.76827,74.079398,29.0,33.9,19.0,12.0,1.42,7.1
41286,10.379867,76.810808,0.0,0.0,0.0,0.0,0.0,0.0
41287,10.625415,77.677872,15.6,46.7,20.7,14.8,1.43,7.0
41288,12.010834,76.803055,20.4,40.4,21.9,12.1,1.38,7.4
41289,15.890451,74.260929,19.9,43.1,15.1,14.5,1.33,6.1
41290,16.753463,73.627066,24.4,28.8,21.8,17.5,1.39,5.9
41291,10.446791,77.906269,18.8,42.8,20.7,12.0,1.54,7.7
41292,11.323989,77.234303,16.2,40.1,22.0,14.8,1.42,7.1
41293,14.000844,74.648763,16.7,48.5,21.1,27.2,1.14,5.6
41294,9.971298,77.435728,26.4,42.0,15.5,19.9,1.4,6.4
41295,8.525212,77.243762,26.9,36.2,20.5,30.7,1.13,5.3
41296,14.388656,75.276853,23.4,35.9,25.1,10.0,1.31,6.2
41297,13.772538,75.079846,15.7,49.0,20.8,24.2,1.27,5.4
41298,10.996827,76.548651,0.0,0.0,0.0,0.0,0.0,0.0
41299,13.340467,75.783751,27.1,39.6,24.9,11.9,1.27,5.9
41301,14.542696,74.68066,16.7,49.1,17.6,16.6,1.32,6.1
41302,18.797287,73.318553,41.0,31.0,21.2,11.9,1.42,6.6
41303,9.139596,77.401293,18.0,44.9,22.8,18.2,1.37,6.0
41304,9.267815,77.597644,29.3,39.1,16.9,25.6,1.38,7.1
41305,18.480006,73.844285,27.6,37.4,15.9,14.1,1.5,6.5
41306,14.684413,74.393449,20.4,41.2,19.4,19.6,1.29,5.5
41307,9.306869,76.728064,26.4,38.6,19.9,26.2,1.19,5.2
41308,9.050369,76.868177,30.5,32.8,22.7,26.0,1.12,5.3
41309,10.087433,76.291105,23.9,39.4,18.8,21.9,1.2,5.2
41310,17.251024,73.461135,27.6,30.6,25.0,19.8,1.33,6.1
41311,18.939125,72.959932,29.7,32.5,24.3,15.3,1.4,6.0
41312,18.711103,74.000311,27.0,29.2,23.6,10.0,1.59,7.3
41313,10.38056,76.608398,27.5,44.8,17.1,26.4,1.1,5.3
41314,15.537186,74.546403,20.6,41.7,16.0,12.7,1.36,6.2
41315,14.445794,75.09771,18.7,44.8,20.5,17.0,1.24,5.7
41316,8.428245,77.03344,28.3,37.1,21.1,29.0,1.39,5.3
41317,18.909763,73.993434,20.8,36.0,18.1,12.3,1.54,7.2
41318,13.169672,75.048091,30.6,49.0,11.8,25.8,1.11,5.5
41319,8.584169,77.033382,31.6,29.9,20.3,23.4,1.38,5.2
41321,10.864584,76.354434,21.0,49.1,21.0,21.2,1.2,5.3
41322,16.493566,74.11834,19.2,40.0,17.8,13.2,1.4,6.4
41323,9.722711,76.478497,21.0,35.4,26.6,23.0,1.2,5.2
41324,14.751495,74.920454,18.2,41.7,20.6,19.0,1.29,5.6
41325,8.678015,76.886446,31.0,35.5,19.3,26.3,1.24,5.3
41326,12.41673,76.318799,30.0,39.8,16.8,12.0,1.37,7.2
41328,9.939443,76.839192,24.4,28.6,31.9,26.9,1.1,5.3
41329,11.611509,76.395352,20.6,39.1,23.8,22.1,1.15,5.4
41330,11.409001,77.185067,20.1,38.3,19.3,20.3,1.4,7.5
41331,10.679841,77.244715,15.5,50.0,15.2,12.0,1.49,6.8
41333,11.686442,75.568066,29.6,36.7,20.0,28.0,1.12,5.6
41334,13.446492,75.824275,22.0,38.8,23.2,18.8,1.22,6.0
41335,13.885793,75.23453,17.5,48.0,19.8,19.2,1.28,5.7
41336,10.418465,77.753484,21.2,43.1,19.4,24.8,1.25,6.1
41337,15.033391,74.880497,23.3,38.3,18.0,13.7,1.32,6.1
41338,12.101372,76.71064,23.9,34.7,23.2,12.9,1.37,6.7
41339,13.059891,75.613249,24.9,41.0,20.5,21.1,1.15,5.4
41340,9.37971,77.191679,33.1,33.3,22.7,30.8,1.14,5.1
41341,10.883387,76.709978,28.2,40.5,17.9,30.1,1.14,5.3
41342,18.982594,73.400776,39.0,34.4,19.2,12.0,1.39,6.6
41344,8.336839,77.444991,29.2,30.5,24.2,30.0,1.19,5.5
41345,18.853764,73.876666,25.2,29.5,26.0,12.0,1.58,7.1
41346,16.105574,73.922831,0.0,0.0,0.0,0.0,0.0,0.0
41347,13.764516,75.320654,19.0,45.7,16.6,18.0,1.29,6.0
41348,15.650028,73.819142,0.0,0.0,0.0,0.0,0.0,0.0
41349,13.772389,75.539991,20.0,36.3,24.3,18.0,1.31,6.1
41351,11.595958,76.781866,22.5,41.6,20.3,14.8,1.3,6.2
41352,16.526163,73.841265,24.4,30.8,20.9,22.7,1.34,6.3
41353,17.073003,73.871249,26.3,34.4,20.6,17.0,1.27,6.1
41355,16.354687,73.483572,20.2,37.6,20.9,16.3,1.43,5.9
41356,13.494561,75.996054,17.6,39.8,18.5,9.2,1.42,6.8
41357,13.652529,75.253072,17.4,47.2,18.2,19.0,1.27,5.3
41358,13.715073,74.906787,23.3,49.5,15.6,17.4,1.25,5.5
41359,10.132899,76.722589,28.6,33.6,21.8,30.1,1.07,5.3
41360,15.598073,74.602177,20.2,44.1,15.6,10.9,1.29,6.2
41361,12.816232,75.987073,28.1,39.0,18.2,16.0,1.25,6.2
41362,18.56807,73.875315,31.3,34.7,16.8,15.1,1.56,6.9
41363,15.125108,74.377542,17.8,46.5,18.6,28.9,1.19,5.5
41364,9.530289,77.587039,24.1,42.3,16.0,19.0,1.4,6.5
41365,14.481921,74.548621,18.5,43.9,20.0,21.9,1.22,5.4
41366,17.60256,74.11373,36.5,26.7,20.2,10.2,1.55,7.4
41367,10.669237,77.655231,16.0,47.8,19.4,13.8,1.43,7.1
41368,9.833014,76.564557,22.6,39.2,25.2,23.4,1.2,5.4
41369,11.760037,76.187863,25.3,40.2,21.1,24.0,1.1,5.4
41370,16.409845,73.583017,22.6,37.1,20.2,21.2,1.35,6.0
41371,9.421517,77.429266,21.1,43.0,19.9,18.7,1.4,6.4
41372,10.896676,77.659591,28.6,36.3,20.0,17.3,1.42,7.8
41373,15.154522,74.517473,17.7,47.2,18.9,21.6,1.22,5.6
41374,16.482139,73.394303,19.4,33.0,24.6,17.2,1.38,6.1
41375,8.825847,77.169449,28.1,29.7,23.7,32.8,1.18,5.1
41376,17.07517,73.496407,29.0,31.1,23.4,23.0,1.37,6.1
41377,9.750436,76.705752,26.5,36.3,24.3,24.1,1.16,5.2
41378,18.356522,73.704602,39.0,27.8,19.9,17.0,1.4,6.4
41379,10.431689,76.190738,25.2,27.2,22.9,22.2,1.15,5.3
41380,9.856917,77.897125,19.1,47.0,13.9,14.0,1.65,7.7
41382,16.173077,74.268884,22.7,39.3,22.9,12.1,1.38,6.2
41383,9.29404,77.050956,23.4,37.1,21.8,33.4,1.12,5.1
41384,9.108664,77.118769,28.4,37.1,20.9,30.7,1.14,5.3
41385,12.074097,76.4982,30.6,38.3,22.2,13.4,1.37,6.7
41386,16.642829,74.303453,18.1,44.2,16.6,11.0,1.42,6.6
41388,14.257833,75.015832,16.9,48.4,19.8,15.9,1.3,5.7
41389,13.1152,75.050287,32.9,48.4,11.6,21.6,1.24,5.7
41390,12.52339,76.4222,21.8,38.9,20.5,18.4,1.31,6.9
41392,16.363925,74.513402,22.1,41.4,18.6,12.6,1.35,6.3
41393,9.443746,76.605869,22.8,37.7,19.3,22.0,1.24,5.1
41394,9.261146,77.150112,28.5,31.7,24.5,30.1,1.16,5.1
41395,18.610898,72.962594,33.9,33.8,22.6,12.0,1.42,6.3
41396,12.200603,76.087446,23.0,43.6,20.9,19.9,1.25,5.6
41397,11.236928,75.994433,26.6,52.9,15.0,21.8,1.27,5.4
41398,18.785582,73.310584,40.7,32.0,22.9,14.7,1.41,6.5
41399,12.150901,76.511096,24.4,39.0,21.0,11.0,1.37,6.7
41400,15.761951,74.57898,21.6,38.2,21.1,11.8,1.37,6.2
41401,10.078771,77.295571,21.4,39.7,20.3,30.4,1.3,6.3
41402,13.929212,75.276577,15.8,38.8,22.4,12.8,1.33,6.1
41403,17.049207,74.159357,25.8,38.5,19.7,11.0,1.42,6.6
41404,13.484764,74.691177,27.0,36.1,19.0,21.9,1.17,6.1
41405,9.433073,76.927434,26.4,34.4,27.4,32.0,1.08,5.2
41406,10.41215,76.776681,27.0,40.5,22.0,26.4,1.14,5.2
41407,12.724063,76.182149,30.7,39.4,15.2,10.5,1.37,7.2
41408,10.727348,76.471792,22.9,48.8,18.3,25.1,1.14,5.4
41409,10.790322,77.404649,22.9,40.0,18.4,20.2,1.4,7.2
41410,9.963291,76.426073,23.5,38.1,24.4,22.0,1.25,5.1
41412,12.833772,75.06801,34.1,49.0,11.1,21.6,1.23,5.7
41413,10.233326,77.39283,24.7,32.3,31.4,61.4,1.02,5.1
41414,12.622719,76.071574,27.2,39.9,17.4,11.9,1.4,6.7
41415,11.101488,77.146285,19.9,43.5,18.3,24.6,1.4,7.1
41416,9.762519,77.683094,28.2,38.2,20.1,22.6,1.3,6.4
41417,14.040089,75.215126,16.9,46.4,20.6,14.4,1.3,6.1
41418,18.998347,73.549775,38.5,23.0,17.1,26.2,1.39,5.6
41419,17.946108,73.08068,19.6,39.1,26.6,19.0,1.38,6.2
41420,11.049057,76.790277,28.9,35.2,26.1,29.1,1.15,5.4
41421,11.254576,77.144908,17.8,50.2,14.1,12.0,1.47,7.7
41422,17.232255,73.5466,28.4,27.0,26.4,23.0,1.33,6.1
41423,16.978233,74.211614,29.3,36.6,16.9,10.7,1.45,6.5
41424,18.562612,73.225348,34.2,31.6,24.2,12.0,1.4,6.2
41425,8.466092,77.114353,25.6,37.0,19.2,26.2,1.32,5.4
41426,13.350214,75.555166,28.2,42.4,17.1,23.6,1.1,5.3
41427,15.967087,73.82583,23.7,34.5,19.1,20.9,1.29,5.5
41428,13.093584,75.139923,27.3,49.2,14.6,19.1,1.12,5.5
41429,9.160637,77.4553,24.1,41.3,18.7,22.9,1.38,6.5
41430,11.919999,76.269314,23.3,41.0,21.3,14.6,1.29,5.8
41431,8.672955,77.175844,24.5,34.0,23.4,36.2,1.05,5.2
41432,15.394261,74.306724,18.9,42.3,24.3,22.9,1.26,5.6
41433,9.622024,76.811655,25.5,29.4,27.1,29.8,1.09,5.3
41434,9.493482,76.637186,21.0,37.3,26.5,23.9,1.16,5.2
41435,10.656746,77.795615,16.5,51.1,17.9,12.6,0.0,7.7
41436,16.555576,73.786841,23.5,29.7,21.3,21.5,1.36,6.0
41437,9.407504,77.497639,24.7,36.9,21.6,18.0,1.43,7.0
41438,9.245305,77.113147,26.2,30.1,27.6,40.4,1.02,5.2
41439,13.31688,75.01424,26.4,46.2,13.5,16.2,1.27,5.6
41440,12.771959,75.532564,28.2,53.5,13.8,25.2,1.13,5.4
41441,17.289457,73.724976,35.2,29.2,17.9,23.4,1.23,6.2
41442,10.092664,77.482019,21.4,40.4,21.0,31.0,1.25,6.2
41443,9.178038,77.258616,26.9,33.7,24.1,41.8,1.06,5.1
41444,16.428447,74.588735,17.9,41.8,19.7,11.9,1.38,6.6
41445,14.135189,74.507646,22.0,47.2,18.6,23.8,1.13,5.5
41446,17.248584,73.258214,25.8,35.6,21.3,16.0,1.37,6.2
41447,9.907764,76.681878,24.7,40.9,20.7,24.7,1.2,5.3
41448,9.629413,77.575982,21.9,41.4,21.3,20.0,1.35,6.8
41449,11.594345,76.55868,26.7,39.2,23.2,19.0,1.2,5.8
41450,10.82275,77.433345,23.0,37.4,19.8,12.3,1.48,6.9
41451,12.520577,76.364185,30.1,37.3,17.6,12.0,1.34,6.8
41452,9.361222,77.05437,23.3,40.0,22.8,30.0,1.12,5.2
41453,9.238646,76.742508,22.2,37.3,26.5,20.3,1.2,5.3
41455,11.437965,75.906238,27.6,51.2,14.0,25.0,1.2,5.5
41456,10.091727,76.753737,25.4,37.3,23.2,31.3,1.12,5.2
41457,9.16981,76.662891,22.8,37.4,26.1,24.1,1.2,5.2
41458,14.318781,75.077259,16.8,47.0,18.7,14.4,1.33,6.2
41459,18.709988,73.586955,33.7,27.4,23.7,13.1,1.4,6.4
41462,11.859043,75.951852,28.7,43.6,18.0,30.0,1.1,5.6
41463,16.859258,73.924147,19.0,40.6,20.4,18.8,1.29,6.0
41464,12.490283,76.392988,25.1,32.6,20.6,12.3,1.37,7.1
41465,14.991209,74.484179,16.7,49.1,19.3,28.7,1.21,5.5
41466,16.574782,73.509632,23.1,28.8,24.4,18.0,1.44,6.0
41467,18.089992,73.596508,28.7,33.6,17.5,23.8,1.42,5.7
41468,15.481117,74.860343,22.0,36.1,17.0,10.6,1.4,6.2
41469,14.323475,75.637234,38.1,31.8,21.2,10.7,1.43,6.7
41470,12.868865,75.283119,29.1,45.8,13.5,21.4,1.21,5.5
41471,10.356245,76.341489,25.6,48.0,17.0,24.1,1.2,5.2
41472,12.550317,75.085613,28.3,48.4,13.1,21.7,1.16,5.6
41473,15.636318,73.904342,23.1,35.3,18.7,19.2,1.34,6.1
41474,18.514237,73.054547,26.1,36.1,22.3,19.2,1.36,5.7
41475,14.270665,74.619659,18.0,46.0,20.4,19.0,1.23,5.3
41476,17.711916,73.187853,20.0,35.2,23.9,19.6,1.38,6.1
41477,16.049415,74.537788,21.3,43.1,15.9,13.8,1.3,6.1
41478,11.32704,76.354971,21.8,46.8,22.1,18.2,1.29,5.5
41479,14.1572,74.638914,16.6,45.1,22.8,23.8,1.21,5.5
41480,11.220571,76.439527,22.1,35.8,29.0,29.6,0.98,5.3
41481,13.185612,74.930478,29.3,49.1,12.9,21.9,1.18,5.6
41482,15.900897,74.267327,21.2,39.5,15.2,14.5,1.29,6.0
41483,10.621385,76.663567,17.6,54.9,16.2,23.4,1.3,5.4
41485,10.527504,76.082622,23.8,28.4,25.2,24.1,1.16,5.3
41486,13.584568,74.928392,23.0,49.5,17.2,16.6,1.29,6.0
41487,16.070324,74.509707,0.0,0.0,0.0,0.0,0.0,0.0
41488,13.396929,75.040079,18.9,50.1,18.1,24.8,1.12,5.5
41490,13.098452,75.066428,32.1,46.2,12.6,21.4,1.23,5.7
41491,15.890391,74.149812,19.0,41.3,18.5,20.8,1.23,5.6
41492,8.810257,77.097817,30.8,32.5,21.6,31.2,1.15,5.2
41493,9.639064,76.759298,21.9,36.4,23.4,24.6,1.14,5.3
41494,9.563792,77.239662,26.5,30.6,24.9,32.2,1.1,5.6
41495,14.371381,74.795569,16.8,44.2,24.1,17.4,1.28,5.6
41496,13.089664,75.024463,32.6,48.6,11.3,21.2,1.2,5.5
41497,13.101666,75.070107,30.5,47.7,13.0,21.7,1.26,5.6
41498,10.625238,76.772477,18.4,39.9,25.5,19.0,1.31,5.6
41499,17.545066,73.571963,27.7,24.9,22.7,20.0,1.38,5.9
41500,9.324424,77.403803,21.9,41.8,22.8,22.6,1.4,6.3
41501,17.053814,73.830854,27.0,34.3,22.4,23.5,1.31,5.8
41502,13.046228,75.496067,32.1,46.8,13.4,29.7,1.08,5.4
41503,9.6674,76.767236,21.6,38.1,26.1,25.1,1.2,5.2
41504,12.439846,76.227083,26.8,41.2,18.2,11.0,1.36,6.7
41505,10.883212,77.504237,16.1,43.2,21.0,13.1,1.44,6.9
41506,10.878487,77.197006,0.0,0.0,0.0,0.0,0.0,0.0
41507,14.978587,74.316255,17.3,47.2,19.9,29.3,1.22,5.5
41508,8.767191,77.475672,29.5,34.7,16.9,16.1,1.43,6.5
41509,14.734776,74.915726,18.4,41.4,20.6,19.2,1.26,5.6
41510,14.677779,74.786526,15.9,47.6,21.2,15.8,1.26,5.6
41511,18.375739,74.072582,46.3,25.8,17.9,11.3,1.55,7.2
41512,13.093488,75.685349,22.8,45.2,19.3,18.0,1.27,5.6
41513,16.546745,74.199742,18.0,43.3,16.0,12.1,1.4,6.4
41514,12.879601,75.498011,25.5,53.3,15.8,21.2,1.22,5.4
41515,16.335162,73.833189,24.7,32.7,21.8,23.0,1.31,5.6
41517,8.699169,77.404227,23.2,36.3,19.7,19.6,1.42,6.0
41518,12.504489,76.501962,24.8,38.2,21.0,10.3,1.36,7.5
41519,13.725661,74.870929,25.2,50.1,15.7,22.0,1.25,5.6
41520,16.341788,74.077644,20.3,39.8,21.2,21.1,1.3,6.2
41521,13.707518,75.890002,22.1,40.3,16.3,11.9,1.38,6.8
41522,17.222305,73.840239,20.3,35.3,21.1,20.2,1.25,5.9
41523,10.847838,76.102203,20.6,35.2,25.5,21.0,1.24,5.2
41524,17.623793,73.595515,28.9,27.5,27.5,21.8,1.35,5.8
41527,16.609318,74.042642,19.9,47.0,13.9,18.8,1.32,6.1
41530,15.645409,74.345591,21.5,42.0,19.4,21.0,1.19,5.4
41531,18.732153,73.043826,35.9,30.3,22.3,13.0,1.23,6.6
41532,15.370087,74.543969,17.9,40.5,21.2,17.1,1.27,5.6
41533,17.089095,73.715101,22.6,36.9,18.6,25.0,1.26,5.7
41534,10.089359,76.595121,22.0,39.2,21.6,22.0,1.2,5.2
41535,15.707793,74.579383,20.4,42.2,14.8,16.5,1.35,6.2
41536,18.412973,73.112043,25.9,36.4,20.3,16.7,1.4,6.1
41537,8.902937,77.586849,20.3,40.1,17.8,14.2,1.43,6.6
41538,10.534988,76.91271,25.3,41.1,19.2,20.0,1.34,5.7
41539,9.065232,77.496713,24.9,41.9,19.0,20.1,1.37,6.4
41540,14.464599,75.149936,27.7,34.0,23.0,12.7,1.31,6.1
41541,13.45872,75.042134,23.6,48.5,17.5,27.0,1.14,5.4
41542,9.989453,76.538098,22.3,44.8,21.4,22.0,1.2,5.2
41543,10.026168,77.60342,23.7,40.4,18.0,13.5,1.49,7.2
41544,16.242869,74.303466,21.8,34.9,22.1,11.3,1.36,6.2
41545,11.877153,75.455706,24.3,43.0,17.6,26.4,1.18,5.6
41546,14.952428,74.864434,16.3,44.1,22.0,14.2,1.25,5.8
41547,18.919336,73.284797,32.6,31.6,22.0,12.2,1.45,6.4
41548,12.546023,75.021356,29.7,48.0,11.3,25.8,1.16,5.6
41549,13.03908,75.787374,20.0,44.8,22.2,22.6,1.1,5.3
41550,10.219103,77.213739,23.7,32.1,30.3,52.4,1.0,5.2
41551,15.838807,74.206093,22.8,38.8,16.6,16.8,1.3,6.2
41552,16.388757,73.649706,26.6,28.6,23.5,18.9,1.27,6.0
41553,13.672689,75.182188,21.3,44.5,18.0,21.9,1.18,6.0
41554,11.78834,75.474451,0.0,0.0,0.0,0.0,0.0,0.0
41556,14.365348,74.674557,14.3,47.5,24.3,20.2,1.21,5.4
41557,9.092252,76.916857,27.5,34.7,25.3,24.2,1.14,5.3
41558,12.835973,75.188766,28.8,45.1,13.8,24.0,1.21,5.4
41559,18.803724,73.657068,35.0,22.2,20.0,13.8,1.42,6.6
41560,11.124277,75.85038,0.0,0.0,0.0,0.0,0.0,0.0
41561,12.440848,75.171876,28.3,49.8,11.5,23.1,1.18,5.5
41562,10.632139,76.794406,19.8,43.1,21.2,17.5,1.3,5.5
41563,17.608478,73.794555,32.0,28.0,21.9,32.6,1.17,5.6
41564,19.581354,74.010863,40.1,20.0,23.7,12.1,1.51,7.0
41565,17.570014,73.282079,21.1,35.2,22.6,18.0,1.4,6.1
41566,17.995266,73.723462,31.0,28.6,22.2,22.1,1.33,6.2
41568,10.808377,77.064249,14.8,53.9,14.9,12.1,1.5,7.5
41569,11.437938,75.78347,27.0,52.2,14.4,19.3,1.21,5.4
41570,10.216131,77.396166,23.3,32.8,28.7,60.5,1.0,5.1
41571,10.562005,77.102441,14.6,47.2,16.6,14.2,1.44,7.2
41574,9.724057,77.346039,23.5,42.8,20.1,22.7,1.37,6.0
41575,14.914942,74.50865,19.0,46.2,21.3,29.1,1.24,5.5
41576,9.20838,77.158952,25.0,27.3,29.9,45.5,1.0,5.2
41577,13.827201,75.102622,15.5,48.5,19.2,19.2,1.31,6.0
41578,9.943224,76.461264,21.5,39.9,25.3,24.9,1.2,5.2
41579,9.849087,76.484087,21.9,32.4,26.9,25.0,1.21,5.2
41580,12.756611,75.964486,24.4,40.6,19.2,15.0,1.27,5.9
41581,12.487369,76.078889,25.8,38.5,19.7,11.1,1.3,6.6
41582,8.603549,77.572672,29.8,36.8,19.2,17.4,1.42,6.5
41583,12.428276,76.527124,25.3,37.3,21.7,20.4,1.32,7.4
41584,15.472858,75.040453,20.1,37.9,20.6,11.0,1.4,6.8
41585,15.087795,74.742188,18.8,46.4,19.2,15.7,1.32,5.8
41586,15.563545,74.61468,19.3,41.1,18.8,11.7,1.33,6.2
41587,14.067217,75.148926,15.6,43.7,20.9,15.4,1.34,6.3
41588,15.75457,73.754118,25.2,34.3,25.1,17.9,1.33,5.7
41589,8.505088,77.323689,25.3,39.1,23.0,32.5,1.24,5.6
41590,17.461552,74.068327,25.7,33.5,21.3,12.5,1.5,6.8
41591,14.441029,75.277186,23.9,36.7,26.1,12.7,1.37,6.2
41592,19.550892,74.029839,41.2,18.2,26.7,10.2,1.59,7.1
41593,10.617901,76.410305,24.2,52.8,15.0,20.8,1.12,5.4
41594,14.375212,75.233648,29.3,31.8,19.7,10.3,1.33,6.2
41595,18.872906,73.327191,30.9,35.3,20.6,16.4,1.38,6.3
41596,13.804292,74.750652,22.9,54.8,15.0,19.2,1.23,5.6
41597,15.450057,75.003319,17.8,49.8,17.0,11.1,1.38,6.2
41598,14.18606,74.544057,23.2,46.6,19.1,27.7,1.25,5.6
41599,13.829529,75.427861,17.6,37.8,23.8,24.8,1.2,5.6
41600,10.438847,77.256667,19.9,43.4,17.1,17.9,1.37,6.6
41601,10.366633,76.201456,23.6,43.0,19.4,21.8,1.2,5.2
41602,17.877677,73.278267,30.1,29.1,22.4,17.9,1.38,6.1
41604,14.325187,75.433127,26.3,34.9,19.0,10.0,1.4,6.4
41605,8.68075,77.158612,25.5,36.6,21.3,32.5,1.14,5.3
41606,18.97809,73.446903,30.8,35.2,21.3,12.0,1.38,6.4
41607,17.863341,73.866466,34.3,29.4,22.6,13.8,1.39,6.5
41608,12.718131,75.341219,26.7,55.8,12.7,18.0,1.2,5.4
41609,11.052111,77.243396,16.0,49.3,17.1,12.7,1.44,7.4
41610,9.614753,77.396177,29.8,38.3,19.8,36.3,1.12,5.6
41611,10.880807,76.127277,21.1,44.2,17.2,19.9,1.21,5.3
41612,17.097434,73.997303,20.7,35.3,23.8,17.8,1.31,6.2
41614,10.683299,76.919285,17.9,44.8,20.9,21.1,1.36,5.9
41615,17.118132,74.212901,18.9,36.4,15.8,10.7,1.48,6.8
41616,9.54476,76.541324,23.1,30.1,26.0,26.7,1.2,5.2
41617,15.498344,74.112669,17.6,34.2,29.3,17.2,1.37,5.8
41618,10.594951,76.202741,21.3,45.1,16.7,19.1,1.22,5.4
41619,13.048359,75.988763,25.8,35.1,23.0,12.4,1.28,6.1
41620,13.515047,75.077289,16.5,43.9,21.4,28.9,1.14,5.4
41621,18.734289,73.091215,0.0,0.0,0.0,0.0,0.0,0.0
41622,16.250801,74.341891,21.2,33.4,23.4,11.3,1.38,6.2
41623,10.367331,77.359592,19.1,43.6,19.5,23.1,1.3,6.0
41624,10.012436,76.571701,21.9,43.0,16.8,23.6,1.16,5.2
41625,13.927647,75.830575,18.9,41.7,16.0,15.8,1.32,6.4
41626,10.8737,77.262066,16.1,48.4,18.4,11.6,1.42,7.2
41627,11.280794,76.219383,26.0,45.8,16.1,20.4,1.19,5.5
41628,13.873429,75.442374,25.7,40.0,17.5,20.1,1.21,5.8
41629,13.652583,75.077264,0.0,0.0,0.0,0.0,0.0,0.0
41630,13.862353,75.717896,17.6,42.2,17.9,13.2,1.4,6.5
41631,15.456118,75.124598,30.3,31.2,30.7,12.5,1.4,7.6
41632,18.275851,73.378591,19.3,32.7,22.0,25.0,1.31,6.1
41633,17.731864,74.145434,32.3,26.8,24.0,11.1,1.48,7.0
41634,16.27585,74.545656,27.2,35.1,17.0,10.7,1.38,6.6
41635,17.462619,74.100568,31.0,30.8,17.3,10.3,1.48,6.7
41636,12.435107,76.149104,26.9,41.6,17.9,10.4,1.33,6.7
41637,15.846139,74.238463,24.2,37.6,18.0,22.5,1.22,5.6
41638,16.816029,73.891628,23.1,36.8,18.8,18.4,1.32,6.1
41639,14.658393,75.380297,31.0,33.0,24.7,10.9,1.4,7.2
41640,16.918338,74.280334,18.9,38.0,19.9,12.2,1.4,6.5
41641,13.870335,75.248045,15.9,48.3,22.2,19.1,1.26,5.6
41643,10.839316,77.7051,26.6,35.4,20.4,17.8,1.44,7.7
41644,16.407428,74.07354,16.8,44.0,21.0,13.2,1.36,6.2
41645,9.590899,77.458185,31.1,34.4,21.0,41.1,1.1,5.6
41646,11.721624,76.225634,21.4,42.0,22.5,22.5,1.08,5.4
41647,10.753713,77.3765,20.1,42.3,18.2,13.4,1.42,7.2
41648,18.477581,73.082014,35.8,32.2,20.3,13.6,1.3,6.4
41649,10.268874,76.573618,24.4,40.3,21.9,31.2,1.12,5.3
41650,18.113413,73.920213,38.1,29.0,15.6,12.0,1.52,7.0
41651,18.600842,73.214271,29.5,33.8,20.0,18.1,1.38,6.2
41652,14.678563,75.24847,31.7,28.8,25.9,10.0,1.4,6.2
41653,16.366876,74.265049,21.0,33.2,25.1,12.3,1.33,6.2
41654,18.007434,74.123685,27.6,34.9,17.0,9.1,1.54,7.0
41655,14.327767,75.586704,27.1,28.7,34.6,12.4,1.4,7.0
41657,16.948017,73.960724,19.1,41.6,21.0,19.0,1.33,6.2
41658,10.315606,76.294418,24.4,55.6,12.4,22.0,1.24,5.2
41659,14.704905,75.195635,34.4,30.1,28.8,9.1,1.38,6.4
41660,8.890449,77.265648,31.8,30.9,24.2,46.2,1.07,5.2
41661,10.832475,76.434611,20.5,49.2,18.0,21.3,1.26,5.3
41662,11.906429,76.116122,22.9,40.5,21.4,22.0,1.19,5.4
41663,12.735138,75.784545,22.8,43.3,18.9,23.0,1.2,5.7
41664,11.606384,76.558528,29.9,36.3,20.5,18.4,1.15,5.8
41665,11.064553,77.191966,0.0,0.0,0.0,0.0,0.0,0.0
41666,15.697718,73.7361,22.1,35.1,24.9,19.1,1.34,6.4
41667,17.622602,74.139036,34.0,27.0,20.8,10.8,1.52,7.4
41668,9.924889,77.610989,21.9,43.3,18.4,18.1,1.4,6.8
41669,15.713051,74.089212,21.4,41.5,19.9,22.2,1.34,5.9
41670,13.27183,74.871826,26.2,47.6,17.1,18.7,1.11,5.6
41671,18.62291,73.092738,37.4,31.9,22.8,12.0,1.47,6.6
41672,9.547404,76.589256,24.5,30.6,25.0,23.1,1.21,5.3
41673,8.46921,77.62079,27.1,35.4,20.7,17.8,1.41,6.8
41674,13.09139,75.721986,18.9,42.9,22.3,18.1,1.25,5.7
41676,11.907015,76.317888,24.7,42.0,18.8,15.0,1.25,5.8
41677,16.217076,74.682073,22.7,42.2,12.4,11.7,1.4,6.5
41678,18.199177,73.283503,32.1,29.3,21.4,16.5,1.43,6.2
41679,12.754405,75.536353,27.2,54.5,13.2,24.5,1.14,5.4
41680,11.741537,76.632535,24.3,37.5,21.0,12.8,1.3,6.6
41681,18.716624,73.610157,31.8,26.3,23.6,19.0,1.38,6.3
41682,16.294045,73.571862,22.3,30.4,25.2,21.1,1.41,6.1
41683,16.781799,73.499953,28.1,28.6,27.4,20.3,1.33,6.1
41684,15.858509,73.657739,23.5,33.0,21.2,17.8,1.38,6.2
41685,10.81778,76.912016,19.0,45.7,20.5,18.0,1.41,6.2
41686,14.590191,75.440031,41.0,30.5,25.2,11.1,1.4,7.3
41687,14.478226,74.513186,22.2,48.5,19.2,22.9,1.2,5.5
41688,12.89745,76.210072,18.9,40.1,20.1,10.2,1.37,7.4
41689,16.449476,73.901118,28.7,27.5,20.2,31.1,1.14,5.5
41690,13.27048,75.565996,31.7,41.8,16.8,27.8,1.08,5.5
41692,11.443065,77.150283,22.9,37.9,20.3,12.2,1.39,7.5
41693,13.011377,74.887142,34.9,49.1,10.8,22.0,1.23,5.7
41694,17.629298,73.361819,24.9,30.3,21.1,23.0,1.38,5.9
41695,16.52761,73.707667,25.0,28.9,26.7,17.0,1.3,6.2
41696,16.517429,73.874375,34.4,28.7,19.3,26.9,1.26,5.9
41697,9.786386,76.93587,0.0,0.0,0.0,0.0,0.0,0.0
41698,14.85292,75.15952,28.4,37.6,20.7,11.8,1.4,6.2
41699,12.244705,76.133875,20.6,39.3,26.0,12.4,1.3,6.0
41700,16.66788,73.421806,24.5,33.7,21.6,16.8,1.41,6.2
41701,9.474255,77.179567,33.8,33.1,21.4,39.0,1.06,5.1
41702,11.591649,76.924125,21.1,38.2,25.7,20.4,1.28,6.6
41703,10.698048,77.537618,18.4,50.1,18.5,12.8,1.44,6.8
41704,18.281291,73.637391,31.5,29.4,20.6,22.0,1.28,5.9
41705,17.70273,73.646844,30.1,30.4,22.4,23.5,1.28,6.1
41706,11.67531,75.622057,27.3,44.9,17.6,24.8,1.23,5.4
41707,11.943638,76.43456,25.6,40.3,18.7,17.8,1.3,6.0
41708,12.280898,76.663651,23.5,39.1,20.4,16.8,1.25,6.4
41709,14.496979,75.268194,28.2,35.8,17.9,10.0,1.36,6.2
41710,18.047464,73.970499,32.5,33.3,17.4,12.8,1.44,6.9
41711,16.397334,73.648451,22.3,31.3,26.6,19.4,1.27,5.8
41712,13.174291,74.864829,29.3,48.0,16.1,19.1,1.19,5.5
41713,12.841826,75.069128,33.1,48.0,10.9,21.8,1.24,5.4
41714,15.76004,74.704248,37.0,31.6,20.1,12.2,1.38,6.4
41715,13.060966,75.621671,25.1,40.9,21.1,18.1,1.21,5.5
41717,10.148129,77.495451,27.4,41.8,17.2,25.6,1.27,6.1
41718,8.636227,77.669281,29.4,38.2,19.0,14.0,1.48,7.0
41719,14.524115,75.146179,24.2,35.1,20.4,10.2,1.37,6.2
41721,16.567767,74.474193,18.6,45.8,15.4,11.0,1.45,6.7
41722,11.139935,77.258628,20.0,39.8,20.9,13.4,1.44,7.6
41723,13.285192,75.23316,28.9,40.7,18.8,35.9,1.04,5.4
41724,12.819639,75.246252,28.5,45.1,15.5,22.0,1.2,5.5
41725,8.836624,77.337823,19.0,39.6,23.9,21.1,1.34,5.8
41726,14.161473,75.318989,19.9,38.3,23.5,11.4,1.37,6.2
41727,15.785071,74.013977,24.1,36.0,21.0,23.1,1.29,5.5
41728,9.085159,76.53839,24.4,32.0,29.6,27.2,1.23,5.4
41729,9.966929,76.788635,29.0,29.3,24.9,26.8,1.12,5.4
41730,10.83096,76.520563,23.6,43.2,20.4,22.2,1.16,5.4
41731,14.779404,74.384751,15.8,45.0,21.3,23.7,1.27,5.6
41732,17.715489,73.556106,26.5,31.6,17.5,22.9,1.37,5.7
41733,8.85165,77.459743,28.3,35.9,18.7,15.9,1.42,6.2
41734,12.522045,75.196674,28.7,49.2,12.5,24.6,1.09,5.4
41735,18.872543,73.765261,31.7,26.4,21.7,13.9,1.44,7.0
41737,17.656885,73.212197,22.0,34.7,25.0,19.9,1.38,6.2
41738,11.691062,75.970005,26.5,42.9,17.2,20.1,1.18,5.4
41741,16.49387,73.701829,26.6,28.3,25.1,17.1,1.34,6.1
41742,10.05177,77.881916,23.1,43.3,19.2,22.0,1.33,7.0
41743,18.995629,73.842093,26.8,28.8,24.3,18.0,1.42,6.5
41744,10.529133,76.435593,26.8,43.8,16.8,26.1,1.14,5.3
41745,14.372167,74.981294,17.4,42.7,19.4,12.0,1.37,6.1
41746,15.198276,74.020389,28.4,31.8,21.5,17.4,1.37,6.2
41747,13.012575,75.622917,20.7,43.0,21.8,20.8,1.13,5.4
41748,17.675957,74.038616,29.3,32.4,18.1,12.1,1.44,6.7
41749,13.485702,75.670879,23.3,36.1,18.9,22.6,1.18,5.4
41751,13.801096,75.876048,19.8,43.6,13.2,17.0,1.3,6.4
41752,13.539093,74.866187,31.0,48.0,14.8,21.1,1.2,5.6
41753,14.84529,74.654135,19.4,45.7,23.3,23.1,1.27,5.5
41754,14.003522,75.446222,24.8,35.4,20.9,9.2,1.37,6.2
41755,13.841592,75.412209,21.8,40.5,18.9,19.2,1.26,5.8
41756,15.271296,74.289898,16.9,47.2,19.0,22.6,1.17,5.6
41757,14.564216,75.397296,26.6,37.6,19.7,10.7,1.4,6.5
41758,14.714602,75.316611,32.2,30.9,27.8,10.7,1.4,6.5
41759,15.417064,74.429316,17.3,39.9,24.0,16.1,1.3,6.0
41760,15.093322,74.874966,25.5,38.7,17.8,14.1,1.35,6.2
41761,12.379416,76.582502,24.6,41.2,20.7,10.3,1.34,6.8
41762,11.516719,76.771582,22.8,40.3,27.0,31.4,1.06,5.6
41763,11.798913,76.805193,21.9,40.9,20.9,13.5,1.34,7.0
41764,9.207225,77.731941,32.5,35.4,16.3,17.4,1.42,7.5
41765,17.173908,74.143192,23.3,39.1,16.2,10.3,1.47,6.4
41766,11.168583,76.216838,21.0,43.7,22.0,20.9,1.2,5.4
41767,10.400837,77.634993,23.4,37.2,24.8,30.6,1.06,5.6
41769,10.225261,77.408726,27.1,31.3,25.4,64.6,1.02,5.2
41770,11.141931,77.429489,22.5,37.3,23.0,13.0,1.42,7.6
41771,14.624401,75.165581,30.9,33.6,21.2,10.0,1.31,6.2
41772,13.217253,75.471696,27.8,41.3,17.9,30.4,1.08,5.4
41773,9.101812,77.697011,26.7,37.2,17.5,14.6,1.44,7.5
41775,11.090834,76.920635,17.4,46.3,17.2,13.0,1.4,6.6
41776,12.113354,76.033086,22.7,40.6,22.2,16.6,1.19,5.6
41777,18.916346,73.111185,32.4,33.2,21.6,16.7,1.42,6.3
41778,17.657102,73.37868,27.7,27.1,24.0,18.0,1.38,6.1
41779,15.357492,74.830194,28.5,37.2,19.9,12.9,1.36,6.2
41780,10.005893,76.593495,23.0,41.4,19.2,24.6,1.13,5.2
41781,15.417558,74.194137,17.6,39.6,24.1,17.5,1.38,6.0
41782,16.900949,73.308685,16.5,37.6,23.5,19.8,1.33,6.3
41783,15.154551,74.968983,40.9,32.1,21.3,10.3,1.41,6.3
41784,16.983354,74.164878,28.4,36.9,17.5,10.1,1.42,6.4
41785,9.464358,77.776297,32.5,40.6,16.5,20.9,1.5,7.7
41786,17.411999,74.005609,30.3,30.6,24.1,20.3,1.36,6.4
41787,8.917531,77.283112,31.0,41.3,18.8,31.0,1.29,5.6
41788,15.75863,74.8099,26.7,34.7,22.8,9.2,1.38,6.8
41789,17.269704,74.101464,24.8,31.6,17.6,11.3,1.44,6.8
41790,16.414353,74.548838,18.9,37.2,20.2,12.5,1.38,6.7
41791,15.605598,74.700629,19.0,45.1,14.8,10.3,1.3,6.1
41792,15.531947,73.858496,22.0,35.2,19.6,19.4,1.28,6.1
41793,11.503834,76.466009,24.0,43.0,22.3,22.1,1.2,5.6
41794,16.868298,73.929867,19.5,41.8,19.5,14.0,1.34,6.0
41795,13.384037,75.521511,25.8,46.8,15.8,18.0,1.2,5.4
41796,16.26636,73.562337,26.2,30.9,21.5,20.3,1.3,5.6
41797,16.555271,74.143538,15.5,38.4,21.3,14.3,1.38,6.5
41798,9.67276,77.712881,26.0,39.9,19.5,17.5,1.4,6.8
41799,12.252095,76.38519,26.4,38.0,23.9,10.7,1.37,6.8
41800,15.436167,74.38437,19.9,46.1,19.0,19.0,1.27,5.5
41801,15.253976,74.105763,23.9,27.8,27.2,18.9,1.37,6.1
41802,15.124904,74.936975,29.7,35.9,20.0,12.3,1.4,6.2
41803,11.739379,76.693724,30.0,40.5,16.4,20.0,1.33,6.7
41804,15.756932,73.897375,24.5,34.7,20.9,18.0,1.34,6.1
41805,18.394911,73.725372,32.1,29.0,17.2,16.6,1.44,6.5
41806,15.919914,74.065079,28.9,33.0,16.5,24.0,1.2,5.5
41807,18.942714,72.949538,0.0,0.0,0.0,0.0,0.0,0.0
41808,11.032167,76.469182,21.0,48.1,21.9,23.4,1.16,5.3
41809,13.650666,75.465061,20.3,43.9,19.4,21.9,1.25,5.6
41810,10.552908,76.242944,22.6,48.2,13.9,21.9,1.23,5.4
41811,16.633745,74.026014,17.9,44.2,19.1,18.7,1.3,6.3
41812,10.818014,76.350521,21.8,54.7,15.6,21.3,1.2,5.2
41813,14.129956,75.529455,19.4,35.7,27.9,14.3,1.3,6.5
41814,8.572175,77.559149,29.9,34.7,19.9,20.9,1.34,6.5
41815,11.986594,76.576044,22.2,37.8,20.1,14.6,1.3,6.8
41816,9.99953,77.428864,23.8,44.4,13.9,17.8,1.37,6.4
41817,10.722726,77.249214,16.4,47.5,16.0,12.0,1.5,7.2
41818,14.130616,74.765288,20.9,47.6,19.1,23.8,1.21,5.4
41819,14.710317,74.465204,18.5,44.2,20.4,17.9,1.26,5.4
41820,9.934977,77.436446,24.6,41.0,18.1,18.6,1.41,7.0
41821,10.849039,77.368756,15.8,46.9,20.7,11.8,1.46,6.7
41823,13.086942,76.032865,19.9,39.7,25.1,12.7,1.27,6.3
41824,13.03221,75.949929,25.2,41.6,20.6,12.4,1.28,6.1
41825,14.16219,75.592457,28.4,31.2,25.9,15.8,1.4,6.8
41826,15.32539,74.180715,21.0,40.0,20.7,18.0,1.35,5.7
41827,10.945114,76.421341,22.3,44.6,18.8,21.4,1.23,5.3
41828,12.528056,76.365318,29.9,39.1,15.5,12.6,1.37,6.9
41830,9.419205,77.590466,32.8,39.0,15.8,15.6,1.46,7.0
41831,9.930394,77.365855,21.8,41.0,22.8,25.6,1.35,6.2
41833,9.27437,77.605058,29.7,37.7,17.2,21.6,1.38,7.4
41834,11.629615,76.210972,19.4,43.7,22.9,22.8,1.15,5.4
41835,17.287791,73.443255,26.0,30.7,24.3,17.1,1.37,6.1
41837,14.663691,74.972151,17.3,48.5,18.0,15.6,1.3,6.1
41838,9.749345,76.704619,25.2,38.2,24.2,22.2,1.2,5.2
41839,13.020219,75.101871,30.2,46.3,12.0,21.7,1.2,5.5
41840,8.589766,76.915326,25.7,34.2,21.0,27.2,1.33,5.3
41841,17.642692,73.47683,27.8,29.8,26.6,19.4,1.36,5.9
41842,17.885134,73.695438,41.8,26.3,18.3,26.5,1.21,5.9
41843,18.06431,73.540323,34.3,25.4,24.0,19.8,1.35,6.1
41844,18.408758,74.055974,27.2,30.9,18.2,15.1,1.44,6.7
41845,11.189458,76.038794,25.1,51.9,14.3,18.1,1.23,5.4
41846,13.097085,75.695133,22.8,45.1,19.1,18.0,1.26,5.6
41847,8.641104,77.662848,28.8,37.6,19.2,16.9,1.45,6.8
41848,9.708929,76.943847,30.0,35.5,21.8,29.4,1.04,5.2
41849,9.614756,76.575648,20.0,36.4,24.7,22.2,1.28,5.2
41850,18.454305,73.949934,31.4,32.2,16.4,12.0,1.54,7.0
41851,11.705342,76.492576,25.3,35.2,24.0,23.0,1.12,5.8
41852,12.185776,76.163909,23.2,37.6,20.6,12.8,1.23,5.7
41853,10.017334,77.590203,20.9,42.2,17.5,19.3,1.4,7.2
41854,18.855846,73.215477,41.0,32.4,21.2,10.7,1.46,6.7
41855,18.831422,73.421898,0.0,0.0,0.0,0.0,0.0,0.0
41856,10.535232,76.228218,22.5,44.3,18.5,21.9,1.24,5.2
41857,9.220481,77.194032,27.6,32.1,25.0,46.0,1.06,5.2
41858,14.779633,75.317425,38.7,28.9,27.7,10.7,1.44,7.2
41859,12.42937,76.198495,0.0,0.0,0.0,0.0,0.0,0.0
41860,10.557427,77.906107,18.3,45.7,20.4,12.3,1.45,7.6
41861,10.689918,77.767875,18.5,46.0,18.8,14.7,1.41,7.6
41862,17.396918,73.732794,32.3,30.5,18.7,19.3,1.34,6.3
41863,8.736452,77.057671,28.2,35.3,21.0,22.0,1.27,5.2
41864,12.868805,75.371668,22.9,49.9,16.7,15.5,1.23,5.6
41865,10.762279,77.400298,22.6,40.6,18.9,17.1,0.0,7.2
41866,13.453777,75.016109,23.1,48.4,15.2,20.9,1.25,5.7
41868,18.581399,73.550142,35.9,25.2,21.6,17.2,1.4,6.3
41869,16.432297,74.229734,24.0,29.7,23.1,10.3,1.4,6.4
41870,16.49523,73.421426,18.9,36.9,23.1,15.8,1.46,6.1
41871,10.53816,76.901764,21.8,43.7,20.6,21.1,1.34,5.6
41872,9.338543,76.572916,23.6,29.5,33.4,26.4,1.19,5.2
41873,9.960307,77.480451,26.6,40.0,13.5,14.2,1.46,7.0
41874,11.61258,75.718252,27.3,51.4,14.9,18.4,1.18,5.4
41875,15.065855,74.451304,19.0,46.8,17.2,22.3,1.21,5.5
41876,11.863895,75.916032,28.8,46.9,14.6,27.8,1.1,5.4
41877,10.142904,76.264315,25.7,41.2,16.8,21.1,1.2,5.2
41878,10.746818,77.65255,24.0,40.5,20.0,15.2,1.4,7.2
41879,14.106009,75.721477,24.2,40.5,15.7,10.1,1.42,6.8
41880,9.373289,77.186973,32.6,31.6,22.2,32.5,1.14,5.1
41881,9.552998,77.122713,32.5,33.0,21.1,32.8,1.06,5.3
41883,14.222946,75.391097,26.4,36.7,18.9,10.4,1.38,6.2
41884,16.321792,73.988888,0.0,0.0,0.0,0.0,0.0,0.0
41885,15.505296,74.132886,19.9,31.8,27.2,17.0,1.3,6.0
41886,15.57599,73.802647,23.7,31.5,25.2,17.6,1.31,6.2
41887,12.760441,75.804432,18.3,44.0,22.2,18.3,1.26,5.8
41888,11.657773,75.891713,29.6,38.6,20.0,38.6,1.04,5.3
41889,16.135269,73.891588,31.6,29.3,21.5,29.1,1.21,5.5
41890,15.216376,75.240765,35.8,27.1,31.2,12.1,1.44,7.9
41891,11.851264,75.841134,27.7,42.9,18.4,30.3,1.06,5.3
41892,14.829858,75.189196,0.0,0.0,0.0,0.0,0.0,0.0
41893,18.828869,73.833976,28.7,29.4,22.7,13.2,1.54,6.8
41894,16.788423,74.242184,18.6,48.2,14.7,14.0,1.39,6.3
41895,15.094023,74.676714,17.9,44.8,20.9,20.9,1.33,5.9
41896,17.597617,74.124069,32.9,25.2,20.9,10.5,1.52,7.2
41897,10.188071,77.871595,18.8,46.2,15.7,19.0,1.44,7.6
41898,11.02411,76.178456,24.0,49.7,17.9,22.0,1.2,5.2
41899,11.014081,76.386451,23.0,47.8,17.8,23.0,1.2,5.3
41901,11.981099,76.277042,0.0,0.0,0.0,0.0,0.0,0.0
41903,11.776666,75.537236,26.8,40.8,16.5,22.0,1.17,5.5
41904,11.677998,76.747862,26.5,43.0,19.2,10.2,1.32,6.7
41905,16.162677,74.02364,19.8,38.1,19.3,18.9,1.3,6.3
41906,12.875334,74.963199,35.5,45.9,11.0,26.6,1.27,5.9
41907,15.985696,74.320008,18.7,41.2,17.7,17.1,1.3,6.1
41908,18.648523,73.390197,32.2,28.8,18.3,19.1,1.34,6.2
41909,10.175485,76.367137,24.2,43.4,17.8,20.2,1.26,5.2
41910,13.608245,75.942675,18.0,41.0,17.5,10.6,1.34,6.7
41911,14.302521,75.106234,17.7,42.4,17.5,10.3,1.33,6.1
41912,9.991268,76.683644,26.0,34.4,23.1,20.9,1.18,5.4
41913,14.226423,74.702687,18.1,43.4,20.3,23.7,1.31,6.0
41914,11.299923,76.949161,20.0,41.1,21.4,17.8,1.37,6.8
41915,14.945862,74.155437,17.4,44.8,19.5,21.5,1.26,5.5
41918,10.697912,77.566576,21.8,43.3,16.8,15.4,1.48,7.2
41919,9.089892,77.699833,27.4,36.6,17.2,24.1,0.0,7.4
41920,9.265663,76.522742,24.7,32.0,28.8,27.5,1.2,5.4
41921,12.858048,75.50828,25.3,54.7,15.5,18.9,1.24,5.4
41922,10.756429,76.088903,19.2,43.1,23.1,19.1,1.25,5.4
41923,11.155322,76.366738,23.1,46.1,20.2,27.1,1.18,5.5
41924,12.085624,76.314747,29.2,38.7,19.1,12.9,1.3,6.1
41925,8.70898,76.866319,26.7,33.8,19.9,22.9,1.2,5.4
41926,10.149492,77.182162,27.4,33.2,26.7,45.8,0.99,5.2
41927,14.439289,74.557134,19.3,48.2,20.6,20.0,1.35,6.2
41928,18.312528,72.972494,28.2,38.6,18.5,14.4,1.13,6.4
41930,11.999703,75.832297,24.0,41.0,20.9,29.9,1.04,5.4
41931,13.211141,75.750846,19.3,37.4,25.1,17.7,1.23,5.6
41932,11.631054,75.634867,25.3,45.7,18.8,26.8,1.23,5.4
41933,16.253886,73.655574,26.6,29.5,21.4,18.4,1.36,6.2
41934,17.042854,73.942526,24.4,31.4,20.5,13.0,1.36,6.2
41935,11.789584,75.849772,27.4,44.7,15.7,29.2,1.1,5.3
41936,14.857282,75.416951,40.0,30.2,27.7,10.3,1.42,8.3
41937,9.691257,77.821431,27.3,42.6,18.6,24.3,1.48,7.7
41938,13.974654,74.695705,16.7,46.7,21.1,25.8,1.23,5.5
41939,14.825177,75.07602,30.2,35.3,18.8,10.0,1.37,6.1
41940,16.047482,74.671749,19.2,40.3,17.3,12.5,1.3,6.4
41941,13.542733,75.491945,21.1,43.6,18.7,18.6,1.19,5.4
41942,17.086957,73.65135,26.5,30.7,20.5,21.1,1.36,6.1
41943,17.441459,73.236172,20.0,35.6,24.8,17.3,1.4,6.1
41944,17.246211,74.011335,23.6,32.3,22.6,12.0,1.4,6.3
41945,11.406051,76.9085,23.4,37.1,28.5,26.9,1.15,6.0
41946,16.741196,74.16481,18.5,34.7,19.7,13.0,1.35,6.4
41947,17.766058,73.597189,29.5,26.6,22.0,23.7,1.23,5.6
41948,10.197318,77.1451,25.2,34.3,30.5,46.5,0.99,5.1
41949,10.357881,77.827073,18.9,39.1,21.9,23.0,1.33,6.7
41950,16.87378,74.332372,18.0,39.7,18.3,14.4,1.42,6.8
41951,10.681874,76.417705,22.4,56.2,14.9,21.6,1.2,5.3
41952,18.301046,73.159778,28.4,35.0,24.4,13.2,1.41,6.2
41953,12.928965,76.04241,29.1,36.5,19.3,11.2,1.26,6.3
41954,10.606492,76.404519,23.1,55.6,15.0,21.1,1.16,5.4
41956,9.888391,77.458113,26.2,40.6,19.2,25.1,1.36,6.8
41957,10.225135,77.878989,19.1,44.8,20.2,20.5,1.42,7.3
41958,9.176538,77.293364,33.7,33.5,20.4,38.1,1.19,5.6
41960,12.907044,75.824583,24.0,42.0,21.5,18.0,1.25,5.9
41961,10.841087,77.044774,14.1,52.5,15.1,12.2,1.46,7.4
41962,17.156344,73.961216,22.9,34.7,21.6,14.3,1.34,6.1
41963,8.821316,77.402705,22.5,44.4,19.1,17.9,1.42,6.2
41964,15.407613,74.896883,26.4,34.1,24.2,10.1,1.4,6.2
41965,10.89257,76.12826,23.2,50.9,16.9,19.0,1.2,5.2
41966,11.764982,76.284036,21.8,36.2,26.2,33.0,1.05,5.5
41967,15.934405,73.545531,0.0,0.0,0.0,0.0,0.0,0.0
41968,12.472203,76.175582,25.6,41.2,18.4,14.6,1.35,6.8
41969,12.606788,75.132066,25.0,50.1,15.3,27.6,1.09,5.5
41970,13.561173,75.690165,23.2,37.8,23.2,28.1,1.17,5.8
41971,13.838813,75.60489,29.6,36.3,18.8,12.7,1.38,6.4
41972,17.980161,73.902743,31.9,29.7,21.4,13.9,1.41,6.6
41973,8.809192,76.776419,28.9,34.1,22.6,22.7,1.21,5.2
41974,18.330906,72.970153,30.0,36.2,22.8,13.1,1.0,6.4
41976,13.766637,74.746321,23.5,48.7,16.6,22.0,1.25,5.5
41977,12.459974,76.265871,26.7,42.2,17.7,12.1,1.33,6.8
41978,15.847841,73.773723,26.7,26.1,20.2,16.0,1.42,6.0
41979,8.854311,77.242588,30.3,34.8,22.9,36.4,1.14,5.2
41980,11.161193,75.854351,0.0,0.0,0.0,0.0,0.0,0.0
41981,12.877668,76.169721,29.1,37.8,18.9,10.6,1.4,6.9
41982,16.40617,73.403529,0.0,0.0,0.0,0.0,0.0,0.0
41983,14.027357,74.985008,16.1,36.4,22.9,20.0,1.2,6.2
41984,10.792905,77.562569,18.5,40.9,22.6,17.9,1.43,6.8
41985,9.864226,76.681863,27.9,39.2,21.6,24.7,1.15,5.3
41986,16.430802,74.409044,29.5,31.0,20.7,10.6,1.4,7.0
41987,15.486899,74.150126,21.9,38.0,20.2,18.3,1.3,5.6
41988,10.527675,77.647563,17.0,45.0,20.5,15.3,1.48,7.0
41989,15.574009,74.179727,20.7,36.9,21.4,19.1,1.3,5.6
41990,11.277423,76.720628,25.5,36.9,28.5,27.9,1.04,5.6
41992,13.197687,75.637317,25.9,37.6,22.8,31.2,1.05,5.5
41993,11.253083,76.465153,23.9,34.9,27.6,44.0,0.96,5.4
41994,10.704005,77.252924,16.3,51.4,18.5,12.0,1.47,6.8
41995,18.453029,73.217687,30.9,33.0,23.6,13.6,1.39,6.4
41996,8.705339,77.049383,31.0,35.3,20.3,23.0,1.18,5.3
41997,17.065306,73.896106,26.6,32.1,20.1,18.8,1.34,6.2
41998,15.813861,74.321626,21.4,39.2,17.1,14.4,1.31,6.2
42000,11.495751,76.513156,23.0,36.6,30.7,29.2,1.05,5.3
42001,17.974502,73.446176,31.5,27.8,27.8,21.6,1.33,6.0
42002,13.83776,74.818891,19.2,45.3,20.5,22.7,1.17,5.4
