ID,Latitude,Longitude,Elevation_m,Slope_deg,rainfall_total_30d_mm,rainfall_mean_daily_mm,rainfall_max_daily_mm,NDVI_mean,Land_Cover_Type,Soil_clay_0_5cm,Soil_sand_0_5cm,Soil_silt_0_5cm,Soil_soc_0_5cm,Soil_bdod_0_5cm,Soil_phh2o_0_5cm,Landslide_Probability,Risk_Level
SLD11186,14.670269,75.106419,574.0853271484375,1.579288764901586,0.0,0.0,0.0,0.522764705882353,12.0,32.6,33.3,21.1,11.3,1.34,6.2,0.0041236924,Low
SLD00629,9.872202,76.962805,602.3358154296875,21.203009604716087,5.661683797836304,0.1887227932612101,2.472575664520264,0.7631388888888888,8.0,25.4,37.6,23.1,24.2,1.15,5.1,0.977949,High
SLD06509,18.26,73.53,890.2222900390625,24.21382212706568,0.1423514906672378,0.0047450496889079,0.0854072868824005,0.6635764705882352,9.0,35.5,26.6,20.3,22.9,1.27,6.0,0.7521237,High
SLD09369,10.550955,77.780522,258.27398681640625,0.5609522218267454,9.921973121818157,0.3307324373939385,4.717670917510986,0.4599944444444444,12.0,19.1,43.4,19.1,15.2,1.5,7.6,0.00024993595,Low
SLD06005,17.363916,73.768661,658.8214111328125,8.515552091446564,1.048842910677193,0.0349614303559064,0.1023841053247451,0.5391277777777778,12.0,32.1,27.8,20.1,20.4,1.29,6.2,0.68376243,High
SLD13912,9.54476,76.541324,0.2712867856025696,0.1958218319237504,0.0,0.0,0.0,0.6372076923076923,14.0,23.1,30.1,26.0,26.7,1.2,5.2,0.011553351,Low
SLD07749,8.377017,77.335772,284.5099182128906,26.02742644028621,0.0,0.0,0.0,0.7966882352941176,8.0,33.8,31.5,21.1,32.6,1.28,5.7,0.59600776,Moderate
SLD12727,11.834844,75.453007,46.038211822509766,21.567519901605067,0.0,0.0,0.0,0.7206055555555556,8.0,27.3,42.7,16.1,23.4,1.12,5.5,0.6158525,Moderate
SLD12606,11.88884,76.43047,749.9840087890625,5.853378642702356,0.273972503840923,0.0091324167946974,0.1095890030264854,0.5211411764705883,12.0,27.3,39.2,19.0,11.3,1.33,5.8,0.005047497,Low
SLD02453,10.437972,77.011139,745.2576293945312,26.4131036564374,11.620632963255048,0.3873544321085015,7.967309474945068,0.7410285714285714,9.0,29.5,34.8,27.4,27.5,1.15,5.5,0.96123385,High
SLD00751,9.886451,76.932596,769.1802368164062,23.7641086642423,11.05371692031622,0.3684572306772073,5.993414878845215,0.7916157894736842,8.0,28.2,37.6,23.7,27.8,1.06,5.1,0.9886686,High
SLD10612,8.947941,77.546877,109.56436920166016,2.6891557176544474,0.0,0.0,0.0,0.4855315789473683,12.0,24.7,38.7,20.7,14.0,1.4,6.7,0.0028181658,Low
SLD02952,11.131272,76.557142,1331.0384521484375,36.37250670588334,19.65206452086568,0.6550688173621892,8.452533721923828,0.78634375,8.0,23.1,36.5,29.7,29.2,1.08,5.4,0.9289435,High
SLD00169,9.62,77.34,1516.8272705078125,8.817995903095724,9.6318329423666,0.3210610980788866,1.9431747198104856,0.7263846153846154,8.0,31.6,31.9,22.0,52.3,1.06,5.3,0.24796282,Low
SLD13847,11.877153,75.455706,66.8862075805664,2.0779157992649844,0.0,0.0,0.0,0.7422466666666666,8.0,24.3,43.0,17.6,26.4,1.18,5.6,0.05689682,Low
SLD00474,9.856635,76.962904,569.7538452148438,18.30577654864123,5.661683797836304,0.1887227932612101,2.472575664520264,0.6657000000000001,8.0,27.6,37.6,20.8,27.8,1.18,5.3,0.9653904,High
SLD03308,11.356303,76.202531,164.8880615234375,18.33022150506845,0.1073092985898253,0.0035769766196608,0.0898174494504928,0.769615,8.0,26.9,49.3,13.0,27.8,1.14,5.4,0.9228288,High
SLD06008,17.365613,73.770527,751.3192749023438,26.73436638450983,1.048842910677193,0.0349614303559064,0.1023841053247451,0.6069555555555556,12.0,31.1,27.5,19.8,19.6,1.26,6.2,0.8651461,High
SLD14171,18.828869,73.833976,666.2542724609375,2.342544251038257,0.0310332677327095,0.0010344422577569,0.0062066535465419,0.418335,12.0,28.7,29.4,22.7,13.2,1.54,6.8,0.021573795,Low
SLD13324,13.656267,75.86375,750.8900146484375,0.2473065368348134,0.822988762520253,0.0274329587506751,0.0477545857429504,0.5586066666666666,12.0,19.0,41.2,16.1,10.3,1.38,6.6,0.0017942608,Low
SLD03588,11.509167,75.991667,152.0966339111328,12.823402471798454,0.2793131172657013,0.00931043724219,0.2793131172657013,0.8051235294117647,8.0,27.9,50.2,12.4,27.8,1.08,5.4,0.7734946,High
SLD00747,9.886111,76.944573,763.13232421875,26.65875888144311,11.05371692031622,0.3684572306772073,5.993414878845215,0.819429411764706,8.0,28.3,37.8,22.0,24.6,1.12,5.1,0.9961124,High
SLD00784,9.888631,76.965218,567.2862548828125,24.20124560563272,11.05371692031622,0.3684572306772073,5.993414878845215,0.7656684210526317,8.0,23.9,38.0,23.0,29.4,1.15,5.3,0.97990626,High
SLD00782,9.888496,76.957322,628.1552734375,25.51676809131191,11.05371692031622,0.3684572306772073,5.993414878845215,0.8516111111111111,8.0,27.6,37.1,22.0,27.8,1.12,5.1,0.9935395,High
SLD05644,15.858139,73.955139,389.0496520996094,24.922373483925128,0.5470467358827591,0.0182348911960919,0.0657038167119026,0.7555411764705883,2.0,21.0,35.0,23.4,23.0,1.24,5.6,0.4398772,Moderate
SLD08929,15.516415,75.093838,649.9835815429688,0.9965046090776658,0.0,0.0,0.0,0.4423705882352941,10.0,28.4,32.1,30.5,12.5,1.42,7.5,0.0014032993,Low
SLD08059,9.763375,76.327396,4.331503868103027,2.028572960002931,0.0,0.0,0.0,0.7756214285714286,8.0,24.5,33.0,19.8,26.0,1.16,5.5,0.006015701,Low
SLD03428,11.409314,76.374719,352.76690673828125,23.819106556132432,1.4311878862790763,0.0477062628759692,0.8550543189048767,0.8264555555555556,2.0,24.8,44.8,21.0,26.8,1.12,5.4,0.85797286,High
SLD12585,11.517738,75.922314,709.9344482421875,38.78926470456936,0.4669651370495551,0.0155655045683185,0.2374818921089172,0.76726,8.0,28.5,47.5,13.5,31.1,1.06,5.3,0.8894163,High
SLD07813,9.06834,76.885858,33.45356750488281,10.962140943241684,0.0,0.0,0.0,0.79668,8.0,30.0,32.7,22.5,27.8,1.14,5.3,0.08183466,Low
SLD00758,9.886722,76.934174,712.3064575195312,14.386216759920988,11.05371692031622,0.3684572306772073,5.993414878845215,0.7916157894736842,8.0,27.9,36.8,23.2,27.4,1.1,5.1,0.9894077,High
SLD03837,11.638611,75.856944,244.986328125,23.40432128570904,6.037864573299885,0.2012621524433294,0.7027574777603149,0.81310625,8.0,29.0,47.3,12.6,27.0,1.1,5.4,0.96533024,High
SLD02960,11.1501,75.9666,59.38182067871094,11.72556415195528,0.0,0.0,0.0,0.6530615384615385,14.0,27.6,53.3,12.7,21.0,1.1,5.4,0.5403774,Moderate
SLD05189,14.297,74.475506,20.562414169311523,15.198429608772573,0.0,0.0,0.0,0.798675,9.0,21.2,46.5,21.1,24.2,1.2,5.5,0.33282968,Moderate
SLD12720,13.37461,75.51082,712.2611083984375,3.156429598049315,0.0,0.0,0.0,0.7670277777777778,8.0,25.0,49.3,15.8,19.0,1.18,5.3,0.5070195,Moderate
SLD08027,15.558827,74.260964,182.4371795654297,22.036744274285446,0.3401954611763348,0.0113398487058778,0.0329881124198436,0.818125,2.0,23.1,38.4,20.5,22.3,1.29,5.7,0.42809018,Moderate
SLD06873,13.421417,75.24547222,640.215087890625,15.074100253459653,0.0,0.0,0.0,0.6291611111111111,14.0,21.5,44.3,19.3,20.4,1.24,5.4,0.6125598,Moderate
SLD10813,12.884208,75.566124,192.67449951171875,2.730394851115856,1.5128109045326703,0.050427030151089,0.1054592654109001,0.8082529411764705,2.0,27.7,51.0,13.4,22.7,1.12,5.3,0.13455126,Low
SLD00615,9.871783,76.95406,590.9218139648438,21.380318225508,5.661683797836304,0.1887227932612101,2.472575664520264,0.8279411764705882,8.0,28.6,36.2,21.9,26.6,1.12,5.0,0.99251455,High
SLD11509,15.71728,74.404742,726.0820922851562,4.993622526452218,0.0,0.0,0.0,0.7624176470588235,4.0,18.0,49.5,16.5,17.7,1.29,6.0,0.051472686,Low
SLD06647,18.38,73.57,672.70751953125,18.561957219944063,0.0,0.0,0.0,0.578225,10.0,37.6,27.2,17.3,31.1,1.3,6.2,0.50708044,Moderate
SLD05692,16.053333,73.983611,372.7358703613281,16.099021228123238,0.378056745976209,0.0126018915325402,0.0499498061835765,0.800275,9.0,24.0,32.3,20.2,22.5,1.26,5.4,0.72882706,High
SLD11799,18.980078,73.097343,10.41598892211914,2.283422651485843,0.1196817405289037,0.0039893913509634,0.0640541464090347,0.2558733333333333,13.0,0.0,0.0,0.0,0.0,0.0,0.0,0.014086767,Low
SLD08735,10.230774,76.520219,38.44319534301758,4.229721729776077,0.0,0.0,0.0,0.8136157894736842,8.0,25.4,40.8,20.3,25.1,1.11,5.2,0.48367345,Moderate
SLD01010,9.929568,77.152422,854.3961791992188,23.827201078374515,0.4250239729881285,0.0141674657662709,0.2333464920520782,0.8297111111111112,2.0,30.9,31.2,27.1,31.1,1.12,5.4,0.8449626,High
SLD07161,12.793397,75.471018,114.02593994140624,9.246090303708156,0.0,0.0,0.0,0.8150888888888889,8.0,22.8,50.4,16.6,17.4,1.25,5.6,0.11049964,Low
SLD06524,18.28,73.59,849.8462524414062,15.07574889748613,0.0990832969546315,0.0033027765651543,0.0198166593909263,0.6235647058823529,12.0,35.8,25.9,20.7,21.6,1.27,5.6,0.7541123,High
SLD12546,15.858703,74.903601,680.65087890625,1.6563315660513154,0.0,0.0,0.0,0.4684388888888889,12.0,23.3,36.5,23.1,15.2,1.35,7.2,0.001101758,Low
SLD04007,11.9127,75.8405,394.6728210449219,31.437119199902607,2.472081463783979,0.0824027154594659,0.13706836104393,0.8207277777777777,2.0,28.2,49.1,12.9,30.4,1.1,5.3,0.85649586,High
SLD07794,16.294038,74.502237,673.71044921875,0.811928279745564,0.0,0.0,0.0,0.6020764705882353,12.0,29.3,35.7,16.8,10.3,1.38,6.3,0.0015969481,Low
SLD04027,12.8287,75.61331,218.46701049804688,15.55836761226638,0.1972854137420649,0.0065761804580688,0.0288667753338813,0.7777777777777778,2.0,26.8,50.3,15.6,28.8,1.19,5.4,0.86904013,High
SLD11285,15.936398,74.398836,812.5906982421875,1.2915088191323305,0.0,0.0,0.0,0.5201375,12.0,22.6,43.4,17.4,16.0,1.29,6.0,0.0064850063,Low
SLD10492,9.411041,77.336179,1517.852783203125,5.740410376973494,2.3193638343364,0.0773121278112133,1.08384907245636,0.8013571428571428,2.0,31.9,27.2,22.8,47.8,1.02,5.3,0.35489273,Moderate
SLD12023,12.07558,76.267341,734.6187744140625,2.330328534268052,0.0,0.0,0.0,0.6096833333333334,12.0,25.5,41.6,18.5,13.8,1.3,6.0,0.0023501609,Low
SLD00217,9.667328,77.058371,1091.001953125,17.511317583940407,0.3061447739601134,0.0102048257986704,0.1980073750019073,0.7993357142857143,8.0,28.5,35.3,23.9,32.7,1.04,5.3,0.65353656,Moderate
SLD07763,11.205461,77.071566,392.0710754394531,2.5943074441461285,0.7177648246288291,0.0239254941542943,0.3351823985576629,0.4920941176470588,12.0,16.3,53.8,13.4,12.9,1.43,7.8,0.00021642,Low
SLD04093,12.85384,75.69534,637.6312255859375,18.77939394324191,0.0,0.0,0.0,0.7581625,8.0,28.6,45.1,14.9,27.4,1.14,5.5,0.9385206,High
SLD07957,14.682057,75.446195,593.5625,0.663362407779888,0.0,0.0,0.0,0.4459277777777777,12.0,37.0,28.1,29.3,12.5,1.4,7.4,0.002678795,Low
SLD09376,9.618438,77.811883,115.5038604736328,0.2440033604663097,0.0,0.0,0.0,0.5017952380952381,13.0,32.2,40.8,16.3,14.9,1.57,7.6,0.00020365056,Low
SLD10162,9.232542,76.616076,18.37139892578125,3.813527048617255,0.0,0.0,0.0,0.7422647058823529,14.0,24.4,33.8,27.7,27.0,1.19,5.2,0.006632003,Low
SLD03024,11.258611,76.574444,2310.705322265625,12.498362561302578,17.296485770493746,0.5765495256831249,5.729275703430176,0.7374529411764705,8.0,24.0,34.6,31.7,47.4,1.03,5.5,0.9335108,High
SLD12006,10.091756,76.682363,100.15901947021484,31.36276897049237,3.172789007425308,0.1057596335808436,1.3167753219604492,0.7047375,8.0,21.2,42.9,23.1,24.7,1.1,5.3,0.9441884,High
SLD06007,17.365002,73.770962,710.338623046875,27.652252586045595,1.048842910677193,0.0349614303559064,0.1023841053247451,0.6033611111111111,12.0,31.1,27.5,19.8,19.6,1.26,6.2,0.8528813,High
SLD00496,9.858636,76.952998,690.4024658203125,24.497361527263752,5.661683797836304,0.1887227932612101,2.472575664520264,0.8400200000000001,8.0,29.9,38.0,21.5,32.0,1.07,5.1,0.98213273,High
SLD09663,12.76143,75.438657,93.03449249267578,2.3994054207447006,0.0,0.0,0.0,0.7944133333333333,8.0,22.9,48.2,19.7,15.4,1.23,5.5,0.09052418,Low
SLD13033,9.277466,76.601984,24.228572845458984,3.64992861401585,0.0,0.0,0.0,0.7057466666666666,14.0,26.4,39.5,15.9,27.2,1.2,5.4,0.095638186,Low
SLD09135,11.220088,77.041023,386.78619384765625,1.626842345057905,0.7177648246288291,0.0239254941542943,0.3351823985576629,0.5051,12.0,19.1,46.1,15.8,13.4,1.42,7.6,0.0002642013,Low
SLD01494,10.049483,76.771525,128.2578125,25.81425282740888,11.9082640260458,0.3969421342015266,5.6062541007995605,0.7770933333333333,2.0,28.1,30.5,23.1,31.1,1.06,5.2,0.8227669,High
SLD13024,14.124306,74.952431,557.0,0.0,0.0,0.0,0.0,0.554975,9.0,0.0,0.0,0.0,0.0,0.0,0.0,0.31795284,Low
SLD08172,10.924448,77.085549,426.6152038574219,0.2862431347687013,0.3650268614292145,0.0121675620476404,0.3650268614292145,0.4561947368421052,12.0,17.4,44.4,15.7,13.4,1.46,8.2,8.1609396e-05,Low
SLD08926,16.117739,73.784169,79.80491638183594,6.128363935859978,0.4831673903390761,0.0161055796779692,0.0910803601145744,0.7517,9.0,26.2,31.5,21.3,21.0,1.35,5.6,0.15060876,Low
SLD06458,18.11,73.68,742.8190307617188,4.892693811049704,0.2987735801725642,0.0099591193390854,0.053236186504364,0.52685,12.0,38.4,24.7,20.9,17.9,1.38,6.0,0.5855857,Moderate
SLD08447,12.966636,76.21594,962.8743286132812,1.396922940473598,0.0,0.0,0.0,0.512535294117647,12.0,18.4,39.6,20.2,10.3,1.37,7.4,0.00031914454,Low
SLD00559,9.865725,76.952684,625.33984375,20.35277622049533,5.661683797836304,0.1887227932612101,2.472575664520264,0.83486875,8.0,29.7,37.0,22.7,27.9,1.12,5.2,0.9840516,High
SLD10983,16.242349,73.994613,815.8828735351562,23.24178883007384,0.3821414150297639,0.0127380471676587,0.2425798028707504,0.7818823529411765,2.0,30.0,33.8,18.2,27.0,1.1,5.5,0.2689037,Low
SLD11026,12.317777,76.313694,778.5018310546875,2.8063847565040825,0.0,0.0,0.0,0.4983235294117647,12.0,26.9,37.9,21.0,12.9,1.37,6.9,0.002218446,Low
SLD05530,15.321111,74.562417,535.1383666992188,9.800676084172936,0.1620192938717074,0.0054006431290569,0.0177655480802059,0.7629166666666667,5.0,16.1,44.0,24.0,18.4,1.31,5.8,0.58050823,Moderate
SLD05687,16.045694,73.976917,410.7233581542969,21.14573365883127,0.378056745976209,0.0126018915325402,0.0499498061835765,0.7455466666666666,9.0,24.3,32.6,21.1,23.0,1.28,6.2,0.62853235,Moderate
SLD10676,16.334507,74.20461,932.0142822265624,14.010087487374102,0.2097037783823895,0.0069901259460796,0.0364215709269046,0.7062125,9.0,21.4,38.9,19.5,22.9,1.25,5.6,0.682901,High
SLD05844,16.992058,73.675903,193.9993133544922,24.551980623188168,0.7829213142395013,0.0260973771413167,0.112337090075016,0.69630625,9.0,25.0,35.0,21.3,23.0,1.37,6.1,0.7157905,High
SLD11552,11.186884,76.207762,36.34476852416992,5.29755821466744,0.0,0.0,0.0,0.757205,14.0,24.1,44.7,20.1,18.6,1.2,5.4,0.040820654,Low
SLD08751,18.171994,73.618688,293.2159423828125,30.232818636562065,0.302485961583443,0.0100828653861147,0.0598566047847271,0.66015625,9.0,38.3,26.2,19.9,17.1,1.34,6.3,0.5021677,Moderate
SLD12483,17.187213,74.173706,562.2337646484375,1.0364686671630354,0.3863855730742209,0.012879519102474,0.0504152178764343,0.5854764705882354,12.0,28.6,32.0,16.2,10.8,1.48,6.7,0.0013861029,Low
SLD04560,13.340753,75.598375,1145.452880859375,22.738175570609314,1.3021991252899168,0.0434066375096638,0.3680663406848907,0.78464375,8.0,25.4,40.7,20.2,28.2,1.07,5.4,0.9528805,High
SLD12300,12.371019,76.358872,771.7396850585938,1.6100859750149985,0.0,0.0,0.0,0.4992882352941176,12.0,28.8,38.1,22.0,12.1,1.38,6.9,0.0015511535,Low
SLD00824,9.891847,76.943759,691.5833740234375,30.169903532959022,11.05371692031622,0.3684572306772073,5.993414878845215,0.8194388888888889,8.0,27.3,39.1,23.7,28.1,1.1,5.1,0.9947161,High
SLD08943,14.952942,74.745248,518.1635131835938,5.963493360345945,0.0,0.0,0.0,0.7039375,8.0,16.7,46.1,21.6,15.7,1.26,5.6,0.630878,Moderate
SLD03460,11.417075,76.377922,452.9202575683594,21.61492922965305,8.442253418266773,0.2814084472755591,2.584341764450073,0.8222666666666667,2.0,22.4,42.7,20.7,30.7,1.06,5.4,0.80896634,High
SLD11997,15.928836,73.782465,96.47225952148438,5.778300067914624,0.5006506841164075,0.0166883561372135,0.0951797440648078,0.6622066666666666,9.0,30.3,28.6,18.4,16.2,1.4,6.1,0.17807332,Low
SLD00748,9.886185,76.934955,708.8905029296875,19.37593246974554,11.05371692031622,0.3684572306772073,5.993414878845215,0.8320588235294117,8.0,27.9,36.8,23.2,27.4,1.1,5.1,0.9913128,High
SLD14235,15.407613,74.896883,648.05029296875,1.1647503702923196,0.0,0.0,0.0,0.5419933333333333,12.0,26.4,34.1,24.2,10.1,1.4,6.2,0.0020449269,Low
SLD00044,8.951111,77.049444,238.7494201660156,20.556077882659817,0.0,0.0,0.0,0.8327529411764706,8.0,28.8,35.2,20.5,32.0,1.14,5.2,0.8524301,High
SLD02406,10.401694,77.010917,1196.5726318359375,12.603747814872095,9.277830190956593,0.3092610063652197,3.2182717323303223,0.7649384615384616,8.0,29.7,32.6,27.1,36.0,1.0,5.3,0.86040825,High
SLD09736,13.390993,75.564088,964.3680419921876,0.7387241438214198,1.4110989077016711,0.0470366302567223,0.3971351683139801,0.7768176470588235,8.0,25.2,41.3,19.0,26.2,1.12,5.5,0.52078134,Moderate
SLD00721,9.883072,76.969697,551.2861328125,29.601672662843963,11.05371692031622,0.3684572306772073,5.993414878845215,0.7569111111111111,8.0,25.4,38.6,23.5,27.8,1.16,5.2,0.9875529,High
SLD07111,15.846101,74.670141,876.5531616210938,6.202828266874869,0.0,0.0,0.0,0.5755722222222223,12.0,28.1,35.0,24.2,13.1,1.3,6.0,0.06307085,Low
SLD08549,16.292248,74.486052,685.4661865234375,2.19234735592508,0.0,0.0,0.0,0.4633705882352941,12.0,24.0,38.3,17.0,11.0,1.38,6.4,0.0010325147,Low
SLD00580,9.868878,76.957598,581.6461791992188,29.997393436090587,5.661683797836304,0.1887227932612101,2.472575664520264,0.8244611111111111,8.0,28.5,36.3,22.7,25.1,1.12,5.1,0.99684805,High
SLD08417,16.988803,73.445295,217.7518005371093,12.412043150437754,0.200721379369497,0.0066907126456498,0.0401442758738994,0.71300625,9.0,27.7,30.5,24.2,20.0,1.37,6.1,0.1088547,Low
SLD06459,18.11,73.62,693.7986450195312,22.90551403557279,0.5837622750550506,0.019458742501835,0.0892290025949478,0.6549125,9.0,37.1,26.9,17.0,22.8,1.32,5.9,0.6097714,Moderate
SLD08158,14.954562,74.77947,530.6425170898438,12.178356413782277,0.0,0.0,0.0,0.7150375,4.0,16.8,46.1,23.9,15.6,1.26,5.6,0.6201221,Moderate
SLD07314,16.828478,74.36669,569.4796752929688,1.5160448947685454,0.3096450294833607,0.0103215009827786,0.0343434438109397,0.5192833333333333,12.0,20.6,40.7,17.3,10.7,1.45,6.8,0.000381704,Low
SLD11428,9.437499,77.354156,1209.5384521484375,35.002766214847554,4.844863971695304,0.1614954657231768,1.449071764945984,0.8514727272727272,2.0,31.8,31.3,21.5,47.8,1.06,5.4,0.26240203,Low
SLD05642,15.8565,73.953333,349.40240478515625,26.67417566315687,0.5470467358827591,0.0182348911960919,0.0657038167119026,0.7788294117647059,2.0,22.8,35.1,21.0,23.8,1.25,5.6,0.4530572,Moderate
SLD11641,9.544933,76.496397,-0.0767899304628372,0.2866363526356484,0.0,0.0,0.0,0.6405357142857142,8.0,30.7,23.3,28.2,29.0,1.18,5.3,0.0014216453,Low
SLD06525,18.28,73.59,849.8462524414062,15.07574889748613,0.0990832969546315,0.0033027765651543,0.0198166593909263,0.6235647058823529,12.0,35.8,25.9,20.7,21.6,1.27,5.6,0.7541123,High
SLD07616,15.559797,74.669666,661.853759765625,1.7204505796788412,0.0,0.0,0.0,0.5685666666666667,12.0,18.0,45.2,14.3,11.1,1.3,6.1,0.0015581725,Low
SLD10124,8.634402,77.201467,413.1189270019531,9.83634038717596,14.773524165153503,0.4924508055051168,5.672884464263916,0.808135294117647,2.0,25.9,38.4,21.8,31.0,1.19,5.3,0.20060594,Low
SLD04579,13.396244,75.732494,1522.7088623046875,23.46902580953304,3.681806534528732,0.122726884484291,0.3695357143878937,0.6887588235294118,8.0,27.0,39.1,23.9,41.1,1.01,5.5,0.90169835,High
SLD03454,11.415869,76.375533,437.09368896484375,24.264341482944594,8.442253418266773,0.2814084472755591,2.584341764450073,0.8339157894736843,2.0,22.3,42.3,20.7,30.9,1.06,5.4,0.80396503,High
SLD02354,10.363958,77.757472,1219.3702392578125,23.351359741882494,12.309891909360886,0.4103297303120295,8.111344337463379,0.8348555555555556,2.0,27.8,36.2,21.2,44.1,1.05,5.7,0.658218,Moderate
SLD00498,9.858641,76.964611,567.481689453125,25.26850799332814,5.661683797836304,0.1887227932612101,2.472575664520264,0.69480625,8.0,25.4,35.1,23.0,27.3,1.2,5.3,0.98249996,High
SLD00539,9.861798,76.953318,670.5672607421875,25.23466019278933,5.661683797836304,0.1887227932612101,2.472575664520264,0.8422999999999999,8.0,31.6,36.8,23.2,32.0,1.05,5.2,0.9844183,High
SLD10513,15.527988,74.264368,588.9414672851562,31.66304356729842,0.3401954611763348,0.0113398487058778,0.0329881124198436,0.8269000000000001,2.0,20.8,43.0,20.1,30.7,1.18,5.6,0.55325776,Moderate
SLD05033,13.98,75.09,614.740966796875,4.708359209935178,0.0,0.0,0.0,0.7628470588235294,5.0,17.5,48.0,22.5,16.7,1.26,5.5,0.5618284,Moderate
SLD12158,15.468353,74.216735,464.0673828125,23.24544835054174,0.06666112691164,0.0022220375637213,0.013332225382328,0.7816333333333334,2.0,20.9,40.0,19.7,25.8,1.28,5.6,0.49530727,Moderate
SLD09309,11.691105,75.545566,16.869976043701172,6.109757065821904,0.0,0.0,0.0,0.6773374999999999,9.0,0.0,0.0,0.0,0.0,0.0,0.0,0.034810815,Low
SLD00692,9.880267,76.942296,719.794189453125,20.65958150348379,11.05371692031622,0.3684572306772073,5.993414878845215,0.8372333333333333,8.0,27.6,38.2,21.4,27.1,1.09,5.0,0.996878,High
SLD13943,18.477581,73.082014,23.16965675354004,19.484704298483138,0.0,0.0,0.0,0.5214833333333333,12.0,35.8,32.2,20.3,13.6,1.3,6.4,0.56073046,Moderate
SLD03741,11.556667,75.918889,752.0918579101562,19.551072054218405,9.171820729970932,0.3057273576656977,4.871296405792236,0.8000071428571429,2.0,30.1,43.7,15.6,31.0,1.06,5.2,0.6716439,High
SLD05200,14.337917,74.567028,153.19664001464844,29.312708857554444,0.2612355723977085,0.0087078524132569,0.0522471144795417,0.8122625,2.0,19.2,48.8,20.0,24.0,1.19,5.5,0.7750907,High
SLD07044,9.464253,77.790446,108.18514251708984,3.797161581933345,0.0,0.0,0.0,0.476547619047619,13.0,34.3,38.0,16.7,13.5,1.54,7.7,0.00032399973,Low
SLD12668,17.4147,73.760066,641.0,0.0,1.6593764256685966,0.0553125475222865,0.2876087129116058,0.0639624999999999,17.0,0.0,0.0,0.0,0.0,0.0,0.0,0.001508244,Low
SLD04745,13.72,74.98,354.98858642578125,20.90594512512241,0.0,0.0,0.0,0.8431,2.0,17.5,48.9,19.6,25.4,1.17,5.4,0.5596883,Moderate
SLD10757,12.871738,75.524618,229.3481292724609,17.51152091728098,0.0,0.0,0.0,0.8376,2.0,26.2,53.3,15.3,25.0,1.14,5.4,0.58802867,Moderate
SLD04766,13.72,74.97,181.30702209472656,7.58850498414081,0.0,0.0,0.0,0.82924,2.0,18.9,52.0,18.0,21.4,1.2,5.5,0.21239915,Low
SLD13476,12.987223,74.948635,121.32023620605467,0.7961545616718694,0.0,0.0,0.0,0.5822357142857142,9.0,37.0,48.3,8.8,18.9,1.27,5.8,0.020083033,Low
SLD00884,9.898077,76.969932,627.0294189453125,22.02210009819761,11.05371692031622,0.3684572306772073,5.993414878845215,0.7982444444444444,8.0,24.3,41.1,20.8,27.8,1.14,5.1,0.9886867,High
SLD10909,8.967423,77.107471,188.7048797607422,1.672306125406066,0.0967792044393717,0.0032259734813123,0.0642760023474693,0.7562842105263158,8.0,26.0,37.7,21.5,34.0,1.17,5.4,0.46770546,Moderate
SLD10833,11.152529,76.216739,64.86969757080078,11.26166483546907,0.0,0.0,0.0,0.7696888888888889,8.0,23.0,42.4,22.0,21.5,1.23,5.4,0.10227283,Low
SLD00035,8.809139,77.12625,169.60130310058594,18.70107383526172,8.534668128937483,0.2844889376312494,2.2808048725128174,0.8111875,2.0,28.3,36.4,21.0,25.9,1.2,5.3,0.30041265,Low
SLD05955,17.222,73.414,142.4887237548828,7.524836197924154,0.0865068566054105,0.002883561886847,0.0173013713210821,0.65851875,9.0,21.6,34.7,21.4,20.9,1.3,6.2,0.4203417,Moderate
SLD12393,18.236536,73.57334,696.3485107421875,9.40647915917325,0.1423514906672378,0.0047450496889079,0.0854072868824005,0.6124866666666667,9.0,36.7,29.0,16.8,18.7,1.38,6.2,0.43710756,Moderate
SLD13112,8.62884,77.262975,787.7828369140625,13.752904390893846,8.545152723789215,0.2848384241263071,2.65103816986084,0.85238,2.0,30.2,36.6,21.0,32.0,1.12,5.2,0.17866533,Low
SLD13652,11.686442,75.568066,16.38995933532715,2.3676508545022,0.0,0.0,0.0,0.7171526315789474,8.0,29.6,36.7,20.0,28.0,1.12,5.6,0.0072077746,Low
SLD12064,10.427301,76.353176,17.433731079101562,3.026696809968934,0.0,0.0,0.0,0.7839538461538461,8.0,23.9,48.7,15.0,21.4,1.19,5.2,0.07253548,Low
SLD00848,9.893845,76.971594,566.2371826171875,23.938173354554227,11.05371692031622,0.3684572306772073,5.993414878845215,0.7652352941176471,8.0,25.7,39.9,21.7,30.3,1.12,5.3,0.98298335,High
SLD11809,18.258879,73.519914,812.3348388671875,13.961908533575931,0.0789979182718525,0.002633263942395,0.0789227709174156,0.5980705882352941,12.0,35.5,27.7,18.0,20.5,1.37,6.2,0.76803505,High
SLD12737,10.033035,76.79096,396.2102355957031,25.61395254085898,14.076631173491478,0.4692210391163826,8.068114280700684,0.730425,2.0,22.7,35.8,29.0,30.1,1.1,5.2,0.77491534,High
SLD00132,9.45,77.37,976.4393310546876,31.81804267614313,4.844863971695304,0.1614954657231768,1.449071764945984,0.76842,2.0,31.4,32.3,25.3,42.0,1.09,5.4,0.26779374,Low
SLD12261,16.761494,74.234832,542.9808959960938,0.8542399260556233,0.0,0.0,0.0,0.5601611111111111,12.0,20.3,43.2,16.3,12.0,1.4,6.6,0.0011697387,Low
SLD00790,9.88877,76.931734,734.1177978515625,22.50757989778578,11.05371692031622,0.3684572306772073,5.993414878845215,0.8053388888888889,8.0,28.1,37.4,23.9,27.8,1.07,5.2,0.986323,High
SLD03834,11.636389,75.870833,400.6934814453125,30.719818363257254,6.037864573299885,0.2012621524433294,0.7027574777603149,0.8357588235294118,2.0,30.3,47.2,13.2,25.9,1.1,5.4,0.9461967,High
SLD04803,13.8,75.33,662.1332397460938,4.814815891473395,0.0,0.0,0.0,0.7608333333333334,9.0,18.3,50.4,17.4,19.2,1.3,6.1,0.27816346,Low
SLD00062,9.044042,77.070014,382.6446533203125,25.93804795368227,2.634601984173059,0.0878200661391019,0.3701545894145965,0.8197666666666666,8.0,19.3,35.2,29.0,32.6,1.12,5.1,0.8575149,High
SLD14238,15.934405,73.545531,62.34375762939453,0.1224903884460787,0.0,0.0,0.0,0.5437666666666666,9.0,0.0,0.0,0.0,0.0,0.0,0.0,0.6725574,High
SLD05202,14.350194,74.507242,387.0789184570313,11.491243788832486,0.1035687699913975,0.0034522923330465,0.0207137539982795,0.8373785714285714,2.0,18.3,44.9,20.6,35.2,1.11,5.6,0.47153884,Moderate
SLD07036,16.37516,73.439564,41.83481979370117,9.04429326503142,0.1129991374909875,0.0037666379163662,0.0225998274981975,0.5554529411764706,9.0,18.7,35.6,21.2,17.0,1.4,6.1,0.49745563,Moderate
SLD13882,15.472858,75.040453,681.7025146484375,1.3582804211540147,0.0,0.0,0.0,0.4705333333333333,10.0,20.1,37.9,20.6,11.0,1.4,6.8,0.0010435038,Low
SLD05971,17.2714,73.859686,701.013427734375,18.60014835264304,1.2559950770810244,0.0418665025693674,0.1265765279531479,0.5316055555555556,12.0,25.5,33.8,20.6,18.8,1.32,6.2,0.93672067,High
SLD06861,13.381444,75.71361111,1483.939208984375,15.04134649947444,6.105696335434914,0.2035232111811638,1.049048900604248,0.7321428571428571,8.0,26.9,37.7,23.5,29.8,1.03,5.6,0.75930023,High
SLD00566,9.86692,76.946165,729.4517211914062,20.17825348281052,5.661683797836304,0.1887227932612101,2.472575664520264,0.8157111111111112,8.0,29.6,37.7,24.4,27.2,1.09,5.0,0.99185586,High
SLD03863,11.673056,75.840833,496.7888793945313,39.30959397380028,6.037864573299885,0.2012621524433294,0.7027574777603149,0.7372125,8.0,30.4,48.0,11.7,30.0,1.07,5.4,0.9423453,High
SLD03750,11.557778,75.916111,727.3280029296875,45.76397461470868,9.171820729970932,0.3057273576656977,4.871296405792236,0.8440866666666668,2.0,28.9,45.5,14.8,31.0,1.06,5.4,0.84555924,High
SLD05131,14.238608,74.4827,38.416351318359375,20.87659863872571,0.0245906342752275,0.0008196878091742,0.0049181268550455,0.7495176470588235,8.0,25.6,44.7,18.6,23.0,1.26,5.6,0.68572253,High
SLD04042,12.83079,75.64701,307.1291809082031,30.405084433099507,0.0,0.0,0.0,0.7981647058823529,2.0,30.6,47.1,14.2,26.0,1.1,5.4,0.94361097,High
SLD10917,11.802524,75.488086,10.30821132659912,4.107319056858169,0.0,0.0,0.0,0.7407666666666667,8.0,0.0,0.0,0.0,0.0,0.0,0.0,0.045714952,Low
SLD00201,9.645962,77.076031,910.6585083007812,26.75149455050217,0.4143241941928863,0.0138108064730962,0.3199731409549713,0.785325,8.0,29.2,40.0,20.8,29.2,1.2,5.4,0.90541005,High
SLD00392,9.84728,76.94079,873.7422485351562,15.275575880137502,5.661683797836304,0.1887227932612101,2.472575664520264,0.7233785714285714,8.0,24.9,37.1,25.4,27.8,1.07,5.2,0.952602,High
SLD09178,12.344044,76.018235,900.1809692382812,3.207762864419969,0.0,0.0,0.0,0.5826875,12.0,24.7,40.9,22.6,12.0,1.21,6.0,0.004738424,Low
SLD07129,11.623207,75.591794,17.606504440307617,4.755315732015629,0.0,0.0,0.0,0.70011875,8.0,27.9,47.3,15.1,25.1,1.23,5.5,0.035298448,Low
SLD07576,8.712347,77.237745,1121.8182373046875,26.21090298538012,9.38818795233965,0.3129395984113216,2.482621431350708,0.8612588235294119,2.0,27.5,37.5,23.3,40.4,1.0,5.1,0.5060075,Moderate
SLD00501,9.858681,76.968641,591.9349975585938,27.65966386611133,5.661683797836304,0.1887227932612101,2.472575664520264,0.7232411764705882,8.0,25.4,36.2,23.4,25.1,1.17,5.2,0.98991793,High
SLD13190,14.009915,75.316293,730.8753051757812,12.555640063371657,0.0,0.0,0.0,0.7592266666666667,4.0,20.5,40.2,17.1,18.8,1.27,5.9,0.14665821,Low
SLD00497,9.858636,76.952998,690.4024658203125,24.497361527263752,5.661683797836304,0.1887227932612101,2.472575664520264,0.8400200000000001,8.0,29.9,38.0,21.5,32.0,1.07,5.1,0.98213273,High
SLD05078,14.127831,74.961164,579.3314208984375,8.246343069165272,0.0,0.0,0.0,0.71118,9.0,15.3,46.8,22.5,19.4,1.29,5.5,0.77478164,High
SLD09482,16.823251,73.696492,348.09197998046875,7.658600206569683,1.0926974937319756,0.0364232497910658,0.112471304833889,0.6947333333333333,9.0,21.8,35.1,23.6,23.4,1.34,6.1,0.515413,Moderate
SLD08445,17.208809,73.440674,116.62860870361328,8.776629986507572,0.3350305557250975,0.0111676851908365,0.0670061111450195,0.738825,9.0,27.3,32.3,21.9,20.3,1.28,6.1,0.41928223,Moderate
SLD00889,9.898434,76.930077,742.6482543945312,13.230000737021696,11.05371692031622,0.3684572306772073,5.993414878845215,0.75485625,8.0,27.2,35.2,25.6,28.6,1.1,5.3,0.9602156,High
SLD13553,15.193013,74.859503,479.2969970703125,13.461017333734825,0.0,0.0,0.0,0.61726,12.0,35.0,32.7,19.7,11.6,1.37,6.2,0.22366883,Low
SLD12137,11.925187,75.812223,164.74826049804688,1.7561345972488631,3.292569182813167,0.1097523060937722,0.2126216739416122,0.826288888888889,8.0,24.7,48.0,17.1,21.6,1.14,5.4,0.050187785,Low
SLD11465,12.763007,75.380952,91.87110900878906,6.089874474666487,0.0,0.0,0.0,0.8228,2.0,24.4,48.1,15.9,17.0,1.19,5.4,0.061460305,Low
SLD12353,18.961422,73.632249,767.0452270507812,7.839162387219075,0.3778470284305504,0.012594900947685,0.0371859669685363,0.4771625,12.0,29.5,26.0,23.7,17.2,1.36,6.4,0.5233283,Moderate
SLD03498,11.437911,76.392803,640.9827880859375,27.60746309800559,4.303420724347234,0.1434473574782411,1.9660700559616089,0.8361117647058824,2.0,25.6,45.1,17.2,30.9,1.1,5.4,0.7600189,High
SLD05636,15.838472,73.905139,142.13648986816406,8.315311799962455,0.3568754438310855,0.0118958481277028,0.0433295033872127,0.750135294117647,8.0,26.4,32.7,18.9,21.9,1.34,5.5,0.21178842,Low
SLD04004,11.9106,75.861,443.3982543945313,23.471358396637463,2.472081463783979,0.0824027154594659,0.13706836104393,0.8488764705882352,2.0,29.5,48.2,14.9,27.8,1.06,5.4,0.8875167,High
SLD02425,10.418444,77.039194,804.458251953125,42.423730740816666,17.28021264076233,0.576007088025411,6.620239734649658,0.7364307692307693,2.0,27.4,32.3,25.3,30.7,1.1,5.4,0.816896,High
SLD00875,9.897462,76.952945,573.1408081054688,26.40895778470603,11.05371692031622,0.3684572306772073,5.993414878845215,0.8484411764705883,8.0,27.2,36.6,21.9,27.8,1.12,5.2,0.9948572,High
SLD04487,13.19676,75.397879,840.1480712890625,21.853590235726504,0.4397765733301635,0.0146592191110054,0.049655444920063,0.7915882352941177,8.0,24.8,45.3,17.8,28.6,1.12,5.4,0.9543815,High
SLD08324,18.169723,73.153491,194.86085510253903,5.866128053599845,0.2449550200253719,0.008165167334179,0.0254473742097616,0.7420466666666667,5.0,22.7,36.3,19.4,22.0,1.28,6.2,0.25602782,Low
SLD13327,13.025067,75.357609,93.65827178955078,5.355226106746085,0.0,0.0,0.0,0.7748133333333332,8.0,23.9,49.2,17.6,17.8,1.25,5.5,0.20036682,Low
SLD02505,10.481861,77.093861,415.5711669921875,23.08593183930725,9.196555275470018,0.3065518425156673,3.97658109664917,0.7602599999999999,8.0,26.1,39.1,18.6,27.1,1.19,5.7,0.8144219,High
SLD06014,17.385345,73.752317,673.880615234375,5.836702350072109,1.6593764256685966,0.0553125475222865,0.2876087129116058,0.6427058823529412,9.0,29.6,30.6,18.6,19.9,1.33,5.7,0.48064396,Moderate
SLD09400,15.57802,74.692093,665.1622314453125,1.1852969886547389,0.0,0.0,0.0,0.6289578947368422,12.0,19.6,43.6,14.5,12.1,1.32,6.2,0.0014540774,Low
SLD02432,10.420694,77.035944,812.8721313476562,27.10222918863933,17.28021264076233,0.576007088025411,6.620239734649658,0.7170307692307692,2.0,26.8,32.4,25.6,33.1,1.1,5.4,0.5335585,Moderate
SLD07420,12.888794,75.526076,396.5635986328125,33.41245140024331,1.5128109045326703,0.050427030151089,0.1054592654109001,0.8361357142857143,2.0,28.0,47.3,14.9,29.2,1.13,5.4,0.8758753,High
SLD13948,16.366876,74.265049,691.5363159179688,4.294317692758317,0.0,0.0,0.0,0.4546352941176471,12.0,21.0,33.2,25.1,12.3,1.33,6.2,0.03990208,Low
SLD11156,15.576896,75.047928,645.2071533203125,1.0455180655494445,0.0,0.0,0.0,0.4444882352941177,10.0,30.6,28.8,28.7,14.2,1.4,7.6,0.0016708251,Low
SLD11564,15.304907,74.585272,508.9053649902344,6.115322290619546,0.1496645715087645,0.0049888190502921,0.0246331971138715,0.7037294117647059,4.0,17.1,45.2,20.4,15.9,1.3,5.9,0.25942338,Low
SLD04580,13.398056,75.644892,970.75439453125,34.5751155310232,4.459341045469046,0.1486447015156348,1.1766947507858276,0.82248,2.0,26.9,34.9,24.4,27.0,1.1,5.4,0.6371221,Moderate
SLD09889,10.548868,77.752869,273.6026916503906,0.2857558967365999,3.101524852216244,0.1033841617405414,2.3435988426208496,0.4778888888888889,12.0,19.5,43.1,17.1,12.9,1.54,7.6,0.00013516395,Low
SLD00667,9.876301,76.949611,606.1450805664062,29.660776750782347,11.05371692031622,0.3684572306772073,5.993414878845215,0.8172444444444444,8.0,22.7,39.6,22.4,24.2,1.1,5.1,0.9907918,High
SLD05075,14.120367,74.973403,594.6451416015625,11.53254035113968,0.0,0.0,0.0,0.6794894736842105,9.0,15.9,46.5,22.2,18.5,1.32,5.8,0.66302603,High
SLD08513,9.667744,77.803749,139.87933349609375,1.4286697266742607,0.0,0.0,0.0,0.5875049999999999,12.0,20.5,43.1,18.1,13.6,1.58,7.6,0.00022748693,Low
SLD09227,16.942104,73.492507,37.250518798828125,11.614294031064944,0.298232790082693,0.0099410930027564,0.0596465580165386,0.6782944444444445,9.0,26.0,33.3,27.6,19.0,1.35,6.2,0.46702397,Moderate
SLD04559,13.332867,75.561889,744.3208618164062,4.041776288205673,0.0,0.0,0.0,0.72748125,8.0,27.0,42.7,16.3,25.1,1.19,5.4,0.36975914,Moderate
SLD09247,16.383941,73.8076,147.16603088378906,9.28499650498524,0.268913004547357,0.0089637668182452,0.037854291498661,0.5632375000000001,14.0,21.5,32.4,26.0,19.0,1.36,6.2,0.23412628,Low
SLD00816,9.890661,76.950352,674.8079833984375,15.81257455926251,11.05371692031622,0.3684572306772073,5.993414878845215,0.791721052631579,8.0,28.1,35.5,21.9,26.4,1.1,5.1,0.98507327,High
SLD04582,13.3989,75.644167,939.7922973632812,26.937851531876472,4.459341045469046,0.1486447015156348,1.1766947507858276,0.8221266666666666,2.0,28.4,34.7,23.5,27.1,1.1,5.4,0.510836,Moderate
SLD00423,9.851786,76.944836,826.4071655273438,24.915328578505807,5.661683797836304,0.1887227932612101,2.472575664520264,0.7533538461538462,8.0,26.1,37.4,23.0,26.0,1.06,5.2,0.9619828,High
SLD12963,10.753485,76.250703,25.01548385620117,0.4462532120279203,0.0,0.0,0.0,0.6798375,14.0,19.6,45.6,18.1,23.8,1.22,5.3,0.031102175,Low
SLD00398,9.848542,76.952419,825.1734619140625,23.54096025856038,5.661683797836304,0.1887227932612101,2.472575664520264,0.78925,2.0,28.9,36.8,24.1,27.9,1.09,5.2,0.881401,High
SLD01504,10.05,77.22,1674.839111328125,12.517918812146696,4.372599385678768,0.1457533128559589,1.9736636877059937,0.7569357142857143,8.0,27.7,32.9,28.1,44.0,1.0,5.3,0.7852155,High
SLD11511,11.512121,76.64593,1457.77978515625,10.23794428049892,10.376742630265651,0.3458914210088551,5.001240253448486,0.6843875,8.0,23.2,33.7,30.8,24.1,1.03,5.8,0.95029837,High
SLD14259,15.574009,74.179727,206.41079711914065,15.775855915954349,0.388207482174038,0.0129402494058012,0.0354082062840461,0.8074125,2.0,20.7,36.9,21.4,19.1,1.3,5.6,0.2365639,Low
SLD07625,16.817672,73.66587,116.34217834472656,1.8056012744443584,0.7874412089586248,0.0262480402986208,0.0946832373738288,0.6657,9.0,26.1,32.3,21.2,20.0,1.36,5.9,0.047061034,Low
SLD08378,17.824868,73.476748,380.2164611816406,32.06553878593969,0.6542711018119001,0.0218090367270633,0.0776548311114311,0.6481833333333333,9.0,34.8,28.3,22.6,23.7,1.36,5.7,0.70162964,High
SLD00386,9.846082,76.938568,841.3760375976562,12.320032994155584,5.661683797836304,0.1887227932612101,2.472575664520264,0.7795357142857143,8.0,26.6,36.2,22.4,26.0,1.08,5.1,0.92776716,High
SLD11606,9.600292,77.332031,1912.003173828125,22.619547186161885,9.6318329423666,0.3210610980788866,1.9431747198104856,0.82750625,2.0,26.3,32.8,27.7,60.6,0.99,5.0,0.40563202,Moderate
SLD07263,9.60108,77.043308,985.888671875,28.8672397288133,0.4641383923590183,0.0154712797453006,0.2319726198911667,0.7768214285714287,8.0,27.7,34.5,22.7,38.7,1.08,5.3,0.7539921,High
SLD11846,14.900035,75.201255,602.7673950195312,3.258118326629686,0.0,0.0,0.0,0.4812375,12.0,27.8,35.2,25.8,11.3,1.4,6.3,0.002297289,Low
SLD13204,13.128266,75.119664,115.80912017822266,0.7158862262800363,0.0,0.0,0.0,0.7924266666666667,9.0,26.0,47.8,15.1,16.8,1.2,5.5,0.086281106,Low
SLD00512,9.859678,76.969604,578.4990234375,25.83106462732144,5.661683797836304,0.1887227932612101,2.472575664520264,0.7232411764705882,8.0,26.7,35.3,23.7,25.1,1.12,5.2,0.98721594,High
SLD01458,10.040128,77.290631,719.9341430664062,38.49156985945372,0.2914152443408966,0.0097138414780298,0.2914152443408966,0.6487444444444445,14.0,21.4,39.4,20.6,32.8,1.3,6.2,0.77019614,High
SLD04081,12.84591,75.68635,461.2261962890625,16.32615104998629,0.0,0.0,0.0,0.7859444444444444,8.0,27.0,46.8,14.3,27.3,1.18,5.5,0.9114148,High
SLD12416,9.734448,76.793952,210.5362091064453,27.002132429119108,1.9883011616766453,0.0662767053892215,1.6807856559753418,0.8287105263157895,8.0,23.7,35.6,27.7,31.0,1.1,5.2,0.875743,High
SLD13622,13.340467,75.783751,1054.248779296875,1.6359355521701755,0.5817608442157494,0.0193920281405249,0.0504811368882656,0.5491,10.0,27.1,39.6,24.9,11.9,1.27,5.9,0.0033883227,Low
SLD07838,8.817869,77.619111,104.3629150390625,0.7532567147243294,0.0881348438560961,0.0029378281285365,0.0528809055685997,0.5161285714285714,12.0,24.7,35.2,21.6,14.0,1.44,6.8,0.0007303411,Low
SLD04090,12.84938,75.69102,538.2294311523438,25.03146878560049,0.0,0.0,0.0,0.7872777777777777,8.0,29.2,44.2,15.1,27.2,1.18,5.5,0.9516031,High
SLD09204,11.894838,75.4073,35.527523040771484,4.355874797404747,0.0,0.0,0.0,0.6064875,14.0,24.5,44.5,18.9,22.0,1.2,5.5,0.09064052,Low
SLD08224,11.636369,75.892827,927.59228515625,32.206798317918626,6.106640920042992,0.2035546973347664,0.6601118445396423,0.84306875,2.0,30.7,39.2,17.8,33.0,1.01,5.3,0.5524472,Moderate
SLD11425,9.825814,76.279474,0.0,0.2612598946713725,0.0,0.0,0.0,0.19012,17.0,0.0,0.0,0.0,0.0,0.0,0.0,0.033362456,Low
SLD10305,10.961409,75.929251,83.03871154785156,8.669890046185502,0.0,0.0,0.0,0.6949375,14.0,25.5,49.6,14.3,22.0,1.17,5.4,0.16193262,Low
SLD00549,9.864936,76.951604,671.7520141601562,24.281263540427545,5.661683797836304,0.1887227932612101,2.472575664520264,0.8331875,8.0,29.6,39.1,22.2,29.1,1.04,5.2,0.98843366,High
SLD00588,9.869572,76.953272,640.2435913085938,18.927172314908056,5.661683797836304,0.1887227932612101,2.472575664520264,0.8114529411764706,8.0,28.4,39.3,22.4,27.9,1.08,5.1,0.9900339,High
SLD12551,12.435542,76.161334,890.2821655273438,2.406916803545866,0.0,0.0,0.0,0.4459555555555556,12.0,25.5,40.3,19.8,11.1,1.31,7.0,0.00090609724,Low
SLD10885,14.776685,75.27011,537.1150512695312,1.2027062537004387,0.0,0.0,0.0,0.5119888888888888,12.0,27.9,37.5,19.1,10.0,1.4,6.4,0.0010249707,Low
SLD05739,16.396,73.87,634.5462646484375,13.634400379630511,0.7704376801848405,0.0256812560061613,0.0799853056669235,0.67280625,9.0,35.9,25.8,20.9,27.5,1.2,5.5,0.31349662,Low
SLD01066,9.957836,77.120715,909.0179443359376,19.8698156774972,0.5576421022415161,0.0185880700747172,0.5576421022415161,0.8453176470588235,2.0,30.7,31.7,25.7,27.8,1.12,5.2,0.7035533,High
SLD05723,16.358,73.847,411.876220703125,20.171024961287166,0.9000233374536026,0.03000077791512,0.0785311535000801,0.7742466666666666,2.0,24.6,30.7,22.5,23.0,1.22,5.3,0.33978564,Moderate
SLD07718,9.185733,77.727978,128.19046020507812,0.5026423232110642,0.0,0.0,0.0,0.4353157894736842,12.0,32.2,34.9,19.1,20.0,1.4,7.4,0.0030750525,Low
SLD07361,13.93199,75.027218,557.0,0.0,0.0,0.0,0.0,0.26392,10.0,0.0,0.0,0.0,0.0,0.0,0.0,0.052934688,Low
SLD06388,17.93853,73.56892,598.6052856445312,26.21869573855125,1.0488930344581602,0.0349631011486053,0.1217102631926536,0.6123235294117647,9.0,34.2,28.0,18.6,22.3,1.4,5.8,0.4595576,Moderate
SLD11725,9.642383,77.57358,175.74761962890625,0.1167815061488546,2.208768367767334,0.0736256122589111,2.208768367767334,0.5446714285714286,12.0,25.0,41.8,16.6,21.1,1.39,6.5,0.0033306265,Low
SLD01514,10.054453,76.763889,147.75982666015625,33.110470755366244,11.9082640260458,0.3969421342015266,5.6062541007995605,0.8004,8.0,25.7,31.7,27.0,27.9,1.07,5.4,0.9857556,High
SLD06015,17.388202,73.75695,671.9326171875,19.246631528863585,1.6593764256685966,0.0553125475222865,0.2876087129116058,0.62914375,9.0,29.9,30.6,19.0,23.5,1.34,5.7,0.5696801,Moderate
SLD10814,10.353175,77.686195,1203.95751953125,9.745473498667153,15.777613535523416,0.5259204511841138,11.086604118347168,0.8113526315789473,8.0,24.8,41.7,18.9,33.8,1.14,5.6,0.53208864,Moderate
SLD03074,11.291667,76.575,2393.0791015625,36.85448267540422,13.5887072943151,0.4529569098105033,3.200512409210205,0.6960842105263157,2.0,21.6,33.2,30.2,41.9,1.0,5.6,0.98750323,High
SLD12552,10.459165,76.870636,927.2396240234376,10.670522348269872,16.484997525811195,0.5494999175270399,5.300003528594971,0.805835294117647,2.0,26.5,37.1,22.4,35.7,1.04,5.3,0.24518298,Low
SLD00420,9.851416,76.949474,838.6261596679688,31.451385800267616,5.661683797836304,0.1887227932612101,2.472575664520264,0.7665615384615385,8.0,26.1,37.4,24.6,25.8,1.04,5.1,0.9782397,High
SLD00838,9.893219,76.973641,561.5123291015625,20.87640070683553,11.05371692031622,0.3684572306772073,5.993414878845215,0.7051722222222222,8.0,25.4,37.9,21.9,27.1,1.12,5.2,0.9728169,High
SLD02166,10.288408,76.841694,888.0614013671875,26.98054606620352,8.538408413529396,0.2846136137843132,3.0309925079345703,0.83065,2.0,25.1,35.4,29.5,30.8,1.08,5.1,0.6098575,Moderate
SLD09718,10.708555,77.325404,348.5722045898437,3.479554302298552,0.0,0.0,0.0,0.5872149999999999,12.0,16.9,45.2,17.5,12.8,1.5,7.0,0.0016361972,Low
SLD10952,18.74604,73.993742,588.549560546875,1.5828883849823674,0.0512557057663795,0.0017085235255459,0.0102511411532759,0.469135294117647,12.0,29.6,29.8,23.7,10.1,1.54,7.2,0.00077476946,Low
SLD13213,18.264809,73.485018,337.2519226074219,31.851697877512635,0.0789979182718525,0.002633263942395,0.0789227709174156,0.656364705882353,12.0,32.4,26.8,20.8,23.8,1.33,6.2,0.65903693,Moderate
SLD04099,12.85993,75.69973,723.0203247070312,15.49039664362678,0.0,0.0,0.0,0.7842,2.0,29.8,46.5,14.7,27.8,1.2,5.4,0.8329949,High
SLD04731,13.72,75.43,608.1598510742188,15.282145563875858,0.0,0.0,0.0,0.72195,9.0,17.0,45.8,18.6,18.0,1.3,5.9,0.7189024,High
SLD09772,13.338919,75.573938,1071.44921875,25.564937922427127,0.0,0.0,0.0,0.77523125,8.0,28.0,39.1,20.2,30.1,1.14,5.5,0.913546,High
SLD08405,10.543582,77.727248,284.5447998046875,1.760743407276901,3.101524852216244,0.1033841617405414,2.3435988426208496,0.517675,12.0,17.2,43.3,23.3,12.0,1.46,7.6,0.00053413864,Low
SLD04755,13.72,74.99,484.4354248046875,26.61904595605825,0.0,0.0,0.0,0.8333857142857143,2.0,19.5,46.4,20.4,35.1,1.13,5.6,0.53386956,Moderate
SLD08154,12.634426,75.0101,30.487367630004883,3.6685196524494255,0.0,0.0,0.0,0.7263333333333333,14.0,28.9,48.0,12.7,21.2,1.24,5.6,0.13726251,Low
SLD00670,9.876967,76.940818,682.8110961914062,16.847223570996615,11.05371692031622,0.3684572306772073,5.993414878845215,0.841575,2.0,29.5,35.4,23.1,26.4,1.06,5.0,0.9547095,High
SLD07204,13.715537,75.822119,677.5006103515625,2.4819661017882204,0.0,0.0,0.0,0.6755888888888889,9.0,20.5,41.2,19.9,11.2,1.38,6.3,0.0026813962,Low
SLD07113,9.093046,76.933246,163.10826110839844,12.254615064942112,0.0,0.0,0.0,0.7831055555555556,2.0,29.7,31.7,22.6,27.9,1.1,5.2,0.36675757,Moderate
SLD09695,9.908282,77.346132,390.6632385253906,1.3390420540122816,0.0,0.0,0.0,0.4126809523809523,12.0,24.5,36.8,20.5,21.1,1.4,6.8,0.0006334353,Low
SLD09773,12.012751,76.264368,729.251953125,4.717581755939298,0.0,0.0,0.0,0.4901071428571428,10.0,27.1,43.1,15.5,14.2,1.3,5.8,0.007429871,Low
SLD12355,15.979121,73.595017,76.05632019042969,23.237252169165405,0.2553687430918215,0.008512291436394,0.0510737486183643,0.6885,9.0,24.2,32.7,29.0,18.1,1.31,6.6,0.66569024,High
SLD00777,9.888258,76.931248,762.8676147460938,27.93979283115986,11.05371692031622,0.3684572306772073,5.993414878845215,0.8053388888888889,8.0,27.7,37.4,23.9,25.9,1.08,5.1,0.98732495,High
SLD12780,10.071004,76.467148,45.27277755737305,1.813832061775121,1.215039864182472,0.0405013288060824,0.2430079728364944,0.8014941176470588,14.0,23.7,42.6,16.7,24.5,1.2,5.2,0.022758855,Low
SLD11941,10.476341,76.348616,55.09571075439453,8.919469903945316,5.409035719931126,0.1803011906643708,0.7446431517601013,0.8127470588235295,8.0,26.1,47.5,13.9,21.1,1.12,5.4,0.24288009,Low
SLD03572,11.498056,76.334167,936.42626953125,19.918259436860023,1.324075846001506,0.0441358615333835,0.977155327796936,0.7366947368421052,8.0,21.4,39.1,24.3,23.2,1.14,5.6,0.9151155,High
SLD07639,16.053036,74.448913,676.9254150390625,1.6823268565092018,0.0,0.0,0.0,0.5116882352941177,12.0,20.2,40.2,14.7,12.9,1.37,6.2,0.008538871,Low
SLD03584,11.5075,75.990833,138.0624542236328,20.51784997694902,0.2793131172657013,0.00931043724219,0.2793131172657013,0.8088833333333334,8.0,27.6,51.8,14.3,26.6,1.08,5.4,0.85777676,High
SLD05952,17.218,73.412,138.0414276123047,22.890553915496543,0.0865068566054105,0.002883561886847,0.0173013713210821,0.6154875,9.0,23.3,34.2,21.5,20.3,1.31,6.2,0.7293054,High
SLD10966,8.873735,77.100795,316.0911560058594,31.878399795324054,1.8147279364056883,0.0604909312135229,1.305167317390442,0.8584,2.0,28.5,33.5,20.3,28.0,1.14,5.2,0.56262344,Moderate
SLD09209,16.264358,73.941812,935.8723754882812,17.84696102240462,0.6054643783718335,0.0201821459457277,0.2096007317304611,0.78865625,2.0,32.4,31.4,16.5,27.0,1.1,5.5,0.267914,Low
SLD06403,17.95566,73.0355,26.87479019165039,16.528742493909565,0.4194698855280875,0.0139823295176029,0.0838939771056175,0.6214666666666666,9.0,23.2,39.1,18.5,19.0,1.33,6.2,0.6543217,Moderate
SLD00616,9.871863,76.940195,733.5494995117188,19.65228460003432,5.661683797836304,0.1887227932612101,2.472575664520264,0.7941875,8.0,28.4,36.2,22.9,27.0,1.06,5.1,0.9812021,High
SLD07724,18.081905,73.220497,286.9886169433594,13.957529405065369,0.052689616568386,0.0017563205522795,0.005767224356532,0.6936933333333334,9.0,19.3,36.6,19.1,21.8,1.29,5.9,0.6380854,Moderate
SLD11566,12.729245,75.232408,85.83055877685547,3.354509711837412,0.0,0.0,0.0,0.78034375,14.0,27.9,44.7,14.8,19.0,1.19,5.6,0.03841824,Low
SLD12092,13.704361,74.950247,109.8722915649414,5.244457693710158,0.0,0.0,0.0,0.8082999999999999,2.0,22.1,48.8,17.7,16.3,1.29,5.6,0.022285895,Low
SLD07463,9.741397,77.219758,1065.9844970703125,4.459012056007094,0.873786449432373,0.0291262149810791,0.873786449432373,0.7790611111111111,2.0,29.6,32.0,24.0,30.4,1.18,5.4,0.055772547,Low
SLD00451,9.854676,76.960933,617.7167358398438,31.5473966253943,5.661683797836304,0.1887227932612101,2.472575664520264,0.7308473684210527,8.0,27.6,37.6,20.8,27.8,1.18,5.3,0.9869097,High
SLD06723,18.41,73.52,871.443603515625,19.400690653228384,0.0,0.0,0.0,0.70180625,9.0,32.7,25.8,20.3,23.9,1.27,5.6,0.8617016,High
SLD00220,9.685096,77.05283,877.235107421875,29.074545804729816,0.2119134292006489,0.0070637809733549,0.1321043819189071,0.86675625,2.0,30.2,36.6,20.5,32.2,1.04,5.1,0.85445297,High
SLD07664,10.458911,77.046657,480.3264770507813,17.652810326621342,14.47865131497383,0.4826217104991276,9.581640243530272,0.7546473684210526,8.0,22.8,39.2,20.4,26.1,1.19,5.5,0.6945162,High
SLD07634,9.790384,76.766491,279.8197937011719,6.612554794522881,4.448438167572021,0.1482812722524006,0.9378039836883544,0.8194315789473684,8.0,25.8,37.3,23.0,28.8,1.1,5.2,0.44421604,Moderate
SLD03467,11.419836,76.379117,466.8089904785156,28.426266668719155,8.442253418266773,0.2814084472755591,2.584341764450073,0.8194833333333333,2.0,22.2,42.8,22.6,27.8,1.12,5.4,0.8926921,High
SLD06693,18.39,73.51,637.0,0.0,0.0,0.0,0.0,0.2944470588235294,10.0,0.0,0.0,0.0,0.0,0.0,0.0,0.22643447,Low
SLD01329,10.02,77.26,1472.239990234375,21.17463835664857,4.766331918537617,0.1588777306179205,2.1873443126678467,0.6950384615384616,8.0,29.0,30.6,26.9,45.5,1.04,5.3,0.7931614,High
SLD00519,9.860072,76.962541,616.1532592773438,28.55917446153645,5.661683797836304,0.1887227932612101,2.472575664520264,0.69425625,8.0,26.4,35.8,23.7,29.1,1.16,5.2,0.9851562,High
SLD05669,15.940444,73.994778,645.5635375976562,24.77669245943296,0.5232527200132597,0.0174417573337753,0.0587776564061641,0.823225,2.0,27.9,30.8,18.6,25.0,1.19,5.5,0.27498186,Low
SLD07917,14.635966,75.281327,576.5861206054688,0.9456921077520518,0.0,0.0,0.0,0.49412,12.0,34.5,30.7,28.7,9.7,1.4,6.5,0.0012944851,Low
SLD06128,17.558,73.364,3.2112903594970703,2.203568297834364,0.2670510485768315,0.0089017016192277,0.0534102097153663,0.6338105263157895,9.0,23.9,34.9,23.3,21.0,1.3,5.7,0.2967595,Low
SLD02499,10.480044,77.756742,361.0460205078125,30.36791826890144,5.452560249716044,0.1817520083238681,3.674143075942993,0.6303684210526316,12.0,16.4,45.5,19.4,18.0,1.33,7.0,0.32257622,Low
SLD11169,14.269928,75.261581,625.9200439453125,8.41799121360901,0.0,0.0,0.0,0.6243375,12.0,28.4,33.1,22.8,12.1,1.38,6.2,0.0073243356,Low
SLD12982,11.687776,75.864222,1111.4927978515625,36.040080556052935,10.887113213539122,0.3629037737846374,1.30756938457489,0.8489000000000001,2.0,30.0,40.6,16.4,34.4,1.04,5.2,0.2850273,Low
SLD00678,9.878944,76.941285,665.6714477539062,26.614589344778988,11.05371692031622,0.3684572306772073,5.993414878845215,0.8543375,2.0,27.6,38.2,21.4,27.1,1.09,5.0,0.98899686,High
SLD06718,18.4,73.56,758.4131469726562,22.61662790129132,0.0,0.0,0.0,0.6284411764705883,9.0,38.4,23.3,17.3,20.0,1.27,6.3,0.6612737,High
SLD08993,11.047977,77.156788,350.65625,2.017773217299946,0.0,0.0,0.0,0.4431052631578948,12.0,21.1,43.6,17.0,13.4,1.44,7.6,0.00035901065,Low
SLD05193,14.298681,74.475822,21.312610626220703,7.136903660844308,0.0,0.0,0.0,0.77426875,9.0,23.2,47.8,19.1,23.4,1.25,5.5,0.18643631,Low
SLD04074,12.84468,75.68052,416.6362609863281,27.265946041706965,0.0,0.0,0.0,0.7515882352941176,2.0,31.0,47.0,13.6,27.8,1.18,5.4,0.90924114,High
SLD08155,11.710157,76.165135,794.7203979492188,12.185067794313523,0.0,0.0,0.0,0.77405,8.0,24.0,42.1,19.7,19.3,1.14,5.4,0.47073543,Moderate
SLD07835,15.332632,74.548175,660.5560913085938,7.780374273305773,0.0,0.0,0.0,0.7630055555555555,5.0,18.6,42.8,19.7,19.5,1.29,5.7,0.30878705,Low
SLD05565,15.416472,74.26075,323.5732421875,14.714381074345122,0.0309270760044455,0.0010309025334815,0.0061854152008891,0.7963285714285714,2.0,18.4,41.3,25.2,23.0,1.29,5.8,0.44601607,Moderate
SLD08011,9.892697,76.41825,24.71710586547852,1.121640604535606,0.0,0.0,0.0,0.7045357142857143,14.0,24.8,41.4,16.4,19.3,1.24,5.2,0.1035848,Low
SLD12452,16.876765,73.639989,177.53042602539062,17.730746418141777,0.9225998073816296,0.0307533269127209,0.1084749922156333,0.7178294117647058,9.0,25.8,30.3,22.0,21.8,1.37,6.0,0.4326113,Moderate
SLD13714,10.078771,77.295571,797.466064453125,27.43566424534869,2.3481698678806424,0.0782723289293547,1.7954421043395996,0.6790105263157894,12.0,21.4,39.7,20.3,30.4,1.3,6.3,0.7524531,High
SLD00776,9.888258,76.931248,762.8676147460938,27.93979283115986,11.05371692031622,0.3684572306772073,5.993414878845215,0.8053388888888889,8.0,27.7,37.4,23.9,25.9,1.08,5.1,0.98732495,High
SLD00832,9.893084,76.945534,675.7699584960938,18.02844788788885,11.05371692031622,0.3684572306772073,5.993414878845215,0.8370529411764707,8.0,27.5,37.9,22.0,27.1,1.1,5.1,0.9958573,High
SLD12854,15.579275,74.675395,655.14013671875,2.8483282088166773,0.0,0.0,0.0,0.5760888888888889,12.0,18.7,45.8,15.0,10.4,1.33,6.2,0.0010302264,Low
SLD06480,18.16,73.42,158.68824768066406,14.898074589605336,0.117905018851161,0.0039301672950387,0.0235810037702322,0.6014277777777778,14.0,32.6,28.0,23.8,19.0,1.37,6.2,0.63578933,Moderate
SLD13839,8.902937,77.586849,81.76190185546875,0.4508656306719119,1.0047528818249702,0.033491762727499,0.1767992228269577,0.55512,12.0,20.3,40.1,17.8,14.2,1.43,6.6,0.0015759786,Low
SLD12207,18.18041,73.15353,124.89179229736328,21.54492367759663,0.1064955256879325,0.0035498508562644,0.0212991051375865,0.71616,5.0,22.2,36.1,24.5,20.5,1.32,6.2,0.6311663,Moderate
SLD05582,15.438594,74.299819,654.59228515625,5.783281504210695,0.2722822036594149,0.0090760734553138,0.0215797647833824,0.7603266666666666,8.0,18.7,43.3,20.9,21.9,1.25,5.4,0.714157,High
SLD09793,12.865407,75.411853,132.5343017578125,3.0331844826005567,0.0,0.0,0.0,0.7767117647058823,8.0,25.7,55.5,13.0,16.8,1.22,5.5,0.021112565,Low
SLD13488,11.792174,76.123861,786.9869384765625,4.731792824225785,0.0,0.0,0.0,0.7772058823529412,8.0,24.3,43.6,19.9,25.1,1.13,5.4,0.37931174,Moderate
SLD08550,16.849615,73.651465,106.4327392578125,13.550497075372329,0.8982944488525391,0.0299431482950846,0.106562040746212,0.5144058823529412,12.0,24.2,30.1,21.6,18.5,1.4,5.9,0.40728974,Moderate
SLD00477,9.856794,76.965038,568.0299072265625,22.99672951670624,5.661683797836304,0.1887227932612101,2.472575664520264,0.6311842105263158,8.0,24.6,37.8,22.1,26.6,1.2,5.4,0.9696298,High
SLD07999,8.803742,76.656209,24.23004913330078,1.3495998323539973,0.0,0.0,0.0,,17.0,0.0,0.0,0.0,0.0,0.0,0.0,0.43588248,Moderate
SLD00851,9.894803,76.951507,650.2748413085938,26.334998228771667,11.05371692031622,0.3684572306772073,5.993414878845215,0.8191529411764705,8.0,28.2,35.4,22.6,27.4,1.12,5.1,0.9816232,High
SLD08301,9.469181,77.337792,1012.5099487304688,12.211143742789316,4.844863971695304,0.1614954657231768,1.449071764945984,0.82732,2.0,28.9,33.7,22.8,35.5,1.1,5.5,0.24840897,Low
SLD03869,11.681944,75.808056,69.61619567871094,13.950366721700355,6.730328127741814,0.2243442709247271,0.7960466146469116,0.7997176470588235,2.0,26.3,50.0,14.9,26.0,1.12,5.4,0.5329975,Moderate
SLD11003,15.710923,74.405121,732.366943359375,2.519055883971071,0.0,0.0,0.0,0.6729470588235293,8.0,18.8,48.5,15.1,18.8,1.29,6.2,0.14282204,Low
SLD06695,18.39,73.58,637.0,0.0,0.0,0.0,0.0,0.0953875,11.0,0.0,0.0,0.0,0.0,0.0,0.0,0.0066385837,Low
SLD07565,8.945624,77.083792,114.5,0.0,0.0967792044393717,0.0032259734813123,0.0642760023474693,0.2514785714285714,8.0,0.0,0.0,0.0,0.0,0.0,0.0,0.040021136,Low
SLD12096,14.901796,74.786524,474.4070434570313,3.23007885188073,0.0,0.0,0.0,0.7757058823529411,5.0,16.5,47.6,22.7,16.8,1.24,5.5,0.09818504,Low
SLD03438,11.412556,76.375736,392.5601196289063,20.21459584040671,8.442253418266773,0.2814084472755591,2.584341764450073,0.8362736842105264,2.0,22.1,43.5,20.3,30.0,1.1,5.4,0.7848404,High
SLD00715,9.882247,76.97013,562.0823974609375,23.57880362506388,11.05371692031622,0.3684572306772073,5.993414878845215,0.7569111111111111,8.0,25.3,38.6,23.2,26.4,1.16,5.1,0.9848637,High
SLD01111,9.981446,77.131882,988.3741455078124,18.947452586636214,1.0370100205764174,0.0345670006858805,0.593285322189331,0.7974117647058823,8.0,31.0,30.4,26.5,31.3,1.12,5.2,0.91886187,High
SLD02486,10.471278,77.059528,422.2599792480469,15.031226510935651,14.47865131497383,0.4826217104991276,9.581640243530272,0.7546333333333334,9.0,19.7,43.3,22.4,27.0,1.23,5.8,0.47385737,Moderate
SLD04752,13.72,74.98,354.98858642578125,20.90594512512241,0.0,0.0,0.0,0.8431,2.0,17.5,48.9,19.6,25.4,1.17,5.4,0.5596883,Moderate
SLD00625,9.872142,76.9544,590.5670776367188,23.18184279415165,5.661683797836304,0.1887227932612101,2.472575664520264,0.8279411764705882,8.0,28.6,36.2,21.9,26.6,1.12,5.0,0.994279,High
SLD06624,18.37,73.55,759.8493041992188,18.46752390340001,0.0550084188580511,0.001833613961935,0.0330050513148307,0.68401875,5.0,38.1,27.2,17.4,22.1,1.36,5.7,0.49802485,Moderate
SLD08570,10.521685,76.92058,297.51837158203125,11.99539873114744,8.704833671450615,0.2901611223816872,1.070156812667847,0.7511933333333333,14.0,22.0,41.9,20.0,23.0,1.27,5.7,0.08727906,Low
SLD06867,13.306361,75.37655556,1026.3656005859375,10.827438337385637,0.5216920841485261,0.0173897361382842,0.073754608631134,0.8255625,2.0,30.8,38.1,20.1,31.3,1.03,5.2,0.5374847,Moderate
SLD13207,15.826104,74.518088,745.4015502929688,1.87584866225002,0.0,0.0,0.0,0.3575625,9.0,19.0,41.5,13.7,10.7,1.36,6.0,0.00041278297,Low
SLD10414,10.932699,77.482735,292.0928039550781,1.1011562206593777,0.0,0.0,0.0,0.5396166666666667,12.0,21.3,37.8,22.3,18.3,1.42,7.2,0.0013065925,Low
SLD13357,14.679709,75.336729,589.6680297851562,1.4764214799664752,0.0,0.0,0.0,0.457664705882353,12.0,27.3,33.0,29.4,11.6,1.4,6.6,0.0030853713,Low
SLD13597,13.727251,75.488504,616.1817626953125,4.422052945349434,0.0,0.0,0.0,0.58456875,9.0,17.9,46.9,17.5,17.2,1.29,5.9,0.07242577,Low
SLD00447,9.854288,76.959153,616.2515869140625,9.950145312380512,5.661683797836304,0.1887227932612101,2.472575664520264,0.7730666666666667,8.0,25.6,40.8,21.7,25.9,1.1,5.2,0.97709686,High
SLD08137,18.873065,73.091548,25.2206974029541,12.420321456393433,0.0,0.0,0.0,0.5785588235294118,12.0,30.9,31.3,21.2,13.2,1.44,6.2,0.4372013,Moderate
SLD01004,9.927923,77.135537,842.006591796875,14.668507704629787,0.4250239729881285,0.0141674657662709,0.2333464920520782,0.8173235294117648,2.0,31.0,30.7,25.4,29.0,1.12,5.2,0.87873983,High
SLD07983,11.162143,76.214875,63.81747055053711,14.7227552558358,0.0,0.0,0.0,0.7720888888888889,8.0,22.0,43.0,22.0,23.0,1.23,5.4,0.2697327,Low
SLD00518,9.859967,76.954255,677.6224975585938,32.425807502891374,5.661683797836304,0.1887227932612101,2.472575664520264,0.82932,8.0,28.4,37.3,21.9,31.0,1.04,5.2,0.99245113,High
SLD09541,11.10483,76.269575,70.28307342529297,6.762067569942194,0.0,0.0,0.0,0.7526388888888889,8.0,22.8,45.9,22.0,20.2,1.23,5.4,0.04556566,Low
SLD00865,9.896226,76.96488,664.2498168945312,22.53231979762159,11.05371692031622,0.3684572306772073,5.993414878845215,0.8494647058823529,8.0,27.8,35.8,23.2,30.5,1.12,5.2,0.9941408,High
SLD06692,18.39,73.51,637.0,0.0,0.0,0.0,0.0,0.2944470588235294,10.0,0.0,0.0,0.0,0.0,0.0,0.0,0.22643447,Low
SLD08376,13.180185,75.387514,1053.3089599609375,18.30266246346173,0.4397765733301635,0.0146592191110054,0.049655444920063,0.78553125,8.0,24.4,38.1,23.1,31.6,1.06,5.4,0.94028974,High
SLD08518,10.663292,77.13132,397.9201354980469,4.414437253024851,3.530348785221577,0.1176782928407192,2.936520338058472,0.71639375,12.0,18.0,46.2,17.0,18.2,1.4,6.7,0.033016533,Low
SLD01112,9.981525,77.133652,1010.5244750976562,21.75131430695373,1.0370100205764174,0.0345670006858805,0.593285322189331,0.825864705882353,8.0,32.1,30.4,24.0,31.6,1.12,5.1,0.9303796,High
SLD13469,10.758484,76.238168,48.90709686279297,5.053222061784049,0.0,0.0,0.0,0.6601,14.0,20.5,44.9,17.9,19.7,1.2,5.3,0.13494939,Low
SLD00879,9.897713,76.967131,637.3157348632812,23.31252407268157,11.05371692031622,0.3684572306772073,5.993414878845215,0.8263166666666666,8.0,24.4,37.3,24.1,28.4,1.12,5.2,0.98552275,High
SLD01158,9.991094,77.105694,947.8179931640624,19.101602820858503,0.8599804518744348,0.0286660150624811,0.650035560131073,0.826825,2.0,30.9,32.1,25.6,27.9,1.1,5.2,0.8457803,High
SLD12155,16.697115,73.331278,52.03790664672852,1.2297788402376255,0.125858141109347,0.0041952713703115,0.0251716282218694,0.6090533333333333,10.0,17.5,36.6,24.6,17.5,1.41,6.2,0.02794857,Low
SLD11807,8.988926,77.08779,240.70138549804688,15.250683613632802,1.9148615449666977,0.0638287181655565,0.5514172315597534,0.7157352941176471,8.0,30.9,37.6,18.8,24.0,1.17,5.3,0.43922794,Moderate
SLD11949,13.683732,75.85638,730.1256103515625,0.680966159214006,0.0,0.0,0.0,0.57799375,12.0,22.2,38.4,27.4,10.2,1.4,6.7,0.0012330642,Low
SLD04006,11.912678,75.843178,352.31005859375,32.031202151914286,2.472081463783979,0.0824027154594659,0.13706836104393,0.8421444444444445,2.0,28.8,49.0,13.5,27.9,1.09,5.3,0.8803486,High
SLD13209,11.854893,76.4931,852.5191040039062,3.98263065820383,1.1510014533996582,0.0383667151133219,1.1510014533996582,0.663875,4.0,22.8,43.9,20.1,16.9,1.24,6.1,0.0018546158,Low
SLD08290,16.206053,74.403263,660.2977294921875,1.3769020280061153,0.0,0.0,0.0,0.4662176470588235,12.0,22.8,38.4,17.6,12.4,1.34,6.3,0.00092134584,Low
SLD10862,16.204952,74.569857,629.6835327148438,1.0489478925762723,0.0,0.0,0.0,0.5374052631578947,12.0,27.6,37.1,15.5,9.5,1.4,6.4,0.0014312111,Low
SLD10620,10.433965,77.811012,309.285888671875,0.2914925733924697,6.970103919506073,0.2323367973168691,3.944695234298706,0.5328105263157895,12.0,19.0,42.6,22.3,11.7,1.5,7.4,0.00034231922,Low
SLD00958,9.913768,77.109847,950.5640258789062,25.47127370738443,0.7153458893299102,0.0238448629776636,0.4292075335979461,0.8511277777777777,2.0,30.6,30.2,24.1,32.0,1.06,5.1,0.9124699,High
SLD00421,9.85143,76.959391,715.4743041992188,24.19207898025656,5.661683797836304,0.1887227932612101,2.472575664520264,0.793175,8.0,26.5,37.5,21.5,24.8,1.07,5.2,0.99154,High
SLD11898,15.428349,73.957634,45.48577499389648,2.569716163321153,0.0,0.0,0.0,0.65298,14.0,23.7,36.8,21.6,17.0,1.4,6.1,0.051461414,Low
SLD13239,16.915984,73.946095,577.2656860351562,2.667575426496388,1.3065567985177038,0.0435518932839234,0.1690075248479843,0.5177117647058823,12.0,16.8,34.1,25.1,11.3,1.39,6.4,0.0012093057,Low
SLD00739,9.885613,76.933776,730.8571166992188,12.448030537898443,11.05371692031622,0.3684572306772073,5.993414878845215,0.7916157894736842,8.0,27.9,36.8,23.2,27.4,1.1,5.1,0.98854524,High
SLD12622,13.72685,75.459651,599.1368408203125,1.784291204041414,0.0,0.0,0.0,0.5795999999999999,10.0,17.5,46.0,21.1,23.2,1.31,6.1,0.07214361,Low
SLD00634,9.872696,76.953947,580.9973754882812,28.91000576701316,5.661683797836304,0.1887227932612101,2.472575664520264,0.828735294117647,8.0,27.3,37.9,22.8,27.8,1.1,5.1,0.9967429,High
SLD02442,10.425,77.02025,789.5062866210938,23.70680901620455,11.620632963255048,0.3873544321085015,7.967309474945068,0.7368916666666667,2.0,26.7,33.7,27.5,30.9,1.06,5.4,0.58298045,Moderate
SLD12741,10.148128,77.315918,2303.2158203125,25.06817111936306,9.94099796563387,0.3313665988544623,5.953715801239014,0.7835705882352941,2.0,25.5,31.5,28.1,65.4,1.0,5.1,0.6403269,Moderate
SLD06469,18.13,73.61,431.0036010742188,46.53561487711341,0.302485961583443,0.0100828653861147,0.0598566047847271,0.5625875,9.0,38.3,27.0,17.7,20.0,1.43,6.2,0.46114117,Moderate
SLD00600,9.871007,76.939607,750.7291870117188,29.879153973682257,5.661683797836304,0.1887227932612101,2.472575664520264,0.7941875,8.0,28.5,35.9,24.0,28.2,1.04,5.2,0.9866208,High
SLD08177,10.440033,76.401678,192.475814819336,22.61543384991964,1.669313423335552,0.0556437807778517,0.2127362489700317,0.7877,2.0,24.2,43.8,18.7,29.6,1.1,5.3,0.7230422,High
SLD00820,9.891448,76.965763,613.3534545898438,13.52169559346935,11.05371692031622,0.3684572306772073,5.993414878845215,0.7904055555555556,8.0,27.0,34.9,24.0,30.9,1.12,5.3,0.96594995,High
SLD08563,10.995891,77.490613,324.6078491210937,1.4313281447153603,0.0,0.0,0.0,0.4816388888888888,12.0,19.7,41.5,17.2,14.2,1.5,7.5,0.00021279906,Low
SLD04037,12.82988,75.49436,123.9888153076172,8.094811681570386,0.0,0.0,0.0,0.7317222222222222,8.0,24.0,52.3,16.8,15.7,1.22,5.4,0.43596232,Moderate
SLD04022,12.82631,75.42779,164.21243286132812,11.22329728967296,0.0,0.0,0.0,0.78695,2.0,25.7,55.5,14.1,18.0,1.15,5.3,0.07913819,Low
SLD06862,13.383306,75.70797222,1529.9844970703125,32.319405876641966,6.105696335434914,0.2035232111811638,1.049048900604248,0.8050714285714287,8.0,29.5,38.6,22.6,29.8,1.1,5.6,0.9155678,High
SLD04076,12.84483,75.68119,414.9642028808594,28.39404866805361,0.0,0.0,0.0,0.7515882352941176,2.0,31.0,47.0,13.6,27.8,1.18,5.4,0.913493,High
SLD08475,13.693475,75.815733,685.571044921875,0.2411708136335074,0.0,0.0,0.0,0.7052882352941177,14.0,19.9,40.7,18.4,12.8,1.37,6.7,0.004127103,Low
SLD00219,9.68,77.39,1505.442626953125,3.9693624973780137,4.967817589640617,0.1655939196546872,2.212306022644043,0.7949,2.0,31.9,30.3,24.1,49.4,1.04,5.2,0.23999509,Low
SLD02445,10.428306,77.022625,769.0,35.94415156523856,11.620632963255048,0.3873544321085015,7.967309474945068,0.7056307692307692,2.0,28.9,35.4,25.0,30.9,1.1,5.5,0.6481191,Moderate
SLD09656,18.036771,73.253046,351.4075012207031,10.299895616782658,0.1799548836424939,0.0059984961214164,0.0249361600726842,0.5311333333333333,12.0,24.1,34.4,20.5,21.0,1.36,5.8,0.3664858,Moderate
SLD07020,18.219628,73.556486,811.9577026367188,14.914378606232988,0.1671040132641789,0.0055701337754726,0.1002624109387397,0.67446875,9.0,36.9,27.7,18.8,21.7,1.31,6.2,0.65987355,Moderate
SLD12515,14.683359,75.437531,594.482666015625,0.9531401217087808,0.0,0.0,0.0,0.4705666666666667,12.0,27.2,32.5,31.8,12.6,1.4,7.7,0.0011887057,Low
SLD08795,8.539568,76.94091,43.28191375732422,4.37357116542497,0.0,0.0,0.0,0.5142588235294118,13.0,0.0,0.0,0.0,0.0,0.0,0.0,0.05500821,Low
SLD08115,15.267836,75.144666,593.0069580078125,1.5142233976087274,0.0,0.0,0.0,0.4473882352941176,10.0,38.0,29.7,29.4,10.3,1.42,7.2,0.0028956132,Low
SLD00746,9.886111,76.944573,763.13232421875,26.65875888144311,11.05371692031622,0.3684572306772073,5.993414878845215,0.819429411764706,8.0,28.3,37.8,22.0,24.6,1.12,5.1,0.9961124,High
SLD11298,15.052803,74.182947,203.3975372314453,18.955097143687752,1.1191504821181288,0.0373050160706043,0.0894453525543212,0.7975,2.0,17.9,47.1,19.5,25.2,1.19,5.5,0.54802173,Moderate
SLD02751,10.827964,76.778161,219.3674468994141,26.011487900345887,0.0,0.0,0.0,0.679761111111111,9.0,27.5,43.4,19.1,23.3,1.24,5.8,0.7671241,High
SLD12538,12.398541,76.359711,775.9910888671875,3.6892723474144873,0.0,0.0,0.0,0.4347,12.0,28.0,37.7,18.5,12.1,1.38,7.0,0.0009624014,Low
SLD01044,9.949909,77.133528,971.6439208984376,16.286288817153356,0.4250239729881285,0.0141674657662709,0.2333464920520782,0.8552222222222222,2.0,30.8,30.5,27.0,27.1,1.12,5.2,0.7980528,High
SLD07586,10.384709,77.613156,1335.1171875,23.98334756721698,15.540661048144102,0.5180220349381367,12.824721336364746,0.7859117647058823,8.0,24.0,37.7,23.7,29.9,1.11,5.9,0.7607286,High
SLD11562,18.244274,73.41069,224.17630004882807,24.52691913227675,0.0260522752068935,0.0008684091735631,0.0052104550413787,0.6449625,12.0,30.5,29.5,24.4,22.9,1.36,6.1,0.741564,High
SLD12525,14.907147,74.838244,494.9585571289063,1.518534953293113,0.0,0.0,0.0,0.7228470588235294,5.0,16.0,41.4,26.1,17.2,1.27,5.6,0.06881167,Low
SLD10332,10.427517,77.744285,718.7018432617188,26.63909163214299,10.24184577167034,0.341394859055678,6.254444122314453,0.7646210526315789,8.0,21.2,44.3,18.7,26.3,1.23,6.6,0.36386716,Moderate
SLD12074,9.04531,77.483072,142.25311279296875,0.4949753923224839,0.0,0.0,0.0,0.4372523809523809,12.0,23.8,40.5,16.0,16.5,1.4,6.4,0.00092920073,Low
SLD06468,18.12938,73.10515,45.03194427490234,20.964580342631,0.0454096397152165,0.0015136546571738,0.0074886688962578,0.4558333333333333,12.0,27.9,35.6,22.7,14.4,1.4,6.2,0.7296313,High
SLD00494,9.858502,76.952642,697.7146606445312,27.50352145187356,5.661683797836304,0.1887227932612101,2.472575664520264,0.8400200000000001,8.0,29.9,38.0,21.5,32.0,1.07,5.1,0.98506606,High
SLD01085,9.970397,77.159209,1029.948974609375,33.41888656862622,0.4250239729881285,0.0141674657662709,0.2333464920520782,0.8022421052631579,8.0,29.4,30.5,27.5,25.2,1.12,5.2,0.9229852,High
SLD04068,12.84257,75.67643,392.8722839355469,31.34507327578827,0.0,0.0,0.0,0.7330352941176471,2.0,31.0,46.3,13.4,27.0,1.17,5.4,0.8928929,High
SLD04750,13.72,74.98,354.98858642578125,20.90594512512241,0.0,0.0,0.0,0.8431,2.0,17.5,48.9,19.6,25.4,1.17,5.4,0.5596883,Moderate
SLD13971,18.199177,73.283503,50.96891784667969,18.093302405817703,0.0,0.0,0.0,0.5627833333333334,12.0,32.1,29.3,21.4,16.5,1.43,6.2,0.46479604,Moderate
SLD06484,18.178333,73.2575,28.15072059631348,12.28226572468212,0.0,0.0,0.0,0.6163722222222222,12.0,29.5,33.8,19.8,17.7,1.37,6.2,0.32195178,Low
SLD14074,16.414353,74.548838,663.69384765625,1.2187819585811277,0.0,0.0,0.0,0.5030666666666667,12.0,18.9,37.2,20.2,12.5,1.38,6.7,0.0011149262,Low
SLD05201,14.349944,74.508361,432.8515319824219,20.56524088327529,0.1035687699913975,0.0034522923330465,0.0207137539982795,0.839,2.0,18.3,44.9,20.6,35.2,1.11,5.6,0.5879081,Moderate
SLD00608,9.871444,76.954687,583.4948120117188,26.74071874346268,5.661683797836304,0.1887227932612101,2.472575664520264,0.8279411764705882,8.0,28.6,36.2,21.9,26.6,1.12,5.0,0.99441975,High
SLD11963,9.78426,76.772865,382.2346496582031,38.17536006819782,4.448438167572021,0.1482812722524006,0.9378039836883544,0.8192555555555556,8.0,24.7,35.9,26.2,33.9,1.09,5.2,0.9122626,High
SLD06844,12.751653,75.23003889,96.43828582763672,9.671399798021003,0.0,0.0,0.0,0.7583941176470588,14.0,24.8,44.4,14.9,21.7,1.2,5.4,0.07298714,Low
SLD03687,11.544167,75.939722,841.7305908203125,8.875712057813127,4.871558889746666,0.1623852963248888,2.9305312633514404,0.8546866666666666,2.0,31.3,41.8,15.7,32.1,1.03,5.3,0.65975565,Moderate
SLD00734,9.884433,76.951838,632.27734375,22.120342117756824,11.05371692031622,0.3684572306772073,5.993414878845215,0.8404157894736842,8.0,25.9,37.1,22.4,26.0,1.14,5.1,0.9937332,High
SLD12630,9.438187,77.326663,1048.3404541015625,26.93703890150956,4.844863971695304,0.1614954657231768,1.449071764945984,0.8436733333333333,2.0,30.2,30.2,23.1,35.4,1.14,5.3,0.31483623,Low
SLD13338,18.983707,73.229851,434.9275817871094,30.72683633915306,0.6637797225266691,0.0221259907508889,0.2253637760877609,0.6195400000000001,5.0,21.0,31.3,21.8,23.4,1.37,5.7,0.5342349,Moderate
SLD06277,17.90011,73.52484,561.6687622070312,34.23955115603464,1.157179070287384,0.0385726356762461,0.1200755015015602,0.6974529411764706,9.0,36.9,25.6,18.6,23.1,1.37,5.6,0.51813877,Moderate
SLD09092,10.908726,76.281698,53.81446838378906,6.19116822977081,0.0,0.0,0.0,0.7262866666666666,14.0,25.2,47.1,17.1,22.4,1.19,5.3,0.11539011,Low
SLD04046,12.83193,75.64689,294.1679992675781,35.049376682519515,0.0,0.0,0.0,0.7953117647058824,2.0,30.6,47.1,14.2,26.0,1.1,5.4,0.9515658,High
SLD05079,14.128722,74.963661,586.765380859375,13.97699521808891,0.0,0.0,0.0,0.6638444444444445,9.0,16.0,46.8,21.8,19.2,1.31,6.0,0.7222585,High
SLD08588,17.329834,73.760961,685.33837890625,17.54699536893123,1.048842910677193,0.0349614303559064,0.1023841053247451,0.7011352941176471,9.0,30.3,27.6,20.8,21.5,1.27,6.3,0.6727045,High
SLD02455,10.438858,76.362567,59.934940338134766,12.17091371974646,0.0,0.0,0.0,0.8158066666666667,8.0,25.7,43.9,19.7,24.7,1.11,5.3,0.22584513,Low
SLD11952,12.300732,76.386715,804.9588623046875,5.215307507717717,0.0,0.0,0.0,0.5146470588235295,12.0,22.9,38.9,23.0,12.1,1.3,6.8,0.0014216304,Low
SLD00049,8.971278,77.155222,281.8752136230469,10.133336245712252,5.285741264000535,0.1761913754666845,1.4874869585037231,0.8337352941176471,2.0,30.0,40.0,20.1,27.8,1.15,5.4,0.30684423,Low
SLD00614,9.871783,76.95406,590.9218139648438,21.380318225508,5.661683797836304,0.1887227932612101,2.472575664520264,0.8279411764705882,8.0,28.6,36.2,21.9,26.6,1.12,5.0,0.99251455,High
SLD14267,15.813861,74.321626,761.371337890625,6.4880057457279445,0.0,0.0,0.0,0.6216466666666667,9.0,21.4,39.2,17.1,14.4,1.31,6.2,0.008856806,Low
SLD06255,17.88139,73.47944,312.2890625,26.036052352497723,1.157179070287384,0.0385726356762461,0.1200755015015602,0.5899875,9.0,33.8,25.8,23.9,22.8,1.35,6.0,0.56115234,Moderate
SLD13861,11.124277,75.85038,35.343162536621094,5.857449165706627,0.0,0.0,0.0,0.7472153846153845,8.0,0.0,0.0,0.0,0.0,0.0,0.0,0.07555699,Low
SLD00416,9.85097,76.945232,815.715087890625,25.11804092496978,5.661683797836304,0.1887227932612101,2.472575664520264,0.7977923076923077,8.0,26.0,37.3,23.3,23.8,1.06,5.1,0.9727519,High
SLD08733,8.819216,77.140454,416.3865356445313,8.384816018526621,8.534668128937483,0.2844889376312494,2.2808048725128174,0.82505625,2.0,26.9,37.0,25.3,32.5,1.17,5.1,0.29218373,Low
SLD04041,12.83057,75.59327,203.6746063232422,28.45409408790045,0.1972854137420649,0.0065761804580688,0.0288667753338813,0.7585833333333334,2.0,24.9,53.5,14.9,23.9,1.15,5.4,0.8494673,High
SLD08048,15.104968,74.859122,499.944091796875,1.0968898397790925,0.0,0.0,0.0,0.6659470588235293,4.0,23.7,37.8,19.0,14.8,1.3,5.9,0.0017244335,Low
SLD10518,11.871866,76.422397,745.9000244140625,3.467185705418784,0.0,0.0,0.0,0.4703058823529412,12.0,24.7,43.7,17.0,13.1,1.3,5.9,0.0035845647,Low
SLD12600,9.732165,77.261617,471.7764892578125,1.9460878722904031,0.3363742530345917,0.011212475101153,0.3363742530345917,0.60677,12.0,20.3,44.2,22.1,19.9,1.37,5.9,0.010207822,Low
SLD00384,9.844834,76.943246,852.7892456054688,9.528079591970789,5.661683797836304,0.1887227932612101,2.472575664520264,0.77692,2.0,27.5,36.3,22.3,30.5,1.08,5.1,0.4018878,Moderate
SLD09992,10.017441,77.297499,420.2478637695313,3.869114541617178,0.0,0.0,0.0,0.7247809523809524,14.0,24.2,40.9,21.0,29.1,1.24,6.1,0.0100863725,Low
SLD04097,12.85808,75.69647,658.2330322265625,16.017372898817616,0.0,0.0,0.0,0.7677222222222223,2.0,30.4,45.8,14.7,27.3,1.14,5.4,0.8423844,High
SLD05684,16.044833,73.977667,360.5242309570313,25.529760849484163,0.378056745976209,0.0126018915325402,0.0499498061835765,0.7233933333333333,9.0,23.8,32.3,21.8,22.0,1.28,6.2,0.7444275,High
SLD10448,15.860565,74.908192,689.9978637695312,1.4332270135288794,0.0,0.0,0.0,0.4430333333333334,12.0,19.8,38.6,22.1,14.0,1.36,7.0,0.0009205079,Low
SLD04744,13.72,74.98,354.98858642578125,20.90594512512241,0.0,0.0,0.0,0.8431,2.0,17.5,48.9,19.6,25.4,1.17,5.4,0.5596883,Moderate
SLD00034,8.807833,77.121694,177.47840881347656,5.269079594066238,4.979188111610711,0.1659729370536903,2.19740629196167,0.8125294117647059,2.0,27.7,36.4,21.9,27.9,1.2,5.3,0.16335873,Low
SLD09938,9.939961,77.350927,355.48016357421875,0.742824214822096,0.0,0.0,0.0,0.403040909090909,12.0,23.6,42.0,22.5,24.6,1.34,6.8,0.0022814318,Low
SLD00841,9.893513,76.951052,712.7850341796875,20.417460665735057,11.05371692031622,0.3684572306772073,5.993414878845215,0.8171823529411765,8.0,28.2,35.4,22.6,27.4,1.12,5.1,0.9838933,High
SLD01301,10.019722,77.265664,1361.645751953125,29.833181401167,4.766331918537617,0.1588777306179205,2.1873443126678467,0.7527166666666667,8.0,28.0,31.8,26.2,45.5,1.05,5.4,0.72213346,High
SLD05556,15.412306,74.268694,469.458740234375,28.64244631682351,0.0309270760044455,0.0010309025334815,0.0061854152008891,0.8157285714285714,2.0,18.5,41.7,25.0,23.1,1.25,5.6,0.7302769,High
SLD11810,15.884761,74.382878,772.037841796875,2.304720855603955,0.0,0.0,0.0,0.5396882352941176,12.0,20.9,40.4,17.2,17.1,1.29,6.2,0.003088303,Low
SLD00708,9.881424,76.970152,544.448486328125,24.683784609080515,11.05371692031622,0.3684572306772073,5.993414878845215,0.7569111111111111,8.0,25.3,38.6,23.2,26.4,1.16,5.1,0.9858174,High
SLD05035,13.98,75.05,603.818603515625,5.468205360346194,0.0,0.0,0.0,0.6948375,9.0,16.1,47.6,22.4,21.0,1.29,6.2,0.66371167,High
SLD07691,11.780559,76.142608,756.8605346679688,4.436725595719102,0.0,0.0,0.0,0.73470625,8.0,23.4,42.4,22.0,21.4,1.21,5.4,0.2528461,Low
SLD06476,18.15,73.62,139.13131713867188,2.4480767775442414,0.302485961583443,0.0100828653861147,0.0598566047847271,0.560335294117647,9.0,35.2,27.8,18.7,21.4,1.32,6.2,0.33158627,Moderate
SLD11382,11.437677,77.072087,271.0,0.0,6.95962468162179,0.231987489387393,3.066558122634888,0.044125,17.0,0.0,0.0,0.0,0.0,0.0,0.0,0.004294728,Low
SLD14061,18.916346,73.111185,36.67544555664063,7.559156197045303,0.0050876481691374,0.0001695882723045,0.0010175296338275,0.5539625,10.0,32.4,33.2,21.6,16.7,1.42,6.3,0.467575,Moderate
SLD08906,8.361509,77.324717,107.7135772705078,8.741036411769834,0.0,0.0,0.0,0.8281000000000001,8.0,30.3,31.7,26.1,27.6,1.27,5.5,0.011028243,Low
SLD02319,10.350692,77.778092,728.2882690429688,36.19222089156652,2.182246213778853,0.0727415404592951,1.6061378717422483,0.81243125,2.0,23.6,39.5,23.2,29.8,1.2,5.8,0.7501402,High
SLD11093,18.949153,73.17848,24.373329162597656,1.647719327447886,0.0,0.0,0.0,0.43775625,12.0,33.5,32.7,23.1,12.0,1.41,6.6,0.030078921,Low
SLD10168,9.504302,76.4169,-0.9946601986885072,0.3059510101803014,4.4322381019592285,0.1477412700653076,4.4322381019592285,,17.0,25.5,22.8,32.1,27.6,1.16,5.6,0.009374453,Low
SLD02344,10.359469,77.769122,907.699951171875,29.801017057567257,12.309891909360886,0.4103297303120295,8.111344337463379,0.8551941176470588,2.0,24.1,35.7,24.8,30.5,1.13,5.7,0.78409266,High
SLD10422,11.508074,75.944883,420.8128356933594,14.173150892874252,0.0,0.0,0.0,0.8253642857142857,2.0,28.8,49.8,14.5,27.8,1.04,5.4,0.8558933,High
SLD00822,9.891689,76.942919,728.0073852539062,18.807349673512544,11.05371692031622,0.3684572306772073,5.993414878845215,0.8194388888888889,8.0,27.3,39.1,23.7,28.1,1.1,5.1,0.99310726,High
SLD03814,11.604167,75.857222,250.94357299804688,23.981150754594672,1.08194201439619,0.0360647338132063,0.2542835772037506,0.78515,8.0,28.7,49.5,13.3,23.5,1.1,5.4,0.94010556,High
SLD00661,9.875872,76.950328,599.1353759765625,25.66340312014095,11.05371692031622,0.3684572306772073,5.993414878845215,0.8172444444444444,8.0,27.8,39.6,21.9,27.8,1.1,5.0,0.9940294,High
SLD11095,18.228323,73.574355,784.99169921875,21.058400411484868,0.1423514906672378,0.0047450496889079,0.0854072868824005,0.62118125,12.0,36.6,27.7,17.3,19.8,1.38,6.3,0.67924446,High
SLD01395,10.03,77.21,1245.9283447265625,9.834544215181737,4.372599385678768,0.1457533128559589,1.9736636877059937,0.7553846153846154,8.0,27.7,36.1,25.2,27.3,1.1,5.3,0.55105996,Moderate
SLD00596,9.870638,76.955056,638.9765014648438,24.043602852591825,5.661683797836304,0.1887227932612101,2.472575664520264,0.8123470588235294,8.0,27.8,38.3,22.5,27.5,1.1,5.0,0.9938287,High
SLD01065,9.957787,77.132604,968.6270751953124,23.4484108443761,0.4250239729881285,0.0141674657662709,0.2333464920520782,0.8529722222222222,2.0,33.3,30.0,25.8,27.8,1.12,5.2,0.9055965,High
SLD08228,17.401438,73.753335,641.0,4.5115018706521735,1.6593764256685966,0.0553125475222865,0.2876087129116058,0.53868125,11.0,0.0,0.0,0.0,0.0,0.0,0.0,0.7855105,High
SLD00699,9.880789,76.968982,570.8526611328125,22.67652121889389,11.05371692031622,0.3684572306772073,5.993414878845215,0.6909333333333333,8.0,28.2,38.0,23.2,28.8,1.19,5.3,0.98204285,High
SLD08118,11.918383,75.807297,153.749267578125,6.693565847396148,3.1448624469339843,0.1048287482311328,0.2029604166746139,0.7973842105263158,8.0,25.2,49.0,16.0,24.0,1.16,5.4,0.17868362,Low
SLD05569,15.422222,73.985,81.1759262084961,24.22542111228812,0.0722368527203795,0.0024078950906793,0.0144473705440759,0.7505615384615385,8.0,26.0,39.0,20.0,18.2,1.39,6.1,0.68719643,High
SLD00459,9.855108,76.96903,589.7236328125,27.08356433365548,5.661683797836304,0.1887227932612101,2.472575664520264,0.7267888888888889,8.0,25.6,37.4,21.9,25.8,1.17,5.2,0.98201615,High
SLD12528,9.517576,77.728663,115.7171859741211,2.125827063835118,0.0,0.0,0.0,0.5669428571428571,12.0,32.8,36.8,17.9,14.9,1.52,7.5,0.0010063684,Low
SLD07525,14.952152,74.716073,527.6163330078125,13.967178801030377,0.0,0.0,0.0,0.6398142857142857,8.0,17.1,51.0,15.7,15.7,1.34,5.9,0.6015817,Moderate
SLD02511,10.484514,76.321833,72.89730834960938,28.947846167337392,0.0,0.0,0.0,0.7875428571428572,8.0,26.2,46.1,16.9,21.9,1.14,5.3,0.9558099,High
SLD00038,8.846797,77.176111,859.2130126953125,25.256782151557417,15.556324552744629,0.5185441517581543,3.3757553100585938,0.7931875,2.0,30.5,32.4,20.5,42.2,1.08,5.1,0.48077118,Moderate
SLD10123,14.852198,75.014619,576.0925903320312,1.872219393394972,0.0,0.0,0.0,0.6988277777777778,4.0,17.3,42.5,20.4,13.3,1.3,5.7,0.0015950464,Low
SLD06506,18.25,73.56,693.5841674804688,6.8874309015751045,0.1423514906672378,0.0047450496889079,0.0854072868824005,0.5969411764705882,12.0,35.9,28.6,18.0,18.8,1.38,6.2,0.809747,High
SLD11181,12.539548,76.229409,796.2926635742188,0.8673114868055526,0.0,0.0,0.0,0.5276882352941177,12.0,27.9,39.8,17.9,10.6,1.4,7.2,0.0016007387,Low
SLD10775,15.728372,74.379607,751.0719604492188,7.536659532346025,0.0,0.0,0.0,0.67576875,9.0,18.7,43.9,16.7,17.0,1.33,6.2,0.030636594,Low
SLD00718,9.883046,76.969597,551.2861328125,29.60167140566089,11.05371692031622,0.3684572306772073,5.993414878845215,0.7569111111111111,8.0,25.4,38.6,23.5,27.8,1.16,5.2,0.9875529,High
SLD03472,11.422797,76.382883,497.0161437988281,26.10913774833968,8.442253418266773,0.2814084472755591,2.584341764450073,0.8516499999999999,2.0,24.4,42.6,20.1,28.7,1.1,5.4,0.8469716,High
SLD07033,12.085073,76.221105,774.5658569335938,5.0547231576674845,0.0,0.0,0.0,0.7213235294117647,4.0,24.4,40.6,17.9,18.0,1.2,5.7,0.002130637,Low
SLD12970,12.461176,76.468548,754.417724609375,2.764815605147292,0.0,0.0,0.0,0.54791875,10.0,0.0,0.0,0.0,0.0,0.0,0.0,0.009336734,Low
SLD04719,13.71,75.44,609.83251953125,5.236727760828924,0.0,0.0,0.0,0.783375,2.0,19.2,47.9,18.2,18.1,1.27,5.7,0.35593906,Moderate
SLD11476,15.439532,74.261779,218.2291259765625,13.832837537832171,0.2513631526380769,0.0083787717546025,0.0200786460191011,0.8296307692307692,2.0,22.1,38.6,22.9,23.0,1.25,5.6,0.36158636,Moderate
SLD12335,16.037241,74.411993,707.6727294921875,1.4266847397743592,0.0,0.0,0.0,0.6000666666666666,12.0,19.6,40.3,16.4,14.6,1.3,6.1,0.0024429637,Low
SLD11995,12.859034,75.498936,133.23434448242188,1.971796680648228,0.0,0.0,0.0,0.8029235294117647,8.0,24.7,53.0,15.7,18.1,1.25,5.4,0.0716631,Low
SLD06725,18.41,73.6,694.7352905273438,10.82252518570094,0.0,0.0,0.0,0.4796875,12.0,32.9,27.5,19.5,19.0,1.35,6.2,0.6085906,Moderate
SLD07090,10.939682,77.433892,329.9648132324219,5.694901145001087,0.0,0.0,0.0,0.4363157894736841,13.0,16.1,47.1,16.3,12.7,1.5,6.9,0.00065777556,Low
SLD13398,12.381033,76.358165,771.3098754882812,2.600159115780195,0.0,0.0,0.0,0.4948055555555555,12.0,26.8,37.3,22.3,11.2,1.36,7.2,0.00090420205,Low
SLD06823,13.387861,75.727111,1464.3419189453125,24.14789506718555,3.681806534528732,0.122726884484291,0.3695357143878937,0.7503,8.0,27.3,40.1,20.0,29.1,1.03,5.6,0.8964958,High
SLD03845,11.648611,75.827778,95.73030090332033,6.298019527279096,6.037864573299885,0.2012621524433294,0.7027574777603149,0.64791875,8.0,28.1,48.5,13.1,26.3,1.11,5.4,0.87174803,High
SLD04743,13.72,74.98,354.98858642578125,20.90594512512241,0.0,0.0,0.0,0.8431,2.0,17.5,48.9,19.6,25.4,1.17,5.4,0.5596883,Moderate
SLD11146,11.388678,75.836199,51.93759536743164,19.64845634048489,0.0,0.0,0.0,0.7874599999999999,8.0,27.7,51.8,12.1,25.6,1.2,5.4,0.50860536,Moderate
SLD03309,11.356433,76.205125,191.4539337158203,26.00807533905424,0.1073092985898253,0.0035769766196608,0.0898174494504928,0.7829444444444444,8.0,26.1,48.8,12.9,24.9,1.13,5.4,0.89859545,High
SLD13756,16.428447,74.588735,650.3567504882812,7.841526409217715,0.0,0.0,0.0,0.3149294117647058,13.0,17.9,41.8,19.7,11.9,1.38,6.6,0.013018492,Low
SLD13872,9.724057,77.346039,458.4967041015625,2.9344625436078937,12.886831901967524,0.4295610633989175,3.8353288173675537,0.5548666666666667,12.0,23.5,42.8,20.1,22.7,1.37,6.0,0.03447227,Low
SLD07152,15.824608,74.833541,716.2250366210938,1.7904352731730062,0.0,0.0,0.0,0.4174941176470588,12.0,23.4,32.3,33.6,10.8,1.36,7.0,0.0014057001,Low
SLD13877,9.849087,76.484087,14.750404357910156,9.947009292161884,0.0,0.0,0.0,0.74920625,8.0,21.9,32.4,26.9,25.0,1.21,5.2,0.088279344,Low
SLD00823,9.891689,76.942919,728.0073852539062,18.807349673512544,11.05371692031622,0.3684572306772073,5.993414878845215,0.8194388888888889,8.0,27.3,39.1,23.7,28.1,1.1,5.1,0.99310726,High
SLD04069,12.843,75.677,404.7569580078125,29.39376526851995,0.0,0.0,0.0,0.7330352941176471,2.0,31.0,46.3,13.4,27.0,1.17,5.4,0.89187276,High
SLD04761,13.72,74.99,484.4354248046875,26.61904595605825,0.0,0.0,0.0,0.8333857142857143,2.0,19.5,46.4,20.4,35.1,1.13,5.6,0.53386956,Moderate
SLD04574,13.387708,75.308033,766.5733642578125,16.948938716774954,0.0,0.0,0.0,0.7971529411764706,2.0,25.9,43.9,17.2,31.1,1.09,5.4,0.83777004,High
SLD09614,19.278739,74.027394,724.9151611328125,7.457831727360537,0.8504277700558294,0.0283475923351943,0.065996341407299,0.45092,12.0,43.1,20.0,24.8,17.0,1.42,6.7,0.47839087,Moderate
SLD03067,11.284722,76.579167,2291.4521484375,24.6067941599448,30.212330296635628,1.0070776765545209,7.696353435516357,0.8643055555555555,2.0,24.6,32.6,26.6,56.9,0.92,5.5,0.6753907,High
SLD11061,13.027098,74.792998,22.04521369934082,6.102699765620946,0.0,0.0,0.0,0.6152705882352941,9.0,25.9,35.5,19.6,23.5,1.19,5.9,0.081888616,Low
SLD06738,18.44,73.54,960.9963989257812,9.065465304625883,0.0,0.0,0.0,0.7013526315789473,2.0,39.3,25.7,19.7,24.0,1.26,5.6,0.46636644,Moderate
SLD05951,17.215,73.415,79.50638580322266,4.948120635557434,0.0865068566054105,0.002883561886847,0.0173013713210821,0.5888125,10.0,23.9,35.7,20.8,20.2,1.28,6.2,0.516865,Moderate
SLD08824,13.340617,75.047669,94.61795806884766,10.82089020644166,0.2322331489995114,0.0077411049666503,0.0191441588103771,0.77976,2.0,27.1,48.6,14.0,19.5,1.2,5.4,0.051181637,Low
SLD08808,14.505688,75.024252,566.5797119140625,5.760763352222507,0.0,0.0,0.0,0.6790529411764706,12.0,15.6,47.2,19.6,12.9,1.3,6.1,0.04357607,Low
SLD08023,14.154495,74.916743,659.5400390625,10.848028721844004,0.0,0.0,0.0,0.7859875000000001,8.0,16.2,47.4,20.8,22.7,1.26,5.5,0.73532265,High
SLD02522,10.494,76.4994,305.0146789550781,32.866091370143245,11.377080106176436,0.3792360035392145,1.150543212890625,0.76456,8.0,25.9,44.3,16.8,30.3,1.1,5.2,0.96233225,High
SLD03409,11.398222,76.226583,235.64263916015625,19.954779056719627,0.0948055684566493,0.0031601856152216,0.0603308156132698,0.7960473684210526,8.0,27.1,49.6,16.1,27.5,1.15,5.5,0.93081367,High
SLD04050,12.833,75.648,270.53546142578125,29.38420588486054,0.0,0.0,0.0,0.7596588235294117,2.0,30.7,48.6,14.1,27.4,1.1,5.4,0.9461048,High
SLD09190,14.154412,74.496107,53.9792594909668,10.423231095837428,0.5573047511279574,0.0185768250375985,0.0859898477792739,0.7156235294117647,9.0,23.8,46.3,18.5,21.8,1.21,6.0,0.4144384,Moderate
SLD06833,13.300442,75.3054032,1042.1611328125,24.11428944109627,0.6516559328883881,0.0217218644296129,0.101522222161293,0.7585705882352941,8.0,27.7,42.1,19.5,27.1,1.1,5.4,0.8731892,High
SLD10695,10.460602,77.198068,472.6212768554688,13.77648313809694,17.357231084257364,0.5785743694752454,9.210140228271484,0.6999857142857143,14.0,22.0,44.4,18.7,23.7,1.23,6.0,0.501768,Moderate
SLD04816,13.81,75.32,658.16015625,10.91716754950012,0.0,0.0,0.0,0.7140533333333334,9.0,17.4,49.4,19.4,16.5,1.3,6.1,0.6202148,Moderate
SLD09462,17.661948,73.861761,695.0,0.0,1.4668088406324382,0.0488936280210812,0.1177184805274009,0.3712421052631579,12.0,32.7,29.9,24.3,28.4,1.32,6.3,0.04700208,Low
SLD10156,13.349942,75.341911,873.9205932617188,15.547453095210017,0.997894832398742,0.033263161079958,0.1268111765384674,0.80640625,2.0,24.7,43.0,18.5,30.0,1.11,5.4,0.57941574,Moderate
SLD09764,15.46863,74.223586,502.75103759765625,4.747433317573155,0.06666112691164,0.0022220375637213,0.013332225382328,0.8179266666666667,2.0,21.8,41.2,20.2,23.8,1.27,5.6,0.09570127,Low
SLD10078,17.962237,73.055059,151.9486541748047,2.2576455206562978,0.4194698855280875,0.0139823295176029,0.0838939771056175,0.5509833333333334,10.0,17.3,39.3,22.2,17.0,1.42,6.2,0.044060547,Low
SLD02954,11.134228,76.527867,983.1258544921876,26.344594271506807,19.65206452086568,0.6550688173621892,8.452533721923828,0.7901894736842106,8.0,28.1,36.7,19.4,27.8,1.1,5.4,0.973757,High
SLD03997,11.903256,75.846667,366.8554382324219,16.510198568522114,2.472081463783979,0.0824027154594659,0.13706836104393,0.8084882352941176,8.0,27.9,47.0,14.7,30.7,1.07,5.4,0.90123343,High
SLD05567,15.417044,74.267761,537.105712890625,19.58295624043214,0.0309270760044455,0.0010309025334815,0.0061854152008891,0.8362714285714287,2.0,18.9,42.3,23.3,25.2,1.23,5.6,0.5951789,Moderate
SLD12281,9.423749,77.827639,95.8408660888672,2.30939515361909,1.1137299984693525,0.0371243332823117,0.2227459996938705,0.4505190476190476,12.0,35.4,38.5,17.5,15.3,1.5,7.7,0.0015185038,Low
SLD05192,14.297567,74.475619,15.33279037475586,8.396634382530019,0.0,0.0,0.0,0.798675,9.0,23.2,47.8,19.1,23.4,1.25,5.5,0.16250806,Low
SLD00833,9.893084,76.945534,675.7699584960938,18.02844788788885,11.05371692031622,0.3684572306772073,5.993414878845215,0.8370529411764707,8.0,27.5,37.9,22.0,27.1,1.1,5.1,0.9958573,High
SLD06154,17.59,73.379,72.6869888305664,12.81310452488934,0.207218267023563,0.0069072755674521,0.0414436534047126,0.6012058823529411,9.0,30.7,30.3,22.5,19.2,1.29,6.1,0.59382135,Moderate
SLD08067,17.851111,74.037432,789.9694213867188,5.424676543462455,0.3927260078489772,0.0130908669282992,0.1700866520404815,0.4951352941176471,12.0,35.7,25.2,20.7,16.6,1.38,6.7,0.06430548,Low
SLD00466,9.85592,76.967758,620.4111938476562,23.32303749317095,5.661683797836304,0.1887227932612101,2.472575664520264,0.7267888888888889,8.0,25.6,37.4,21.9,25.8,1.17,5.2,0.9817416,High
SLD06456,18.11,73.25,184.2711639404297,10.821014792370407,0.0196985993534325,0.0006566199784477,0.0039397198706865,0.6055666666666667,12.0,25.5,36.4,18.7,18.0,1.38,6.1,0.47853917,Moderate
SLD11118,11.841797,76.927973,749.7977905273438,0.7054097622921202,0.0,0.0,0.0,0.4756764705882352,12.0,20.0,42.3,22.3,10.1,1.37,7.2,0.0005498493,Low
SLD05072,14.112739,74.980333,583.7547607421875,17.37633533910821,0.0,0.0,0.0,0.6652105263157895,9.0,14.9,46.7,24.0,18.1,1.29,5.6,0.708133,High
SLD00960,9.914315,77.110644,991.5807495117188,24.87500403853876,0.7153458893299102,0.0238448629776636,0.4292075335979461,0.8511277777777777,2.0,30.4,31.2,26.1,32.8,1.06,5.2,0.9306183,High
SLD11434,12.355924,76.335287,765.759521484375,2.7154660489880227,0.0,0.0,0.0,0.4956352941176471,12.0,26.3,37.5,22.5,12.3,1.36,6.9,0.0018231311,Low
SLD11439,14.811338,74.353268,304.12237548828125,16.439650027104296,0.6439661467447875,0.0214655382248262,0.0772269070148468,0.8059875,2.0,14.9,45.6,20.9,30.7,1.14,5.5,0.3594102,Moderate
SLD10527,9.45936,77.7554,119.95960235595705,0.619259180354284,0.0,0.0,0.0,0.3397157894736842,10.0,30.0,38.1,17.7,19.0,1.42,7.5,0.00087140844,Low
SLD00743,9.885829,76.935482,714.9830932617188,25.436348020717016,11.05371692031622,0.3684572306772073,5.993414878845215,0.8320588235294117,8.0,27.9,36.8,23.2,27.4,1.1,5.1,0.9953941,High
SLD04723,13.71,74.97,138.02023315429688,23.94786737294631,0.0,0.0,0.0,0.75712,8.0,20.4,51.4,17.8,20.6,1.28,5.5,0.8421071,High
SLD08594,9.432706,76.775936,73.12832641601562,13.401541742585248,0.1168759688735008,0.0038958656291166,0.1168759688735008,0.8344785714285715,2.0,22.1,40.0,26.6,23.6,1.12,5.2,0.098298505,Low
SLD13944,10.268874,76.573618,334.2379150390625,24.67147955876225,1.4442160725593565,0.0481405357519785,0.2888432145118713,0.7296875,8.0,24.4,40.3,21.9,31.2,1.12,5.3,0.8984645,High
SLD06268,17.894333,73.44069444,287.2294311523437,21.53592129125746,0.8707084320485581,0.0290236144016186,0.0965048223733902,0.6103,9.0,36.0,30.6,18.2,22.7,1.34,6.1,0.56814057,Moderate
SLD05966,17.245,73.426,46.33855056762695,5.204292603537991,0.5387073084712021,0.0179569102823734,0.1215821281075477,0.6313470588235295,9.0,28.7,29.0,24.6,19.0,1.36,6.1,0.2280341,Low
SLD08110,18.992154,73.631681,780.27001953125,10.986392609350135,0.3642940334975714,0.012143134449919,0.0373989269137382,0.4611666666666666,12.0,30.7,27.3,23.6,16.9,1.36,6.4,0.7568799,High
SLD00807,9.890075,76.956192,593.5469360351562,22.21260491140926,11.05371692031622,0.3684572306772073,5.993414878845215,0.8517388888888889,8.0,28.4,35.4,22.4,27.8,1.1,5.1,0.9917393,High
SLD10346,13.795628,74.980043,656.6787109375,9.008847227758611,0.0,0.0,0.0,0.83248,2.0,18.8,45.2,22.5,30.4,1.19,5.6,0.21954565,Low
SLD07598,9.646669,77.025813,886.7839965820312,30.183470951394607,0.3061447739601134,0.0102048257986704,0.1980073750019073,0.75822,8.0,29.0,36.1,22.7,30.8,1.1,5.1,0.9385389,High
SLD04018,12.76,75.2,102.14252471923828,6.786319475416968,0.0,0.0,0.0,0.5018769230769231,9.0,0.0,0.0,0.0,0.0,0.0,0.0,0.4152326,Moderate
SLD04921,13.89,75.33,720.6173706054688,6.994908088301742,0.0,0.0,0.0,0.7148176470588234,9.0,29.2,36.4,20.7,26.3,1.21,6.0,0.53863,Moderate
SLD00871,9.896606,76.967872,608.21240234375,25.30989344083425,11.05371692031622,0.3684572306772073,5.993414878845215,0.8263166666666666,8.0,25.6,39.0,22.5,31.0,1.12,5.2,0.9876622,High
SLD00771,9.887827,76.965031,552.7919311523438,19.712428936973183,11.05371692031622,0.3684572306772073,5.993414878845215,0.7656684210526317,8.0,26.2,39.1,22.0,30.3,1.14,5.1,0.9846342,High
SLD14207,17.042854,73.942526,587.4100341796875,4.27721757742081,0.9071726351976392,0.0302390878399213,0.1138198301196098,0.4836058823529411,12.0,24.4,31.4,20.5,13.0,1.36,6.2,0.049170747,Low
SLD09298,11.191699,76.546614,1853.1719970703125,18.787873753471214,18.256622839719057,0.6085540946573019,7.460793972015381,0.8331846153846154,2.0,23.7,33.4,29.3,37.0,0.97,5.5,0.47256467,Moderate
SLD11433,13.104412,75.306965,888.268310546875,13.266945651888143,0.0,0.0,0.0,0.7284999999999999,8.0,29.3,42.9,17.4,37.6,1.12,5.5,0.56433165,Moderate
SLD12465,14.225184,75.249155,646.1866455078125,3.728076285136206,0.0,0.0,0.0,0.5778,12.0,23.0,38.5,19.7,15.4,1.35,6.2,0.007009976,Low
SLD00956,9.913188,77.115833,986.85693359375,10.060396059969005,0.7153458893299102,0.0238448629776636,0.4292075335979461,0.8418611111111111,2.0,31.0,31.2,26.3,32.5,1.06,5.3,0.88763255,High
SLD11507,9.808384,76.492211,41.15793991088867,10.957214290034605,0.0,0.0,0.0,0.742575,8.0,22.7,34.4,22.8,22.8,1.21,5.2,0.1620752,Low
SLD00646,9.873817,76.950827,589.0189819335938,19.886400591836225,5.661683797836304,0.1887227932612101,2.472575664520264,0.8363823529411765,8.0,27.8,39.6,21.9,27.8,1.1,5.0,0.9942334,High
SLD09849,15.968327,73.927331,76.22454833984375,7.534760056315645,0.8652315381914366,0.0288410512730478,0.0820538401603698,0.747425,9.0,26.2,32.6,24.1,16.2,1.34,5.4,0.018153701,Low
SLD01967,10.199722,77.314528,1935.860107421875,24.97159382431308,11.5079958550632,0.38359986183544,7.492438316345215,0.709855,8.0,23.2,33.2,28.9,32.8,1.08,5.4,0.99102414,High
SLD00204,9.648325,77.094746,1068.4337158203125,30.22254738889572,0.4143241941928863,0.0138108064730962,0.3199731409549713,0.8031769230769231,8.0,29.7,34.0,21.2,32.8,1.06,5.3,0.7368786,High
SLD00792,9.889013,76.958602,591.4600219726562,29.20696847881021,11.05371692031622,0.3684572306772073,5.993414878845215,0.8234388888888888,8.0,25.6,37.9,22.0,30.0,1.12,5.1,0.982466,High
SLD11097,10.913403,77.646557,230.57164001464844,1.1365908434895218,0.0,0.0,0.0,0.45786,12.0,26.8,40.9,20.0,19.0,1.44,7.6,0.0011071998,Low
SLD06651,18.38,73.59,794.7076416015625,15.728086906264584,0.0,0.0,0.0,0.6110176470588236,10.0,36.5,27.5,15.9,21.7,1.35,5.8,0.8804865,High
SLD07925,12.918656,75.510665,205.31060791015625,16.502602400835137,0.6341546587646001,0.0211384886254866,0.0543677508831024,0.7979133333333334,2.0,24.9,53.3,15.8,22.1,1.16,5.3,0.6330529,Moderate
SLD06189,17.692915,73.806541,1040.5889892578125,17.180978165970092,1.0245477082207786,0.0341515902740259,0.0949758067727088,0.6168388888888888,10.0,26.4,30.7,22.5,19.4,1.24,6.0,0.78429943,High
SLD08345,14.376549,75.142066,596.6890869140625,3.472768845477204,0.0,0.0,0.0,0.589911111111111,12.0,26.1,33.9,27.9,12.9,1.4,6.3,0.002099644,Low
SLD01002,9.926836,77.123159,884.703125,29.5649834137771,0.5576421022415161,0.0185880700747172,0.5576421022415161,0.8372166666666667,2.0,30.7,33.7,23.4,30.9,1.1,5.3,0.9413617,High
SLD08694,12.991584,75.302585,132.85609436035156,2.946420945307169,0.0,0.0,0.0,0.6842588235294118,14.0,27.6,50.0,13.8,16.5,1.24,5.5,0.1601327,Low
SLD07527,18.014942,73.270023,307.6727600097656,1.8877437105019703,0.1904729194939135,0.0063490973164637,0.0361266881227493,0.4711133333333333,10.0,23.2,34.1,22.1,18.4,1.38,6.0,0.06703363,Low
SLD10100,11.230053,76.895512,355.6373596191406,1.74159464066336,17.520880982279778,0.5840293660759925,6.597527980804443,0.5601894736842105,12.0,15.6,46.7,22.6,13.5,1.37,6.8,0.00028465307,Low
SLD13840,10.534988,76.91271,302.95977783203125,2.678503635410599,2.906523607671261,0.0968841202557087,0.3518746793270111,0.72842,14.0,25.3,41.1,19.2,20.0,1.34,5.7,0.013875825,Low
SLD08803,18.175415,73.428218,229.1319122314453,21.66996757065083,0.1786710601299997,0.0059557020043333,0.1083853170275688,0.65664375,9.0,32.0,29.7,22.1,20.9,1.37,6.1,0.52851236,Moderate
SLD08275,10.556535,76.81619,305.51446533203125,7.266169390111776,20.29123075306416,0.6763743584354719,1.6612608432769775,0.7189705882352941,8.0,19.1,44.1,21.8,25.1,1.23,5.5,0.16255757,Low
SLD12920,10.794769,76.207818,37.82100677490234,2.523535806724221,0.0,0.0,0.0,0.6089866666666667,14.0,23.0,46.7,15.7,21.9,1.22,5.2,0.11796733,Low
SLD12871,14.937794,74.660308,474.29290771484375,16.700106477203914,0.0,0.0,0.0,0.77425625,2.0,15.7,47.3,22.1,22.7,1.24,5.5,0.68713045,High
SLD05719,16.343,73.892,788.3521118164062,12.308118167444798,1.167942378669977,0.0389314126223325,0.1039979830384254,0.778435294117647,9.0,32.7,27.6,21.1,29.4,1.1,5.4,0.13766848,Low
SLD01339,10.021664,77.265714,1248.59765625,34.21341127281725,4.766331918537617,0.1588777306179205,2.1873443126678467,0.7898272727272727,8.0,28.0,31.8,26.2,45.5,1.05,5.4,0.719863,High
SLD11187,14.614255,75.228526,545.6765747070312,1.7832515867751515,0.0,0.0,0.0,0.56529375,12.0,30.2,33.1,25.0,8.2,1.4,6.4,0.001984113,Low
SLD00780,9.888335,76.938295,705.4169311523438,31.679453508890195,11.05371692031622,0.3684572306772073,5.993414878845215,0.834125,8.0,27.4,37.3,23.1,24.1,1.11,5.1,0.995684,High
SLD08614,10.451398,77.721155,621.404541015625,2.718206303491648,11.364712305366991,0.3788237435122331,8.244543075561523,0.6796235294117646,12.0,25.7,44.3,14.0,23.2,1.27,6.7,0.24466307,Low
SLD14120,8.589766,76.915326,64.87786102294922,9.906376327885525,0.0,0.0,0.0,0.778875,14.0,25.7,34.2,21.0,27.2,1.33,5.3,0.03660472,Low
SLD03456,11.416403,76.377125,435.95709228515625,18.30435142774412,8.442253418266773,0.2814084472755591,2.584341764450073,0.8307684210526315,2.0,22.3,42.3,20.7,30.9,1.06,5.4,0.7728351,High
SLD07205,15.808634,74.897876,669.5828857421875,1.133258811422041,0.0,0.0,0.0,0.4558222222222222,12.0,22.5,33.4,31.5,10.5,1.37,6.8,0.0015714264,Low
SLD13567,16.969578,73.545917,178.86175537109375,3.5819485215884908,0.3126172348856925,0.0104205744961897,0.0625234469771385,0.62364375,9.0,28.1,30.3,28.1,19.0,1.32,6.1,0.013052271,Low
SLD04086,12.84701,75.69511,551.371337890625,13.53686145148198,0.0,0.0,0.0,0.7862,2.0,30.3,44.1,15.8,27.6,1.18,5.4,0.87148064,High
SLD09282,18.930675,73.137659,29.823699951171875,3.035186099526692,0.0580998747609554,0.0019366624920318,0.0105334362015128,0.4276933333333333,12.0,33.1,32.6,22.7,12.4,1.42,6.7,0.28018847,Low
SLD06843,12.751653,75.23003889,96.43828582763672,9.671399798021003,0.0,0.0,0.0,0.7583941176470588,14.0,24.8,44.4,14.9,21.7,1.2,5.4,0.07298714,Low
SLD12875,11.160013,75.920055,38.17553329467773,4.627934638081169,0.0,0.0,0.0,0.7286384615384616,14.0,27.7,56.9,11.8,23.0,1.27,5.4,0.1179087,Low
SLD06487,18.180556,73.260278,23.32725715637207,14.895171548298924,0.0,0.0,0.0,0.6015277777777778,12.0,32.4,30.1,19.2,17.0,1.37,6.2,0.46578,Moderate
SLD09284,14.972408,75.156268,674.3849487304688,1.4579822500706348,0.0,0.0,0.0,0.4155625,12.0,29.6,41.4,15.4,11.3,1.38,6.3,0.0021640058,Low
SLD12279,15.85357,74.373119,765.4778442382812,2.846646321636189,0.0,0.0,0.0,0.6172,10.0,26.3,33.4,21.2,12.6,1.34,6.2,0.0028042025,Low
SLD06475,18.147778,73.233611,70.5195541381836,5.778491756007611,0.047852019779384,0.0015950673259794,0.0095704039558768,0.55838125,12.0,25.0,36.4,20.0,18.8,1.4,6.1,0.30194864,Low
SLD03701,11.548056,75.927222,724.4785766601562,26.669071143370346,4.871558889746666,0.1623852963248888,2.9305312633514404,0.8248866666666667,2.0,29.0,44.3,14.4,30.9,1.06,5.3,0.9499036,High
SLD06971,18.397689,73.51674444,806.44384765625,16.78363155754427,0.0,0.0,0.0,0.7306764705882353,9.0,30.9,26.2,21.2,23.7,1.3,5.7,0.81046605,High
SLD11899,17.705553,73.143584,54.95547103881836,14.60249217277102,0.3437107298523186,0.0114570243284106,0.0604528859257698,0.7174411764705882,9.0,22.1,38.1,25.3,17.1,1.41,6.2,0.24925055,Low
SLD13751,13.31688,75.01424,75.68274688720703,2.284553707164216,0.0,0.0,0.0,0.7469470588235294,9.0,26.4,46.2,13.5,16.2,1.27,5.6,0.014932139,Low
SLD04024,12.828,75.64,262.0028076171875,28.52740797507295,0.0,0.0,0.0,0.7757777777777778,2.0,24.7,49.6,16.6,23.1,1.15,5.4,0.90083927,High
SLD09131,10.00876,76.409332,25.4172477722168,6.454051420165409,0.0,0.0,0.0,0.70184,14.0,27.8,42.4,15.4,26.0,1.18,5.1,0.17404681,Low
SLD13794,13.584568,74.928392,40.00928497314453,4.577664997439803,0.0,0.0,0.0,0.791275,9.0,23.0,49.5,17.2,16.6,1.29,6.0,0.19521508,Low
SLD04055,12.835,75.656,275.9696044921875,15.039763850709049,0.0,0.0,0.0,0.7645833333333333,2.0,30.5,47.2,14.2,27.1,1.15,5.4,0.8768228,High
SLD13585,10.02232,76.78912,82.1856918334961,3.601243968096053,13.30114622041583,0.4433715406805277,7.538414478302002,0.8250176470588235,2.0,23.6,37.4,23.6,27.2,1.1,5.2,0.07073728,Low
SLD12125,15.541709,74.10732,268.802978515625,20.81290596165745,0.0,0.0,0.0,0.7774375,2.0,20.8,38.7,19.0,21.0,1.28,5.5,0.43923834,Moderate
SLD00854,9.894891,76.97211,563.31396484375,21.59494746696715,11.05371692031622,0.3684572306772073,5.993414878845215,0.7534611111111111,8.0,25.7,39.9,21.7,30.3,1.12,5.3,0.98410046,High
SLD12512,9.095047,76.831485,66.06301879882812,18.511393613079605,0.0,0.0,0.0,0.7795,8.0,30.3,33.6,22.9,22.9,1.12,5.1,0.13229133,Low
SLD13200,13.413526,75.222412,724.4356079101562,5.789888655556459,0.0,0.0,0.0,0.7905444444444444,8.0,19.6,45.4,19.3,22.7,1.2,5.3,0.6275046,Moderate
SLD02426,10.418611,77.038944,787.220703125,34.341290008707425,17.28021264076233,0.576007088025411,6.620239734649658,0.7364307692307693,2.0,28.8,31.8,25.4,42.4,1.14,5.6,0.56041324,Moderate
SLD05135,14.2422,74.452914,15.734980583190918,22.16246187941205,0.0,0.0,0.0,0.66319,8.0,0.0,0.0,0.0,0.0,0.0,0.0,0.78577834,High
SLD13848,14.952428,74.864434,496.30181884765625,2.07862614138629,0.0,0.0,0.0,0.70309375,5.0,16.3,44.1,22.0,14.2,1.25,5.8,0.017961103,Low
SLD13408,16.364702,73.445077,60.50838088989258,9.927765485076304,0.0,0.0,0.0,0.681535294117647,9.0,20.2,36.4,21.9,17.2,1.36,5.7,0.56012154,Moderate
SLD11431,12.654208,75.276811,140.3492431640625,2.896282463332465,0.0,0.0,0.0,0.791925,8.0,27.3,48.5,13.9,19.9,1.18,5.4,0.07010034,Low
SLD13781,12.550317,75.085613,90.36859130859376,15.087966947946372,0.0,0.0,0.0,0.7041714285714286,14.0,28.3,48.4,13.1,21.7,1.16,5.6,0.4031749,Moderate
SLD11812,9.255066,76.623874,34.12930679321289,6.655683543220491,0.0,0.0,0.0,0.7641466666666666,14.0,23.5,35.1,26.1,25.4,1.22,5.2,0.009648686,Low
SLD08882,13.641154,74.761499,0.5,2.735057234016549,0.0,0.0,0.0,0.6684857142857143,9.0,26.7,35.9,19.8,25.3,1.2,6.1,0.08370489,Low
SLD13351,15.505255,74.428342,819.2786865234375,24.63746697621816,0.0,0.0,0.0,0.7723375,8.0,21.9,40.4,19.4,24.0,1.2,5.8,0.7939125,High
SLD09811,18.886806,73.066706,53.56936264038086,13.993125418297538,0.0,0.0,0.0,0.57378125,12.0,35.1,33.4,21.0,13.1,1.48,6.2,0.26321262,Low
SLD02238,10.308175,76.625056,377.4931335449219,27.49779554287047,4.897378385066986,0.1632459461688995,2.0333690643310547,0.8193615384615385,2.0,23.8,42.0,21.7,23.3,1.1,5.2,0.9614152,High
SLD12466,11.830632,76.481434,846.8865966796875,1.8528791085512848,1.1510014533996582,0.0383667151133219,1.1510014533996582,0.69220625,4.0,20.8,42.3,21.3,19.0,1.22,6.0,0.0037288992,Low
SLD10409,11.112362,76.531049,776.207763671875,25.210931705112472,13.936756359413266,0.4645585453137755,4.761031150817871,0.7881611111111111,8.0,27.3,37.7,20.2,29.3,1.12,5.3,0.9421491,High
SLD12804,14.269935,74.485805,0.0,2.097199777163908,0.0245906342752275,0.0008196878091742,0.0049181268550455,0.7609714285714286,2.0,23.7,41.8,21.5,22.7,1.25,5.6,0.010095628,Low
SLD00840,9.893499,76.944169,677.7424926757812,17.644135654881037,11.05371692031622,0.3684572306772073,5.993414878845215,0.8194388888888889,8.0,27.3,37.8,22.5,27.0,1.1,5.1,0.9913053,High
SLD05983,17.289167,73.884444,848.8450317382812,30.13785817452517,0.9921710984781374,0.0330723699492712,0.1016137525439262,0.5605111111111111,12.0,22.2,37.7,18.1,16.6,1.3,6.1,0.86825514,High
SLD10568,12.224186,76.08512,881.6671142578125,4.292292528999466,0.0,0.0,0.0,0.72729375,4.0,22.2,44.1,21.2,21.0,1.2,5.7,0.006665795,Low
SLD11786,13.065511,75.365448,111.26727294921876,6.37364290814547,0.0,0.0,0.0,0.76375,8.0,23.3,50.8,15.0,17.5,1.29,5.5,0.08002578,Low
SLD13277,9.843085,76.508253,32.62086486816406,8.71750698203343,0.0,0.0,0.0,0.7772642857142857,8.0,21.3,38.5,26.3,20.3,1.18,5.4,0.052934088,Low
SLD06561,18.35,73.57,635.0,0.0,0.0550084188580511,0.001833613961935,0.0330050513148307,0.143475,11.0,0.0,0.0,0.0,0.0,0.0,0.0,0.020821422,Low
SLD03853,11.666667,75.833611,230.3134765625,23.22467164677669,6.037864573299885,0.2012621524433294,0.7027574777603149,0.8297466666666666,8.0,30.4,49.2,12.4,30.4,1.1,5.4,0.9611559,High
SLD12163,16.90497,73.930714,560.9291381835938,2.2075907868725544,1.3065567985177038,0.0435518932839234,0.1690075248479843,0.5701736842105263,12.0,19.7,35.5,21.1,14.8,1.39,6.2,0.0023775198,Low
SLD07102,8.764798,77.686325,48.8179817199707,0.6550758353121224,3.707077410072088,0.1235692470024029,3.61196231842041,0.4587619047619047,13.0,28.1,38.8,18.0,16.5,1.51,7.0,0.00033101725,Low
SLD00393,9.84728,76.94079,873.7422485351562,15.275575880137502,5.661683797836304,0.1887227932612101,2.472575664520264,0.7233785714285714,8.0,24.9,37.1,25.4,27.8,1.07,5.2,0.952602,High
SLD12830,16.84328,73.655029,111.45059204101562,13.305084886958673,0.8982944488525391,0.0299431482950846,0.106562040746212,0.6657055555555556,12.0,25.9,28.6,22.3,18.1,1.37,6.0,0.1815714,Low
SLD09077,12.728709,75.423155,102.36355590820312,7.011631552828089,0.0,0.0,0.0,0.809175,8.0,22.8,50.2,16.8,17.9,1.23,5.4,0.10445752,Low
SLD14239,12.472203,76.175582,841.525146484375,7.514122815564498,0.0,0.0,0.0,0.52945,12.0,25.6,41.2,18.4,14.6,1.35,6.8,0.006819696,Low
SLD09749,9.326733,77.301084,1595.4451904296875,9.037589099317744,10.0113934725523,0.3337131157517433,1.7795963287353516,0.8386800000000001,2.0,29.0,31.7,24.1,49.8,0.96,5.3,0.10723551,Low
SLD01326,10.02,77.24,1217.518798828125,6.872962905687103,4.766331918537617,0.1588777306179205,2.1873443126678467,0.7893714285714285,2.0,27.6,34.2,24.6,34.4,1.04,5.2,0.15709566,Low
SLD10281,10.466906,77.039982,540.6633911132812,6.84415189552512,14.47865131497383,0.4826217104991276,9.581640243530272,0.765057894736842,8.0,20.7,44.2,21.0,27.0,1.26,5.8,0.7061662,High
SLD07700,16.381316,73.449637,53.857547760009766,1.9405628749986088,0.1129991374909875,0.0037666379163662,0.0225998274981975,0.64051875,9.0,20.0,39.8,21.0,16.0,1.44,6.0,0.3513101,Moderate
SLD13777,15.481117,74.860343,617.1013793945312,2.000347609934668,0.0,0.0,0.0,0.5505764705882353,12.0,22.0,36.1,17.0,10.6,1.4,6.2,0.0020301659,Low
SLD07744,8.859104,76.627051,15.303318977355955,0.5631918181522604,0.0,0.0,0.0,0.6600857142857143,14.0,0.0,0.0,0.0,0.0,0.0,0.0,0.011749826,Low
SLD02500,10.480558,76.320931,58.74354934692383,25.154277024692018,0.0,0.0,0.0,0.8103466666666667,8.0,23.9,47.1,16.6,21.9,1.12,5.3,0.9115961,High
SLD14195,12.858048,75.50828,146.05987548828125,12.326019846182534,0.0,0.0,0.0,0.8039999999999999,2.0,25.3,54.7,15.5,18.9,1.24,5.4,0.17601165,Low
SLD00605,9.871323,76.955397,581.8694458007812,25.57001094373102,5.661683797836304,0.1887227932612101,2.472575664520264,0.8279411764705882,8.0,28.6,36.2,21.9,26.6,1.12,5.0,0.99453014,High
SLD01335,10.020811,77.266194,1281.299560546875,25.147950982794352,4.766331918537617,0.1588777306179205,2.1873443126678467,0.7527166666666667,8.0,29.1,32.6,24.5,33.9,1.06,5.5,0.77074826,High
SLD14079,13.384037,75.521511,701.096435546875,13.159488686847409,0.0,0.0,0.0,0.718125,8.0,25.8,46.8,15.8,18.0,1.2,5.4,0.86120015,High
SLD09859,16.607494,73.39163,60.95996856689453,0.6235088321037432,0.6377302631735795,0.0212576754391193,0.0761677846312522,0.4745875,10.0,18.4,38.7,21.1,17.0,1.39,6.1,0.038649432,Low
SLD14217,17.246211,74.011335,603.1708374023438,1.3333482546678148,1.149914590641855,0.0383304863547285,0.0893973186612129,0.5191263157894737,12.0,23.6,32.3,22.6,12.0,1.4,6.3,0.006097724,Low
SLD02963,11.159825,76.599622,754.137451171875,31.514438907425497,31.143372803926468,1.038112426797549,15.17550277709961,0.7173764705882353,8.0,24.4,40.4,24.2,23.9,1.2,5.7,0.836696,High
SLD09650,11.096322,77.391537,304.9551696777344,0.4831426388509092,0.361359678208828,0.0120453226069609,0.0722719356417656,0.3396823529411765,13.0,18.9,37.4,24.7,15.7,1.4,7.7,0.00042403227,Low
SLD12437,15.158582,74.876501,506.2518310546875,1.6951911738446914,0.0,0.0,0.0,0.5489222222222222,12.0,32.5,31.4,21.1,10.0,1.37,6.0,0.0032555303,Low
SLD12290,15.567193,74.666921,657.5684204101562,0.7277557489583986,0.0,0.0,0.0,0.5574882352941176,12.0,18.0,44.5,14.2,10.8,1.3,6.2,0.0010593467,Low
SLD10443,15.885525,73.930791,90.51567840576172,18.78247765393008,0.9149107430130232,0.0304970247671007,0.0896858870983123,0.748075,8.0,26.5,33.5,21.1,21.9,1.34,6.1,0.52203375,Moderate
SLD09976,11.130641,77.230567,334.9146423339844,1.3211135955715516,0.0,0.0,0.0,0.387555,12.0,17.2,44.4,18.1,16.8,1.42,7.6,0.0001680048,Low
SLD00729,9.883748,76.937339,676.5057983398438,12.02303618018416,11.05371692031622,0.3684572306772073,5.993414878845215,0.8385058823529412,8.0,28.3,37.2,23.1,27.8,1.08,5.1,0.983133,High
SLD01145,9.986887,77.172548,1070.626708984375,22.067988008955137,1.0370100205764174,0.0345670006858805,0.593285322189331,0.79203125,8.0,30.1,32.3,27.8,32.0,1.04,5.1,0.97897124,High
SLD04918,13.89,75.33,720.6173706054688,6.994908088301742,0.0,0.0,0.0,0.7148176470588234,9.0,29.2,36.4,20.7,26.3,1.21,6.0,0.53863,Moderate
SLD06234,17.814803,73.840508,1013.6100463867188,28.851332943193984,0.8481379318982355,0.0282712643966078,0.0764783769845962,0.5617555555555556,12.0,23.8,31.0,28.4,22.1,1.28,6.2,0.94128823,High
SLD07212,10.901817,77.655381,227.47023010253903,1.066687342053627,0.0,0.0,0.0,0.404075,12.0,29.1,36.2,20.0,18.5,1.42,7.7,0.0016070703,Low
SLD03068,11.285,76.575556,2245.510009765625,20.65548325698236,30.212330296635628,1.0070776765545209,7.696353435516357,0.8437473684210526,2.0,22.3,33.1,28.0,56.9,0.9,5.4,0.7613339,High
SLD08669,16.950043,73.545479,52.21284484863281,3.2932266084677035,0.3126172348856925,0.0104205744961897,0.0625234469771385,0.67920625,4.0,28.7,28.3,27.4,17.1,1.36,6.1,0.08311566,Low
SLD13611,12.010834,76.803055,726.8096313476562,1.4487980299082417,0.0,0.0,0.0,0.5507562500000001,12.0,20.4,40.4,21.9,12.1,1.38,7.4,0.00073870656,Low
SLD09839,15.013263,74.187428,276.2707214355469,19.821950235357185,0.3133203554898495,0.0104440118496616,0.0262162741273641,0.7563733333333332,2.0,19.3,44.4,18.8,23.5,1.27,5.4,0.52702874,Moderate
SLD05529,15.310972,74.54075,614.0681762695312,29.641248971817063,0.1620192938717074,0.0054006431290569,0.0177655480802059,0.7743294117647059,5.0,17.0,41.9,21.3,21.9,1.25,5.6,0.7242397,High
SLD00642,9.873529,76.939695,723.6114501953125,25.93055627237237,5.661683797836304,0.1887227932612101,2.472575664520264,0.83993125,8.0,28.4,36.2,22.9,27.0,1.06,5.1,0.9929235,High
SLD03844,11.648056,75.857222,252.88699340820312,16.015207773953957,6.037864573299885,0.2012621524433294,0.7027574777603149,0.7752411764705882,8.0,29.3,47.0,12.3,23.7,1.07,5.4,0.92290395,High
SLD08180,18.988793,73.653832,758.5116577148438,20.943929890452388,0.3642940334975714,0.012143134449919,0.0373989269137382,0.4470235294117647,12.0,37.2,25.0,21.2,18.1,1.37,6.6,0.7176953,High
SLD11145,18.981763,73.214609,322.602783203125,33.65568271403313,0.4117113379761574,0.0137237112658719,0.1738971918821334,0.5110133333333333,12.0,28.6,34.7,19.3,18.6,1.38,6.0,0.8351168,High
SLD14226,12.928965,76.04241,908.2420654296876,5.163599884250281,0.0,0.0,0.0,0.5802705882352941,12.0,29.1,36.5,19.3,11.2,1.26,6.3,0.0055136676,Low
SLD04063,12.83998,75.66656,327.1230163574219,28.83548726015377,0.0,0.0,0.0,0.7926052631578947,2.0,28.2,48.6,14.2,27.4,1.14,5.4,0.8965414,High
SLD04855,13.85,75.39,782.0084228515625,18.95377116150847,0.0,0.0,0.0,0.7599066666666666,2.0,20.7,37.1,25.8,23.9,1.2,5.5,0.6002187,Moderate
SLD03465,11.419386,76.378781,460.6160583496094,28.22891988809089,8.442253418266773,0.2814084472755591,2.584341764450073,0.8194833333333333,2.0,22.2,42.8,22.6,27.8,1.12,5.4,0.88823193,High
SLD05691,16.053,73.984333,380.0454711914063,25.063624369036624,0.378056745976209,0.0126018915325402,0.0499498061835765,0.800275,9.0,24.3,34.3,20.0,23.0,1.28,5.4,0.88341624,High
SLD00963,9.91488,77.10647,925.8593139648438,20.42134785135168,0.7153458893299102,0.0238448629776636,0.4292075335979461,0.8088315789473685,2.0,31.1,31.7,24.0,32.7,1.08,5.3,0.90762186,High
SLD07137,13.391475,75.661748,1226.8682861328125,7.899687590963002,4.459341045469046,0.1486447015156348,1.1766947507858276,0.8567266666666666,2.0,26.7,36.1,26.2,28.2,1.04,5.5,0.14384063,Low
SLD10138,9.386902,77.319223,1095.5299072265625,15.05649614831908,8.873639687895775,0.2957879895965258,2.529701232910156,0.8481266666666667,2.0,27.3,32.7,26.6,32.2,1.08,5.3,0.15850851,Low
SLD07930,10.09812,76.656606,43.54460144042969,6.276066155272384,0.0,0.0,0.0,0.7328250000000001,8.0,25.1,31.5,24.3,26.4,1.2,5.2,0.023213342,Low
SLD05895,17.06201,73.942703,589.8766479492188,18.735546775129244,0.9071726351976392,0.0302390878399213,0.1138198301196098,0.4975444444444444,12.0,20.8,35.9,20.2,17.0,1.33,6.1,0.5932509,Moderate
SLD05124,14.236508,74.495106,46.18954086303711,11.768096067688465,0.0245906342752275,0.0008196878091742,0.0049181268550455,0.663075,9.0,25.6,45.2,19.3,23.9,1.27,5.6,0.56571937,Moderate
SLD06018,17.391847,73.763345,673.5584106445312,14.73095120972182,1.6593764256685966,0.0553125475222865,0.2876087129116058,0.6397,10.0,30.5,27.9,21.7,20.9,1.27,5.8,0.53554845,Moderate
SLD13785,17.711916,73.187853,233.67127990722656,6.292230597074459,0.2060509822331365,0.0068683660744378,0.0357991121709346,0.622925,9.0,20.0,35.2,23.9,19.6,1.38,6.1,0.123463385,Low
SLD08538,11.341386,76.241334,59.774070739746094,6.279595423650954,0.0,0.0,0.0,0.79173,8.0,25.5,47.8,18.8,24.6,1.16,5.4,0.044102482,Low
SLD04747,13.72,74.98,354.98858642578125,20.90594512512241,0.0,0.0,0.0,0.8431,2.0,17.5,48.9,19.6,25.4,1.17,5.4,0.5596883,Moderate
SLD13825,13.725661,74.870929,74.3351058959961,10.61528173006406,0.0,0.0,0.0,0.83505,2.0,25.2,50.1,15.7,22.0,1.25,5.6,0.41362125,Moderate
SLD04467,13.169333,75.39791667,1000.584228515625,26.5286404331003,0.4560489207506176,0.0152016306916872,0.0499099865555763,0.7931866666666667,8.0,24.0,40.4,23.2,33.5,1.06,5.4,0.99146676,High
SLD11263,16.234433,74.547546,641.4765014648438,0.7427601208859552,0.0,0.0,0.0,0.4930444444444444,12.0,23.1,34.8,27.7,9.2,1.39,6.3,0.00066227437,Low
SLD02362,10.367647,77.631219,1191.6279296875,14.50726413365312,18.38547343760729,0.6128491145869096,13.469148635864258,0.8330578947368421,2.0,24.3,38.0,21.6,31.6,1.08,5.5,0.49566737,Moderate
SLD06289,17.92089,73.52847,378.035888671875,29.73754147654017,1.0838719306048004,0.0361290643534933,0.1186536774039268,0.6778647058823529,9.0,33.1,25.8,22.4,20.8,1.37,5.6,0.68761533,High
SLD12099,9.975288,77.334969,373.1379089355469,0.5464319316795574,0.0,0.0,0.0,0.4568235294117647,12.0,25.9,38.7,19.7,27.7,1.33,6.6,0.007395313,Low
SLD03449,11.41495,76.374356,427.7697448730469,25.17589525532664,1.4311878862790763,0.0477062628759692,0.8550543189048767,0.8339157894736843,2.0,25.0,43.3,21.0,24.1,1.13,5.4,0.8347623,High
SLD06474,18.146944,73.236389,86.57574462890625,14.616381313742826,0.047852019779384,0.0015950673259794,0.0095704039558768,0.5411117647058824,9.0,28.0,35.2,19.1,17.3,1.39,6.1,0.45583335,Moderate
SLD04023,12.82783,75.59866,179.56051635742188,26.060995770001178,0.1972854137420649,0.0065761804580688,0.0288667753338813,0.7706611111111111,2.0,24.8,53.5,14.4,25.5,1.15,5.4,0.88039374,High
SLD07880,16.313452,73.826771,354.492431640625,32.17560967594727,0.5718065910041323,0.0190602197001377,0.0863230377435684,0.65818,9.0,25.6,29.9,23.6,23.7,1.3,5.8,0.7471386,High
SLD06117,17.542,73.367,59.49861526489258,24.8979267669206,0.2670510485768315,0.0089017016192277,0.0534102097153663,0.6689411764705883,9.0,24.5,32.6,24.5,19.0,1.3,5.6,0.73944926,High
SLD13258,18.697273,72.860905,1.437849998474121,1.66531413644939,0.0075653177918864,0.0002521772597295,0.0015130635583773,0.518325,11.0,0.0,0.0,0.0,0.0,0.0,0.0,0.15255472,Low
SLD00742,9.885736,76.967088,527.9067993164062,7.288319693152658,11.05371692031622,0.3684572306772073,5.993414878845215,0.7391666666666666,8.0,24.4,39.2,23.6,29.4,1.17,5.2,0.96472865,High
SLD03996,11.902889,76.011806,798.2890625,10.021313640258128,0.0,0.0,0.0,0.77903,8.0,26.9,42.3,20.2,30.2,1.08,5.4,0.707154,High
SLD12711,12.066174,76.593576,704.7177124023438,2.6463168065985503,0.0,0.0,0.0,0.529305,12.0,26.7,36.1,21.1,13.0,1.34,7.1,0.0008407135,Low
SLD06863,13.361056,75.35994444,720.69140625,28.88550478167492,0.997894832398742,0.033263161079958,0.1268111765384674,0.78528125,8.0,25.0,44.3,15.5,29.1,1.1,5.4,0.8917058,High
SLD02488,10.471917,77.059083,417.99700927734375,20.43303160509362,14.47865131497383,0.4826217104991276,9.581640243530272,0.7546333333333334,9.0,19.7,43.3,22.4,27.0,1.23,5.8,0.5815998,Moderate
SLD00403,9.84898,76.936032,797.3434448242188,22.9951547188791,5.661683797836304,0.1887227932612101,2.472575664520264,0.7913928571428571,8.0,26.4,36.7,22.4,24.3,1.1,5.1,0.98412144,High
SLD00860,9.896096,76.965499,642.6200561523438,21.70783924513936,11.05371692031622,0.3684572306772073,5.993414878845215,0.8494647058823529,8.0,26.8,38.4,22.7,30.9,1.12,5.3,0.9935294,High
SLD09647,11.598723,75.96794,1312.5849609375,5.382188583157326,6.758015915751457,0.2252671971917152,2.402118682861328,0.7990428571428572,2.0,28.8,35.9,20.7,36.1,1.0,5.3,0.26409483,Low
SLD06363,17.93378,73.58406,866.0795288085938,23.360824422929472,0.8485040813684461,0.0282834693789482,0.1084630638360977,0.76150625,9.0,33.0,28.2,18.2,24.2,1.22,5.6,0.8551374,High
SLD06454,18.11,73.29,14.065437316894531,14.678279749538394,0.0286471075378354,0.0009549035845945,0.0057294215075671,0.570335294117647,12.0,29.8,33.5,22.5,23.1,1.3,6.1,0.6319879,Moderate
SLD12109,13.775563,74.916191,325.03131103515625,13.116537828489651,0.0,0.0,0.0,0.856,2.0,17.3,46.2,22.9,28.0,1.16,5.5,0.47887376,Moderate
SLD13105,13.728414,74.871668,62.98428726196289,18.12147738736424,0.0,0.0,0.0,0.813,2.0,25.6,49.2,16.9,21.4,1.23,5.6,0.5963881,Moderate
SLD00753,9.886474,76.953655,694.8600463867188,19.459582560212247,11.05371692031622,0.3684572306772073,5.993414878845215,0.8088263157894736,8.0,27.2,36.2,23.1,27.0,1.12,5.1,0.989242,High
SLD00395,9.8478,76.954074,808.9097290039062,24.26733720898068,5.661683797836304,0.1887227932612101,2.472575664520264,0.80538125,2.0,28.3,36.9,25.3,30.4,1.1,5.2,0.8782768,High
SLD13065,11.822858,76.935966,842.5673828125,23.0641263408413,0.0,0.0,0.0,0.5781999999999999,12.0,20.0,45.0,21.3,12.9,1.31,7.2,0.06343385,Low
SLD00525,9.860503,76.969244,592.2654418945312,23.90538830027289,5.661683797836304,0.1887227932612101,2.472575664520264,0.7502823529411764,8.0,26.7,35.3,23.7,25.1,1.12,5.2,0.99195814,High
SLD00577,9.868634,76.953002,618.7310180664062,8.780159057280223,5.661683797836304,0.1887227932612101,2.472575664520264,0.8153411764705882,8.0,27.2,39.5,22.9,26.6,1.1,5.1,0.9589467,High
SLD07780,14.317133,74.512301,34.68770980834961,3.838889347121439,0.0,0.0,0.0,0.7480066666666667,8.0,18.5,51.3,20.1,22.0,1.2,5.4,0.59361136,Moderate
SLD02514,10.487661,76.322006,56.58057022094727,27.57997355381068,0.0,0.0,0.0,0.7735714285714286,8.0,25.2,46.9,17.6,21.5,1.13,5.4,0.9360842,High
SLD12071,13.174909,75.338919,842.5269775390625,11.820774880439188,0.0,0.0,0.0,0.8085117647058824,8.0,27.5,39.0,21.8,29.8,1.1,5.4,0.9622585,High
SLD12933,15.287748,75.125037,578.3076171875,1.1646198568674824,0.0,0.0,0.0,0.6171058823529412,12.0,33.1,36.0,18.6,10.0,1.4,6.7,0.0024711064,Low
SLD03840,11.642778,75.856389,309.6636962890625,24.67981774855442,6.037864573299885,0.2012621524433294,0.7027574777603149,0.8088705882352941,8.0,29.0,46.2,12.4,27.4,1.08,5.4,0.9470268,High
SLD03587,11.508611,75.994167,199.9376373291016,26.717486854136872,0.2793131172657013,0.00931043724219,0.2793131172657013,0.812435294117647,8.0,27.9,49.9,12.5,27.5,1.07,5.4,0.9141736,High
SLD13936,16.918338,74.280334,539.0,3.951787500540276,0.466439342126249,0.0155479780708749,0.0280893333256244,0.5347894736842105,12.0,18.9,38.0,19.9,12.2,1.4,6.5,0.0010357166,Low
SLD00881,9.89775,76.929553,749.1484375,21.41576599857417,11.05371692031622,0.3684572306772073,5.993414878845215,0.76695,8.0,27.2,35.2,25.6,28.6,1.1,5.3,0.9854446,High
SLD11542,9.405525,77.325837,1088.1580810546875,3.620404300533928,2.3193638343364,0.0773121278112133,1.08384907245636,0.8563428571428571,2.0,28.3,30.6,27.1,31.6,1.1,5.4,0.25319716,Low
SLD03562,11.48,76.36,1102.0069580078125,20.32794920569913,1.324075846001506,0.0441358615333835,0.977155327796936,0.7551722222222222,8.0,23.6,39.3,25.8,33.6,1.05,5.4,0.95744735,High
SLD09350,10.442128,76.348279,70.0731201171875,8.382028932670066,0.0,0.0,0.0,0.80226875,8.0,25.7,48.0,16.8,23.0,1.14,5.2,0.06388023,Low
SLD04510,13.214726,75.377836,902.0574951171876,19.8109354035918,0.4397765733301635,0.0146592191110054,0.049655444920063,0.7992944444444444,8.0,23.4,42.7,18.2,27.9,1.11,5.5,0.9483756,High
SLD00666,9.876301,76.949611,606.1450805664062,29.660776750782347,11.05371692031622,0.3684572306772073,5.993414878845215,0.8172444444444444,8.0,22.7,39.6,22.4,24.2,1.1,5.1,0.9907918,High
SLD14250,11.161193,75.854351,27.79463768005371,1.8326256936112344,0.0,0.0,0.0,0.7515933333333333,8.0,0.0,0.0,0.0,0.0,0.0,0.0,0.0137044685,Low
SLD06235,17.81536,73.44947,307.34490966796875,20.040071262082623,0.441556721925735,0.0147185573975245,0.0664329230785369,0.73424,9.0,32.6,27.1,22.4,22.6,1.37,5.7,0.45843938,Moderate
SLD00463,9.855887,76.968706,603.4935302734375,22.15532226720444,5.661683797836304,0.1887227932612101,2.472575664520264,0.7267888888888889,8.0,25.6,37.4,21.9,25.8,1.17,5.2,0.9810112,High
SLD05572,15.425225,74.279814,638.726806640625,23.830089505854705,0.2722822036594149,0.0090760734553138,0.0215797647833824,0.8354142857142858,2.0,18.4,40.7,24.0,22.3,1.23,5.5,0.6680501,High
SLD10623,11.383531,76.244658,44.56971740722656,5.632479900794654,0.0948055684566493,0.0031601856152216,0.0603308156132698,0.81925,8.0,24.8,48.2,18.2,18.4,1.25,5.6,0.049020283,Low
SLD00645,9.873797,76.940261,716.680908203125,29.624727727865064,5.661683797836304,0.1887227932612101,2.472575664520264,0.83993125,8.0,28.5,35.7,24.1,25.9,1.06,5.0,0.99399877,High
SLD05699,16.058694,73.983472,276.2879638671875,17.6005479219479,0.378056745976209,0.0126018915325402,0.0499498061835765,0.7548,2.0,19.1,31.7,25.1,21.4,1.32,5.5,0.28107098,Low
SLD05946,17.206,73.416,71.13883972167969,14.513022030443132,0.0865068566054105,0.002883561886847,0.0173013713210821,0.6466647058823529,9.0,24.5,33.4,20.5,30.2,1.24,6.3,0.64743817,Moderate
SLD11691,16.836843,73.645796,111.48381042480467,19.87042580014017,0.8982944488525391,0.0299431482950846,0.106562040746212,0.6361,12.0,24.2,33.8,21.3,18.8,1.3,5.9,0.71087056,High
SLD08046,12.967401,76.206448,977.6985473632812,4.126294982932038,0.0,0.0,0.0,0.5368176470588235,12.0,20.5,39.2,19.7,10.5,1.31,7.0,0.0007570256,Low
SLD07994,9.472409,76.70878,31.360576629638672,11.041727451774406,0.0,0.0,0.0,0.814875,8.0,22.0,38.5,27.7,23.8,1.18,5.4,0.036056984,Low
SLD12934,18.991498,73.619142,832.232177734375,4.926629156273743,0.321801351383328,0.0107267117127776,0.0339227803051471,0.5406882352941177,12.0,33.5,22.4,24.2,16.4,1.36,6.4,0.54918694,Moderate
SLD00962,9.914739,77.109325,985.5939331054688,26.72561581638674,0.7153458893299102,0.0238448629776636,0.4292075335979461,0.8456421052631579,2.0,30.7,31.5,24.6,32.2,1.04,5.2,0.92677957,High
SLD08253,18.038593,73.254463,354.64776611328125,16.227516107226524,0.1799548836424939,0.0059984961214164,0.0249361600726842,0.5328473684210526,12.0,24.1,34.7,19.7,19.3,1.36,5.9,0.57902086,Moderate
SLD03709,11.5495,75.9143,650.2284545898438,35.38221962379554,9.171820729970932,0.3057273576656977,4.871296405792236,0.8201999999999999,2.0,28.9,46.7,14.9,29.5,1.06,5.4,0.71991724,High
SLD04077,12.84484,75.6833,448.4297790527344,22.793579349570063,0.0,0.0,0.0,0.77355,2.0,29.8,46.2,14.2,27.8,1.14,5.4,0.8834807,High
SLD07888,15.928236,73.760608,53.337589263916016,7.181044637662786,0.4143732413649554,0.0138124413788318,0.0828746482729911,0.70575,9.0,26.9,30.8,20.6,17.8,1.34,6.0,0.07845191,Low
SLD07644,18.236396,74.069662,700.95263671875,10.250380470845462,0.091467825695872,0.0030489275231957,0.0182935651391744,0.4298833333333333,12.0,40.9,25.3,18.7,13.1,1.48,6.8,0.08123555,Low
SLD10301,11.817294,76.928276,916.043212890625,23.58319700730485,0.0,0.0,0.0,0.5782823529411765,12.0,19.1,43.2,21.2,17.1,1.29,7.1,0.3441819,Moderate
SLD10173,17.175585,74.170149,564.7210083007812,0.2495907566110663,0.3863855730742209,0.012879519102474,0.0504152178764343,0.5505,12.0,30.6,32.2,16.6,10.9,1.45,6.5,0.0017988844,Low
SLD06731,18.43,73.53,1086.579833984375,14.694047953809676,0.0,0.0,0.0,0.60035,12.0,32.4,28.1,19.4,23.7,1.24,6.0,0.8610079,High
SLD00810,9.890111,76.942208,701.8295288085938,16.847202069856003,11.05371692031622,0.3684572306772073,5.993414878845215,0.7529,8.0,28.2,37.2,22.2,27.8,1.12,5.1,0.9909786,High
SLD11806,10.314485,76.613928,275.1003112792969,3.089225852154555,3.771550146862865,0.1257183382287621,1.886818051338196,0.7338642857142857,2.0,25.9,42.0,20.7,29.5,1.12,5.2,0.24497125,Low
SLD00878,9.897713,76.967131,637.3157348632812,23.31252407268157,11.05371692031622,0.3684572306772073,5.993414878845215,0.8263166666666666,8.0,24.4,37.3,24.1,28.4,1.12,5.2,0.98552275,High
SLD03700,11.548056,75.926944,716.482421875,19.63268931751887,4.871558889746666,0.1623852963248888,2.9305312633514404,0.8248866666666667,2.0,29.0,44.3,14.4,30.9,1.06,5.3,0.92707413,High
SLD03839,11.640556,75.855556,211.5900421142578,12.087023662634984,6.037864573299885,0.2012621524433294,0.7027574777603149,0.8332529411764706,8.0,29.0,47.2,12.4,27.8,1.08,5.4,0.9137524,High
SLD07130,11.3779,75.837041,34.16017532348633,3.977856413271407,0.0,0.0,0.0,0.7658071428571428,8.0,27.6,51.1,12.2,22.4,1.27,5.5,0.5108077,Moderate
SLD00827,9.892251,76.947289,686.1310424804688,23.418451555801003,11.05371692031622,0.3684572306772073,5.993414878845215,0.8288705882352941,8.0,27.2,35.6,22.6,27.8,1.12,5.1,0.99502015,High
SLD11536,13.916487,75.05169,578.7468872070312,12.246937603633851,0.0,0.0,0.0,0.50355,10.0,16.0,45.4,23.1,20.0,1.33,6.0,0.26546338,Low
SLD13101,8.71869,77.217416,1197.3876953125,19.217265831377333,26.241755105555058,0.8747251701851686,6.128638744354248,0.8229,2.0,26.7,32.7,25.5,32.8,1.06,5.1,0.6863418,High
SLD03663,11.539444,75.903056,78.49707794189453,5.033400007297301,9.171820729970932,0.3057273576656977,4.871296405792236,0.79635625,2.0,27.8,50.6,13.1,23.3,1.04,5.4,0.90776205,High
SLD02104,10.2718,76.896231,1062.5968017578125,17.1835660725525,4.472790718078613,0.1490930239359537,1.6151199340820312,0.7723588235294118,8.0,30.9,29.6,25.8,29.1,1.05,5.1,0.92520887,High
SLD00543,9.862858,76.948292,764.39404296875,23.173909945717902,5.661683797836304,0.1887227932612101,2.472575664520264,0.855675,2.0,29.8,36.4,23.1,31.3,1.06,5.1,0.8549128,High
SLD00422,9.85143,76.959391,715.4743041992188,24.19207898025656,5.661683797836304,0.1887227932612101,2.472575664520264,0.793175,8.0,26.5,37.5,21.5,24.8,1.07,5.2,0.99154,High
SLD06183,17.684199,73.824722,798.8171997070312,10.07858337763262,1.0245477082207786,0.0341515902740259,0.0949758067727088,0.6213684210526317,9.0,30.3,30.2,20.9,22.4,1.29,6.1,0.74317586,High
SLD12823,15.949093,74.36388,741.47900390625,2.180626291966426,0.0,0.0,0.0,0.5198444444444444,12.0,18.0,50.1,15.0,12.9,1.3,6.1,0.010575462,Low
SLD09075,14.608045,75.353628,612.1101684570312,3.1403627284273674,0.0,0.0,0.0,0.4687588235294117,12.0,29.6,36.5,19.9,10.3,1.4,6.6,0.001620063,Low
SLD10594,10.909247,77.444504,322.2814025878906,1.9281876239432223,0.0,0.0,0.0,0.4530470588235294,12.0,16.2,48.6,15.3,11.8,1.46,7.1,0.0003775427,Low
SLD04509,13.214444,75.226133,844.5133056640625,19.711885510804343,1.5524405818432565,0.0517480193947752,0.1701165288686752,0.7402470588235294,8.0,29.3,43.0,15.6,27.5,1.18,5.5,0.835445,High
SLD03719,11.552222,75.904722,194.6284027099609,19.285180450764813,9.171820729970932,0.3057273576656977,4.871296405792236,0.8062166666666667,2.0,29.4,47.7,13.6,23.5,1.06,5.4,0.8962961,High
SLD02451,10.436056,77.011139,834.8289794921875,30.336099920180786,11.620632963255048,0.3873544321085015,7.967309474945068,0.76342,2.0,27.8,35.7,26.2,26.4,1.14,5.4,0.7304297,High
SLD00811,9.890111,76.942208,701.8295288085938,16.847202069856003,11.05371692031622,0.3684572306772073,5.993414878845215,0.7529,8.0,28.2,37.2,22.2,27.8,1.12,5.1,0.9909786,High
SLD01630,10.076961,77.255369,664.5401000976562,12.926744599746964,6.178352505899966,0.2059450835299988,3.076634168624878,0.7467578947368421,8.0,27.2,41.2,18.5,32.9,1.2,5.8,0.84440476,High
SLD06696,18.39,73.58,637.0,0.0,0.0,0.0,0.0,0.0953875,11.0,0.0,0.0,0.0,0.0,0.0,0.0,0.0066385837,Low
SLD03746,11.557222,75.910278,511.7662353515625,20.14950351564278,9.171820729970932,0.3057273576656977,4.871296405792236,0.8281866666666667,2.0,30.2,46.8,14.3,27.8,1.08,5.4,0.8204487,High
SLD13375,15.513851,74.691174,634.0894165039062,2.577846552285467,0.0,0.0,0.0,0.5578352941176471,12.0,20.7,39.7,15.5,10.1,1.34,6.2,0.0011593667,Low
SLD13947,14.678563,75.24847,574.7083740234375,1.2764593219766451,0.0,0.0,0.0,0.4303941176470588,12.0,31.7,28.8,25.9,10.0,1.4,6.2,0.001630031,Low
SLD00760,9.886859,76.94032,669.73388671875,13.621745367114244,11.05371692031622,0.3684572306772073,5.993414878845215,0.832,8.0,26.3,37.8,22.2,24.4,1.12,5.1,0.98855907,High
SLD00970,9.916541,77.114532,1052.276611328125,12.212745387622704,0.7153458893299102,0.0238448629776636,0.4292075335979461,0.8503222222222222,2.0,31.1,31.2,25.5,31.6,1.06,5.2,0.8024788,High
SLD06165,17.638873,73.838609,1048.212646484375,33.39261016595298,1.4668088406324382,0.0488936280210812,0.1177184805274009,0.5805125,9.0,27.1,30.1,20.6,21.6,1.25,6.0,0.76064616,High
SLD12992,18.013005,73.219301,206.41583251953125,31.691621639252368,0.2524821367114775,0.0084160712237159,0.0276535209268331,0.6459666666666667,9.0,29.1,32.5,21.2,30.9,1.26,5.6,0.68037295,High
SLD07777,13.311607,75.863078,1079.06640625,25.603407123238792,0.2605538035277271,0.0086851267842575,0.0419439785182476,0.5113294117647059,12.0,21.5,38.8,22.6,14.5,1.26,6.2,0.69341934,High
SLD00215,9.662285,77.092683,1077.101806640625,29.22651836455878,0.4143241941928863,0.0138108064730962,0.3199731409549713,0.7761846153846155,8.0,28.5,33.3,23.4,33.2,1.04,5.1,0.7288004,High
SLD00775,9.888201,76.933217,725.6134643554688,22.63119652609244,11.05371692031622,0.3684572306772073,5.993414878845215,0.8094444444444444,8.0,28.1,37.4,23.9,27.8,1.07,5.2,0.9905019,High
SLD04073,12.84467,75.67905,415.8941345214844,29.41921750847532,0.0,0.0,0.0,0.7707058823529412,2.0,31.2,45.0,13.9,27.8,1.18,5.4,0.87908125,High
SLD08310,9.48292,77.381193,1067.9530029296875,19.93330214439249,4.6063736621290445,0.1535457887376348,1.889617919921875,0.8377411764705882,2.0,29.3,32.1,24.8,37.1,1.06,5.6,0.45945147,Moderate
SLD06445,18.08,73.3,8.98044204711914,8.361326631936272,0.0286471075378354,0.0009549035845945,0.0057294215075671,0.5922375,9.0,27.8,33.2,24.6,27.1,1.3,6.2,0.5376897,Moderate
SLD03849,11.650556,75.873889,503.0824890136719,19.34934880455508,6.037864573299885,0.2012621524433294,0.7027574777603149,0.81585,2.0,29.3,43.8,13.6,27.8,1.06,5.4,0.8043193,High
SLD13153,12.025489,76.283744,746.4712524414062,3.3934824043647174,0.0,0.0,0.0,0.5212687500000001,12.0,26.7,39.5,19.1,15.3,1.3,5.9,0.006150873,Low
SLD13016,9.257712,76.63561,45.21995544433594,6.684778622228952,0.0,0.0,0.0,0.7460533333333333,14.0,24.3,36.0,24.4,26.1,1.2,5.2,0.027921429,Low
SLD04009,11.915508,75.836161,265.42657470703125,16.960038574496853,2.472081463783979,0.0824027154594659,0.13706836104393,0.8308947368421052,2.0,28.8,49.0,13.4,30.1,1.1,5.3,0.85649765,High
SLD00627,9.872172,76.93986,721.0752563476562,6.688676387737279,5.661683797836304,0.1887227932612101,2.472575664520264,0.7941875,8.0,28.4,36.2,22.9,27.0,1.06,5.1,0.95483845,High
SLD11512,13.724015,74.933784,111.84178161621094,13.578025173595588,0.0,0.0,0.0,0.7564933333333334,8.0,21.9,51.5,14.9,18.1,1.3,6.0,0.5508781,Moderate
SLD11886,12.583937,76.230153,852.645751953125,4.73128461361137,0.0,0.0,0.0,0.5193411764705883,12.0,24.1,44.5,15.9,11.5,1.4,7.4,0.0004941414,Low
SLD00728,9.883414,76.93565,723.7626342773438,24.342240082707576,11.05371692031622,0.3684572306772073,5.993414878845215,0.8385058823529412,8.0,28.6,37.0,22.0,26.3,1.08,5.2,0.99174225,High
SLD07447,11.181086,76.285688,49.787899017333984,5.376222496473896,0.018428391194902,0.0006142797064967,0.0097742741927504,0.756525,8.0,23.4,46.5,21.0,24.9,1.2,5.4,0.053141054,Low
SLD11366,18.256202,74.049064,756.1856689453125,15.389380239751915,0.091467825695872,0.0030489275231957,0.0182935651391744,0.4593444444444444,12.0,37.0,27.1,19.7,15.4,1.42,6.8,0.6712775,High
SLD11872,15.829344,74.652655,734.1237182617188,0.8207090498940541,0.0,0.0,0.0,0.4882555555555556,12.0,31.7,33.2,21.8,12.1,1.33,6.3,0.0020953375,Low
SLD04094,12.85487,75.69511,642.5204467773438,18.15647915805913,0.0,0.0,0.0,0.78935,2.0,26.7,45.7,15.3,27.6,1.1,5.4,0.84882957,High
SLD11967,11.985916,75.846446,526.0263671875,38.02789843468109,2.21838567405939,0.073946189135313,0.1231321915984153,0.8381882352941177,2.0,24.5,45.4,16.2,30.3,1.06,5.4,0.7889399,High
SLD11888,9.63914,77.57405,178.7113037109375,3.0789322213028743,2.208768367767334,0.0736256122589111,2.208768367767334,0.6890999999999999,12.0,22.7,42.5,18.0,20.4,1.4,6.6,0.002801256,Low
SLD00455,9.855012,76.962183,601.82958984375,21.570891505893304,5.661683797836304,0.1887227932612101,2.472575664520264,0.7308473684210527,8.0,27.6,37.6,20.8,27.8,1.18,5.3,0.9843807,High
SLD13499,15.784294,74.301859,750.0,0.0,0.0,0.0,0.0,0.476625,8.0,0.0,0.0,0.0,0.0,0.0,0.0,0.03510602,Low
SLD09065,11.995892,75.891922,862.849853515625,12.48964639483076,0.0,0.0,0.0,0.8052529411764705,8.0,24.0,42.0,20.2,26.0,1.1,5.5,0.5803611,Moderate
SLD07689,10.514992,77.755137,271.4877319335937,0.6167473490004185,5.452560249716044,0.1817520083238681,3.674143075942993,0.4696499999999999,12.0,18.1,44.8,18.0,12.9,1.43,7.6,0.00023412936,Low
SLD06460,18.11,73.64,885.6238403320312,32.96192148105183,0.4621774405241005,0.0154059146841366,0.0753201767802238,0.68961875,9.0,34.6,28.2,22.1,18.0,1.27,6.3,0.87719434,High
SLD10590,15.711028,74.201072,750.174072265625,3.94822477802796,0.6583768944256002,0.0219458964808533,0.0627310797572135,0.8055388888888889,2.0,25.3,37.8,20.4,26.9,1.15,5.6,0.23220792,Low
SLD00756,9.886497,76.934128,720.2445678710938,23.099059372777244,11.05371692031622,0.3684572306772073,5.993414878845215,0.7916157894736842,8.0,27.9,36.8,23.2,27.4,1.1,5.1,0.988991,High
SLD00791,9.889013,76.958602,591.4600219726562,29.20696847881021,11.05371692031622,0.3684572306772073,5.993414878845215,0.8234388888888888,8.0,25.6,37.9,22.0,30.0,1.12,5.1,0.982466,High
SLD02480,10.467083,77.059278,429.3970336914063,20.83137880801424,14.47865131497383,0.4826217104991276,9.581640243530272,0.7359,8.0,20.7,41.1,21.5,24.9,1.23,5.8,0.39904025,Moderate
SLD07619,9.81972,76.931403,762.572265625,12.9135141199208,2.2862788066267967,0.0762092935542265,0.5568053722381592,0.8482076923076923,2.0,30.3,37.1,22.3,29.9,1.06,5.0,0.588481,Moderate
SLD09890,8.812371,77.59763,89.23680877685547,0.7451874570305542,0.0881348438560961,0.0029378281285365,0.0528809055685997,0.4687,12.0,24.5,36.5,18.4,14.0,1.45,6.9,0.00073351903,Low
SLD12688,14.702294,74.318467,94.53832244873048,21.45841589363817,0.0997656676918265,0.0033255222563942,0.0199531335383653,0.7401823529411765,8.0,22.2,42.1,17.5,16.3,1.38,5.5,0.7273953,High
SLD07409,14.116124,74.919415,557.0,0.0,0.0,0.0,0.0,0.1323285714285714,17.0,0.0,0.0,0.0,0.0,0.0,0.0,0.0069436342,Low
SLD09066,17.297154,73.404591,254.498275756836,7.940838203162649,0.7704576887190332,0.0256819229573011,0.3040868639945984,0.5736875,10.0,23.1,31.7,24.5,19.2,1.4,6.0,0.065608844,Low
SLD06471,18.141389,73.248333,136.1966552734375,14.431712200513063,0.047852019779384,0.0015950673259794,0.0095704039558768,0.5731,9.0,29.0,33.8,21.1,19.3,1.34,6.1,0.6416495,Moderate
SLD06033,17.3991,73.785,641.0,0.0,1.4529726858017964,0.0484324228600598,0.1451542228460312,0.2491058823529411,11.0,0.0,0.0,0.0,0.0,0.0,0.0,0.057885263,Low
SLD13083,11.281165,77.083967,392.02239990234375,2.153367894180367,5.910361924208701,0.19701206414029,0.7280350923538208,0.5062166666666666,12.0,15.3,50.9,14.4,14.0,1.44,7.6,0.00014655422,Low
SLD08531,16.966787,74.131479,595.9608154296875,3.4485501486727683,0.339918206445872,0.011330606881529,0.032216653227806,0.4815705882352941,12.0,24.1,36.6,19.0,10.3,1.42,6.4,0.0011483808,Low
SLD00686,9.879456,76.946448,657.9235229492188,26.725133238624124,11.05371692031622,0.3684572306772073,5.993414878845215,0.8459588235294118,8.0,28.6,37.0,22.0,26.4,1.09,5.0,0.9978446,High
SLD00844,9.893592,76.974746,555.291748046875,25.932624015038048,11.05371692031622,0.3684572306772073,5.993414878845215,0.7170368421052631,8.0,25.5,39.6,22.8,25.2,1.16,5.2,0.9806758,High
SLD05728,16.36,73.843,422.5657043457031,36.01030247518179,0.9000233374536026,0.03000077791512,0.0785311535000801,0.7624133333333333,2.0,20.4,32.0,25.6,22.5,1.27,5.5,0.6469248,Moderate
SLD10372,10.026273,76.477211,59.72066879272461,10.874053929441663,0.0,0.0,0.0,0.8095866666666667,8.0,27.8,42.2,17.6,24.3,1.17,5.3,0.1610064,Low
SLD01337,10.021339,77.264514,1292.3111572265625,25.064357558016635,4.766331918537617,0.1588777306179205,2.1873443126678467,0.7898272727272727,8.0,28.0,31.8,26.2,45.5,1.05,5.4,0.5749627,Moderate
SLD12587,15.742687,74.376424,798.3046264648438,3.966008796661765,0.0,0.0,0.0,0.61233125,12.0,18.7,42.0,18.9,18.6,1.29,6.2,0.0071231415,Low
SLD00465,9.855891,76.960293,662.9158935546875,16.477585668663327,5.661683797836304,0.1887227932612101,2.472575664520264,0.7730666666666667,8.0,29.2,39.3,21.0,28.0,1.07,5.2,0.9894076,High
SLD02465,10.452206,76.832933,659.4622192382812,13.46630458692978,16.484997525811195,0.5494999175270399,5.300003528594971,0.7176764705882352,4.0,25.0,43.1,18.3,25.3,1.1,5.3,0.87576866,High
SLD06515,18.27,73.6,954.5504150390624,26.98734669857459,0.1880379021167755,0.0062679300705591,0.0376075804233551,0.7003235294117647,9.0,29.5,29.7,19.3,22.0,1.28,6.1,0.9564213,High
SLD11073,10.644302,76.093627,5.520020008087158,4.980551708098423,0.0,0.0,0.0,0.5711307692307692,12.0,24.0,40.5,23.4,20.9,1.22,5.3,0.12122074,Low
SLD09258,12.749804,75.263371,89.98983764648438,9.111925726801594,0.0,0.0,0.0,0.7745117647058823,14.0,27.0,43.6,13.8,19.4,1.2,5.4,0.05586968,Low
SLD06451,18.1,73.63,747.8375854492188,12.823402922045496,0.4621774405241005,0.0154059146841366,0.0753201767802238,0.66204375,14.0,33.3,28.7,18.1,19.3,1.37,6.4,0.75344,High
SLD13222,10.744572,77.340395,306.0780639648437,1.5191284171870536,0.0,0.0,0.0,0.48634,12.0,17.5,43.8,18.4,11.7,1.43,7.2,0.00037380436,Low
SLD08642,15.804526,74.468683,780.0162353515625,2.1859886865627094,0.0,0.0,0.0,0.4927166666666667,12.0,20.1,42.9,17.7,14.6,1.3,6.1,0.0016581638,Low
SLD02416,10.408278,77.042833,965.8145751953124,29.038507963583417,17.28021264076233,0.576007088025411,6.620239734649658,0.7933833333333333,2.0,27.7,31.0,28.1,32.2,1.05,5.4,0.54522264,Moderate
SLD00752,9.886451,76.932596,769.1802368164062,23.7641086642423,11.05371692031622,0.3684572306772073,5.993414878845215,0.7916157894736842,8.0,28.2,37.6,23.7,27.8,1.06,5.1,0.9886686,High
SLD05034,13.98,75.06,607.8411254882812,7.008661199283793,0.0,0.0,0.0,0.6939375,9.0,16.6,49.8,21.7,18.0,1.27,6.2,0.55897856,Moderate
SLD12029,15.295782,74.278446,283.3046569824219,24.43960110003372,0.078444210812449,0.0026148070270816,0.0156888421624898,0.80169375,2.0,18.5,42.3,20.9,25.7,1.26,5.6,0.5038489,Moderate
SLD14172,16.788423,74.242184,596.789794921875,3.639763433601086,0.1082006748765705,0.0036066891625523,0.0216401349753141,0.5009470588235294,12.0,18.6,48.2,14.7,14.0,1.39,6.3,0.10630628,Low
SLD00619,9.871991,76.938318,731.2489013671875,20.873243257097457,5.661683797836304,0.1887227932612101,2.472575664520264,0.8350933333333334,2.0,28.4,36.2,22.9,27.0,1.06,5.1,0.85304636,High
SLD10228,9.417475,76.756962,74.99409484863281,10.96293273341955,0.0,0.0,0.0,0.8175615384615385,8.0,23.4,41.9,25.5,24.5,1.14,5.4,0.06269156,Low
SLD02758,10.836851,76.778284,476.9274291992188,36.50368673786196,0.0,0.0,0.0,0.68086875,9.0,24.2,40.0,20.7,29.0,1.14,5.5,0.7225321,High
SLD03852,11.664722,75.843611,334.0708312988281,18.27074753089681,6.037864573299885,0.2012621524433294,0.7027574777603149,0.8210235294117647,2.0,29.4,48.2,12.2,30.4,1.1,5.4,0.85882866,High
SLD00973,9.918204,77.166852,949.7437133789062,20.575961503265702,0.9755845516920086,0.0325194850564002,0.365365982055664,0.7795421052631578,2.0,26.4,31.8,29.2,29.2,1.11,5.1,0.8601301,High
SLD10351,15.814505,74.416791,827.21435546875,2.682263766123578,0.0,0.0,0.0,0.44281875,10.0,22.6,41.1,16.3,17.0,1.3,6.2,0.0025847245,Low
SLD06461,18.113056,73.225833,234.3355712890625,15.401208207566013,0.0196985993534325,0.0006566199784477,0.0039397198706865,0.60371875,12.0,21.9,37.8,16.5,18.8,1.38,6.1,0.49190456,Moderate
SLD06010,17.370596,73.767744,868.61669921875,20.31372804756713,1.048842910677193,0.0349614303559064,0.1023841053247451,0.569635294117647,12.0,30.9,28.2,20.6,20.1,1.24,6.3,0.8802617,High
SLD02452,10.437361,77.012444,726.4862060546875,32.69047532391405,11.620632963255048,0.3873544321085015,7.967309474945068,0.7375357142857143,2.0,27.8,35.7,26.2,26.4,1.14,5.4,0.8389465,High
SLD13429,11.649198,75.651592,46.60809326171875,8.830581173167811,0.0024222685024138,8.074228341379332e-05,0.0015414436347782,0.7282375,8.0,26.4,46.9,17.3,24.2,1.2,5.4,0.051524576,Low
SLD03335,11.363342,76.210686,219.43212890625,33.12411975249861,0.1073092985898253,0.0035769766196608,0.0898174494504928,0.7479428571428571,8.0,27.7,50.1,12.2,27.6,1.15,5.4,0.8995375,High
SLD05735,16.379,73.858,581.03955078125,38.1025682890083,0.7704376801848405,0.0256812560061613,0.0799853056669235,0.68929375,2.0,25.2,32.2,20.1,23.4,1.3,5.6,0.53931534,Moderate
SLD00793,9.889026,76.932857,729.8247680664062,23.89325876038877,11.05371692031622,0.3684572306772073,5.993414878845215,0.8094444444444444,8.0,28.1,37.4,23.9,27.8,1.07,5.2,0.9893852,High
SLD00515,9.859747,76.962467,606.457763671875,34.06245853135195,5.661683797836304,0.1887227932612101,2.472575664520264,0.69425625,8.0,26.4,35.8,23.7,29.1,1.16,5.2,0.9867322,High
SLD03311,11.357003,76.200072,210.401596069336,25.9417107984279,0.1073092985898253,0.0035769766196608,0.0898174494504928,0.7492555555555556,8.0,27.6,51.7,12.1,27.3,1.15,5.4,0.9393371,High
SLD02492,10.479383,77.755372,359.9188232421875,32.419327633572195,5.452560249716044,0.1817520083238681,3.674143075942993,0.6303684210526316,12.0,17.1,45.2,18.7,19.0,1.31,6.5,0.503155,Moderate
SLD08553,10.923502,75.936909,1.3539592027664185,1.2167272911327007,0.0,0.0,0.0,0.6975133333333333,14.0,24.5,45.4,18.6,21.7,1.18,5.3,0.026943034,Low
SLD08221,13.504091,75.824104,1212.347412109375,26.20483998127991,1.939746811985969,0.0646582270661989,0.0829543098807334,0.7624294117647059,8.0,21.1,39.7,24.3,21.1,1.23,6.0,0.7154991,High
SLD01079,9.966702,77.157571,1010.5948486328124,19.5273408092994,0.4250239729881285,0.0141674657662709,0.2333464920520782,0.7412473684210527,8.0,29.6,28.4,30.2,29.0,1.11,5.2,0.90719616,High
SLD12050,13.382675,75.369097,933.490478515625,17.990901715053933,0.043938620947301,0.0014646206982433,0.0087877241894602,0.7900411764705882,8.0,25.5,41.9,18.4,29.6,1.07,5.4,0.9679251,High
SLD13796,13.396929,75.040079,298.01666259765625,28.111686769088216,0.097330845892429,0.0032443615297476,0.0194661691784858,0.8262,2.0,18.9,50.1,18.1,24.8,1.12,5.5,0.7616418,High
SLD07246,14.714311,75.288202,550.5393676757812,1.123679524577055,0.0,0.0,0.0,0.4902117647058824,12.0,38.7,27.0,27.5,9.7,1.41,6.3,0.0026990692,Low
SLD13228,16.038204,74.127214,854.08203125,4.480086166647738,0.0753513583913445,0.0025117119463781,0.0150702716782689,0.673264705882353,9.0,20.1,38.6,18.0,17.9,1.25,5.8,0.043342266,Low
SLD07929,10.15061,77.369878,2250.200439453125,20.64559094047249,9.46165955811739,0.3153886519372463,6.558270454406738,0.76744375,2.0,28.9,31.4,22.9,56.9,0.96,5.1,0.6514859,Moderate
SLD00406,9.849505,76.96103,658.0647583007812,2.827822862750124,5.661683797836304,0.1887227932612101,2.472575664520264,0.716735,8.0,26.3,37.5,21.7,26.4,1.08,5.2,0.9695179,High
SLD04863,13.86,75.37,768.7445068359375,10.282828228250615,0.0,0.0,0.0,0.7737357142857143,2.0,20.2,37.7,24.7,23.0,1.22,5.6,0.25419822,Low
SLD05573,15.428328,74.285953,687.701904296875,18.079838624440267,0.2722822036594149,0.0090760734553138,0.0215797647833824,0.7423071428571429,8.0,21.7,43.9,18.3,19.9,1.3,5.5,0.8722362,High
SLD10756,10.729473,77.313487,327.53515625,0.5376511097341471,0.028916418086737,0.0009638806028912,0.0057832836173474,0.5253421052631579,12.0,16.9,46.7,17.5,12.4,1.44,7.1,0.00054626423,Low
SLD11612,13.210073,75.367109,968.21728515625,5.801872599544354,0.2921710908412924,0.0097390363613764,0.0409052222967147,0.8176,2.0,27.5,42.1,17.9,29.6,1.08,5.5,0.33014247,Moderate
SLD13636,15.537186,74.546403,680.8630981445312,1.303306696677635,0.0,0.0,0.0,0.5166529411764705,12.0,20.6,41.7,16.0,12.7,1.36,6.2,0.0015293129,Low
SLD03843,11.6475,75.846389,190.0948028564453,26.695386288015094,6.037864573299885,0.2012621524433294,0.7027574777603149,0.7728941176470587,2.0,27.7,49.7,14.8,27.8,1.1,5.4,0.90812516,High
SLD06463,18.12,73.69,733.0138549804688,5.327139373985731,0.2987735801725642,0.0099591193390854,0.053236186504364,0.6343000000000001,9.0,39.3,27.1,18.0,20.0,1.36,6.4,0.3445,Moderate
SLD00707,9.881424,76.970152,544.448486328125,24.683784609080515,11.05371692031622,0.3684572306772073,5.993414878845215,0.7569111111111111,8.0,25.3,38.6,23.2,26.4,1.16,5.1,0.9858174,High
SLD07750,18.861091,73.33125,336.9544982910156,30.424193895991312,0.0,0.0,0.0,0.4637764705882353,12.0,28.3,38.7,16.9,18.6,1.35,6.1,0.8413742,High
SLD12813,9.844955,76.445215,40.82398223876953,6.764870136321567,0.0,0.0,0.0,0.7489285714285714,14.0,22.9,35.4,26.1,21.5,1.2,5.2,0.012367001,Low
SLD03487,11.4315,76.389,572.2132568359375,26.50947558873451,4.303420724347234,0.1434473574782411,1.9660700559616089,0.83791875,2.0,25.4,43.4,18.1,35.5,1.08,5.5,0.79298025,High
SLD00815,9.890327,76.962593,565.4762573242188,18.36699730236021,11.05371692031622,0.3684572306772073,5.993414878845215,0.7973666666666667,8.0,23.7,37.9,22.6,29.1,1.14,5.3,0.9745267,High
SLD06643,18.38,73.58,830.2102661132812,3.127164738335506,0.0,0.0,0.0,0.6010882352941177,10.0,37.7,27.5,16.5,21.5,1.32,6.2,0.7838941,High
SLD14163,15.505296,74.132886,40.657997131347656,5.042868930713701,0.0401385780423875,0.0013379526014129,0.0080277156084775,0.7381764705882352,9.0,19.9,31.8,27.2,17.0,1.3,6.0,0.018301988,Low
SLD12418,9.607028,77.857725,112.13897705078124,0.423573480734964,0.0,0.0,0.0,0.4754380952380952,12.0,32.9,34.9,18.8,18.6,1.5,7.7,0.0011808262,Low
SLD06648,18.38,73.56,661.9226684570312,16.20459051372479,0.0,0.0,0.0,0.5477588235294117,10.0,0.0,0.0,0.0,0.0,0.0,0.0,0.8404772,High
SLD01154,9.990063,77.178833,1165.9410400390625,26.68325854086291,3.816202586516738,0.1272067528838912,1.703086495399475,0.78174,8.0,27.7,33.9,26.9,33.4,1.02,5.3,0.9746889,High
SLD10664,10.422019,77.116667,1536.6597900390625,40.87386411251149,26.663498431444168,0.888783281048139,10.192082405090332,0.5174875,9.0,24.6,37.3,26.4,32.0,1.1,5.6,0.9530852,High
SLD11099,16.018738,74.489253,825.9142456054688,2.849422884921468,0.0,0.0,0.0,0.6266058823529412,4.0,18.2,41.3,16.9,19.0,1.3,5.8,0.061277475,Low
SLD06860,13.387861,75.72711111,1464.3419189453125,24.14789506718555,3.681806534528732,0.122726884484291,0.3695357143878937,0.7503,8.0,27.3,40.1,20.0,29.1,1.03,5.6,0.8964958,High
SLD06514,18.27,73.6,954.5504150390624,26.98734669857459,0.1880379021167755,0.0062679300705591,0.0376075804233551,0.7003235294117647,9.0,29.5,29.7,19.3,22.0,1.28,6.1,0.9564213,High
SLD07491,12.86766,75.401067,109.95350646972656,5.313349265097425,0.0,0.0,0.0,0.7568647058823529,8.0,22.5,51.4,14.2,17.8,1.23,5.5,0.049027264,Low
SLD00402,9.84898,76.936032,797.3434448242188,22.9951547188791,5.661683797836304,0.1887227932612101,2.472575664520264,0.7913928571428571,8.0,26.4,36.7,22.4,24.3,1.1,5.1,0.98412144,High
SLD05562,15.415325,74.267275,528.4531860351562,16.97173296754686,0.0309270760044455,0.0010309025334815,0.0061854152008891,0.8312642857142858,2.0,18.9,42.1,22.7,24.6,1.22,5.6,0.5310145,Moderate
SLD04043,12.83083,75.59396,205.46142578125,28.36349799130854,0.1972854137420649,0.0065761804580688,0.0288667753338813,0.75985,2.0,26.3,53.4,14.4,25.2,1.18,5.4,0.8582038,High
SLD09475,18.219503,73.820225,732.29931640625,27.84522268728626,0.0924473255872725,0.0030815775195757,0.0184894651174545,0.4607529411764706,12.0,28.8,30.7,20.6,22.1,1.35,6.5,0.8498791,High
SLD00628,9.872202,76.962805,602.3358154296875,21.203009604716087,5.661683797836304,0.1887227932612101,2.472575664520264,0.7631388888888888,8.0,25.4,37.6,23.1,24.2,1.15,5.1,0.977949,High
SLD08872,12.021974,76.567933,750.5745239257812,3.143106116966933,0.0,0.0,0.0,0.4625625,12.0,21.9,38.9,20.1,14.1,1.31,6.6,0.0018916723,Low
SLD03836,11.638333,75.873056,484.8546142578125,8.261432136074747,6.037864573299885,0.2012621524433294,0.7027574777603149,0.82711875,2.0,30.4,44.2,12.6,31.2,1.06,5.4,0.84458745,High
SLD05024,13.95,75.08,637.7454223632812,5.436098803085165,0.0,0.0,0.0,0.6428466666666667,9.0,16.6,47.0,22.3,19.2,1.27,6.2,0.7645241,High
SLD00794,9.889026,76.932857,729.8247680664062,23.89325876038877,11.05371692031622,0.3684572306772073,5.993414878845215,0.8094444444444444,8.0,28.1,37.4,23.9,27.8,1.07,5.2,0.9893852,High
SLD07878,18.110111,73.277392,63.94467926025391,19.392237951572174,0.0286471075378354,0.0009549035845945,0.0057294215075671,0.5453250000000001,12.0,32.1,32.3,18.5,19.0,1.37,6.1,0.65088373,Moderate
SLD00787,9.888654,76.942609,731.3008422851562,23.66665783907246,11.05371692031622,0.3684572306772073,5.993414878845215,0.835664705882353,8.0,28.2,37.2,22.2,27.8,1.12,5.1,0.99574536,High
SLD04778,13.76,75.45,636.3858642578125,8.403602461325221,0.0,0.0,0.0,0.7606625,4.0,18.9,44.1,20.1,17.9,1.29,5.8,0.11648046,Low
SLD07714,9.762156,76.727429,64.64714050292969,13.402022424507027,0.7326667415909464,0.0244222247196982,0.3556261658668518,0.8002235294117647,8.0,26.7,38.8,23.1,22.7,1.17,5.3,0.4262331,Moderate
SLD13731,17.946108,73.08068,179.1719512939453,18.79527085218725,0.296419896185398,0.0098806632061799,0.0592839792370796,0.6862833333333334,9.0,19.6,39.1,26.6,19.0,1.38,6.2,0.6308896,Moderate
SLD13841,9.065232,77.496713,143.22315979003906,0.3323655502732672,0.0,0.0,0.0,0.4216857142857143,12.0,24.9,41.9,19.0,20.1,1.37,6.4,0.0011553647,Low
SLD00595,9.870638,76.955056,638.9765014648438,24.043602852591825,5.661683797836304,0.1887227932612101,2.472575664520264,0.8123470588235294,8.0,27.8,38.3,22.5,27.5,1.1,5.0,0.9938287,High
SLD05554,15.411444,74.267722,408.8358459472656,35.286627849855314,0.0309270760044455,0.0010309025334815,0.0061854152008891,0.8157285714285714,2.0,18.5,41.7,25.0,23.1,1.25,5.6,0.8024052,High
SLD06462,18.113333,73.124444,205.7662506103516,19.050337750045827,0.0729767559096209,0.0024325585303206,0.0115566169843077,0.6142333333333333,5.0,27.1,35.1,20.5,18.8,1.38,6.2,0.5001055,Moderate
SLD10230,12.448791,76.422204,787.8906860351562,4.177330992461969,0.0,0.0,0.0,0.4892888888888889,12.0,26.9,39.1,20.9,12.3,1.33,7.0,0.0031294387,Low
SLD02407,10.404611,77.043083,1127.920654296875,28.68702882702493,17.28021264076233,0.576007088025411,6.620239734649658,0.8012916666666667,2.0,27.5,27.6,29.6,31.2,1.04,5.4,0.4536996,Moderate
SLD00789,9.88877,76.931734,734.1177978515625,22.50757989778578,11.05371692031622,0.3684572306772073,5.993414878845215,0.8053388888888889,8.0,28.1,37.4,23.9,27.8,1.07,5.2,0.986323,High
SLD00855,9.895093,76.949922,677.0810546875,23.380989493707983,11.05371692031622,0.3684572306772073,5.993414878845215,0.8121823529411765,8.0,28.2,35.4,22.6,27.4,1.12,5.1,0.98134965,High
SLD09305,9.140604,77.700948,113.3018798828125,0.613906389385284,0.0,0.0,0.0,0.4188842105263158,12.0,29.8,39.0,17.1,15.0,1.43,7.4,0.0015925908,Low
SLD00703,9.881019,76.948171,688.8853149414062,22.19675832073896,11.05371692031622,0.3684572306772073,5.993414878845215,0.8458764705882352,8.0,29.2,36.2,21.8,27.8,1.12,5.0,0.9971635,High
SLD12841,16.68971,73.398775,134.7838134765625,5.513702676031179,0.1310905453283335,0.0043696848442777,0.0238873120397329,0.5654666666666667,10.0,25.8,32.8,24.7,14.0,1.4,6.1,0.019992886,Low
SLD04772,13.74,74.82,71.04527282714844,9.43699519273105,0.0,0.0,0.0,0.7270333333333334,9.0,25.9,49.4,16.5,20.0,1.23,6.0,0.3718921,Moderate
SLD10483,15.877661,74.823394,735.148193359375,1.1365610680999398,0.0,0.0,0.0,0.3678263157894736,12.0,26.0,33.8,31.3,12.1,1.37,6.6,0.0027113522,Low
SLD06243,17.8515,73.40094,140.63331604003906,21.72363147487876,0.6114056706428519,0.0203801890214283,0.068691037595272,0.5990705882352941,9.0,31.8,24.2,26.7,19.6,1.38,6.2,0.5778851,Moderate
SLD04078,12.84527,75.67783,390.5018005371094,21.474954253900982,0.0,0.0,0.0,0.7707058823529412,2.0,31.2,45.0,13.9,27.8,1.18,5.4,0.83945435,High
SLD02439,10.422583,77.031556,788.2543334960938,16.316600290615142,17.28021264076233,0.576007088025411,6.620239734649658,0.7562,2.0,24.6,35.9,28.5,42.0,1.1,5.4,0.20907748,Low
SLD10723,8.718047,77.653914,54.38290786743164,0.8794559968143226,0.0,0.0,0.0,0.4582136363636364,12.0,26.9,38.8,19.2,17.0,1.51,7.2,0.00067880505,Low
SLD02961,11.156797,76.522697,1046.72265625,20.820136386311933,20.740393050014973,0.6913464350004991,6.890885829925537,0.7918125,8.0,26.3,36.4,26.8,28.6,1.06,5.4,0.95871615,High
SLD09623,15.421589,74.782776,560.7879638671875,1.3851965264900066,0.0,0.0,0.0,0.6102529411764706,12.0,28.0,30.7,16.4,12.6,1.39,6.3,0.003190731,Low
SLD06465,18.12,73.68,772.8677978515625,9.854948253348017,0.2987735801725642,0.0099591193390854,0.053236186504364,0.6767125,10.0,38.3,27.0,18.0,19.1,1.35,6.3,0.54192233,Moderate
SLD08025,9.628863,77.319832,1337.1737060546875,43.083735205847184,6.440656214952469,0.2146885404984156,4.286057949066162,0.6674642857142857,8.0,29.4,35.5,24.2,38.8,1.11,5.6,0.64215904,Moderate
SLD00684,9.879456,76.946448,657.9235229492188,26.725133238624124,11.05371692031622,0.3684572306772073,5.993414878845215,0.8459588235294118,8.0,28.6,37.0,22.0,26.4,1.09,5.0,0.9978446,High
SLD13053,10.273133,76.880007,933.064453125,15.041195489863856,4.472790718078613,0.1490930239359537,1.6151199340820312,0.802464705882353,2.0,27.3,35.4,26.8,30.8,1.07,5.2,0.89991295,High
SLD00839,9.893499,76.944169,677.7424926757812,17.644135654881037,11.05371692031622,0.3684572306772073,5.993414878845215,0.8194388888888889,8.0,27.3,37.8,22.5,27.0,1.1,5.1,0.9913053,High
SLD03661,11.539167,75.905278,94.5198974609375,8.840695128001288,9.171820729970932,0.3057273576656977,4.871296405792236,0.7927352941176471,8.0,28.6,49.0,13.0,23.2,1.06,5.4,0.9600196,High
SLD10681,18.819697,73.33131,67.20148468017578,2.64498519797605,0.0743278861045834,0.0024775962034861,0.0148655772209167,0.4387882352941177,12.0,40.1,33.0,20.5,11.8,1.38,6.6,0.0501992,Low
SLD11175,15.921995,74.359106,712.5655517578125,4.918592089709781,0.0,0.0,0.0,0.56478125,12.0,18.9,46.5,14.9,12.3,1.33,6.1,0.007266279,Low
SLD09798,11.094678,77.317072,311.56903076171875,3.611099531817604,0.0,0.0,0.0,0.29724,13.0,0.0,0.0,0.0,0.0,0.0,0.0,0.0047608046,Low
SLD00464,9.855891,76.960293,662.9158935546875,16.477585668663327,5.661683797836304,0.1887227932612101,2.472575664520264,0.7730666666666667,8.0,29.2,39.3,21.0,28.0,1.07,5.2,0.9894076,High
SLD05074,14.119419,74.986361,622.607177734375,16.55098000805463,0.0,0.0,0.0,0.7524166666666666,9.0,16.7,49.3,19.7,19.6,1.28,5.6,0.77687716,High
SLD00637,9.872755,76.953081,597.4673461914062,30.267273886313813,5.661683797836304,0.1887227932612101,2.472575664520264,0.828735294117647,8.0,27.3,37.9,22.8,27.8,1.1,5.1,0.9964741,High
SLD03855,11.666667,75.857778,518.8804321289062,20.55184651782358,6.037864573299885,0.2012621524433294,0.7027574777603149,0.8171999999999999,8.0,29.4,48.9,13.1,29.9,1.06,5.4,0.9096815,High
SLD08662,9.50541,77.702853,123.11640167236328,3.3774440226482505,0.0,0.0,0.0,0.5132434782608696,12.0,34.5,34.8,15.7,13.0,1.52,7.6,0.0010220249,Low
SLD06529,18.29,73.56,813.0548095703125,15.977464178142489,0.0627279151231048,0.0020909305041034,0.037636749446392,0.5468352941176471,12.0,34.7,27.9,18.1,19.1,1.39,6.1,0.89378965,High
SLD05077,14.127425,74.970967,590.3538818359375,15.44803999936688,0.0,0.0,0.0,0.6756833333333333,9.0,16.4,46.9,22.2,17.0,1.34,6.0,0.63205564,Moderate
SLD00767,9.887515,76.939412,682.8109741210938,18.689467939276668,11.05371692031622,0.3684572306772073,5.993414878845215,0.8117705882352941,8.0,26.3,37.8,22.2,24.4,1.12,5.1,0.9912225,High
SLD05546,15.41,74.24,195.73199462890625,24.88114884351474,0.0309270760044455,0.0010309025334815,0.0061854152008891,0.7757928571428572,2.0,19.1,41.7,22.9,23.1,1.29,5.6,0.66197467,High
SLD05575,15.429256,74.286292,682.1737060546875,8.546513195307835,0.2722822036594149,0.0090760734553138,0.0215797647833824,0.7353428571428572,8.0,21.7,43.9,18.3,19.9,1.3,5.5,0.7463151,High
SLD10932,10.433769,77.190318,955.091552734375,8.527195885672036,17.357231084257364,0.5785743694752454,9.210140228271484,0.7554500000000001,9.0,22.6,36.8,27.8,29.9,1.18,5.7,0.77218354,High
SLD01128,9.983798,77.172235,1110.7864990234375,21.300293924242904,1.0370100205764174,0.0345670006858805,0.593285322189331,0.781925,8.0,29.3,33.7,27.1,33.0,1.1,5.1,0.9695625,High
SLD10946,15.18625,74.807828,529.0070190429688,9.561800895931636,0.0,0.0,0.0,0.6771588235294117,4.0,23.0,43.1,16.9,13.4,1.35,5.8,0.00512914,Low
SLD03856,11.666886,75.8525,519.2996215820312,26.44089028999305,6.037864573299885,0.2012621524433294,0.7027574777603149,0.8162384615384616,8.0,29.4,48.0,12.0,30.5,1.06,5.4,0.9385552,High
SLD05700,16.062472,73.982111,241.99441528320312,15.490778437397422,0.378056745976209,0.0126018915325402,0.0499498061835765,0.72948125,8.0,21.8,35.1,25.1,20.5,1.34,5.5,0.32699138,Low
SLD11102,14.940544,74.856641,486.4075622558594,5.687160435377376,0.0,0.0,0.0,0.6839529411764707,4.0,16.8,40.5,22.0,14.7,1.29,5.8,0.14631276,Low
SLD00669,9.876967,76.940818,682.8110961914062,16.847223570996615,11.05371692031622,0.3684572306772073,5.993414878845215,0.841575,2.0,29.5,35.4,23.1,26.4,1.06,5.0,0.9547095,High
SLD04764,13.72,74.99,484.4354248046875,26.61904595605825,0.0,0.0,0.0,0.8333857142857143,2.0,19.5,46.4,20.4,35.1,1.13,5.6,0.53386956,Moderate
SLD09313,15.961038,73.74592,21.845518112182617,0.4655685893369448,0.4143732413649554,0.0138124413788318,0.0828746482729911,0.5747705882352941,12.0,24.8,30.3,23.8,16.9,1.35,5.9,0.0070718033,Low
SLD10074,19.09677,74.0418,650.1223754882812,1.419458992344346,0.4227709770202629,0.0140923659006754,0.0509363897144794,0.4221052631578947,12.0,42.3,21.0,21.5,11.1,1.55,7.3,0.0027413224,Low
SLD08343,13.145211,75.102951,196.90196228027344,4.476545475577598,0.0,0.0,0.0,0.8067833333333333,2.0,30.2,48.0,15.2,29.1,1.14,5.5,0.07749,Low
SLD06750,18.47,73.52,760.8230590820312,22.1860791563074,0.0569293592125173,0.0018976453070839,0.0459939278662204,0.59593125,12.0,39.2,26.7,17.3,19.6,1.37,6.3,0.53497386,Moderate
SLD10953,11.68322,75.649068,15.67798137664795,2.737847038681116,0.22482693195343,0.0074942310651143,0.044965386390686,0.6728235294117647,14.0,26.8,45.7,17.7,22.0,1.23,5.4,0.017805222,Low
SLD05668,15.939111,73.991778,627.8842163085938,32.40422299174221,0.5232527200132597,0.0174417573337753,0.0587776564061641,0.79975625,2.0,28.4,31.4,19.0,23.5,1.2,5.5,0.3834962,Moderate
SLD03703,11.548333,75.926667,708.6537475585938,11.703951294498538,4.871558889746666,0.1623852963248888,2.9305312633514404,0.8248866666666667,2.0,29.0,44.3,14.4,30.9,1.06,5.3,0.90660053,High
SLD12415,14.04768,75.349731,640.5140991210938,6.265782618923271,0.0,0.0,0.0,0.67581875,9.0,22.0,40.2,17.9,14.2,1.33,6.2,0.02952203,Low
SLD08572,17.334309,73.776537,629.4388427734375,10.179313787171225,1.3871451560407877,0.0462381718680262,0.1323511302471161,0.5344944444444445,9.0,29.6,28.3,20.2,18.0,1.3,6.3,0.28466842,Low
SLD11847,18.930963,73.124784,18.568204879760746,1.8339770837460752,0.1438677078112957,0.0047955902603765,0.0672470405697822,0.4041071428571428,12.0,33.4,32.8,22.6,12.3,1.43,6.6,0.008888817,Low
SLD08314,17.496045,73.754681,768.907470703125,12.036567020821302,1.961916364729404,0.0653972121576468,0.5118845701217651,0.76571875,9.0,31.4,29.4,21.7,25.3,1.23,5.6,0.645236,Moderate
SLD09748,10.856834,76.782692,562.49755859375,16.266916903084265,0.0,0.0,0.0,0.830575,2.0,26.2,40.7,21.3,24.7,1.2,5.5,0.67157507,High
SLD02459,10.447361,77.026222,961.7205810546876,24.82457283658649,14.47865131497383,0.4826217104991276,9.581640243530272,0.7269266666666667,5.0,23.4,33.8,30.2,25.5,1.18,5.5,0.689745,High
SLD09437,12.856586,75.42956,139.71766662597656,9.633431067821192,0.0,0.0,0.0,0.82191875,2.0,24.5,55.8,14.0,18.2,1.14,5.4,0.12629789,Low
SLD00872,9.89722,76.951001,592.8932495117188,21.847881646779825,11.05371692031622,0.3684572306772073,5.993414878845215,0.8501235294117647,8.0,28.2,36.3,21.9,30.9,1.12,5.2,0.9937681,High
SLD00558,9.865725,76.952684,625.33984375,20.35277622049533,5.661683797836304,0.1887227932612101,2.472575664520264,0.83486875,8.0,29.7,37.0,22.7,27.9,1.12,5.2,0.9840516,High
SLD02223,10.302983,77.757842,832.6032104492188,35.66904201444101,3.1802115216851234,0.1060070507228374,2.8731613159179688,0.8113611111111111,2.0,26.3,39.1,21.3,27.8,1.14,5.7,0.68612236,High
SLD06352,17.93213,73.58628,894.572265625,31.255961804440105,0.8485040813684461,0.0282834693789482,0.1084630638360977,0.7544176470588235,2.0,36.2,27.3,17.4,22.6,1.23,5.6,0.7783323,High
SLD04585,13.403739,75.233336,680.3250732421875,14.416113745851808,0.0,0.0,0.0,0.76805,8.0,21.3,44.8,19.3,20.1,1.22,5.3,0.8708835,High
SLD00388,9.846452,76.93383,800.8794555664062,13.157456086205729,5.661683797836304,0.1887227932612101,2.472575664520264,0.8573285714285713,8.0,26.4,36.0,24.6,27.8,1.06,5.1,0.9308403,High
SLD08338,10.65565,77.138925,392.1546630859375,1.4323752705061206,3.530348785221577,0.1176782928407192,2.936520338058472,0.6306277777777778,12.0,20.8,45.3,16.6,15.8,1.42,6.7,0.003446798,Low
SLD13684,9.833014,76.564557,35.71297836303711,11.875373368043824,0.084439218044281,0.002814640601476,0.0168878436088562,0.79698,8.0,22.6,39.2,25.2,23.4,1.2,5.4,0.04482691,Low
SLD00819,9.891325,76.971287,562.26806640625,26.635644185271524,11.05371692031622,0.3684572306772073,5.993414878845215,0.730505,8.0,27.5,39.9,21.7,31.0,1.15,5.3,0.96930355,High
SLD11558,16.613385,73.960543,855.1640014648438,5.929303368667311,0.4130883685138538,0.0137696122837951,0.0777575150132179,0.7312470588235295,9.0,21.5,36.9,17.9,21.2,1.23,6.0,0.014737646,Low
SLD13164,17.611411,73.847116,1132.045166015625,3.032805361304609,2.3545498307794333,0.0784849943593144,0.575426459312439,0.59579375,9.0,27.7,30.3,21.7,19.2,1.27,6.2,0.024213636,Low
SLD02752,10.828658,76.777358,274.803466796875,29.98397500694685,0.0,0.0,0.0,0.6908166666666666,9.0,29.0,41.9,19.0,23.0,1.24,5.8,0.80426157,High
SLD10313,16.9952,73.341534,126.28823852539062,2.554750943603447,0.0,0.0,0.0,0.4214764705882353,10.0,22.7,34.5,24.7,16.0,1.38,6.1,0.008918757,Low
SLD05584,15.53,74.11,88.18760681152344,21.21258761038688,0.0,0.0,0.0,0.758825,8.0,24.9,36.8,19.0,19.2,1.34,5.8,0.6808526,High
SLD10515,10.673695,76.020662,11.927852630615234,4.552399857015167,0.0,0.0,0.0,0.7141352941176471,14.0,21.8,29.8,23.7,22.6,1.15,5.3,0.0044981707,Low
SLD07234,11.18476,76.212523,45.219764709472656,8.759438375087603,0.0,0.0,0.0,0.7617611111111111,14.0,24.4,44.9,19.2,18.4,1.21,5.4,0.031986818,Low
SLD06259,17.884433,73.44205556,382.5056457519531,25.25629463211797,0.8707084320485581,0.0290236144016186,0.0965048223733902,0.6480133333333333,9.0,32.1,28.0,18.0,23.0,1.37,5.9,0.58774364,Moderate
SLD11986,15.871991,74.552295,733.7147216796875,0.279698474352449,0.0,0.0,0.0,0.5139941176470588,12.0,23.1,36.7,15.4,11.3,1.34,6.2,0.0009067264,Low
SLD02444,10.428,77.018083,831.3551025390625,21.85362186202887,11.620632963255048,0.3873544321085015,7.967309474945068,0.7363583333333333,2.0,26.3,33.7,27.8,29.8,1.1,5.4,0.38571817,Moderate
SLD05646,15.860528,73.955972,396.0293884277344,21.89710376050334,0.5470467358827591,0.0182348911960919,0.0657038167119026,0.8139,2.0,22.0,35.9,23.3,23.3,1.27,5.6,0.39317924,Moderate
SLD07918,12.575284,75.014192,51.9222412109375,16.63296375839748,0.0,0.0,0.0,0.7984625,14.0,30.4,49.2,11.6,18.3,1.22,5.5,0.1485709,Low
SLD06973,18.932472,73.23425,432.41357421875,11.461128127432003,0.0,0.0,0.0,0.53955625,12.0,26.3,28.2,18.3,19.4,1.31,6.0,0.6513569,Moderate
SLD09243,17.84393,74.071635,799.6730346679688,2.3731869263431125,0.3927260078489772,0.0130908669282992,0.1700866520404815,0.44391875,12.0,40.0,27.4,18.7,11.2,1.45,7.0,0.004389533,Low
SLD00992,9.923232,77.148288,852.6521606445312,12.359269336522225,0.9755845516920086,0.0325194850564002,0.365365982055664,0.8381176470588235,2.0,32.0,32.2,26.0,32.0,1.1,5.2,0.6955616,High
SLD04096,12.85771,75.6988,689.9096069335938,15.650493847456362,0.0,0.0,0.0,0.7692263157894736,2.0,30.0,44.1,15.0,26.0,1.2,5.6,0.7967814,High
SLD05837,16.973689,73.608629,207.18983459472656,27.264135316689547,0.583478771150112,0.0194492923716704,0.1166957542300224,0.5930823529411765,9.0,23.8,30.8,23.3,21.1,1.36,6.1,0.71994674,High
SLD13002,16.991738,73.608417,189.49571228027344,3.609958676154394,0.3045053780078885,0.0101501792669296,0.0609010756015777,0.5936588235294118,12.0,26.0,30.3,22.6,19.2,1.37,6.2,0.11683108,Low
SLD00774,9.888201,76.933217,725.6134643554688,22.63119652609244,11.05371692031622,0.3684572306772073,5.993414878845215,0.8094444444444444,8.0,28.1,37.4,23.9,27.8,1.07,5.2,0.9905019,High
SLD00626,9.872172,76.93986,721.0752563476562,6.688676387737279,5.661683797836304,0.1887227932612101,2.472575664520264,0.7941875,8.0,28.4,36.2,22.9,27.0,1.06,5.1,0.95483845,High
SLD09358,16.653467,73.995767,683.2975463867188,11.884866244163607,0.3338172659277915,0.011127242197593,0.0667634531855583,0.6845705882352942,14.0,22.3,39.9,18.5,21.0,1.3,6.3,0.79971886,High
SLD00490,9.858306,76.963114,564.506591796875,10.810621746438253,5.661683797836304,0.1887227932612101,2.472575664520264,0.6657000000000001,8.0,25.4,35.1,23.0,27.3,1.2,5.3,0.96650076,High
SLD11798,11.211954,76.580781,2187.17236328125,30.003201031990454,43.682979479432106,1.4560993159810702,15.397618293762209,0.8201611111111111,2.0,20.5,35.0,28.7,58.4,0.97,5.5,0.7199307,High
SLD09307,13.256509,75.382067,923.7542114257812,7.147257358703897,0.4253820236772295,0.0141794007892409,0.0583352521061897,0.80576875,2.0,25.7,41.7,18.8,30.4,1.06,5.4,0.6855572,High
SLD10713,14.967591,75.205386,618.6778564453125,1.405598326075954,0.0,0.0,0.0,0.4373470588235294,12.0,31.2,33.6,28.6,11.0,1.4,6.7,0.0027566652,Low
SLD13657,12.101372,76.71064,678.4163208007812,6.915594575120571,0.0,0.0,0.0,0.6232823529411765,12.0,23.9,34.7,23.2,12.9,1.37,6.7,0.005600824,Low
SLD00749,9.886185,76.934955,708.8905029296875,19.37593246974554,11.05371692031622,0.3684572306772073,5.993414878845215,0.8320588235294117,8.0,27.9,36.8,23.2,27.4,1.1,5.1,0.9913128,High
SLD13501,9.993274,77.148187,1133.0633544921875,22.12884813550724,1.0370100205764174,0.0345670006858805,0.593285322189331,0.7880764705882353,8.0,28.2,29.7,29.7,26.0,1.1,5.4,0.811229,High
SLD01629,10.076472,77.255686,668.7792358398438,18.57660723608721,6.178352505899966,0.2059450835299988,3.076634168624878,0.7467578947368421,8.0,26.8,41.6,20.7,32.0,1.19,5.7,0.85714287,High
SLD10341,18.389045,73.558931,637.0,2.503362767382632,0.0,0.0,0.0,0.26900625,10.0,0.0,0.0,0.0,0.0,0.0,0.0,0.14848864,Low
SLD01579,10.066667,76.782275,149.05039978027344,34.56343365580804,14.076631173491478,0.4692210391163826,8.068114280700684,0.7331142857142857,8.0,28.3,34.3,23.3,28.0,1.06,5.2,0.98818225,High
SLD03994,11.900006,75.836356,179.9340057373047,16.839785743221665,2.472081463783979,0.0824027154594659,0.13706836104393,0.8378611111111112,8.0,27.5,48.9,15.9,27.8,1.06,5.4,0.91197294,High
SLD07808,17.260237,74.084855,564.7389526367188,11.083096917347447,0.7700189459137619,0.0256672981971253,0.0597633421421051,0.5898,12.0,24.8,32.3,21.5,10.0,1.46,6.8,0.012856029,Low
SLD10315,15.57354,74.422686,756.4017944335938,21.559433474286404,0.0,0.0,0.0,0.7753375,2.0,18.8,37.7,18.8,19.2,1.16,5.6,0.27240825,Low
SLD00869,9.896374,76.972056,585.3435668945312,23.41335927579205,11.05371692031622,0.3684572306772073,5.993414878845215,0.7773473684210527,8.0,26.4,36.8,21.4,28.2,1.13,5.2,0.98956233,High
SLD11549,10.400242,77.255321,402.3731994628906,17.58751317488892,14.675139620900154,0.4891713206966718,5.452259540557861,0.4956699999999999,9.0,0.0,0.0,0.0,0.0,0.0,0.0,0.9198015,High
SLD12827,13.741916,75.804184,676.281005859375,3.4410753628490776,0.0,0.0,0.0,0.6088,12.0,21.8,43.2,17.1,10.3,1.4,6.5,0.0028807754,Low
SLD00887,9.898322,76.969752,621.7552490234375,21.65482427065716,11.05371692031622,0.3684572306772073,5.993414878845215,0.7982444444444444,8.0,24.3,38.5,22.4,27.8,1.14,5.2,0.9893937,High
SLD02523,10.494222,77.118,414.55810546875,30.483988694678885,9.196555275470018,0.3065518425156673,3.97658109664917,0.7116800000000001,14.0,20.2,44.5,18.1,23.0,1.3,6.3,0.6720121,High
SLD10704,14.898676,75.073939,562.0,0.0,0.0,0.0,0.0,0.5722588235294118,10.0,25.1,42.0,15.8,12.1,1.36,6.2,0.010288077,Low
SLD08127,13.901723,75.076295,560.3756713867188,5.019554818911621,0.0,0.0,0.0,0.6347933333333333,9.0,18.0,43.7,21.7,17.8,1.27,6.0,0.58762974,Moderate
SLD02749,10.825098,76.734842,138.4678955078125,3.288309229115697,1.386500194203108,0.0462166731401036,0.1780505180358886,0.7574411764705883,8.0,20.8,47.5,18.4,20.2,1.24,5.8,0.32014868,Low
SLD10382,17.771336,73.123681,80.33055877685547,27.01631708548853,0.3248733596410599,0.0108291119880353,0.0623510144650936,0.6568611111111111,9.0,20.9,36.2,27.8,17.2,1.42,6.2,0.71361995,High
SLD11173,11.393667,75.838606,15.12555980682373,1.633048861294986,0.0,0.0,0.0,0.7671642857142856,8.0,27.7,53.3,12.1,26.1,1.23,5.4,0.050332636,Low
SLD02379,10.383917,77.662003,1126.7381591796875,26.066820411243427,19.38979139178992,0.6463263797263304,14.490926742553713,0.8565533333333334,2.0,21.8,43.9,21.0,32.1,1.06,5.9,0.7982076,High
SLD06308,17.92591,73.5266,239.4828643798828,26.81490223670148,1.0488930344581602,0.0349631011486053,0.1217102631926536,0.6454,12.0,35.7,24.6,22.4,23.7,1.34,6.1,0.6393479,Moderate
SLD11762,18.381026,73.282199,91.80337524414062,9.290889659006009,0.033266982063651,0.0011088994021217,0.0066533964127302,0.4367777777777777,12.0,32.2,30.3,22.2,13.0,1.38,6.2,0.022802249,Low
SLD05842,16.991667,73.676944,178.25924682617188,26.479092402681445,0.7829213142395013,0.0260973771413167,0.112337090075016,0.70149375,9.0,25.3,34.8,21.0,22.0,1.36,6.1,0.724157,High
SLD04872,13.87,75.37,744.6781005859375,14.237663455140758,0.0,0.0,0.0,0.7650538461538462,2.0,21.3,39.5,21.0,21.2,1.21,5.7,0.25896206,Low
SLD09998,8.888666,76.664275,7.031861782073975,5.105392775446781,0.0,0.0,0.0,0.7395111111111111,14.0,22.4,32.1,28.9,25.8,1.28,5.3,0.002356188,Low
SLD00162,9.609313,77.069258,845.9080810546875,36.750545550605686,0.4641383923590183,0.0154712797453006,0.2319726198911667,0.7726666666666667,8.0,30.4,36.3,22.7,33.6,1.11,5.3,0.85059416,High
SLD14209,14.857282,75.416951,537.1836547851562,0.6697218903696868,0.0,0.0,0.0,0.3884625,10.0,40.0,30.2,27.7,10.3,1.42,8.3,0.001791176,Low
SLD01332,10.020022,77.265406,1359.4547119140625,33.934518786576106,4.766331918537617,0.1588777306179205,2.1873443126678467,0.7527166666666667,8.0,28.0,31.8,26.2,45.5,1.05,5.4,0.7743959,High
SLD07753,9.691693,77.045279,793.2774658203125,10.096790017567654,0.2119134292006489,0.0070637809733549,0.1321043819189071,0.8205375,8.0,28.1,36.7,21.9,24.4,1.1,5.3,0.6217685,Moderate
SLD10035,10.095996,77.917732,201.6998443603516,4.423433940138767,0.0,0.0,0.0,0.5515761904761904,12.0,25.0,40.4,19.9,13.9,1.54,7.4,0.00093259197,Low
SLD02746,10.740397,76.235328,85.9178466796875,13.164958816816576,0.0,0.0,0.0,0.7646466666666666,8.0,21.0,41.8,22.4,25.2,1.15,5.3,0.40821153,Moderate
SLD13244,10.690813,76.159703,26.01727104187012,5.023023365472413,0.1363978441804645,0.0045465948060154,0.0272795688360929,0.64014,14.0,23.6,44.3,17.1,16.3,1.2,5.2,0.07346279,Low
SLD10948,17.064242,73.906476,625.1919555664062,10.34231655736494,1.2128183490131046,0.0404272783004368,0.1331140995025634,0.62491875,9.0,26.6,32.1,19.5,17.0,1.3,6.2,0.7377283,High
SLD06530,18.29,73.56,813.0548095703125,15.977464178142489,0.0627279151231048,0.0020909305041034,0.037636749446392,0.5468352941176471,12.0,34.7,27.9,18.1,19.1,1.39,6.1,0.89378965,High
SLD02457,10.439975,76.437939,41.809696197509766,4.856594761633465,5.73805432766676,0.1912684775888919,0.56647127866745,0.8231625,8.0,25.0,45.4,19.0,22.8,1.12,5.3,0.03760012,Low
SLD14212,14.825177,75.07602,612.5939331054688,1.3275769678880498,0.0,0.0,0.0,0.6404294117647059,12.0,30.2,35.3,18.8,10.0,1.37,6.1,0.0021496213,Low
SLD07296,11.953834,76.074193,853.9676513671875,5.440734060560007,0.0,0.0,0.0,0.72723125,5.0,24.4,40.1,20.2,23.0,1.11,5.4,0.016098185,Low
SLD07108,12.639319,75.254838,97.04195404052734,3.3845767109353293,0.0,0.0,0.0,0.7884888888888889,2.0,27.5,47.4,13.3,23.9,1.12,5.4,0.1308037,Low
SLD00835,9.893104,76.945297,665.040771484375,19.994772772777704,11.05371692031622,0.3684572306772073,5.993414878845215,0.8370529411764707,8.0,27.5,37.9,22.0,27.1,1.1,5.1,0.9963329,High
SLD02368,10.369194,77.753939,1144.188720703125,25.201037323343527,12.309891909360886,0.4103297303120295,8.111344337463379,0.8656058823529411,2.0,25.7,36.8,19.9,44.7,1.0,5.7,0.66931397,High
SLD05641,15.855167,73.951778,328.2069396972656,13.990844523906478,0.5470467358827591,0.0182348911960919,0.0657038167119026,0.7725705882352941,2.0,20.7,34.7,24.1,23.3,1.26,5.5,0.36142626,Moderate
SLD10519,9.300153,77.332576,348.2449951171875,10.55401552952276,3.380406454205513,0.1126802151401837,0.6911930441856384,0.8135555555555556,2.0,27.6,43.5,19.9,30.7,1.23,5.8,0.22789647,Low
SLD05555,15.412194,74.268389,473.6055908203125,32.81607799103299,0.0309270760044455,0.0010309025334815,0.0061854152008891,0.8157285714285714,2.0,18.5,41.7,25.0,23.1,1.25,5.6,0.79580945,High
SLD00652,9.874488,76.950421,582.435546875,14.689729951876092,5.661683797836304,0.1887227932612101,2.472575664520264,0.8363823529411765,8.0,27.8,39.6,21.9,27.8,1.1,5.0,0.9902864,High
SLD01062,9.956879,77.120527,899.5827026367188,16.73094993286746,0.5576421022415161,0.0185880700747172,0.5576421022415161,0.8453176470588235,2.0,32.6,32.2,25.1,27.0,1.13,5.2,0.5872242,Moderate
SLD06367,17.93463,73.58388,861.6678466796875,26.86062153536859,0.8485040813684461,0.0282834693789482,0.1084630638360977,0.72171875,9.0,33.0,28.2,18.2,24.2,1.22,5.6,0.8502498,High
SLD03846,11.65,75.874722,524.3825073242188,19.097497838927445,6.037864573299885,0.2012621524433294,0.7027574777603149,0.81585,2.0,29.3,43.8,13.6,27.8,1.06,5.4,0.7903017,High
SLD00585,9.869201,76.945649,817.317138671875,26.98953548884989,5.661683797836304,0.1887227932612101,2.472575664520264,0.8129411764705883,8.0,28.4,36.3,25.6,27.8,1.06,5.1,0.99395037,High
SLD06715,18.4,73.51,758.649169921875,17.797923623665618,0.0,0.0,0.0,0.6132294117647059,9.0,31.7,26.2,21.4,23.7,1.3,6.2,0.81821406,High
SLD12151,12.976496,75.598004,959.5428466796876,19.21862052789146,0.9106975700706234,0.0303565856690207,0.1015904396772384,0.8398142857142857,2.0,21.4,41.9,23.3,27.9,1.04,5.4,0.54378706,Moderate
SLD12543,10.456475,77.226478,490.8431701660156,26.96693376904112,11.11076632142067,0.370358877380689,4.533074855804443,0.6904772727272728,12.0,25.6,41.1,16.6,25.0,1.24,5.9,0.7134072,High
SLD00714,9.882247,76.97013,562.0823974609375,23.57880362506388,11.05371692031622,0.3684572306772073,5.993414878845215,0.7569111111111111,8.0,25.3,38.6,23.2,26.4,1.16,5.1,0.9848637,High
SLD13157,10.872191,76.70954,342.4224853515625,25.884335127668827,0.0,0.0,0.0,0.7956599999999999,8.0,24.7,40.3,18.8,26.2,1.2,5.7,0.805745,High
SLD12460,10.330637,77.763734,1203.9013671875,26.15193562638371,12.309891909360886,0.4103297303120295,8.111344337463379,0.8651625000000001,2.0,24.4,37.6,23.4,30.9,1.12,5.8,0.6028132,Moderate
SLD07004,18.221516,73.531899,752.9190063476562,52.86602618484785,0.1671040132641789,0.0055701337754726,0.1002624109387397,0.669625,9.0,35.7,26.3,18.1,23.9,1.35,5.7,0.36222956,Moderate
SLD01933,10.166275,77.363056,2235.357421875,10.711783045884856,9.46165955811739,0.3153886519372463,6.558270454406738,0.758378947368421,2.0,28.7,29.2,24.8,52.7,1.04,5.1,0.65733117,Moderate
SLD00045,8.96125,77.135342,296.9835510253906,37.92750083839326,5.285741264000535,0.1761913754666845,1.4874869585037231,0.75118125,8.0,27.5,42.8,20.4,31.1,1.14,5.4,0.87753415,High
SLD11340,15.769381,74.37218,785.9308471679688,0.9002460682780681,0.0,0.0,0.0,0.58925,10.0,24.9,37.1,18.1,15.8,1.33,6.2,0.009858072,Low
SLD13478,9.607887,77.806151,111.0648193359375,0.5968340400063832,0.0,0.0,0.0,0.5747952380952381,12.0,28.2,42.9,16.0,14.0,1.58,7.6,0.0005125871,Low
SLD02471,10.454117,76.834178,679.1094970703125,10.178779623080857,16.484997525811195,0.5494999175270399,5.300003528594971,0.69078125,4.0,25.0,43.1,18.3,25.3,1.1,5.3,0.8373982,High
SLD10648,18.237356,74.036418,797.52001953125,10.225743642901769,0.091467825695872,0.0030489275231957,0.0182935651391744,0.4667611111111111,12.0,33.5,27.7,20.9,18.2,1.38,6.8,0.91414297,High
SLD03329,11.362178,76.211794,128.00030517578125,24.162354781543986,0.1073092985898253,0.0035769766196608,0.0898174494504928,0.75564,8.0,26.7,48.5,15.5,26.8,1.19,5.7,0.84436315,High
SLD04089,12.8488,75.69242,557.1148071289062,27.723083210767086,0.0,0.0,0.0,0.7841947368421053,2.0,30.0,45.6,15.0,27.6,1.18,5.4,0.9023152,High
SLD08846,16.315449,73.826309,473.0840759277344,15.208551811992296,0.5718065910041323,0.0190602197001377,0.0863230377435684,0.7149823529411765,9.0,25.5,30.7,23.3,23.7,1.3,5.6,0.6947125,High
SLD12929,15.352162,74.577318,652.701416015625,16.573817411659054,0.0,0.0,0.0,0.75058125,4.0,17.7,43.3,20.9,21.0,1.28,5.6,0.52590805,Moderate
SLD03462,11.418414,76.378483,467.4128723144531,26.937792221377737,8.442253418266773,0.2814084472755591,2.584341764450073,0.821961111111111,2.0,22.2,42.8,22.6,27.8,1.12,5.4,0.8152432,High
SLD00731,9.883958,76.936957,679.155517578125,14.644263927165024,11.05371692031622,0.3684572306772073,5.993414878845215,0.8385058823529412,8.0,28.3,37.2,23.1,27.8,1.08,5.1,0.9864053,High
SLD00689,9.879549,76.945965,686.9544067382812,25.48769955512869,11.05371692031622,0.3684572306772073,5.993414878845215,0.8459588235294118,8.0,28.6,37.0,22.0,26.4,1.09,5.0,0.9977029,High
SLD10308,14.284896,75.254997,626.6524047851562,1.236433900963886,0.0,0.0,0.0,0.5517266666666667,12.0,31.8,29.4,24.5,11.2,1.39,6.2,0.0032827428,Low
SLD05888,17.050057,73.951036,568.0939331054688,9.765347204271205,0.9071726351976392,0.0302390878399213,0.1138198301196098,0.5312058823529412,12.0,23.0,33.8,19.5,12.9,1.34,6.2,0.0456986,Low
SLD07199,13.203322,75.225386,818.793701171875,1.3910969064784091,1.5524405818432565,0.0517480193947752,0.1701165288686752,0.7612842105263158,8.0,31.3,41.7,16.0,29.9,1.12,5.4,0.58090043,Moderate
SLD08935,10.400976,77.766275,350.1044311523437,8.243016506450177,17.50088290683925,0.5833627635613083,11.090476989746094,0.6920058823529411,10.0,23.8,40.0,19.9,22.2,1.3,6.7,0.03194349,Low
SLD06435,18.061667,73.223056,12.137012481689451,15.197961918731494,0.2345294691622249,0.0078176489720741,0.0240507628768682,0.56980625,10.0,26.8,33.7,24.4,19.8,1.29,6.2,0.705132,High
SLD07407,18.2785,73.507823,798.50048828125,23.72045932628297,0.1170355575741267,0.0039011852524708,0.1152922436594963,0.5463176470588236,12.0,37.5,28.8,17.2,24.4,1.37,6.1,0.8188389,High
SLD03469,11.420208,76.380039,470.05462646484375,19.378277064986463,8.442253418266773,0.2814084472755591,2.584341764450073,0.8194833333333333,2.0,23.0,43.2,21.8,27.0,1.12,5.4,0.8564039,High
SLD00856,9.895093,76.949922,677.0810546875,23.380989493707983,11.05371692031622,0.3684572306772073,5.993414878845215,0.8121823529411765,8.0,28.2,35.4,22.6,27.4,1.12,5.1,0.98134965,High
SLD10104,10.534651,76.832503,497.2276916503906,20.404219663243616,8.27053714543581,0.275684571514527,0.827043354511261,0.7613846153846153,4.0,25.1,41.7,19.8,30.0,1.12,5.4,0.65333647,Moderate
SLD00641,9.873421,76.939585,710.1024169921875,6.853774724255087,5.661683797836304,0.1887227932612101,2.472575664520264,0.83993125,8.0,28.4,36.2,22.9,27.0,1.06,5.1,0.9496455,High
SLD06006,17.364194,73.769722,682.3096923828125,12.87440397886792,1.048842910677193,0.0349614303559064,0.1023841053247451,0.5391277777777778,12.0,31.1,27.5,19.8,19.6,1.26,6.2,0.76946574,High
SLD00471,9.856484,76.965492,582.2183227539062,31.70136941267036,5.661683797836304,0.1887227932612101,2.472575664520264,0.6796555555555556,8.0,25.4,37.4,22.1,26.8,1.18,5.4,0.98496777,High
SLD05560,15.413564,74.26695,506.4132690429688,25.411094446677488,0.0309270760044455,0.0010309025334815,0.0061854152008891,0.8210857142857143,2.0,18.9,42.1,22.7,24.6,1.22,5.6,0.6370134,Moderate
SLD05564,15.416361,74.262139,339.401123046875,20.08359044739673,0.0309270760044455,0.0010309025334815,0.0061854152008891,0.8215714285714286,2.0,18.4,41.3,25.2,23.0,1.29,5.8,0.45545933,Moderate
SLD06827,12.973339,76.01831111,939.5038452148438,4.001232557646078,0.0,0.0,0.0,0.55313125,12.0,29.1,33.9,24.9,12.1,1.27,6.3,0.0057382258,Low
SLD08223,13.592339,75.635757,749.2542724609375,6.2575973804353335,5.507887221872807,0.1835962407290935,0.8129699230194092,0.7889125,4.0,22.2,37.7,22.5,26.8,1.11,5.6,0.08221546,Low
SLD12861,12.99493,74.956595,98.2880401611328,3.420427938105844,0.0,0.0,0.0,0.7266666666666667,9.0,34.2,49.2,9.9,19.9,1.24,5.5,0.055110477,Low
SLD02200,10.298947,76.832175,885.669677734375,30.68631404640424,8.538408413529396,0.2846136137843132,3.0309925079345703,0.836575,2.0,26.0,38.5,27.2,32.0,1.06,5.1,0.88089156,High
SLD13709,12.200603,76.087446,854.690673828125,6.5783566937943165,0.0,0.0,0.0,0.7521352941176471,5.0,23.0,43.6,20.9,19.9,1.25,5.6,0.008663859,Low
SLD10900,13.737059,74.886657,117.52175903320312,27.21083456617272,0.0,0.0,0.0,0.8223199999999999,8.0,25.3,45.4,17.4,19.3,1.3,5.6,0.85363466,High
SLD09518,14.622336,75.234763,561.6077270507812,1.7973883194891436,0.0,0.0,0.0,0.47735,12.0,31.3,33.7,22.6,9.1,1.35,6.3,0.0034647798,Low
SLD06466,18.125556,73.114722,98.36060333251952,15.484344083749829,0.0454096397152165,0.0015136546571738,0.0074886688962578,0.6636,9.0,30.2,33.2,19.9,17.0,1.34,6.1,0.41887337,Moderate
SLD06271,17.894944,73.43930556,304.2624206542969,25.92100977048295,0.8707084320485581,0.0290236144016186,0.0965048223733902,0.631029411764706,9.0,35.4,30.1,21.1,22.8,1.37,6.1,0.58356977,Moderate
SLD13929,17.731864,74.145434,674.9427490234375,1.5403371252393574,0.8452075929380938,0.0281735864312697,0.0707803890109062,0.5131266666666667,12.0,32.3,26.8,24.0,11.1,1.48,7.0,0.0015777911,Low
SLD10945,14.025407,75.368777,660.6182250976562,3.510341963305941,0.0,0.0,0.0,0.6763,9.0,23.5,41.3,18.9,14.5,1.32,6.2,0.010161654,Low
SLD09842,13.581108,74.90666,39.34185791015625,3.212754272140847,0.0,0.0,0.0,0.7692375,8.0,22.7,50.3,16.7,16.2,1.26,6.2,0.16618018,Low
SLD12327,13.691848,74.763429,47.60133743286133,2.7497734202696216,0.0,0.0,0.0,0.7115555555555555,9.0,25.9,49.0,15.8,22.9,1.27,6.0,0.13665724,Low
SLD01543,10.06,77.22,1912.318115234375,10.159582818545418,4.372599385678768,0.1457533128559589,1.9736636877059937,0.78038,2.0,24.6,32.3,29.3,47.0,1.0,5.3,0.7607749,High
SLD04754,13.72,74.98,354.98858642578125,20.90594512512241,0.0,0.0,0.0,0.8431,2.0,17.5,48.9,19.6,25.4,1.17,5.4,0.5596883,Moderate
SLD12263,10.4639,76.830284,719.1002197265625,11.594493567452638,16.484997525811195,0.5494999175270399,5.300003528594971,0.7782176470588235,2.0,27.5,38.7,21.0,24.1,1.12,5.2,0.4942003,Moderate
SLD05084,14.167197,74.493886,23.3759765625,10.29225689639701,0.5573047511279574,0.0185768250375985,0.0859898477792739,0.6359705882352942,9.0,24.9,38.2,19.4,23.0,1.23,6.0,0.37606424,Moderate
SLD09254,9.896054,76.548795,98.62630462646484,22.94625728602241,0.0,0.0,0.0,0.8001384615384615,8.0,24.9,41.6,21.6,24.2,1.14,5.4,0.821275,High
SLD04759,13.72,74.99,484.4354248046875,26.61904595605825,0.0,0.0,0.0,0.8333857142857143,2.0,19.5,46.4,20.4,35.1,1.13,5.6,0.53386956,Moderate
SLD05676,16.026222,73.963278,214.6060485839844,12.241175067388754,0.6138766207732251,0.0204625540257741,0.0647173076868057,0.72403125,9.0,22.7,35.6,24.6,22.7,1.3,6.1,0.48277053,Moderate
SLD04576,13.393819,75.645156,984.6575927734376,27.65650693459604,4.459341045469046,0.1486447015156348,1.1766947507858276,0.80714375,2.0,24.3,34.5,26.7,26.8,1.1,5.4,0.796286,High
SLD07996,18.274813,74.019411,948.9550170898438,8.225381283670103,0.0697281537577505,0.002324271791925,0.0139456307515501,0.3906647058823529,12.0,35.7,28.9,19.0,16.0,1.45,6.6,0.8236746,High
SLD08263,12.891654,75.518933,486.0778198242188,33.157894893089754,0.6341546587646001,0.0211384886254866,0.0543677508831024,0.8265399999999999,2.0,28.6,47.0,14.9,27.4,1.14,5.3,0.8712496,High
SLD11148,16.045642,73.636452,1.0,13.06304550899695,0.22709384560585,0.0075697948535283,0.04541876912117,0.6553687499999999,9.0,29.5,26.3,27.8,19.4,1.31,6.2,0.14040522,Low
SLD09268,12.564709,75.046252,103.39208221435548,1.0216406068098265,0.0,0.0,0.0,0.6769857142857143,14.0,25.6,49.5,13.1,18.1,1.23,5.7,0.034428336,Low
SLD11842,10.199784,77.355247,2000.2330322265625,21.51130517627211,15.615307666361332,0.5205102555453778,10.376444816589355,0.6664333333333333,8.0,22.0,33.1,33.2,38.0,1.06,5.5,0.9916511,High
SLD06650,18.38,73.59,794.7076416015625,15.728086906264584,0.0,0.0,0.0,0.6110176470588236,10.0,36.5,27.5,15.9,21.7,1.35,5.8,0.8804865,High
SLD09939,13.788435,75.576913,647.1228637695312,2.717826485231666,0.0,0.0,0.0,0.7039000000000001,5.0,25.3,36.2,22.5,15.6,1.3,6.1,0.0027586978,Low
SLD11874,9.040232,77.482508,148.4104766845703,2.145578848713595,0.0,0.0,0.0,0.485895238095238,12.0,26.3,39.2,16.5,15.1,1.41,6.4,0.0014766627,Low
SLD12332,10.540218,76.991944,299.16558837890625,1.5882412110730038,4.573862224817276,0.1524620741605758,0.7093941569328308,0.6087684210526315,12.0,20.4,44.5,19.9,14.4,1.46,6.2,0.0021573398,Low
SLD01328,10.02,77.26,1472.239990234375,21.17463835664857,4.766331918537617,0.1588777306179205,2.1873443126678467,0.6950384615384616,8.0,29.0,30.6,26.9,45.5,1.04,5.3,0.7931614,High
SLD02498,10.480033,76.323953,106.19377136230467,26.54749206593734,0.0,0.0,0.0,0.8095466666666666,8.0,25.3,44.8,16.5,23.0,1.1,5.2,0.8734129,High
SLD04572,13.382151,75.385448,700.6069946289062,14.55217050595155,0.1227600814308965,0.0040920027143632,0.0231029354035854,0.8044333333333333,8.0,24.4,44.6,17.4,26.5,1.11,5.4,0.923636,High
SLD09519,15.517773,74.2097,86.53987884521484,4.826780445707992,0.2940008649602525,0.0098000288320084,0.0298255905508995,0.7544705882352941,2.0,21.2,38.9,20.5,18.2,1.36,5.7,0.05284148,Low
SLD06642,18.38,73.58,830.2102661132812,3.127164738335506,0.0,0.0,0.0,0.6010882352941177,10.0,37.7,27.5,16.5,21.5,1.32,6.2,0.7838941,High
SLD00578,9.868634,76.953002,618.7310180664062,8.780159057280223,5.661683797836304,0.1887227932612101,2.472575664520264,0.8153411764705882,8.0,27.2,39.5,22.9,26.6,1.1,5.1,0.9589467,High
SLD09857,14.266159,75.298935,601.7362670898438,7.369688839761501,0.0,0.0,0.0,0.6069866666666666,12.0,29.8,31.9,20.6,10.5,1.38,6.2,0.008118616,Low
SLD04070,12.843,75.677,404.7569580078125,29.39376526851995,0.0,0.0,0.0,0.7330352941176471,2.0,31.0,46.3,13.4,27.0,1.17,5.4,0.89187276,High
SLD05103,14.225842,74.495886,93.61361694335938,20.03549178649815,0.0245906342752275,0.0008196878091742,0.0049181268550455,0.71542,9.0,23.8,47.3,18.3,24.8,1.27,5.6,0.7774728,High
SLD07976,17.917561,73.588064,702.4140014648438,1.5429519227596344,0.7663641311228275,0.0255454710374275,0.0996951162815094,0.4912235294117646,9.0,35.7,27.4,20.5,19.3,1.3,6.1,0.6571319,Moderate
SLD09520,15.885267,74.631853,731.345703125,1.0492506421083123,0.0,0.0,0.0,0.5581222222222223,12.0,28.5,34.6,15.9,10.3,1.38,6.0,0.0017980464,Low
SLD14150,10.53816,76.901764,324.94647216796875,4.154441418388812,2.906523607671261,0.0968841202557087,0.3518746793270111,0.65960625,12.0,21.8,43.7,20.6,21.1,1.34,5.6,0.019264668,Low
SLD12399,16.323645,74.215,723.467041015625,15.357427685982532,0.1453218329697845,0.0048440610989928,0.0290643665939569,0.59825,12.0,21.0,36.9,17.2,19.1,1.31,6.0,0.32018155,Low
SLD00622,9.87211,76.9381,735.3690795898438,16.66346830658924,5.661683797836304,0.1887227932612101,2.472575664520264,0.8350933333333334,2.0,28.6,36.6,22.9,26.5,1.08,5.1,0.7981459,High
SLD02225,10.30335,77.763042,811.8643798828125,35.22109925134975,3.1802115216851234,0.1060070507228374,2.8731613159179688,0.8277684210526316,2.0,21.6,38.5,23.4,27.2,1.15,5.7,0.46448636,Moderate
SLD09730,13.502765,75.653249,810.4992065429688,4.959763808304763,0.0,0.0,0.0,0.8087222222222222,2.0,20.4,40.0,20.4,23.0,1.2,5.5,0.04783164,Low
SLD13095,12.685232,75.246665,76.64315795898438,2.6067242243170203,0.0,0.0,0.0,0.7963470588235294,14.0,26.2,44.3,16.0,21.1,1.2,5.4,0.043054078,Low
SLD04808,13.8,75.33,662.1332397460938,4.814815891473395,0.0,0.0,0.0,0.7608333333333334,9.0,18.3,50.4,17.4,19.2,1.3,6.1,0.27816346,Low
SLD00799,9.889244,76.940489,764.095947265625,27.048025438587366,11.05371692031622,0.3684572306772073,5.993414878845215,0.8117705882352941,8.0,27.4,37.3,23.1,24.1,1.11,5.1,0.9928873,High
SLD00623,9.87211,76.9381,735.3690795898438,16.66346830658924,5.661683797836304,0.1887227932612101,2.472575664520264,0.8350933333333334,2.0,28.6,36.6,22.9,26.5,1.08,5.1,0.7981459,High
SLD05119,14.231622,74.461761,19.368549346923828,7.600223774644703,0.0,0.0,0.0,0.6637777777777778,9.0,24.9,44.0,19.3,21.1,1.26,5.8,0.3568195,Moderate
SLD07155,12.249152,76.08136,890.2984008789062,5.959127399847083,0.0,0.0,0.0,0.7729235294117647,4.0,25.8,43.3,19.2,19.0,1.2,5.8,0.003572793,Low
SLD00567,9.867157,76.962939,607.8761596679688,23.244144598194225,5.661683797836304,0.1887227932612101,2.472575664520264,0.8088333333333333,8.0,27.1,38.6,24.0,24.4,1.14,5.1,0.99024475,High
SLD07270,10.513127,76.80316,581.8873291015625,2.426185168966345,20.672415554523468,0.6890805184841156,5.605732440948486,0.766778947368421,4.0,27.1,36.8,19.1,25.2,1.15,5.4,0.074976325,Low
SLD10057,18.212149,73.869533,681.355712890625,16.168219049592206,0.0147455977275965,0.0004915199242532,0.0029491195455193,0.5112944444444445,12.0,28.8,32.4,17.8,14.6,1.38,6.7,0.76898694,High
SLD09658,8.746009,77.205853,1160.3841552734375,27.53112530943551,32.29993090033531,1.0766643633445103,12.690936088562012,0.8474214285714285,8.0,26.9,31.4,30.7,32.6,1.09,5.2,0.91486365,High
SLD10921,16.728518,74.315165,529.0,7.113324461980591,0.0749940425157545,0.0024998014171918,0.0149988085031509,0.5379470588235293,12.0,18.8,39.9,18.4,11.2,1.44,6.4,0.0046591396,Low
SLD12301,16.185259,73.790319,112.1198501586914,9.781788355828724,0.332462266087532,0.011082075536251,0.0664924532175064,0.71035625,9.0,29.9,29.7,20.8,20.9,1.38,5.6,0.11501615,Low
SLD12762,17.223362,73.838975,1056.79541015625,5.914449307584853,1.5708705438300965,0.0523623514610032,0.1632600277662277,0.71085,9.0,31.1,30.8,21.5,25.0,1.2,5.8,0.056035347,Low
SLD13767,10.091727,76.753737,101.31431579589844,6.109879179047713,7.625578477978706,0.2541859492659569,2.8144216537475586,0.7417235294117648,2.0,25.4,37.3,23.2,31.3,1.12,5.2,0.58123654,Moderate
SLD08065,10.676786,76.059179,12.298898696899414,12.091847878843758,0.0,0.0,0.0,0.6958733333333333,14.0,19.4,44.2,20.4,19.9,1.2,5.3,0.15366155,Low
SLD01116,9.981957,77.166132,1047.6824951171875,23.97078227844389,1.0370100205764174,0.0345670006858805,0.593285322189331,0.7819166666666667,8.0,27.7,31.2,30.2,27.4,1.1,5.3,0.9042819,High
SLD06649,18.38,73.56,661.9226684570312,16.20459051372479,0.0,0.0,0.0,0.5477588235294117,10.0,0.0,0.0,0.0,0.0,0.0,0.0,0.8404772,High
SLD00560,9.866414,76.964794,571.819580078125,26.729518650744705,5.661683797836304,0.1887227932612101,2.472575664520264,0.8065705882352942,8.0,28.3,37.7,23.0,25.9,1.14,5.2,0.9915513,High
SLD11122,12.267937,76.429867,780.3526000976562,3.477427040695475,0.0,0.0,0.0,0.5212157894736842,12.0,21.1,42.5,20.7,13.0,1.3,6.7,0.0011453099,Low
SLD08747,14.953204,74.837959,469.8744812011719,4.815062431375405,0.0,0.0,0.0,0.698275,5.0,16.6,39.9,26.3,14.6,1.27,5.6,0.051968325,Low
SLD13320,17.454281,73.774794,641.0,0.0,1.7582265064120293,0.0586075502137343,0.4835667610168457,0.15049375,11.0,0.0,0.0,0.0,0.0,0.0,0.0,0.007885397,Low
SLD07200,16.900881,74.148605,553.4945068359375,0.4579480310902286,0.2302812994457775,0.0076760433148592,0.0298609975725412,0.5509277777777778,12.0,19.4,39.9,16.8,12.1,1.42,6.5,0.0005653145,Low
SLD06756,18.471389,73.068889,11.404406547546388,9.99964083721288,0.0,0.0,0.0,0.55965,10.0,32.3,34.7,23.1,16.2,1.06,6.2,0.57998055,Moderate
SLD13178,9.761271,76.739391,266.91632080078125,5.382456537068458,0.7326667415909464,0.0244222247196982,0.3556261658668518,0.8063769230769231,8.0,27.1,36.4,21.8,30.1,1.13,5.2,0.69635695,High
SLD00831,9.892668,76.942487,706.8427734375,29.268632511012413,11.05371692031622,0.3684572306772073,5.993414878845215,0.8194388888888889,8.0,26.6,37.8,25.2,29.3,1.12,5.3,0.9921969,High
SLD07532,14.679196,75.272956,619.2432250976562,10.99145084498246,0.0,0.0,0.0,0.5438,12.0,26.0,34.4,28.6,11.8,1.4,6.3,0.111792065,Low
SLD04064,12.841,75.675,371.8785400390625,28.93218403485012,0.0,0.0,0.0,0.77007,2.0,31.2,47.2,13.7,28.0,1.14,5.4,0.87243915,High
SLD08731,17.264666,74.008485,871.2852783203125,4.299773339189232,1.149914590641855,0.0383304863547285,0.0893973186612129,0.4077166666666666,12.0,28.4,37.3,15.4,19.4,1.31,6.2,0.6203141,Moderate
SLD08742,14.058006,75.347358,635.0342407226562,1.1031033834145725,0.0,0.0,0.0,0.6076625,12.0,25.4,38.8,16.6,13.9,1.3,6.2,0.0057999687,Low
SLD00781,9.888335,76.938295,705.4169311523438,31.679453508890195,11.05371692031622,0.3684572306772073,5.993414878845215,0.834125,8.0,27.4,37.3,23.1,24.1,1.11,5.1,0.995684,High
SLD02518,10.490861,77.120806,411.4627685546875,19.85501761467564,9.196555275470018,0.3065518425156673,3.97658109664917,0.659115,14.0,21.0,45.0,16.5,22.0,1.3,6.4,0.50764465,Moderate
SLD00719,9.883046,76.969597,551.2861328125,29.60167140566089,11.05371692031622,0.3684572306772073,5.993414878845215,0.7569111111111111,8.0,25.4,38.6,23.5,27.8,1.16,5.2,0.9875529,High
SLD05721,16.357,73.833,337.54638671875,32.59824012078904,0.9000233374536026,0.03000077791512,0.0785311535000801,0.7209125,9.0,25.4,29.1,24.2,22.6,1.31,5.5,0.86326957,High
SLD04066,12.84108,75.67449,372.04730224609375,26.298718480621496,0.0,0.0,0.0,0.77007,2.0,28.1,49.0,14.1,27.4,1.16,5.4,0.86730564,High
SLD06295,17.92338,73.59939,766.6082763671875,9.059117069241118,0.7663641311228275,0.0255454710374275,0.0996951162815094,0.7526470588235294,2.0,35.7,28.3,20.2,23.0,1.25,5.6,0.65636617,Moderate
SLD11545,13.777592,75.440127,656.0772705078125,5.2974716816596255,0.0,0.0,0.0,0.7272,8.0,19.9,42.9,18.6,19.1,1.25,6.1,0.4450575,Moderate
SLD09375,18.815989,73.895401,584.5443725585938,13.631329759394768,0.0,0.0,0.0,0.52829375,12.0,23.2,30.3,25.9,12.4,1.54,6.9,0.022970429,Low
SLD11292,17.648207,73.859096,994.5816650390624,5.879685439200815,1.4668088406324382,0.0488936280210812,0.1177184805274009,0.5740294117647059,12.0,24.5,32.1,24.2,20.4,1.28,6.1,0.82750165,High
SLD11237,13.628039,75.804007,753.4058227539062,1.341393938638289,0.0,0.0,0.0,0.60325625,10.0,18.1,40.7,25.6,9.8,1.38,6.8,0.0017444777,Low
SLD05662,15.912194,73.945028,206.77926635742188,8.699900730304178,0.9149107430130232,0.0304970247671007,0.0896858870983123,0.8157055555555556,2.0,26.2,35.3,19.7,22.0,1.34,5.4,0.11370341,Low
SLD04062,12.83994,75.66534,324.05963134765625,30.45512664154668,0.0,0.0,0.0,0.7926052631578947,2.0,30.0,47.9,13.7,25.9,1.18,5.4,0.88898593,High
SLD12894,11.967965,76.067458,956.9093017578124,19.937489034599263,0.0,0.0,0.0,0.78283125,2.0,22.6,43.0,21.9,25.2,1.08,5.3,0.8065803,High
SLD10479,13.155591,75.171533,220.51226806640625,25.09525057318226,0.11468643322587,0.003822881107529,0.022937286645174,0.8218357142857143,2.0,24.4,51.9,16.4,27.9,1.14,5.4,0.78315645,High
SLD05580,15.434722,73.983889,60.10002136230469,18.517511016811817,0.023480919189751,0.000782697306325,0.0046961838379502,0.70538125,8.0,21.1,40.9,21.6,19.1,1.28,5.5,0.716495,High
SLD00513,9.859678,76.969604,578.4990234375,25.83106462732144,5.661683797836304,0.1887227932612101,2.472575664520264,0.7232411764705882,8.0,26.7,35.3,23.7,25.1,1.12,5.2,0.98721594,High
SLD13526,12.445121,76.162152,863.3622436523438,1.2795784081995525,0.0,0.0,0.0,0.5057,12.0,28.1,38.4,18.9,13.6,1.33,6.7,0.0020946416,Low
SLD00866,9.896226,76.96488,664.2498168945312,22.53231979762159,11.05371692031622,0.3684572306772073,5.993414878845215,0.8494647058823529,8.0,27.8,35.8,23.2,30.5,1.12,5.2,0.9941408,High
SLD08361,13.708732,75.412162,593.7379760742188,1.6952427297295969,0.0,0.0,0.0,0.7032375,9.0,16.9,41.8,19.2,19.2,1.29,5.9,0.43356666,Moderate
SLD10822,13.211081,75.317602,906.3894653320312,14.90826603577136,0.7074799388647075,0.0235826646288235,0.1008626371622085,0.7883705882352942,8.0,29.7,42.4,18.0,29.7,1.09,5.4,0.92934066,High
SLD10399,13.260073,75.232406,1006.0623168945312,30.520155428478645,0.8229860849678515,0.0274328694989283,0.1263243556022644,0.6785866666666667,9.0,26.6,39.3,19.6,27.8,1.05,5.4,0.95198715,High
SLD03877,11.6925,75.806389,129.47412109375,17.12411525962236,6.730328127741814,0.2243442709247271,0.7960466146469116,0.7898222222222223,2.0,27.3,49.5,15.0,27.8,1.13,5.4,0.42107394,Moderate
SLD05729,16.361,73.849,418.2674560546875,25.36201231156457,0.9000233374536026,0.03000077791512,0.0785311535000801,0.7737133333333334,2.0,23.0,31.2,25.1,23.0,1.24,5.5,0.40723976,Moderate
SLD00221,9.69,77.39,1653.0750732421875,39.10598665217653,4.967817589640617,0.1655939196546872,2.212306022644043,0.8250333333333334,2.0,32.8,26.8,25.6,58.8,0.97,5.1,0.5529762,Moderate
SLD11914,16.271412,73.969762,922.2891845703124,16.856946423260847,0.6054643783718335,0.0201821459457277,0.2096007317304611,0.7936705882352941,2.0,29.5,34.2,18.4,32.7,1.08,5.5,0.22534868,Low
SLD04571,13.380311,75.722208,1412.5704345703125,31.892793673010488,6.105696335434914,0.2035232111811638,1.049048900604248,0.8018214285714286,2.0,22.8,41.7,24.4,29.2,1.1,5.7,0.74605405,High
SLD08021,18.387905,73.239901,29.00977897644043,1.011464117279278,0.0,0.0,0.0,0.4951941176470588,12.0,30.2,33.3,23.9,14.7,1.42,6.4,0.21328507,Low
SLD12061,9.778776,77.338132,375.5,1.6010987407391968,0.7525851763784885,0.0250861725459496,0.3671377003192901,0.6111150000000001,12.0,27.5,40.4,20.0,19.0,1.4,6.3,0.005381532,Low
SLD09189,10.528136,76.968023,293.9275207519531,5.030364414592918,1.4268422126770015,0.0475614070892333,0.2552546858787536,0.75549,14.0,18.9,45.3,20.5,17.3,1.4,5.9,0.0070481505,Low
SLD00609,9.871444,76.954687,583.4948120117188,26.74071874346268,5.661683797836304,0.1887227932612101,2.472575664520264,0.8279411764705882,8.0,28.6,36.2,21.9,26.6,1.12,5.0,0.99441975,High
SLD00732,9.883958,76.936957,679.155517578125,14.644263927165024,11.05371692031622,0.3684572306772073,5.993414878845215,0.8385058823529412,8.0,28.3,37.2,23.1,27.8,1.08,5.1,0.9864053,High
SLD08608,10.177789,76.4905,24.153505325317383,1.2755787898038242,2.972776591777801,0.09909255305926,0.5945553183555603,0.7532944444444445,14.0,23.3,43.9,18.8,22.2,1.21,5.4,0.03553289,Low
SLD06865,13.331833,75.337,778.4015502929688,22.097406316065715,0.997894832398742,0.033263161079958,0.1268111765384674,0.81084375,2.0,24.6,43.3,20.0,27.8,1.14,5.4,0.7657781,High
SLD13849,18.919336,73.284797,86.30789184570312,0.7547545539565198,0.0,0.0,0.0,0.37505625,12.0,32.6,31.6,22.0,12.2,1.45,6.4,0.022158548,Low
SLD12451,11.194432,76.407833,1574.4124755859375,31.82269503365299,27.105828712694347,0.9035276237564782,9.639608383178713,0.8104615384615385,2.0,24.0,32.4,27.0,36.0,0.98,5.3,0.42053616,Moderate
SLD04049,12.833,75.648,270.53546142578125,29.38420588486054,0.0,0.0,0.0,0.7596588235294117,2.0,30.7,48.6,14.1,27.4,1.1,5.4,0.9461048,High
SLD01009,9.929417,77.123704,817.3050537109375,21.998266137231155,0.5576421022415161,0.0185880700747172,0.5576421022415161,0.83284,2.0,30.7,33.3,24.4,31.2,1.1,5.3,0.9672512,High
SLD11349,8.777864,77.234101,1367.7196044921875,26.497202228104072,18.98609821312129,0.6328699404373765,5.047563076019287,0.850157142857143,8.0,28.7,31.6,25.9,35.7,1.01,5.3,0.26543787,Low
SLD11957,18.025791,73.264363,308.05828857421875,17.18496164088507,0.1799548836424939,0.0059984961214164,0.0249361600726842,0.5735666666666667,9.0,22.3,36.1,20.0,19.2,1.38,6.0,0.5613075,Moderate
SLD07523,15.133538,74.889727,551.5126953125,3.667787017540841,0.0,0.0,0.0,0.6248888888888888,4.0,28.8,38.6,19.9,14.0,1.32,6.0,0.0059692455,Low
SLD00551,9.865372,76.946557,722.8916015625,26.59707009433837,5.661683797836304,0.1887227932612101,2.472575664520264,0.811475,2.0,29.8,37.8,24.4,27.8,1.06,5.1,0.9504531,High
SLD11858,11.063154,77.376061,334.9546203613281,1.5706639262720878,0.3463221713900565,0.0115440723796685,0.0692644342780113,0.3585944444444444,10.0,16.6,38.5,25.0,11.3,1.43,7.7,0.00034937615,Low
SLD12412,14.290256,75.211173,670.5907592773438,3.082601573460278,0.0,0.0,0.0,0.7264666666666667,9.0,21.2,38.4,20.0,13.9,1.3,6.2,0.004496941,Low
SLD06512,18.27,73.6,954.5504150390624,26.98734669857459,0.1880379021167755,0.0062679300705591,0.0376075804233551,0.7003235294117647,9.0,29.5,29.7,19.3,22.0,1.28,6.1,0.9564213,High
SLD04854,13.85,75.39,782.0084228515625,18.95377116150847,0.0,0.0,0.0,0.7599066666666666,2.0,20.7,37.1,25.8,23.9,1.2,5.5,0.6002187,Moderate
SLD07982,9.99468,77.335375,375.349853515625,1.1664612120904498,0.0,0.0,0.0,0.46609,12.0,21.7,45.1,18.3,24.0,1.37,6.7,0.0022817543,Low
SLD00964,9.914919,77.106482,925.8593139648438,20.42134853534168,0.7153458893299102,0.0238448629776636,0.4292075335979461,0.8088315789473685,2.0,31.1,31.7,24.0,32.7,1.08,5.3,0.90762186,High
SLD00445,9.854267,76.958114,645.4740600585938,20.903976310832643,5.661683797836304,0.1887227932612101,2.472575664520264,0.7976444444444444,8.0,27.9,38.4,21.7,27.1,1.1,5.1,0.98883516,High
SLD06741,18.46,73.54,726.7716674804688,18.499680186061354,0.0,0.0,0.0,0.5572941176470588,12.0,36.6,26.2,21.4,18.2,1.35,6.2,0.77116644,High
SLD07138,9.819277,76.59257,74.4249267578125,13.465550911721152,0.586661510169506,0.0195553836723168,0.1173323020339012,0.7993499999999999,8.0,25.0,35.9,22.9,27.1,1.14,5.2,0.119214155,Low
SLD06751,18.47,73.53,869.53125,37.78753502161334,0.0,0.0,0.0,0.61609375,10.0,40.6,27.5,16.4,23.0,1.33,6.3,0.6032267,Moderate
SLD12995,12.575711,75.034748,93.92487335205078,6.251518147941404,0.0,0.0,0.0,0.6219428571428571,14.0,24.8,51.4,13.4,18.1,1.2,5.7,0.056231614,Low
SLD00450,9.854676,76.960933,617.7167358398438,31.5473966253943,5.661683797836304,0.1887227932612101,2.472575664520264,0.7308473684210527,8.0,27.6,37.6,20.8,27.8,1.18,5.3,0.9869097,High
SLD10503,15.561714,74.190935,151.7008819580078,15.06310919090888,0.388207482174038,0.0129402494058012,0.0354082062840461,0.7295235294117647,8.0,23.0,37.8,22.0,19.6,1.37,6.0,0.54562736,Moderate
SLD12964,11.80644,76.910117,822.6925048828125,5.012521083823509,0.0,0.0,0.0,0.508838888888889,12.0,19.4,43.0,21.4,12.2,1.32,7.3,0.0009926519,Low
SLD00592,9.87027,76.956157,583.2604370117188,20.73728048935149,5.661683797836304,0.1887227932612101,2.472575664520264,0.8295333333333333,8.0,27.8,38.3,22.5,27.5,1.1,5.0,0.99328434,High
SLD02417,10.409028,77.044694,988.6126098632812,29.99957817769814,17.28021264076233,0.576007088025411,6.620239734649658,0.7647214285714286,2.0,29.3,31.4,25.6,31.2,1.08,5.4,0.69633913,High
SLD09164,16.963115,73.354302,95.21459197998048,3.366087810154511,0.0,0.0,0.0,0.4352499999999999,10.0,20.9,34.5,24.9,16.6,1.37,6.2,0.011002829,Low
SLD00444,9.854149,76.959872,609.3285522460938,20.27822256653422,5.661683797836304,0.1887227932612101,2.472575664520264,0.7892375,8.0,25.6,40.8,21.7,25.9,1.1,5.2,0.98667866,High
SLD06513,18.27,73.6,954.5504150390624,26.98734669857459,0.1880379021167755,0.0062679300705591,0.0376075804233551,0.7003235294117647,9.0,29.5,29.7,19.3,22.0,1.28,6.1,0.9564213,High
SLD11581,14.735218,75.404623,571.678955078125,0.7397795225830731,0.0,0.0,0.0,0.4837411764705882,12.0,39.9,28.1,27.7,10.0,1.4,7.5,0.0026038873,Low
SLD00809,9.89009,76.950531,672.4519653320312,20.85839046254882,11.05371692031622,0.3684572306772073,5.993414878845215,0.791721052631579,8.0,26.6,35.9,22.8,25.9,1.12,5.1,0.9851307,High
SLD13107,10.042052,77.660489,262.1266784667969,0.8950035515837125,0.0,0.0,0.0,0.495740909090909,12.0,23.5,44.3,17.1,17.0,1.42,7.2,0.00044518444,Low
SLD08509,12.35623,76.06806,857.1883544921875,1.3876389839347487,0.0,0.0,0.0,0.5912833333333334,12.0,25.5,39.0,22.3,10.8,1.25,6.2,0.0022983218,Low
SLD05188,14.294267,74.442725,25.69428825378418,13.094107457334644,0.0,0.0,0.0,0.5786588235294117,8.0,22.3,37.1,20.9,23.0,1.2,6.1,0.709379,High
SLD00441,9.853966,76.958668,643.0076293945312,28.470857850743887,5.661683797836304,0.1887227932612101,2.472575664520264,0.7892375,8.0,25.6,40.8,21.7,25.9,1.1,5.2,0.9910937,High
SLD12042,11.277456,76.585628,2382.069091796875,23.19014950653625,30.212330296635628,1.0070776765545209,7.696353435516357,0.7595500000000001,2.0,23.6,32.5,28.8,42.4,1.0,5.5,0.860379,High
SLD10598,13.388337,75.568304,1098.7205810546875,26.421674171433764,1.4110989077016711,0.0470366302567223,0.3971351683139801,0.7971375,2.0,28.1,39.7,19.1,29.8,1.1,5.5,0.43689054,Moderate
SLD00798,9.889244,76.940489,764.095947265625,27.048025438587366,11.05371692031622,0.3684572306772073,5.993414878845215,0.8117705882352941,8.0,27.4,37.3,23.1,24.1,1.11,5.1,0.9928873,High
SLD07208,14.360642,74.560209,534.7591552734375,30.51728126543886,0.2612355723977085,0.0087078524132569,0.0522471144795417,0.8260500000000001,2.0,19.0,44.2,18.4,32.5,1.1,5.5,0.6839712,High
SLD09198,12.931466,74.960686,4.802191257476807,1.847897584226217,0.0,0.0,0.0,0.7268,9.0,36.1,45.2,10.9,24.0,1.24,5.9,0.018512454,Low
SLD07231,10.403463,77.707124,822.707275390625,15.481699187039576,17.01473418623209,0.5671578062077364,12.200098991394045,0.8421222222222222,2.0,24.0,37.7,20.0,29.0,1.14,5.8,0.38454393,Moderate
SLD11128,14.593919,75.011113,563.4185791015625,5.200862992975718,0.0,0.0,0.0,0.6414,12.0,15.1,46.2,19.6,12.7,1.3,5.7,0.008886394,Low
SLD07415,14.64227,75.133462,556.0594482421875,0.4519909037498134,0.0,0.0,0.0,0.5727388888888889,12.0,32.6,28.1,26.6,12.7,1.37,6.2,0.0018001419,Low
SLD10343,14.691996,75.342833,585.9585571289062,1.442893826174119,0.0,0.0,0.0,0.4968944444444444,12.0,37.3,27.9,27.6,11.1,1.42,6.8,0.0022478353,Low
SLD13316,16.31131,73.852585,590.7075805664062,42.23176124079085,0.5718065910041323,0.0190602197001377,0.0863230377435684,0.7027,9.0,27.8,30.7,21.6,23.4,1.25,5.9,0.6003797,Moderate
SLD04773,13.74,74.82,71.04527282714844,9.43699519273105,0.0,0.0,0.0,0.7270333333333334,9.0,25.9,49.4,16.5,20.0,1.23,6.0,0.3718921,Moderate
SLD12986,13.705223,75.825333,686.8276977539062,7.008273417104454,0.0,0.0,0.0,0.4089058823529412,9.0,20.6,41.8,16.7,9.7,1.38,6.5,0.0007619007,Low
SLD02476,10.465636,77.739114,575.2958984375,24.47930596683966,10.24184577167034,0.341394859055678,6.254444122314453,0.7334222222222222,8.0,19.9,47.3,15.0,27.0,1.27,6.5,0.28897974,Low
SLD04000,11.904389,76.01625,819.6275634765625,12.71826762768842,0.0,0.0,0.0,0.7864470588235294,8.0,26.3,42.5,19.2,25.5,1.12,5.4,0.70591706,High
SLD11407,9.470434,77.04723,837.6783447265625,10.182094279457786,3.644975950941443,0.1214991983647147,2.007383346557617,0.8728285714285714,2.0,26.1,31.9,27.4,35.5,1.03,5.1,0.35534054,Moderate
SLD08630,13.642725,75.819093,755.9205322265625,2.647337733583254,0.0,0.0,0.0,0.5834277777777778,12.0,19.5,40.2,25.9,9.2,1.37,7.0,0.00076211995,Low
SLD04053,12.83408,75.65329,315.6071472167969,35.26899725453907,0.0,0.0,0.0,0.7678111111111111,2.0,30.5,47.1,14.1,27.1,1.15,5.4,0.89432865,High
SLD00744,9.885829,76.935482,714.9830932617188,25.436348020717016,11.05371692031622,0.3684572306772073,5.993414878845215,0.8320588235294117,8.0,27.9,36.8,23.2,27.4,1.1,5.1,0.9953941,High
SLD10067,15.402314,74.776676,553.39208984375,2.1048297137769043,0.0,0.0,0.0,0.6047882352941176,12.0,31.4,32.3,18.5,12.1,1.4,6.3,0.0056536323,Low
SLD02965,11.168853,76.531131,1375.8717041015625,14.258069071813544,19.65206452086568,0.6550688173621892,8.452533721923828,0.8530466666666666,2.0,23.4,33.9,26.0,29.2,1.12,5.5,0.3997718,Moderate
SLD10069,9.679104,77.306516,468.7836608886719,12.642514350074885,1.35741925239563,0.0452473084131876,1.35741925239563,0.6756,14.0,31.7,41.6,18.7,30.4,1.3,5.9,0.76020986,High
SLD04052,12.834,75.654,267.1028137207031,31.01574857081393,0.0,0.0,0.0,0.7678111111111111,2.0,30.5,47.1,14.1,27.1,1.15,5.4,0.88597584,High
SLD02478,10.466567,77.740492,579.8065185546875,28.119819453252493,10.24184577167034,0.341394859055678,6.254444122314453,0.7334222222222222,8.0,18.4,44.6,17.8,23.2,1.17,6.1,0.37191465,Moderate
SLD12902,9.859104,76.481709,24.7636833190918,6.191134619412194,0.0,0.0,0.0,0.7921285714285714,8.0,23.5,36.1,23.8,26.7,1.16,5.2,0.07136167,Low
SLD02185,10.293314,76.876094,949.5599365234376,14.44452432220796,9.09837570786476,0.3032791902621587,3.3001577854156494,0.7506333333333333,8.0,26.0,31.4,30.6,30.7,1.08,5.1,0.9123686,High
SLD07107,16.016616,74.445402,746.6063842773438,4.338105805126061,0.0,0.0,0.0,0.5213058823529412,12.0,21.2,36.5,22.8,14.0,1.3,6.0,0.016210223,Low
SLD01397,10.030008,77.266225,1203.5445556640625,24.12052214710365,3.495300654321909,0.1165100218107303,1.979267954826355,0.7805416666666667,8.0,27.0,35.9,25.8,45.8,1.13,5.4,0.6178702,Moderate
SLD06834,13.24974,75.3692866,838.8517456054688,18.666260218085224,0.1558067090809345,0.0051935569693644,0.0311613418161869,0.7828882352941177,8.0,25.4,42.1,18.2,29.0,1.1,5.3,0.95867616,High
SLD07110,13.599444,75.641346,750.7586059570312,10.32688052732122,5.507887221872807,0.1835962407290935,0.8129699230194092,0.7476571428571429,4.0,21.7,40.8,20.9,22.0,1.14,5.7,0.09570083,Low
SLD11859,14.339203,75.196241,624.9588012695312,2.953808253899512,0.0,0.0,0.0,0.6008733333333333,12.0,26.5,32.0,27.7,13.9,1.4,6.2,0.0067015295,Low
SLD01964,10.191944,77.333889,1923.4334716796875,14.62047868925882,15.615307666361332,0.5205102555453778,10.376444816589355,0.6025571428571429,10.0,21.8,33.8,31.6,32.9,1.11,5.4,0.98060554,High
SLD00473,9.856635,76.962904,569.7538452148438,18.30577654864123,5.661683797836304,0.1887227932612101,2.472575664520264,0.6657000000000001,8.0,27.6,37.6,20.8,27.8,1.18,5.3,0.9653904,High
SLD05798,16.657,73.958,555.0579833984375,2.5183138901681663,0.4865819821134204,0.0162193994037806,0.0678667351603508,0.5425294117647059,9.0,17.2,38.8,24.6,16.2,1.4,6.4,0.06659799,Low
SLD02958,11.135264,76.528203,978.265869140625,21.784285546746112,19.65206452086568,0.6550688173621892,8.452533721923828,0.7901894736842106,8.0,28.1,36.7,19.4,27.8,1.1,5.4,0.97906965,High
SLD08101,18.162725,73.679456,761.044921875,12.673527469377046,0.098938669834751,0.0032979556611583,0.0196303371340036,0.7130176470588235,9.0,37.0,27.3,17.5,21.6,1.38,5.7,0.6491285,Moderate
SLD06361,17.93332,73.55906,528.5984497070312,16.402241884819443,1.0488930344581602,0.0349631011486053,0.1217102631926536,0.6968764705882353,9.0,35.8,26.5,19.1,23.5,1.35,6.2,0.48577332,Moderate
SLD01429,10.037483,77.2708,1043.05810546875,36.89258178860156,3.495300654321909,0.1165100218107303,1.979267954826355,0.7942133333333333,8.0,29.8,33.2,25.4,32.8,1.16,5.6,0.67641693,High
SLD05727,16.359,73.848,411.5393676757813,19.57579261507118,0.9000233374536026,0.03000077791512,0.0785311535000801,0.77959375,2.0,24.6,30.7,22.5,23.0,1.22,5.3,0.36415553,Moderate
SLD05038,13.99,75.03,564.7590942382812,12.703202346228329,0.0,0.0,0.0,0.5170733333333334,9.0,13.4,44.6,23.7,29.1,1.25,5.9,0.68597275,High
SLD11892,16.973993,73.956307,701.0111083984375,14.689911854956886,1.2752090394496916,0.0425069679816563,0.1657060384750366,0.5479352941176471,12.0,17.9,39.9,21.3,18.8,1.32,6.2,0.58710915,Moderate
SLD08920,18.230659,73.599961,678.8299560546875,12.290167974135883,0.1880379021167755,0.0062679300705591,0.0376075804233551,0.4903875,12.0,40.1,26.6,17.2,18.0,1.44,6.2,0.55452985,Moderate
SLD02515,10.487814,76.322603,57.03071975708008,24.725194087299226,0.0,0.0,0.0,0.7735714285714286,8.0,25.2,46.9,17.6,21.5,1.13,5.4,0.91931,High
SLD08767,12.784797,75.494066,129.0347137451172,5.101722207338039,0.0,0.0,0.0,0.7910210526315788,2.0,23.4,55.6,15.4,17.6,1.14,5.4,0.10408204,Low
SLD00442,9.853966,76.958668,643.0076293945312,28.470857850743887,5.661683797836304,0.1887227932612101,2.472575664520264,0.7892375,8.0,25.6,40.8,21.7,25.9,1.1,5.2,0.9910937,High
SLD00660,9.875872,76.950328,599.1353759765625,25.66340312014095,11.05371692031622,0.3684572306772073,5.993414878845215,0.8172444444444444,8.0,27.8,39.6,21.9,27.8,1.1,5.0,0.9940294,High
SLD12932,13.560115,75.696296,1278.030029296875,20.587500137125897,6.2640561163425446,0.2088018705447515,0.2789282500743866,0.6031866666666666,9.0,22.0,38.5,23.6,32.1,1.16,5.8,0.91067797,High
SLD09118,17.307059,73.744623,816.0579223632812,14.63333001074244,1.2996164755895732,0.0433205491863191,0.1384536027908325,0.7392235294117647,9.0,32.6,30.7,21.1,27.8,1.15,5.6,0.7608334,High
SLD05679,16.034194,73.974722,207.9563140869141,16.378804219198702,0.6138766207732251,0.0204625540257741,0.0647173076868057,0.75962,8.0,25.1,33.8,21.3,20.3,1.37,6.2,0.34913528,Moderate
SLD12793,17.609601,73.814177,1141.9649658203125,17.840692711172373,2.129239240661263,0.0709746413553754,0.5346669554710388,0.4323687499999999,10.0,28.3,29.9,21.1,22.4,1.21,6.2,0.23438138,Low
SLD00886,9.898321,76.97142,599.1265258789062,27.98587090827644,11.05371692031622,0.3684572306772073,5.993414878845215,0.7988315789473684,8.0,24.3,41.1,20.8,27.8,1.14,5.1,0.990737,High
SLD10611,16.278318,73.680365,41.67524719238281,3.048026174011258,0.0,0.0,0.0,0.6289411764705882,9.0,25.1,26.8,25.0,18.1,1.32,6.0,0.007022274,Low
SLD04762,13.72,74.99,484.4354248046875,26.61904595605825,0.0,0.0,0.0,0.8333857142857143,2.0,19.5,46.4,20.4,35.1,1.13,5.6,0.53386956,Moderate
SLD12366,11.104213,76.550994,1508.9302978515625,51.909269933038345,13.936756359413266,0.4645585453137755,4.761031150817871,0.703709090909091,8.0,24.2,37.7,27.1,32.8,1.05,5.5,0.79835033,High
SLD10169,9.723882,77.333645,439.9270629882813,1.9400031723463504,12.886831901967524,0.4295610633989175,3.8353288173675537,0.6435150000000001,12.0,23.7,42.0,20.9,22.0,1.4,6.0,0.0039937044,Low
SLD12396,9.01248,76.967259,100.73509979248048,17.359500375930363,0.0,0.0,0.0,0.7826388888888889,8.0,27.5,31.2,25.2,27.0,1.13,5.2,0.21738583,Low
SLD11541,8.722776,77.635917,61.37720489501953,0.5033497804741938,0.0,0.0,0.0,0.4135045454545454,10.0,26.5,40.3,18.6,23.0,1.45,7.5,0.0011487073,Low
SLD05574,15.428539,74.286106,685.79736328125,13.950372991796405,0.2722822036594149,0.0090760734553138,0.0215797647833824,0.7423071428571429,8.0,21.7,43.9,18.3,19.9,1.3,5.5,0.8345032,High
SLD02753,10.833003,76.775271,343.72119140625,33.38358252488214,0.0,0.0,0.0,0.6764600000000001,9.0,23.3,43.8,20.7,26.1,1.25,5.5,0.8464197,High
SLD00671,9.876984,76.945668,603.1705322265625,23.46491520515564,11.05371692031622,0.3684572306772073,5.993414878845215,0.8581235294117647,8.0,27.5,38.1,22.1,27.9,1.1,5.1,0.9968696,High
SLD09502,9.420812,76.703241,100.10836791992188,5.950958093487156,0.0,0.0,0.0,0.74819375,8.0,20.8,39.2,24.7,25.7,1.2,5.2,0.047651883,Low
SLD04059,12.8396,75.66058,304.9756164550781,32.31204031486964,0.0,0.0,0.0,0.7998529411764705,2.0,30.0,48.4,13.7,26.8,1.14,5.4,0.93354475,High
SLD13280,13.045703,75.346716,159.84478759765625,18.60867456595945,0.0,0.0,0.0,0.7937266666666667,8.0,24.7,53.6,15.2,22.8,1.14,5.5,0.7405901,High
SLD13589,17.248565,73.810072,1002.9075927734376,4.223156285050119,1.4720021653920408,0.0490667388464013,0.1548407822847366,0.6877,9.0,32.2,28.0,18.3,25.0,1.21,5.9,0.022629052,Low
SLD09719,18.345943,73.219634,77.11117553710938,17.416741441745213,0.0,0.0,0.0,0.5794529411764706,12.0,31.5,31.3,21.4,14.0,1.38,6.1,0.4791207,Moderate
SLD06720,18.41,73.53,1104.4791259765625,11.460922940098165,0.0,0.0,0.0,0.71904375,9.0,32.5,28.0,17.3,22.9,1.25,5.7,0.78083444,High
SLD00783,9.888496,76.957322,628.1552734375,25.51676809131191,11.05371692031622,0.3684572306772073,5.993414878845215,0.8516111111111111,8.0,27.6,37.1,22.0,27.8,1.12,5.1,0.9935395,High
SLD07392,18.854479,73.073976,49.37007522583008,14.068111222576915,0.0,0.0,0.0,0.5332235294117647,12.0,32.8,32.2,22.2,16.0,1.44,6.2,0.6951672,High
SLD07350,8.313022,77.397131,85.09990692138672,6.179285880375018,0.0,0.0,0.0,0.7240555555555556,8.0,0.0,0.0,0.0,0.0,0.0,0.0,0.24914078,Low
SLD00723,9.883159,76.943862,662.47998046875,8.491529992063573,11.05371692031622,0.3684572306772073,5.993414878845215,0.8243277777777778,8.0,26.7,37.3,22.4,27.5,1.12,5.2,0.98536545,High
SLD00436,9.853401,76.945411,811.2094116210938,20.29645418387322,5.661683797836304,0.1887227932612101,2.472575664520264,0.7716692307692308,8.0,26.6,37.0,22.9,27.8,1.08,5.3,0.9420495,High
SLD11319,11.154536,76.456265,1455.122802734375,28.9878624933306,28.607631236314774,0.9535877078771592,6.233974456787109,0.8723272727272726,2.0,20.0,33.9,27.6,29.8,1.01,5.3,0.32857245,Low
SLD04760,13.72,74.99,484.4354248046875,26.61904595605825,0.0,0.0,0.0,0.8333857142857143,2.0,19.5,46.4,20.4,35.1,1.13,5.6,0.53386956,Moderate
SLD02489,10.472278,77.741753,406.5227355957031,32.004654122492525,10.24184577167034,0.341394859055678,6.254444122314453,0.71728125,12.0,18.9,42.2,20.3,21.9,1.27,6.3,0.6774798,High
SLD12435,10.581472,76.867975,255.02639770507807,3.0773937476652526,6.4720480144023895,0.215734933813413,0.6318032741546631,0.7062705882352942,14.0,21.5,41.7,21.1,18.0,1.33,5.8,0.00786349,Low
SLD11658,8.975501,77.53484,119.88565826416016,0.3855723024126244,0.0,0.0,0.0,0.3739904761904761,12.0,26.7,35.4,21.2,14.0,1.4,6.5,0.0015777564,Low
SLD00216,9.66703,77.058442,1085.3209228515625,16.81786232841755,0.3061447739601134,0.0102048257986704,0.1980073750019073,0.7993357142857143,8.0,28.5,35.3,23.9,32.7,1.04,5.3,0.63793236,Moderate
SLD04060,12.83969,75.66936,339.7105712890625,17.64684492197423,0.0,0.0,0.0,0.777021052631579,2.0,28.1,49.1,14.5,27.6,1.15,5.4,0.8908587,High
SLD12895,9.641787,76.508234,27.957170486450195,6.103442887801007,4.565142631530762,0.1521714210510253,4.565142631530762,0.6235866666666666,14.0,21.4,33.6,32.0,23.0,1.23,5.2,0.008317647,Low
SLD09292,14.059698,75.370805,696.800048828125,13.8464906614396,0.0,0.0,0.0,0.7531187500000001,4.0,18.6,39.6,19.1,15.8,1.3,6.0,0.044324327,Low
SLD05648,15.86425,73.966306,408.5623168945313,14.898188285251637,0.5470467358827591,0.0182348911960919,0.0657038167119026,0.7902357142857143,2.0,24.8,33.8,19.4,22.8,1.31,5.6,0.22490498,Low
SLD00891,9.899932,76.969515,593.6221313476562,18.82619653473317,11.05371692031622,0.3684572306772073,5.993414878845215,0.7982444444444444,8.0,24.3,36.3,22.1,26.3,1.14,5.2,0.9791663,High
SLD07500,15.551891,74.477477,676.6516723632812,1.5771871249792375,0.0,0.0,0.0,0.7008823529411765,9.0,16.9,44.7,18.3,13.8,1.32,6.0,0.011568602,Low
SLD00772,9.887905,76.93925,686.7610473632812,25.799748072227384,11.05371692031622,0.3684572306772073,5.993414878845215,0.8117705882352941,8.0,26.3,37.8,22.2,24.4,1.12,5.1,0.99328977,High
SLD04039,12.83,75.635,293.6453552246094,33.10109373366281,0.0,0.0,0.0,0.7701368421052631,2.0,30.5,47.0,13.2,27.9,1.12,5.5,0.8807968,High
SLD02991,11.219444,76.596667,2205.877685546875,24.08761736758392,43.682979479432106,1.4560993159810702,15.397618293762209,0.8036052631578947,2.0,21.3,33.9,27.8,59.0,1.0,5.4,0.87846947,High
SLD13407,13.93352,75.046589,586.8546142578125,0.882310790193161,0.0,0.0,0.0,0.7057357142857142,9.0,14.1,39.5,27.7,18.1,1.27,6.1,0.21378437,Low
SLD13760,9.629413,77.575982,174.72483825683594,0.267834535264557,1.2074722051620483,0.0402490735054016,1.2074722051620483,0.5795238095238096,12.0,21.9,41.4,21.3,20.0,1.35,6.8,0.0016776483,Low
SLD10504,11.208555,77.016293,395.7458190917969,2.7291421577682127,1.5198118016123772,0.0506603933870792,0.6711769104003906,0.5510882352941175,12.0,18.2,45.0,16.4,15.6,1.42,7.4,0.00064245553,Low
SLD09041,13.914245,75.082099,584.6415405273438,2.225617443843876,0.0,0.0,0.0,0.6372,14.0,14.9,45.0,23.8,16.0,1.29,5.9,0.14203188,Low
SLD07874,10.716496,77.324206,331.4559020996094,4.302838529152538,0.0763749331235883,0.0025458311041196,0.0458249598741531,0.5452210526315789,12.0,17.8,44.6,17.5,12.3,1.5,7.1,0.0008119166,Low
SLD10359,10.5689,76.890357,287.7330627441406,0.6769549705821887,2.906523607671261,0.0968841202557087,0.3518746793270111,0.680664705882353,12.0,19.8,47.3,18.5,17.7,1.38,5.8,0.01110935,Low
SLD10927,14.802486,74.30775,569.1253051757812,6.917004226249364,0.8372130710631596,0.0279071023687719,0.0836918875575065,0.8332785714285714,2.0,14.2,47.2,21.8,34.7,1.12,5.6,0.34086046,Moderate
SLD08965,17.214455,73.816984,958.15625,1.914839317033276,1.3658239513169972,0.0455274650438999,0.1347044855356216,0.65073125,9.0,31.5,30.1,20.5,23.5,1.2,5.8,0.02728522,Low
SLD00288,9.788433,77.211174,933.0011596679688,18.198927302130272,0.9804213047027583,0.0326807101567586,0.5882527828216553,0.7892058823529411,8.0,29.1,35.5,25.6,25.2,1.14,5.3,0.8377031,High
SLD07206,15.070321,74.174883,146.93186950683594,9.843003337503646,1.1010226188227523,0.0367007539607584,0.0959011241793632,0.7636866666666666,2.0,17.6,47.1,19.7,27.7,1.19,5.5,0.2549284,Low
SLD10524,11.307759,75.790464,9.77340030670166,8.569334494280245,0.0,0.0,0.0,0.6852133333333333,14.0,27.5,46.9,14.4,21.7,1.18,5.5,0.13501869,Low
SLD04040,12.83015,75.64713,293.2366943359375,40.70479936647656,0.0,0.0,0.0,0.7807235294117647,2.0,30.6,47.1,14.2,26.0,1.1,5.4,0.95998573,High
SLD10653,13.108257,75.195376,246.4205474853516,15.812664298644243,0.0,0.0,0.0,0.8282764705882353,2.0,28.2,48.8,14.9,28.8,1.06,5.5,0.6459323,Moderate
SLD00662,9.876083,76.949719,594.4532470703125,28.192460539875835,11.05371692031622,0.3684572306772073,5.993414878845215,0.8172444444444444,8.0,22.7,39.6,22.4,24.2,1.1,5.1,0.98975885,High
SLD08441,15.204737,74.220225,57.61275100708008,4.366826766915328,0.3179113054648036,0.0105970435154934,0.0357060804963111,0.7607882352941177,8.0,19.1,38.0,19.3,19.2,1.34,5.8,0.06523202,Low
SLD06478,18.151667,73.1675,191.46885681152344,5.171958621252784,0.2449550200253719,0.008165167334179,0.0254473742097616,0.6702588235294117,9.0,24.5,35.3,21.0,20.5,1.38,6.2,0.3423976,Moderate
SLD03851,11.655833,75.843889,243.18850708007807,13.007745646280696,6.037864573299885,0.2012621524433294,0.7027574777603149,0.7675588235294118,8.0,28.6,50.2,12.7,27.3,1.08,5.4,0.8581332,High
SLD02464,10.452069,76.825522,639.4028930664062,22.56029241557936,16.484997525811195,0.5494999175270399,5.300003528594971,0.7027875,4.0,25.5,42.9,18.3,24.0,1.19,5.3,0.79255795,High
SLD05967,17.247,73.444,92.0625228881836,24.90351423318772,0.5387073084712021,0.0179569102823734,0.1215821281075477,0.7541055555555556,9.0,26.0,31.0,25.9,23.3,1.27,6.1,0.6016698,Moderate
SLD13893,18.872906,73.327191,83.63627624511719,18.16204917332827,0.0,0.0,0.0,0.526,12.0,30.9,35.3,20.6,16.4,1.38,6.3,0.75751466,High
SLD01159,9.991283,77.174729,1057.749267578125,25.066243253269885,1.0370100205764174,0.0345670006858805,0.593285322189331,0.8319266666666666,8.0,30.5,33.1,25.7,30.8,1.06,5.2,0.93432605,High
SLD02364,10.367822,77.756367,1164.7825927734375,22.10907580401362,12.309891909360886,0.4103297303120295,8.111344337463379,0.8624647058823529,2.0,26.8,36.8,19.7,44.0,1.01,5.7,0.6967779,High
SLD03608,11.518056,75.983056,300.8244323730469,15.7759507334293,0.2793131172657013,0.00931043724219,0.2793131172657013,0.8265916666666667,8.0,28.7,47.9,14.0,29.1,1.09,5.4,0.7102086,High
SLD00679,9.878944,76.941285,665.6714477539062,26.614589344778988,11.05371692031622,0.3684572306772073,5.993414878845215,0.8543375,2.0,27.6,38.2,21.4,27.1,1.09,5.0,0.98899686,High
SLD13721,10.727348,76.471792,120.82186889648438,4.840803352170559,0.0,0.0,0.0,0.7549466666666667,14.0,22.9,48.8,18.3,25.1,1.14,5.4,0.05865021,Low
SLD00417,9.85097,76.945232,815.715087890625,25.11804092496978,5.661683797836304,0.1887227932612101,2.472575664520264,0.7977923076923077,8.0,26.0,37.3,23.3,23.8,1.06,5.1,0.9727519,High
SLD03995,11.902147,75.846008,332.34014892578125,24.85490288899475,2.472081463783979,0.0824027154594659,0.13706836104393,0.8084882352941176,8.0,31.0,46.6,14.3,29.9,1.09,5.4,0.9198725,High
SLD13998,11.67531,75.622057,50.95603561401367,9.05163455720534,0.0,0.0,0.0,0.7447615384615385,8.0,27.3,44.9,17.6,24.8,1.23,5.4,0.11756471,Low
SLD08821,12.409325,76.136706,894.77978515625,10.909706916131748,0.0,0.0,0.0,0.550778947368421,12.0,24.8,44.5,16.9,12.2,1.32,6.4,0.0100134425,Low
SLD00061,9.041661,77.078336,449.2240295410156,35.490155834279484,5.182170122861862,0.1727390040953954,0.4953339993953705,0.8394066666666667,2.0,21.0,34.7,27.0,33.8,1.15,5.1,0.36038604,Moderate
SLD10023,18.241009,73.509506,352.1168212890625,0.2105547696199503,0.0789979182718525,0.002633263942395,0.0789227709174156,0.5767944444444445,14.0,30.6,30.1,23.9,19.8,1.33,6.0,0.7793045,High
SLD10625,13.126623,75.109223,111.19281768798828,8.766114018717634,0.0,0.0,0.0,0.7566466666666667,8.0,26.5,47.3,14.5,16.9,1.22,5.5,0.19345777,Low
SLD00740,9.885613,76.933776,730.8571166992188,12.448030537898443,11.05371692031622,0.3684572306772073,5.993414878845215,0.7916157894736842,8.0,27.9,36.8,23.2,27.4,1.1,5.1,0.98854524,High
SLD04749,13.72,74.98,354.98858642578125,20.90594512512241,0.0,0.0,0.0,0.8431,2.0,17.5,48.9,19.6,25.4,1.17,5.4,0.5596883,Moderate
SLD10319,9.744808,76.709383,71.34539794921875,2.212183609827591,0.0,0.0,0.0,0.7647882352941177,8.0,25.2,39.8,25.0,26.6,1.18,5.3,0.018284706,Low
SLD10644,16.923176,73.585579,80.1130142211914,5.6431550406719,0.7980767823755733,0.0266025594125191,0.1086560413241386,0.5857470588235295,9.0,26.2,29.6,21.7,17.0,1.37,6.0,0.029343875,Low
SLD10316,10.46789,77.725262,409.1341552734375,27.818169420397567,10.24184577167034,0.341394859055678,6.254444122314453,0.6987555555555556,12.0,17.6,48.0,17.1,22.9,1.28,6.6,0.30056542,Low
SLD10383,11.587436,75.94361,1056.89111328125,17.684510283148203,6.758015915751457,0.2252671971917152,2.402118682861328,0.81524375,2.0,31.2,41.0,17.5,30.0,1.04,5.3,0.5678331,Moderate
SLD05637,15.840889,73.928556,114.44398498535156,24.679356394091585,0.5470467358827591,0.0182348911960919,0.0657038167119026,0.7602866666666668,2.0,24.5,34.8,21.4,22.4,1.29,5.5,0.36299527,Moderate
SLD09895,13.062795,75.388911,251.6415863037109,12.902944599307943,0.0,0.0,0.0,0.8193,2.0,24.8,50.3,16.7,29.0,1.14,5.4,0.64895904,Moderate
SLD00803,9.889611,76.930244,752.1055297851562,23.816868026497048,11.05371692031622,0.3684572306772073,5.993414878845215,0.7837526315789474,8.0,27.7,37.4,23.9,25.9,1.08,5.1,0.98141474,High
SLD00404,9.8494,76.960355,672.8247680664062,23.330344102506896,5.661683797836304,0.1887227932612101,2.472575664520264,0.716735,8.0,27.2,38.2,21.9,27.8,1.09,5.2,0.9886553,High
SLD05623,15.812083,73.970278,133.10861206054688,23.63433945476341,0.262430356815457,0.0087476785605152,0.0318082682788372,0.8068533333333333,2.0,26.3,33.6,19.0,22.0,1.34,5.5,0.3646055,Moderate
SLD02186,10.293461,76.840075,876.5890502929688,12.90029642177887,8.538408413529396,0.2846136137843132,3.0309925079345703,0.8340083333333332,2.0,25.7,35.4,27.7,31.6,1.04,5.1,0.58592075,Moderate
SLD13416,9.909986,77.377145,360.66412353515625,1.4795318725070457,0.1143533624708652,0.0038117787490288,0.0713941380381584,0.6330863636363636,12.0,21.0,44.7,20.6,18.6,1.37,6.4,0.0013058231,Low
SLD08765,18.019497,74.129395,645.9452514648438,1.6157592252120438,0.1959938756772314,0.006533129189241,0.0385354161262512,0.4269052631578947,12.0,29.1,31.0,19.0,9.4,1.54,7.0,0.00045562413,Low
SLD03878,11.6925,75.806389,129.47412109375,17.12411525962236,6.730328127741814,0.2243442709247271,0.7960466146469116,0.7898222222222223,2.0,27.3,49.5,15.0,27.8,1.13,5.4,0.42107394,Moderate
SLD03481,11.427636,76.384067,558.16748046875,32.66469438421998,4.303420724347234,0.1434473574782411,1.9660700559616089,0.8297222222222222,2.0,26.6,39.0,20.7,30.0,1.1,5.4,0.81394,High
SLD12251,9.412795,76.741161,58.27545547485352,5.680740748902328,0.0,0.0,0.0,0.75624,8.0,22.4,40.5,26.5,26.6,1.2,5.4,0.060969632,Low
SLD07698,11.157955,76.479024,1812.5965576171875,25.914729681171654,20.740393050014973,0.6913464350004991,6.890885829925537,0.8764615384615385,2.0,17.8,35.5,35.7,31.6,0.97,5.3,0.6847101,High
SLD00411,9.850162,76.96138,660.03173828125,29.466370038430263,5.661683797836304,0.1887227932612101,2.472575664520264,0.7742444444444444,8.0,26.7,37.1,21.6,24.1,1.1,5.2,0.99252665,High
SLD00735,9.884641,76.942413,680.4137573242188,24.96286112806668,11.05371692031622,0.3684572306772073,5.993414878845215,0.8172941176470588,8.0,26.7,37.5,22.2,24.4,1.12,5.1,0.99365026,High
SLD05626,15.816528,73.976167,195.4738006591797,16.759566798170614,0.519282734021544,0.0173094244673848,0.0580080561339855,0.8221533333333333,2.0,23.8,34.8,21.4,23.0,1.3,5.7,0.41201612,Moderate
SLD05651,15.866139,73.975,403.2180786132813,13.121724394712388,0.5470467358827591,0.0182348911960919,0.0657038167119026,0.730725,8.0,21.9,34.3,24.0,22.5,1.3,5.6,0.29412755,Low
SLD01482,10.045336,77.295475,672.349365234375,17.87448177149985,0.2914152443408966,0.0097138414780298,0.2914152443408966,0.7202571428571429,12.0,22.4,39.1,20.3,30.9,1.26,6.1,0.92017543,High
SLD02456,10.439167,77.013056,761.1446533203125,31.74535944492075,11.620632963255048,0.3873544321085015,7.967309474945068,0.7235285714285714,8.0,29.4,34.9,27.1,25.6,1.14,5.5,0.95039326,High
SLD10205,15.564399,74.477599,655.6551513671875,1.747354509822689,0.0,0.0,0.0,0.5643882352941176,12.0,19.1,37.5,18.8,15.4,1.37,6.3,0.0049559935,Low
SLD02750,10.827618,76.776995,207.8241729736328,28.55728933465933,0.0,0.0,0.0,0.6908166666666666,9.0,29.0,41.9,19.0,23.0,1.24,5.8,0.7855951,High
SLD10155,11.113545,75.984452,148.0428466796875,28.57138559452613,1.348410481587052,0.0449470160529017,0.1450247764587402,0.7743866666666667,8.0,27.7,48.2,13.8,26.8,1.16,5.2,0.9007952,High
SLD00805,9.889817,76.950812,674.9385375976562,20.7120063747494,11.05371692031622,0.3684572306772073,5.993414878845215,0.791721052631579,8.0,26.6,35.9,22.8,25.9,1.12,5.1,0.9845051,High
SLD10531,17.465784,73.744512,1003.6753540039062,14.503343938061697,1.7582265064120293,0.0586075502137343,0.4835667610168457,0.77063125,2.0,29.2,29.4,20.6,31.3,1.11,5.6,0.090575576,Low
SLD10709,13.729353,74.887545,140.98126220703125,18.664153441756515,0.0,0.0,0.0,0.8414764705882353,2.0,21.9,46.9,17.9,21.1,1.23,5.4,0.5180995,Moderate
SLD12508,15.425737,74.703443,581.3428344726562,5.150481404137078,0.0,0.0,0.0,0.5869470588235294,12.0,22.5,35.5,15.9,9.9,1.4,6.2,0.0016841936,Low
SLD00412,9.850453,76.939204,857.8226928710938,20.12597698654021,5.661683797836304,0.1887227932612101,2.472575664520264,0.6553500000000001,8.0,26.6,36.8,22.5,29.1,1.1,5.2,0.9512153,High
SLD09905,12.736177,75.207275,115.17953491210938,4.881682348069767,0.0,0.0,0.0,0.76180625,14.0,24.4,50.6,14.5,21.0,1.16,5.5,0.12247562,Low
SLD10575,10.706972,77.349428,349.5810546875,0.7582966696521988,0.0,0.0,0.0,0.4617764705882353,12.0,16.4,44.6,18.6,12.2,1.5,7.2,0.00028504006,Low
SLD06714,18.4,73.51,758.649169921875,17.797923623665618,0.0,0.0,0.0,0.6132294117647059,9.0,31.7,26.2,21.4,23.7,1.3,6.2,0.81821406,High
SLD04769,13.73,75.44,638.5036010742188,9.25530969343036,0.0,0.0,0.0,0.7955266666666667,2.0,19.6,46.4,18.6,19.2,1.27,5.7,0.2855843,Low
SLD03867,11.678889,75.893056,1070.2666015625,25.72837921352144,7.140319980680943,0.238010666022698,0.7390426397323608,0.8200071428571428,2.0,28.9,42.1,17.8,33.1,1.02,5.3,0.624241,Moderate
SLD12807,9.60723,77.027756,848.326171875,18.7157778408009,0.4641383923590183,0.0154712797453006,0.2319726198911667,0.7465642857142857,8.0,31.5,38.2,18.9,30.4,1.18,5.3,0.85007143,High
SLD05073,14.114,74.976431,590.0482177734375,15.306956453346778,0.0,0.0,0.0,0.6473105263157894,9.0,16.0,47.9,21.6,17.9,1.3,6.2,0.44704238,Moderate
SLD00529,9.860952,76.962091,612.2977294921875,24.462280164917303,5.661683797836304,0.1887227932612101,2.472575664520264,0.76700625,8.0,26.4,35.8,23.7,29.1,1.16,5.2,0.9896096,High
SLD05666,15.933917,73.981194,567.2920532226562,26.221398410800703,0.5232527200132597,0.0174417573337753,0.0587776564061641,0.8473823529411765,2.0,29.0,32.6,18.6,29.0,1.15,5.4,0.47886184,Moderate
SLD00435,9.853401,76.945411,811.2094116210938,20.29645418387322,5.661683797836304,0.1887227932612101,2.472575664520264,0.7716692307692308,8.0,26.6,37.0,22.9,27.8,1.08,5.3,0.9420495,High
SLD06566,18.36,73.52,714.0410766601562,31.415955142767785,0.0590031519532203,0.001966771731774,0.0590031519532203,0.666925,4.0,33.9,26.5,21.5,22.4,1.34,6.1,0.58805585,Moderate
SLD07037,11.978166,75.806088,96.82633209228516,1.4115037580839962,3.1087717413902283,0.1036257247130076,0.2133808135986328,0.839785,8.0,25.3,49.0,16.5,23.0,1.16,5.4,0.0041003944,Low
SLD02491,10.479217,76.323517,110.72738647460938,22.5286177446433,0.0,0.0,0.0,0.8095466666666666,8.0,25.3,44.8,16.5,23.0,1.1,5.2,0.82579833,High
SLD04563,13.355999,75.358491,692.9541015625,8.202814447250136,0.997894832398742,0.033263161079958,0.1268111765384674,0.7671705882352942,8.0,26.5,45.1,15.3,28.1,1.14,5.4,0.5912862,Moderate
SLD11589,11.119152,75.880171,24.20859146118164,3.4130208635382924,0.0,0.0,0.0,0.7397875,14.0,26.7,54.7,13.0,26.8,1.25,5.4,0.050973915,Low
SLD06825,13.381445,75.713611,1483.939208984375,15.04134651367962,6.105696335434914,0.2035232111811638,1.049048900604248,0.7321428571428571,8.0,26.9,37.7,23.5,29.8,1.03,5.6,0.75930023,High
SLD00568,9.867157,76.962939,607.8761596679688,23.244144598194225,5.661683797836304,0.1887227932612101,2.472575664520264,0.8088333333333333,8.0,27.1,38.6,24.0,24.4,1.14,5.1,0.99024475,High
SLD13632,17.251024,73.461135,12.857586860656738,7.1643956594596006,0.5387073084712021,0.0179569102823734,0.1215821281075477,0.60761875,9.0,27.6,30.6,25.0,19.8,1.33,6.1,0.37106586,Moderate
SLD05130,14.238533,74.449397,21.91120338439941,24.548209578053584,0.0,0.0,0.0,0.665375,8.0,28.0,34.7,19.1,22.7,1.18,6.0,0.80400354,High
SLD05549,15.410917,74.2635,383.0866088867188,25.844063888036835,0.0309270760044455,0.0010309025334815,0.0061854152008891,0.8286285714285714,2.0,20.3,40.0,22.2,22.8,1.29,5.6,0.553642,Moderate
SLD02949,11.123769,76.551275,1262.364501953125,17.959583424948384,13.936756359413266,0.4645585453137755,4.761031150817871,0.85931875,2.0,21.1,38.2,31.7,29.9,1.08,5.4,0.6470584,Moderate
SLD09055,10.710928,77.370922,341.2778015136719,1.96236158053717,0.0,0.0,0.0,0.4625944444444445,12.0,18.4,41.9,17.8,14.0,1.46,7.2,0.00028697634,Low
SLD07178,16.752417,74.330572,569.81005859375,1.64628472659396,0.239631105214357,0.0079877035071452,0.0479262210428714,0.4418411764705882,9.0,0.0,0.0,0.0,0.0,0.0,0.0,0.0053182556,Low
SLD10482,11.06271,77.390226,329.1112670898437,1.0928865360539013,0.3463221713900565,0.0115440723796685,0.0692644342780113,0.4714,12.0,17.1,42.1,21.2,15.8,1.42,7.6,0.0005791597,Low
SLD04477,13.189503,75.309979,829.2607421875,20.66537701362757,0.7074799388647075,0.0235826646288235,0.1008626371622085,0.7752944444444444,8.0,30.5,43.3,15.8,30.4,1.09,5.4,0.9530711,High
SLD05178,14.286172,74.448842,23.50899124145508,14.926935868644597,0.0,0.0,0.0,0.6002588235294117,9.0,0.0,0.0,0.0,0.0,0.0,0.0,0.62401605,Moderate
SLD02415,10.407583,77.046111,1083.7359619140625,35.17534515621622,17.28021264076233,0.576007088025411,6.620239734649658,0.7526166666666666,2.0,27.7,31.2,28.5,32.2,1.05,5.4,0.6269329,Moderate
SLD13418,12.316908,76.037299,883.5665893554688,1.3474830054582174,0.0,0.0,0.0,0.58921875,12.0,22.8,38.7,22.1,12.9,1.25,6.0,0.004863211,Low
SLD04010,11.918083,76.016539,1048.298583984375,23.869953188353893,0.0,0.0,0.0,0.7857411764705882,2.0,26.9,37.6,22.9,31.1,1.04,5.4,0.8430368,High
SLD09790,15.007664,75.228901,601.3495483398438,0.995405223869387,0.0,0.0,0.0,0.4799588235294117,12.0,27.3,35.6,24.3,10.0,1.44,6.8,0.0014997685,Low
SLD10280,18.016973,73.24935,361.4528503417969,16.040117800344404,0.1904729194939135,0.0063490973164637,0.0361266881227493,0.5387466666666667,12.0,22.2,34.8,21.1,18.8,1.38,5.9,0.69566566,High
SLD06272,17.895722,73.43802778,311.0284423828125,23.63676045012761,0.8707084320485581,0.0290236144016186,0.0965048223733902,0.6216176470588236,9.0,35.4,30.1,21.1,22.8,1.37,6.1,0.54511,Moderate
SLD00870,9.896606,76.967872,608.21240234375,25.30989344083425,11.05371692031622,0.3684572306772073,5.993414878845215,0.8263166666666666,8.0,25.6,39.0,22.5,31.0,1.12,5.2,0.9876622,High
SLD08556,10.986599,77.012573,388.9146728515625,0.108655287412549,0.0,0.0,0.0,0.7183333333333334,12.0,18.0,49.1,15.7,15.8,1.46,6.6,0.0075219846,Low
SLD05125,14.236778,74.446892,31.82319450378418,21.912979856684125,0.0,0.0,0.0,0.62394375,10.0,27.6,40.6,18.0,23.1,1.2,5.6,0.8083307,High
SLD11682,16.707302,74.313706,548.0872802734375,0.8550314520801034,0.141615672037005,0.0047205224012335,0.028323134407401,0.4629235294117647,12.0,20.9,38.7,16.7,10.7,1.44,6.5,0.0004236157,Low
SLD02446,10.428444,77.022111,769.0,5.20669758490559,11.620632963255048,0.3873544321085015,7.967309474945068,0.7031000000000001,2.0,28.9,35.4,25.0,30.9,1.1,5.5,0.2762095,Low
SLD13904,17.863341,73.866466,739.387451171875,3.3012253267917946,0.6757201952859754,0.0225240065095325,0.0747595876455307,0.5259368421052631,12.0,34.3,29.4,22.6,13.8,1.39,6.5,0.014112618,Low
SLD11315,12.915472,74.922737,14.443151473999023,3.2840115387850624,0.0,0.0,0.0,0.6477538461538461,14.0,35.2,48.0,10.4,21.6,1.29,5.9,0.1627964,Low
SLD02450,10.436056,77.01075,841.6253051757812,28.004943002275976,11.620632963255048,0.3873544321085015,7.967309474945068,0.76342,2.0,27.8,35.7,26.2,26.4,1.14,5.4,0.7024817,High
SLD10485,12.693495,75.021776,155.66395568847656,21.47619289806204,0.0,0.0,0.0,0.7601307692307693,14.0,27.2,50.6,13.1,24.4,1.2,5.6,0.8993184,High
SLD09728,8.663844,77.214844,1326.8001708984375,4.500137738025438,14.773524165153503,0.4924508055051168,5.672884464263916,0.7831333333333333,8.0,28.3,31.6,25.6,33.1,1.05,5.3,0.44309667,Moderate
SLD13828,17.222305,73.840239,1044.9085693359375,1.623966842556171,1.5708705438300965,0.0523623514610032,0.1632600277662277,0.7254437499999999,9.0,20.3,35.3,21.1,20.2,1.25,5.9,0.02232792,Low
SLD03689,11.544722,75.936667,815.8027954101562,9.960015381178495,4.871558889746666,0.1623852963248888,2.9305312633514404,0.8450666666666666,2.0,30.5,43.0,15.9,32.9,1.04,5.4,0.69553196,High
SLD12713,18.111452,73.17748,237.41265869140625,3.3650400313554627,0.052689616568386,0.0017563205522795,0.005767224356532,0.4991642857142856,10.0,23.9,37.8,18.9,16.7,1.44,6.0,0.08258057,Low
SLD04003,11.910208,75.861494,461.6324768066406,27.85889985773081,2.472081463783979,0.0824027154594659,0.13706836104393,0.8280294117647058,2.0,29.5,48.2,14.9,27.8,1.06,5.4,0.9060335,High
SLD09763,17.82758,73.838564,827.2950439453125,2.6308488686805016,0.6757201952859754,0.0225240065095325,0.0747595876455307,0.4317,12.0,28.4,29.2,24.7,21.1,1.34,6.2,0.41811925,Moderate
SLD04756,13.72,74.99,484.4354248046875,26.61904595605825,0.0,0.0,0.0,0.8333857142857143,2.0,19.5,46.4,20.4,35.1,1.13,5.6,0.53386956,Moderate
SLD06236,17.818086,73.841804,1061.5706787109375,28.14364950563531,0.8481379318982355,0.0282712643966078,0.0764783769845962,0.576725,14.0,26.5,28.8,28.4,22.0,1.3,6.2,0.9708701,High
SLD05129,14.238522,74.448597,17.527057647705078,24.585968057134863,0.0,0.0,0.0,0.665375,8.0,28.0,34.7,19.1,22.7,1.18,6.0,0.7989695,High
SLD05663,15.912194,73.945028,206.77926635742188,8.699900730304178,0.9149107430130232,0.0304970247671007,0.0896858870983123,0.8157055555555556,2.0,26.2,35.3,19.7,22.0,1.34,5.4,0.11370341,Low
SLD05667,15.934972,73.990139,629.3751220703125,53.28042254026126,0.5232527200132597,0.0174417573337753,0.0587776564061641,0.82458125,2.0,28.4,33.2,17.8,24.1,1.22,5.6,0.501798,Moderate
SLD07803,17.971331,73.359988,147.5532684326172,10.85341691150257,0.6400961647741492,0.0213365388258049,0.1319797337055206,0.6446705882352941,12.0,36.4,27.3,21.1,22.9,1.3,5.9,0.16236219,Low
SLD05132,14.238939,74.457739,31.043907165527344,19.76385607812144,0.0,0.0,0.0,0.5956526315789473,10.0,25.3,43.5,18.1,20.3,1.2,5.7,0.7942179,High
SLD00051,8.984972,77.160667,329.6439819335937,31.85149668069063,3.878592945635319,0.1292864315211773,2.33219051361084,0.7651833333333333,8.0,30.0,39.9,20.2,29.1,1.18,5.4,0.87265295,High
SLD13932,12.435107,76.149104,875.1288452148438,4.094242506693696,0.0,0.0,0.0,0.5223263157894736,12.0,26.9,41.6,17.9,10.4,1.33,6.7,0.0014659767,Low
SLD00829,9.892362,76.971822,569.6853637695312,17.375399142359736,11.05371692031622,0.3684572306772073,5.993414878845215,0.7051722222222222,8.0,27.5,39.9,21.7,31.0,1.15,5.3,0.97171766,High
SLD05833,16.949944,73.942333,697.3386840820312,22.86128050794538,1.2752090394496916,0.0425069679816563,0.1657060384750366,0.4958411764705882,12.0,17.8,36.8,23.1,18.0,1.33,6.2,0.7528214,High
SLD07722,12.814002,75.66128,716.9263305664062,19.72920309072848,0.0,0.0,0.0,0.7918866666666666,2.0,30.0,41.3,17.3,27.9,1.07,5.4,0.8382403,High
SLD09574,9.440399,77.780307,108.74011993408205,0.459427882761925,0.0,0.0,0.0,0.441005,13.0,30.0,39.5,19.3,14.1,1.54,7.7,0.00031006878,Low
SLD08423,19.26506,74.049904,1001.224853515625,19.3906618805605,0.5588791822083286,0.0186293060736109,0.0482601150870323,0.3968,12.0,36.3,21.3,26.2,18.0,1.48,6.6,0.8677008,High
SLD11572,16.150396,73.45155,10.28121280670166,3.1197220646400776,0.0586910219863055,0.0019563673995435,0.0117382043972611,0.6548,10.0,0.0,0.0,0.0,0.0,0.0,0.0,0.1525996,Low
SLD13850,12.546023,75.021356,21.2420597076416,6.18531141912445,0.0,0.0,0.0,0.7838533333333333,14.0,29.7,48.0,11.3,25.8,1.16,5.6,0.074076585,Low
SLD13881,12.428276,76.527124,748.0,0.0,0.0,0.0,0.0,0.4962222222222222,12.0,25.3,37.3,21.7,20.4,1.32,7.4,0.0031643333,Low
SLD11626,10.968671,75.986953,27.25760841369629,4.391293922776787,1.2851694505661715,0.042838981685539,0.1120485886931419,0.7711,14.0,24.1,47.6,17.1,22.9,1.27,5.3,0.020145211,Low
SLD04013,12.69,75.07,134.8104705810547,18.906527473367284,0.0,0.0,0.0,0.7746285714285713,14.0,25.4,50.1,15.8,28.3,1.14,5.5,0.88865435,High
SLD14021,14.779404,74.384751,84.9065933227539,6.047331854573063,2.73106244392693,0.0910354147975643,0.1540513932704925,0.829125,2.0,15.8,45.0,21.3,23.7,1.27,5.6,0.045454677,Low
SLD07405,12.456824,76.361464,774.4991455078125,0.5094070170134701,0.0,0.0,0.0,0.5613941176470588,12.0,28.8,41.1,19.3,12.9,1.35,6.8,0.0036608723,Low
SLD00584,9.869201,76.945649,817.317138671875,26.98953548884989,5.661683797836304,0.1887227932612101,2.472575664520264,0.8129411764705883,8.0,28.4,36.3,25.6,27.8,1.06,5.1,0.99395037,High
SLD09731,18.241881,74.046996,916.9994506835938,27.71178718388676,0.091467825695872,0.0030489275231957,0.0182935651391744,0.4697368421052632,12.0,28.1,31.3,19.3,14.6,1.42,6.7,0.9850026,High
SLD00763,9.887022,76.940321,669.73388671875,13.621746842199588,11.05371692031622,0.3684572306772073,5.993414878845215,0.832,8.0,26.3,37.8,22.2,24.4,1.12,5.1,0.98855907,High
SLD13581,12.15428,76.725551,651.6874389648438,0.4830694586460941,0.0,0.0,0.0,0.5497222222222222,12.0,27.6,32.1,19.9,10.3,1.4,6.6,0.001422082,Low
SLD08109,17.41847,73.7913,908.4734497070312,15.804846997345422,1.4529726858017964,0.0484324228600598,0.1451542228460312,0.713175,9.0,31.8,29.8,19.5,20.4,1.34,6.3,0.30680242,Low
SLD01327,10.02,77.25,1418.8123779296875,40.35580543550033,4.766331918537617,0.1588777306179205,2.1873443126678467,0.8192785714285714,2.0,27.3,32.6,25.8,40.8,1.04,5.2,0.8158216,High
SLD00687,9.879456,76.946448,657.9235229492188,26.725133238624124,11.05371692031622,0.3684572306772073,5.993414878845215,0.8459588235294118,8.0,28.6,37.0,22.0,26.4,1.09,5.0,0.9978446,High
SLD08506,11.661809,75.885767,739.352783203125,32.113357085471826,6.106640920042992,0.2035546973347664,0.6601118445396423,0.8219076923076923,2.0,31.1,42.8,15.5,31.1,1.06,5.3,0.3692632,Moderate
SLD09933,14.947092,75.214177,599.9476318359375,0.9483738377544004,0.0,0.0,0.0,0.5375333333333334,12.0,30.5,35.9,20.9,14.1,1.38,6.6,0.003256193,Low
SLD06473,18.1468,73.22605,167.79132080078125,28.09806263323929,0.047852019779384,0.0015950673259794,0.0095704039558768,0.59966,9.0,24.3,38.5,16.8,17.9,1.36,6.1,0.76130825,High
SLD00593,9.870606,76.930808,838.9884033203125,17.324886586592715,5.661683797836304,0.1887227932612101,2.472575664520264,0.8529800000000001,2.0,28.7,34.5,24.2,27.0,1.08,5.1,0.777003,High
SLD06972,18.408972,73.52738056,1061.8031005859375,14.414671580126164,0.0,0.0,0.0,0.6785117647058824,9.0,35.9,26.6,17.6,24.4,1.27,5.6,0.7280815,High
SLD09654,17.352782,73.708043,948.1921997070312,8.080385036258281,1.300674681551754,0.0433558227183918,0.1187146082520484,0.75220625,9.0,28.5,29.3,21.6,22.7,1.23,5.6,0.014815473,Low
SLD12311,14.556686,75.005526,571.5617065429688,2.728586704435735,0.0,0.0,0.0,0.7457866666666667,9.0,16.0,46.9,19.3,13.3,1.3,5.8,0.06939804,Low
SLD00890,9.898434,76.930077,742.6482543945312,13.230000737021696,11.05371692031622,0.3684572306772073,5.993414878845215,0.75485625,8.0,27.2,35.2,25.6,28.6,1.1,5.3,0.9602156,High
SLD09554,15.055972,74.167004,398.9847717285156,30.7321789010733,1.1010226188227523,0.0367007539607584,0.0959011241793632,0.8068285714285715,2.0,16.6,46.9,17.3,30.8,1.15,5.6,0.7474408,High
SLD09132,17.517474,73.356788,195.7250518798828,5.106605867308395,0.266569685190916,0.0088856561730305,0.0533139370381832,0.6001333333333334,9.0,25.5,34.0,23.4,18.5,1.38,6.1,0.17136897,Low
SLD05571,15.423686,74.279558,629.2100830078125,18.41440951513657,0.4415894113481041,0.0147196470449368,0.0367128178477287,0.8153357142857143,8.0,18.4,40.7,24.0,22.3,1.23,5.5,0.8186163,High
SLD00482,9.857204,76.966152,583.8323364257812,26.26032414639219,5.661683797836304,0.1887227932612101,2.472575664520264,0.6796555555555556,8.0,25.6,36.0,22.9,26.1,1.15,5.4,0.9893945,High
SLD00601,9.871007,76.939607,750.7291870117188,29.879153973682257,5.661683797836304,0.1887227932612101,2.472575664520264,0.7941875,8.0,28.5,35.9,24.0,28.2,1.04,5.2,0.9866208,High
SLD10367,11.765792,76.144746,810.7664794921875,5.160827971664241,0.0,0.0,0.0,0.8035941176470588,8.0,24.1,42.7,21.3,23.0,1.18,5.4,0.12652925,Low
SLD12388,8.56408,76.970916,95.95455932617188,2.7439007922894594,0.0,0.0,0.0,0.7250176470588235,14.0,34.3,34.8,20.5,25.2,1.29,5.4,0.1632398,Low
SLD05734,16.378,73.857,528.5797119140625,41.291143489021366,0.7704376801848405,0.0256812560061613,0.0799853056669235,0.74609375,2.0,22.7,31.8,21.9,23.0,1.33,5.5,0.5546661,Moderate
SLD13935,14.658393,75.380297,624.7942504882812,1.371500289806325,0.0,0.0,0.0,0.4416578947368421,12.0,31.0,33.0,24.7,10.9,1.4,7.2,0.002118625,Low
SLD01030,9.93918,77.106391,783.8445434570312,18.679999000923765,0.5576421022415161,0.0185880700747172,0.5576421022415161,0.7497611111111111,8.0,34.3,32.8,22.8,29.0,1.14,5.3,0.9629993,High
SLD00817,9.890661,76.950352,674.8079833984375,15.81257455926251,11.05371692031622,0.3684572306772073,5.993414878845215,0.791721052631579,8.0,28.1,35.5,21.9,26.4,1.1,5.1,0.98507327,High
SLD13464,14.087833,75.373107,647.3342895507812,2.407143582046046,0.0,0.0,0.0,0.69406875,4.0,21.3,40.6,18.1,15.1,1.33,5.9,0.0026498693,Low
SLD07522,9.77365,76.748811,75.05303192138672,1.1033252700292362,0.7326667415909464,0.0244222247196982,0.3556261658668518,0.8064588235294118,8.0,25.8,41.6,18.1,23.6,1.15,5.3,0.018971862,Low
SLD00837,9.893219,76.973641,561.5123291015625,20.87640070683553,11.05371692031622,0.3684572306772073,5.993414878845215,0.7051722222222222,8.0,25.4,37.9,21.9,27.1,1.12,5.2,0.9728169,High
SLD01068,9.958791,77.125526,904.7053833007812,26.649581732826483,0.4250239729881285,0.0141674657662709,0.2333464920520782,0.8399176470588235,2.0,31.9,31.8,25.6,26.1,1.1,5.2,0.89584047,High
SLD13148,13.224367,75.081819,75.97349548339844,4.11018427479746,0.0,0.0,0.0,0.7283823529411765,9.0,27.4,45.5,15.0,18.0,1.3,5.7,0.03214876,Low
SLD12203,15.447921,74.213579,111.85432434082033,1.6783727785984175,0.06666112691164,0.0022220375637213,0.013332225382328,0.7723071428571429,2.0,19.6,39.0,21.3,18.0,1.31,5.6,0.012078414,Low
SLD09471,9.573387,77.76774,113.28569793701172,0.5213611704073955,0.0,0.0,0.0,0.3847,14.0,31.1,38.9,17.7,20.5,1.42,7.6,0.0013673914,Low
SLD12725,13.752316,74.986241,681.0491333007812,3.66253976985252,0.0,0.0,0.0,0.8357857142857144,2.0,16.8,44.3,22.0,26.1,1.14,5.4,0.25074992,Low
SLD12459,18.445355,73.584713,631.0381469726562,4.829801450690117,0.0,0.0,0.0,0.5436277777777777,12.0,34.9,26.4,20.2,17.2,1.37,6.3,0.15674125,Low
SLD02754,10.833465,76.774026,279.81689453125,28.24921622413885,1.386500194203108,0.0462166731401036,0.1780505180358886,0.65085625,9.0,23.3,43.8,20.7,26.1,1.25,5.5,0.80769837,High
SLD11120,16.219512,73.622714,93.89222717285156,16.26847468630469,0.004840513283852,0.000161350442795,0.0009681026567704,0.7525933333333333,9.0,26.3,31.9,20.7,19.9,1.35,5.8,0.39296824,Moderate
SLD09024,11.308587,75.792916,25.884126663208008,5.68917014339161,0.0,0.0,0.0,0.7175214285714286,14.0,27.1,48.0,14.5,23.0,1.23,5.5,0.052974667,Low
SLD06228,17.803478,73.844418,1007.8717651367188,32.83913066119149,0.8481379318982355,0.0282712643966078,0.0764783769845962,0.5185470588235295,12.0,27.5,26.3,28.4,18.6,1.31,6.3,0.9294535,High
SLD11697,9.832932,76.550203,71.73160552978516,16.77432596962105,0.084439218044281,0.002814640601476,0.0168878436088562,0.7973533333333334,8.0,24.0,38.8,21.5,22.0,1.22,5.2,0.27995196,Low
SLD05577,15.430053,74.289003,662.879150390625,4.559564285622539,0.2722822036594149,0.0090760734553138,0.0215797647833824,0.7567428571428572,8.0,25.8,39.4,17.9,24.7,1.24,5.6,0.59318334,Moderate
SLD08801,9.08947,77.426203,175.7897491455078,0.3686018179156896,0.0,0.0,0.0,0.4792857142857142,12.0,20.2,40.0,23.2,26.7,1.31,6.0,0.0031003659,Low
SLD00736,9.884641,76.942413,680.4137573242188,24.96286112806668,11.05371692031622,0.3684572306772073,5.993414878845215,0.8172941176470588,8.0,26.7,37.5,22.2,24.4,1.12,5.1,0.99365026,High
SLD06504,18.25,73.54,830.8065185546875,15.857176842600044,0.1423514906672378,0.0047450496889079,0.0854072868824005,0.5191611111111111,12.0,36.0,27.5,16.3,19.3,1.37,6.3,0.90693605,High
SLD06444,18.079444,73.291111,18.86899948120117,18.86858423249248,0.0286471075378354,0.0009549035845945,0.0057294215075671,0.59580625,12.0,28.7,35.2,21.6,19.0,1.33,6.2,0.71792656,High
SLD09096,13.743898,75.855128,694.8282470703125,3.0197888889643907,0.0,0.0,0.0,0.5945375,12.0,19.7,41.2,18.6,11.6,1.4,6.7,0.0046176324,Low
SLD09416,18.038747,73.298315,47.66072845458984,4.07144113744648,0.0913962553022424,0.003046541843408,0.0176671631634235,0.5794857142857143,9.0,33.3,30.5,17.5,21.2,1.32,6.1,0.17229196,Low
SLD06396,17.94672,73.57492,689.6207885742188,26.963394576445136,1.0488930344581602,0.0349631011486053,0.1217102631926536,0.57586875,9.0,36.6,29.0,18.2,21.9,1.27,5.6,0.43310523,Moderate
SLD09086,17.597039,73.331784,276.6341247558594,15.133493411951536,0.2629484608769415,0.008764948695898,0.0525896921753883,0.6136444444444444,9.0,20.0,36.8,23.4,21.6,1.28,6.0,0.58636534,Moderate
SLD11159,10.057738,77.610229,272.8162841796875,2.996388951355478,0.0,0.0,0.0,0.5224727272727273,12.0,24.5,36.1,18.2,15.8,1.48,7.4,0.0006403658,Low
SLD13858,9.092252,76.916857,110.25592803955078,25.29460457522519,0.0,0.0,0.0,0.7909421052631579,8.0,27.5,34.7,25.3,24.2,1.14,5.3,0.60062695,Moderate
SLD03865,11.673889,75.841667,486.8777465820313,39.24261933438907,6.037864573299885,0.2012621524433294,0.7027574777603149,0.7372125,8.0,29.9,48.0,13.1,32.0,1.08,5.4,0.9395252,High
SLD03494,11.436314,76.391783,611.68505859375,20.02758526004088,4.303420724347234,0.1434473574782411,1.9660700559616089,0.82543125,2.0,26.6,42.5,17.1,30.8,1.05,5.5,0.7908059,High
SLD00654,9.874508,76.977583,633.2265014648438,22.54358421081498,0.5007739737629889,0.0166924657920996,0.1001547947525978,0.81579375,2.0,26.4,39.7,22.6,24.4,1.15,5.3,0.91296947,High
SLD00571,9.867475,76.962613,603.6170654296875,24.14050374583696,5.661683797836304,0.1887227932612101,2.472575664520264,0.8088333333333333,8.0,27.1,38.6,24.0,24.4,1.14,5.1,0.99262905,High
SLD02509,10.484014,77.761886,324.3285827636719,24.42739493876321,5.452560249716044,0.1817520083238681,3.674143075942993,0.5444722222222222,12.0,17.1,44.3,17.9,16.6,1.4,7.4,0.10393655,Low
SLD08412,8.869287,77.669663,85.58587646484375,1.129062161507267,0.0,0.0,0.0,0.4657210526315789,12.0,20.7,36.4,24.5,16.0,1.5,7.1,0.0009821511,Low
SLD14042,15.271296,74.289898,701.979248046875,11.150691558728244,0.3541325801052144,0.0118044193368404,0.051539808511734,0.7774785714285715,2.0,16.9,47.2,19.0,22.6,1.17,5.6,0.36697245,Moderate
SLD07433,14.927427,74.626628,467.94244384765625,13.20375548839398,0.0,0.0,0.0,0.79700625,2.0,16.5,46.9,22.7,22.9,1.19,5.5,0.43783242,Moderate
SLD11959,14.835297,75.023994,593.9683837890625,3.5637913212327605,0.0,0.0,0.0,0.6397444444444444,4.0,15.8,44.9,19.2,13.2,1.3,5.9,0.0037153175,Low
SLD12120,12.613864,75.00975,96.92932891845705,4.763214506986121,0.0,0.0,0.0,0.60759375,14.0,31.2,49.3,11.4,18.1,1.27,5.8,0.06595871,Low
SLD00680,9.878974,76.940757,647.9448852539062,7.111692204682819,11.05371692031622,0.3684572306772073,5.993414878845215,0.8497266666666667,2.0,27.6,38.2,21.4,27.1,1.09,5.0,0.8701378,High
SLD09638,8.827558,76.680068,33.01248550415039,5.441823224767539,0.0,0.0,0.0,0.7397058823529411,14.0,26.6,33.6,24.9,23.5,1.22,5.2,0.0027260869,Low
SLD14056,14.624401,75.165581,535.0,3.804027977345758,0.0,0.0,0.0,0.5850470588235295,12.0,30.9,33.6,21.2,10.0,1.31,6.2,0.005504119,Low
SLD07787,11.506332,76.651968,1734.52783203125,37.288376859786645,10.376742630265651,0.3458914210088551,5.001240253448486,0.6839933333333333,8.0,23.3,37.2,28.3,23.2,1.1,6.1,0.89241344,High
SLD04741,13.72,74.97,181.30702209472656,7.58850498414081,0.0,0.0,0.0,0.82924,2.0,18.9,52.0,18.0,21.4,1.2,5.5,0.21239915,Low
SLD09622,18.423545,73.086324,106.8608627319336,2.047128850909189,0.0,0.0,0.0,0.606864705882353,9.0,32.0,34.8,19.2,13.8,1.4,6.1,0.13357802,Low
SLD10748,11.268472,77.065313,372.5019836425781,2.364876830750284,3.919826552271843,0.1306608850757281,0.5437319874763489,0.4773684210526316,12.0,15.2,50.5,13.3,12.5,1.46,7.8,9.70172e-05,Low
SLD05114,14.230039,74.448117,38.89863204956055,15.455118959719334,0.0,0.0,0.0,0.80500625,8.0,24.5,47.1,17.6,19.1,1.2,6.1,0.6393181,Moderate
SLD08448,12.522331,76.261241,797.8860473632812,0.9976520437341182,0.0,0.0,0.0,0.5850444444444444,12.0,27.4,40.1,17.8,12.9,1.34,7.3,0.0022870132,Low
SLD07540,15.936155,74.344261,690.9082641601562,0.5363267579855345,0.0,0.0,0.0,0.5574529411764706,12.0,19.3,36.6,18.0,12.8,1.33,6.3,0.0017548533,Low
SLD06009,17.368801,73.771862,810.0249633789062,12.187349351157032,1.048842910677193,0.0349614303559064,0.1023841053247451,0.6039666666666667,12.0,31.3,27.7,21.5,19.1,1.22,6.2,0.845219,High
SLD12695,16.7993,74.230867,694.4097290039062,18.326095092237395,0.1082006748765705,0.0036066891625523,0.0216401349753141,0.4751705882352941,12.0,22.7,45.6,15.0,15.5,1.36,6.2,0.30446154,Low
SLD08125,9.209501,76.693639,21.723648071289062,4.414445166085971,0.0,0.0,0.0,0.74734,8.0,26.1,35.6,24.3,25.2,1.19,5.4,0.028393367,Low
SLD03847,11.650278,75.874167,507.3130493164063,13.48174773702396,6.037864573299885,0.2012621524433294,0.7027574777603149,0.81585,2.0,29.3,43.8,13.6,27.8,1.06,5.4,0.76571536,High
SLD00850,9.894011,76.943197,677.3383178710938,17.32276042129754,11.05371692031622,0.3684572306772073,5.993414878845215,0.8093944444444445,8.0,27.3,37.8,22.5,27.0,1.1,5.1,0.9913196,High
SLD00475,9.856677,76.963387,567.69580078125,25.85672943131941,5.661683797836304,0.1887227932612101,2.472575664520264,0.6311842105263158,8.0,24.6,37.8,22.1,26.6,1.2,5.4,0.96304864,High
SLD10996,9.536617,76.501448,0.6481413245201111,0.6665991127261248,0.0,0.0,0.0,0.6817923076923077,8.0,37.5,21.1,22.3,35.6,1.16,5.3,0.00316796,Low
SLD00503,9.85877,76.964138,560.7390747070312,14.33667705040147,5.661683797836304,0.1887227932612101,2.472575664520264,0.69480625,8.0,25.4,35.1,23.0,27.3,1.2,5.3,0.97139364,High
SLD09027,16.908878,74.164721,559.4707641601562,3.150127684089452,0.2302812994457775,0.0076760433148592,0.0298609975725412,0.5333588235294118,12.0,18.2,38.0,18.0,12.0,1.42,6.5,0.0008654448,Low
SLD07909,9.893505,76.569474,25.126991271972656,11.926186131442565,0.0,0.0,0.0,0.7439307692307693,8.0,22.7,39.9,24.6,24.6,1.2,5.2,0.11742554,Low
SLD08580,9.917658,77.799796,192.28201293945312,0.5660448743024467,0.0,0.0,0.0,0.5375954545454545,12.0,21.9,43.6,16.2,14.0,1.56,7.2,0.0002544551,Low
SLD08946,16.28201,74.457382,727.7888793945312,3.297936076624046,0.0,0.0,0.0,0.4594411764705882,12.0,19.5,39.2,19.4,12.4,1.35,6.2,0.036318667,Low
SLD06479,18.1575,73.165833,116.0149383544922,28.626208171050298,0.2449550200253719,0.008165167334179,0.0254473742097616,0.6335666666666667,9.0,29.3,34.8,20.5,17.1,1.38,6.2,0.72504234,High
SLD00424,9.851786,76.944836,826.4071655273438,24.915328578505807,5.661683797836304,0.1887227932612101,2.472575664520264,0.7533538461538462,8.0,26.1,37.4,23.0,26.0,1.06,5.2,0.9619828,High
SLD02956,11.134606,76.527867,977.9055786132812,17.47020459977041,19.65206452086568,0.6550688173621892,8.452533721923828,0.7901894736842106,8.0,28.1,36.7,19.4,27.8,1.1,5.4,0.9782873,High
SLD00554,9.8655,76.952483,635.1865844726562,28.66159512940652,5.661683797836304,0.1887227932612101,2.472575664520264,0.8331875,8.0,29.7,37.0,22.7,27.9,1.12,5.2,0.98391044,High
SLD04739,13.72,74.99,484.4354248046875,26.61904595605825,0.0,0.0,0.0,0.8333857142857143,2.0,19.5,46.4,20.4,35.1,1.13,5.6,0.53386956,Moderate
SLD10922,12.407536,76.559275,753.8663330078125,3.805449651003428,0.0,0.0,0.0,0.4398842105263157,12.0,0.0,0.0,0.0,0.0,0.0,0.0,0.0075619672,Low
SLD04016,12.75,75.2,157.1150665283203,21.330366643060824,0.0,0.0,0.0,0.64770625,14.0,24.9,48.7,16.2,25.6,1.1,5.6,0.7039211,High
SLD09174,14.601074,75.435439,693.103759765625,1.1626535802160558,0.0,0.0,0.0,0.3980117647058824,12.0,33.1,33.2,25.4,10.7,1.4,7.2,0.0032987187,Low
SLD00691,9.879757,76.942803,714.974609375,20.403706763301912,11.05371692031622,0.3684572306772073,5.993414878845215,0.8372333333333333,8.0,28.8,37.8,21.5,27.8,1.07,5.0,0.9971311,High
SLD07008,10.251489,76.850947,361.2604370117188,17.52153746689192,4.729875445365906,0.1576625148455302,1.6771752834320068,0.8368117647058824,2.0,27.1,33.0,23.6,32.0,1.01,5.2,0.7982682,High
SLD04079,12.84544,75.67722,424.029296875,35.84665608756024,0.0,0.0,0.0,0.7900611111111111,2.0,31.2,45.0,13.9,27.8,1.18,5.4,0.8470311,High
SLD00429,9.852183,76.962158,616.3211669921875,29.18236026434268,5.661683797836304,0.1887227932612101,2.472575664520264,0.74895,8.0,25.0,40.1,22.2,25.3,1.1,5.1,0.98967034,High
SLD06517,18.27,73.6,954.5504150390624,26.98734669857459,0.1880379021167755,0.0062679300705591,0.0376075804233551,0.7003235294117647,9.0,29.5,29.7,19.3,22.0,1.28,6.1,0.9564213,High
SLD08196,12.443245,76.330513,813.9256591796875,2.1481018201928457,0.0,0.0,0.0,0.4856833333333333,12.0,27.9,41.8,16.8,10.2,1.34,7.0,0.0007271746,Low
SLD06721,18.41,73.53,1104.4791259765625,11.460922940098165,0.0,0.0,0.0,0.71904375,9.0,32.5,28.0,17.3,22.9,1.25,5.7,0.78083444,High
SLD10439,13.57133,75.60919,824.7144775390625,18.665767786133497,0.530549264512955,0.0176849754837651,0.044127807021141,0.8214928571428571,5.0,26.8,39.4,17.8,27.0,1.1,5.6,0.67135614,High
SLD05685,16.044833,73.977056,371.6070556640625,26.02839207934102,0.378056745976209,0.0126018915325402,0.0499498061835765,0.7455466666666666,9.0,24.3,32.6,21.1,23.0,1.28,6.2,0.7125624,High
SLD11629,15.286374,74.241374,118.32544708251952,7.377370947701314,0.3611413668841121,0.0120380455628037,0.0285489149391651,0.7689307692307692,2.0,22.0,41.5,20.1,20.0,1.27,5.6,0.15915504,Low
SLD06507,18.26,73.53,890.2222900390625,24.21382212706568,0.1423514906672378,0.0047450496889079,0.0854072868824005,0.6635764705882352,9.0,35.5,26.6,20.3,22.9,1.27,6.0,0.7521237,High
SLD02429,10.419278,77.037944,783.4287109375,30.827418418603383,17.28021264076233,0.576007088025411,6.620239734649658,0.6758615384615385,2.0,28.8,31.8,25.4,42.4,1.14,5.6,0.49496514,Moderate
SLD04829,13.84,75.38,848.3595581054688,19.85173797794497,0.0,0.0,0.0,0.804146153846154,2.0,18.8,37.8,25.6,23.3,1.23,5.7,0.8022765,High
SLD12019,14.989913,74.776037,542.787353515625,6.003692625233072,0.0,0.0,0.0,0.7098705882352941,5.0,18.1,44.6,21.3,17.1,1.27,5.6,0.1636729,Low
SLD08494,16.96198,73.390679,140.43063354492188,5.0482838308036415,0.116853071376681,0.0038951023792227,0.0233706142753362,0.4886625,9.0,24.0,30.3,27.0,19.2,1.38,6.1,0.058639918,Low
SLD00726,9.883218,76.944692,684.0626220703125,20.11115695447144,11.05371692031622,0.3684572306772073,5.993414878845215,0.8238055555555556,8.0,27.9,37.3,22.4,25.2,1.12,5.1,0.9957799,High
SLD00693,9.880267,76.942296,719.794189453125,20.65958150348379,11.05371692031622,0.3684572306772073,5.993414878845215,0.8372333333333333,8.0,27.6,38.2,21.4,27.1,1.09,5.0,0.996878,High
SLD09348,10.52419,76.930241,289.7499084472656,1.576158937833003,2.035876551643014,0.0678625517214338,0.7971273064613342,0.6596,12.0,21.2,41.8,19.4,19.4,1.36,6.0,0.027837964,Low
SLD04470,13.172864,75.39403611,1036.4417724609375,26.973236255275623,0.4560489207506176,0.0152016306916872,0.0499099865555763,0.7888437500000001,8.0,28.7,37.5,20.5,31.1,1.06,5.4,0.9619495,High
SLD07873,16.306951,73.892626,296.6671142578125,15.08146473306017,1.074788365513086,0.0358262788504362,0.2178768664598465,0.7905375,2.0,28.6,29.8,21.4,29.7,1.18,5.5,0.34318325,Moderate
SLD08477,15.818302,74.496912,755.4544677734375,2.7006187817302734,0.0,0.0,0.0,0.4241388888888889,12.0,19.3,47.6,14.8,11.2,1.37,6.0,0.0005604303,Low
SLD05557,15.412489,74.267069,497.7129821777344,25.814736373591323,0.0309270760044455,0.0010309025334815,0.0061854152008891,0.8157285714285714,2.0,18.5,41.7,25.0,23.1,1.25,5.6,0.64664465,Moderate
SLD12828,14.956083,75.203314,623.2930908203125,0.5080350978588498,0.0,0.0,0.0,0.4854294117647059,12.0,27.9,35.4,23.7,11.1,1.4,6.5,0.0013599836,Low
SLD04025,12.82864,75.59741,194.7050018310547,24.894302331638137,0.1972854137420649,0.0065761804580688,0.0288667753338813,0.7819055555555555,2.0,24.8,53.7,14.7,24.7,1.18,5.4,0.86653364,High
SLD10118,16.616892,73.398356,19.15997314453125,7.2994519106526035,0.6377302631735795,0.0212576754391193,0.0761677846312522,0.69365,9.0,18.8,38.6,24.0,18.3,1.4,6.2,0.5498179,Moderate
SLD07751,14.779668,75.445694,551.0947265625,1.6154837995431135,0.0,0.0,0.0,0.4612105263157894,12.0,38.8,27.3,28.6,11.3,1.42,7.8,0.0016455451,Low
SLD00880,9.89775,76.929553,749.1484375,21.41576599857417,11.05371692031622,0.3684572306772073,5.993414878845215,0.76695,8.0,27.2,35.2,25.6,28.6,1.1,5.3,0.9854446,High
SLD08674,15.572407,74.179143,225.0669403076172,10.689355169738668,0.388207482174038,0.0129402494058012,0.0354082062840461,0.80231875,2.0,20.9,36.9,21.6,18.3,1.29,5.6,0.17830023,Low
SLD10120,10.386809,77.787397,912.436279296875,40.348361755656825,7.967677097767591,0.265589236592253,4.450710773468018,0.7558777777777778,2.0,24.9,37.5,18.3,38.8,1.08,5.5,0.43808365,Moderate
SLD11880,12.22485,76.231923,798.6858520507812,1.2733792087668152,0.0,0.0,0.0,0.5547842105263158,12.0,25.9,34.7,24.1,12.9,1.31,6.3,0.0020402146,Low
SLD06646,18.38,73.57,672.70751953125,18.561957219944063,0.0,0.0,0.0,0.578225,10.0,37.6,27.2,17.3,31.1,1.3,6.2,0.50708044,Moderate
SLD00842,9.893513,76.951052,712.7850341796875,20.417460665735057,11.05371692031622,0.3684572306772073,5.993414878845215,0.8171823529411765,8.0,28.2,35.4,22.6,27.4,1.12,5.1,0.9838933,High
SLD06032,17.398612,73.774227,678.38232421875,19.77037798601846,1.6593764256685966,0.0553125475222865,0.2876087129116058,0.694375,10.0,0.0,0.0,0.0,0.0,0.0,0.0,0.93081486,High
SLD08218,12.008184,76.504766,682.9925537109375,0.5895624205637696,0.0,0.0,0.0,0.5705235294117648,12.0,26.5,39.8,18.0,13.1,1.3,6.7,0.0020081133,Low
SLD07778,9.977183,77.376467,331.0489196777344,0.6187131373517093,0.0116756204952252,0.0003891873498408,0.0115705924108624,0.5849,14.0,24.2,42.1,15.1,21.0,1.37,6.6,0.0018480029,Low
SLD02454,10.438278,77.011806,715.0645751953125,4.85661500596802,11.620632963255048,0.3873544321085015,7.967309474945068,0.7410285714285714,9.0,29.5,34.8,27.4,27.5,1.15,5.5,0.7672312,High
SLD06872,13.438389,75.25802778,637.39111328125,14.973982405164003,0.0,0.0,0.0,0.6792058823529412,9.0,22.4,43.6,20.9,21.4,1.23,5.3,0.88020676,High
SLD12909,14.72262,74.342732,195.19053649902344,22.04374827787089,0.467672888189554,0.0155890962729851,0.0683610439300537,0.8038285714285714,2.0,20.8,45.7,17.8,21.2,1.27,5.4,0.7023328,High
SLD03405,11.396256,76.226561,173.83021545410156,15.56918221911764,0.0948055684566493,0.0031601856152216,0.0603308156132698,0.803375,8.0,27.1,49.6,16.1,27.5,1.15,5.5,0.8285225,High
SLD03848,11.650556,75.873056,477.5525512695313,8.697063188803076,6.037864573299885,0.2012621524433294,0.7027574777603149,0.82140625,2.0,30.0,44.2,12.6,25.9,1.08,5.4,0.73652875,High
SLD02955,11.134331,76.528272,1007.88134765625,21.708115169090508,19.65206452086568,0.6550688173621892,8.452533721923828,0.7886631578947368,8.0,28.1,36.7,19.4,27.8,1.1,5.4,0.98039675,High
SLD07955,13.482056,75.254444,683.2643432617188,13.42387060102171,0.0,0.0,0.0,0.7189769230769231,2.0,20.7,48.2,18.1,22.8,1.14,5.3,0.6723709,High
SLD07717,18.866383,73.389535,71.41085815429688,1.410272317280691,0.1997982766479252,0.0066599425549308,0.0578415729105472,0.3992111111111111,12.0,33.1,33.5,22.2,13.8,1.4,6.3,0.008651847,Low
SLD08238,9.794187,77.282137,506.9249877929688,3.8346960484704615,0.0,0.0,0.0,0.509575,12.0,27.9,36.3,18.8,21.9,1.37,6.2,0.0123167345,Low
SLD01503,10.05,77.21,1613.7921142578125,32.7351130341117,4.372599385678768,0.1457533128559589,1.9736636877059937,0.7355133333333334,8.0,28.5,31.7,28.5,35.9,1.02,5.4,0.9712252,High
SLD03361,11.37724,76.21258,269.2323303222656,29.268013917068654,3.329736769199372,0.110991225639979,1.3119783401489258,0.7629055555555556,8.0,27.6,51.2,12.2,27.9,1.12,5.4,0.9417608,High
SLD02502,10.481158,77.758258,353.3786926269531,26.49938941368524,5.452560249716044,0.1817520083238681,3.674143075942993,0.6568947368421053,12.0,16.5,42.4,20.3,19.0,1.33,6.8,0.43565285,Moderate
SLD00520,9.860072,76.962541,616.1532592773438,28.55917446153645,5.661683797836304,0.1887227932612101,2.472575664520264,0.69425625,8.0,26.4,35.8,23.7,29.1,1.16,5.2,0.9851562,High
SLD05873,17.025,73.269,7.415322303771973,22.26176583912832,0.0,0.0,0.0,0.6399090909090909,9.0,16.9,36.3,25.5,17.3,1.4,6.3,0.74351686,High
SLD04539,13.237117,75.351554,821.005615234375,9.541029847559765,0.1558067090809345,0.0051935569693644,0.0311613418161869,0.6875588235294118,8.0,24.2,45.1,16.8,26.2,1.16,5.3,0.60240656,Moderate
SLD00653,9.874488,76.950421,582.435546875,14.689729951876092,5.661683797836304,0.1887227932612101,2.472575664520264,0.8363823529411765,8.0,27.8,39.6,21.9,27.8,1.1,5.0,0.9902864,High
SLD07741,11.168714,76.273797,59.53866958618164,9.74418009031797,0.0,0.0,0.0,0.7694055555555556,8.0,24.3,47.2,17.7,21.7,1.14,5.4,0.09183293,Low
SLD11064,8.746625,77.236014,1202.0318603515625,33.3712151004732,25.218259036540985,0.8406086345513661,6.31247615814209,0.85865,8.0,26.9,33.2,26.6,34.5,1.03,5.3,0.6784073,High
SLD11199,9.690907,77.88054,123.8529052734375,0.9955467817140534,0.0,0.0,0.0,0.5583736842105264,12.0,19.3,46.2,13.3,13.2,1.6,7.6,0.00016345816,Low
SLD12409,11.845337,76.432107,766.0335083007812,2.9351621830403167,1.0686616003513336,0.0356220533450444,0.6411969661712646,0.5030749999999999,10.0,28.1,43.9,15.3,15.5,1.27,5.9,0.0061240667,Low
SLD13575,16.220313,74.454854,627.29345703125,0.8580725253011249,0.0,0.0,0.0,0.5439411764705883,12.0,23.9,39.9,15.2,10.0,1.39,6.1,0.0011435646,Low
SLD04065,12.841,75.674,371.8202819824219,22.58649326131072,0.0,0.0,0.0,0.77007,2.0,28.1,49.0,14.1,27.4,1.16,5.4,0.8649642,High
SLD04529,13.226405,75.352974,800.884521484375,21.3374929219843,0.1558067090809345,0.0051935569693644,0.0311613418161869,0.7390125,8.0,23.1,48.1,17.6,27.5,1.1,5.5,0.91782737,High
SLD00043,8.944806,77.147503,417.3028869628906,25.50688767085688,5.285741264000535,0.1761913754666845,1.4874869585037231,0.7829,2.0,28.4,35.3,22.1,32.9,1.11,5.3,0.27109852,Low
SLD07730,10.652736,76.050117,9.631400108337402,11.726220734652037,0.0,0.0,0.0,0.5885625,14.0,24.9,31.0,23.8,26.8,1.15,5.4,0.16867703,Low
SLD12682,16.361395,73.486912,113.6490249633789,1.4514440721770228,0.156920254230499,0.0052306751410166,0.0313840508460998,0.4009529411764706,10.0,18.5,38.2,21.0,14.5,1.44,6.0,0.0038568801,Low
SLD07284,15.431107,74.206607,91.5024642944336,7.508266235518315,0.06666112691164,0.0022220375637213,0.013332225382328,0.76696875,4.0,19.4,39.5,21.0,18.2,1.34,5.6,0.13831963,Low
SLD06450,18.1,73.64,732.0216674804688,14.394438555139304,0.4621774405241005,0.0154059146841366,0.0753201767802238,0.6992529411764705,9.0,34.7,27.7,18.6,19.9,1.37,6.5,0.69871914,High
SLD12625,12.042418,76.286742,734.1130981445312,3.270740354481522,0.0,0.0,0.0,0.5572058823529412,12.0,27.3,39.5,18.6,14.1,1.29,5.9,0.003450597,Low
SLD12103,10.09401,76.735652,59.56450271606445,17.180071825352517,7.625578477978706,0.2541859492659569,2.8144216537475586,0.7217100000000001,8.0,29.5,33.7,22.0,26.8,1.1,5.2,0.8611142,High
SLD11670,17.714548,74.135925,683.7838134765625,1.1087910276047774,0.7324534223880607,0.024415114079602,0.0658746436238288,0.4623529411764706,12.0,33.3,29.7,21.2,10.8,1.44,7.3,0.0047087795,Low
SLD06691,18.39,73.51,637.0,0.0,0.0,0.0,0.0,0.2944470588235294,10.0,0.0,0.0,0.0,0.0,0.0,0.0,0.22643447,Low
SLD10541,13.255569,75.3126,1224.559326171875,20.07053553531251,0.316678024828434,0.0105559341609478,0.0633356049656868,0.6119882352941177,8.0,28.1,40.7,19.7,30.5,1.12,5.6,0.81336886,High
SLD14206,16.253886,73.655574,16.5,11.595489687905756,0.0,0.0,0.0,0.6613733333333334,9.0,26.6,29.5,21.4,18.4,1.36,6.2,0.32004136,Low
SLD00528,9.860874,76.96612,641.8685302734375,19.808357837284497,5.661683797836304,0.1887227932612101,2.472575664520264,0.7866875,8.0,26.7,35.3,23.7,23.9,1.14,5.2,0.9886813,High
SLD09822,12.494891,76.162703,829.9706420898438,2.450054653693846,0.0,0.0,0.0,0.46101875,12.0,28.0,42.4,17.0,11.6,1.38,6.8,0.0019218178,Low
SLD04804,13.8,75.33,662.1332397460938,4.814815891473395,0.0,0.0,0.0,0.7608333333333334,9.0,18.3,50.4,17.4,19.2,1.3,6.1,0.27816346,Low
SLD12558,16.78233,74.205158,588.6484375,2.379052055754208,0.003796481178142,0.0001265493726047,0.0007592962356284,0.601488888888889,12.0,21.8,44.4,14.2,12.8,1.37,6.4,0.0022869208,Low
SLD00640,9.873421,76.939585,710.1024169921875,6.853774724255087,5.661683797836304,0.1887227932612101,2.472575664520264,0.83993125,8.0,28.4,36.2,22.9,27.0,1.06,5.1,0.9496455,High
SLD05953,17.218,73.412,138.0414276123047,22.890553915496543,0.0865068566054105,0.002883561886847,0.0173013713210821,0.6154875,9.0,23.3,34.2,21.5,20.3,1.31,6.2,0.7293054,High
SLD06868,13.310278,75.38277778,1095.0477294921875,17.25187005884349,0.5216920841485261,0.0173897361382842,0.073754608631134,0.7637529411764706,8.0,29.9,38.2,20.2,31.6,1.05,5.4,0.9252408,High
SLD11655,18.885824,73.335093,58.28292465209961,1.46395909949129,0.0,0.0,0.0,0.4172117647058823,12.0,37.8,35.2,20.4,12.4,1.42,6.4,0.038186856,Low
SLD09469,16.247324,74.537432,653.9483032226562,1.0694720327141012,0.0,0.0,0.0,0.5163529411764706,12.0,27.2,37.2,17.7,9.3,1.4,6.4,0.00085249764,Low
SLD06280,17.90114,73.52351,538.867431640625,30.179374832336688,1.157179070287384,0.0385726356762461,0.1200755015015602,0.6918294117647059,9.0,36.9,25.6,18.6,23.1,1.37,5.6,0.50636846,Moderate
SLD10789,10.724818,77.362017,325.9944152832031,2.3357386271556595,0.0,0.0,0.0,0.5280888888888888,12.0,17.2,44.2,17.5,11.2,1.46,7.2,0.0004045027,Low
SLD10559,8.848054,76.639194,15.845096588134766,1.374165605980497,0.0,0.0,0.0,0.6868666666666667,14.0,27.5,34.1,23.0,24.6,1.21,5.2,0.0032347394,Low
SLD03825,11.628889,75.831944,62.14097595214844,7.162803973608854,6.037864573299885,0.2012621524433294,0.7027574777603149,0.7917941176470588,2.0,27.7,49.0,15.0,26.2,1.12,5.4,0.15701467,Low
SLD07105,12.532514,75.016635,46.73213577270508,12.639858401052944,0.0,0.0,0.0,0.5755,14.0,30.3,48.6,11.0,21.1,1.19,5.8,0.21933754,Low
SLD00773,9.887905,76.93925,686.7610473632812,25.799748072227384,11.05371692031622,0.3684572306772073,5.993414878845215,0.8117705882352941,8.0,26.3,37.8,22.2,24.4,1.12,5.1,0.99328977,High
SLD04503,13.209122,75.202078,865.0946655273438,17.801310333380048,4.813479453325272,0.1604493151108424,0.806455671787262,0.7301388888888889,9.0,29.9,42.2,17.1,28.1,1.18,5.4,0.95259005,High
SLD04047,12.83244,75.64711,297.0732421875,36.18311402144053,0.0,0.0,0.0,0.7953117647058824,2.0,30.7,48.6,14.1,27.4,1.1,5.4,0.95631963,High
SLD06414,17.99185,73.57236,258.83941650390625,12.941974704930267,0.7600145228207104,0.025333817427357,0.0966478362679481,0.5583166666666667,12.0,33.1,27.2,20.8,20.8,1.37,6.1,0.57041615,Moderate
SLD06129,17.559,73.362,9.89114475250244,11.937649628516224,0.2670510485768315,0.0089017016192277,0.0534102097153663,0.6810894736842105,9.0,24.8,35.1,22.5,21.6,1.3,5.9,0.62113243,Moderate
SLD04057,12.839,75.66,264.2640380859375,4.603105647154593,0.0,0.0,0.0,0.7769388888888888,2.0,28.6,48.1,14.0,28.0,1.16,5.5,0.835583,High
SLD07661,18.99415,73.124608,14.772090911865234,1.9106914898954777,0.1196817405289037,0.0039893913509634,0.0640541464090347,0.3705066666666666,13.0,0.0,0.0,0.0,0.0,0.0,0.0,0.03583303,Low
SLD05128,14.238231,74.447914,13.46323585510254,13.80430179646881,0.0,0.0,0.0,0.665375,8.0,28.0,34.7,19.1,22.7,1.18,6.0,0.6673385,High
SLD05973,17.273647,73.8575,816.3596801757812,26.090290560753363,1.2559950770810244,0.0418665025693674,0.1265765279531479,0.5619473684210526,12.0,24.7,36.5,16.8,18.0,1.3,6.2,0.85718644,High
SLD10707,12.900503,75.313291,62.38521957397461,2.8200691246865475,0.0,0.0,0.0,0.73046,9.0,22.8,45.3,18.1,18.2,1.27,5.5,0.2888308,Low
SLD12219,18.164099,73.432277,311.9185791015625,8.427456452915251,0.1418643184006213,0.004728810613354,0.0851185917854309,0.6419888888888888,14.0,30.8,30.0,21.3,20.9,1.37,6.1,0.7176651,High
SLD04565,13.362853,75.707381,1179.0341796875,18.61938690808675,0.2397903753444545,0.0079930125114818,0.0349170677363872,0.8087066666666666,2.0,0.0,0.0,0.0,0.0,0.0,0.0,0.5819292,Moderate
SLD12900,9.967754,77.387502,325.5765686035156,0.4799774089027396,0.0,0.0,0.0,0.5351904761904762,12.0,24.2,41.5,16.1,19.3,1.4,6.9,0.0010554082,Low
SLD04138,12.95,75.19,123.60281372070312,4.949909629500485,0.0,0.0,0.0,0.6869625,14.0,28.9,43.6,15.3,21.9,1.22,5.7,0.1419399,Low
SLD07912,9.557557,76.562273,6.968514919281006,3.950605377175949,0.0,0.0,0.0,0.6233923076923078,8.0,25.6,26.6,29.2,30.9,1.2,5.2,0.007710032,Low
SLD08354,10.118572,76.441472,16.825809478759766,3.096354278961661,4.544360637664795,0.1514786879221598,0.908872127532959,0.5337200000000001,14.0,0.0,0.0,0.0,0.0,0.0,0.0,0.34332713,Moderate
SLD04740,13.72,74.97,181.30702209472656,7.58850498414081,0.0,0.0,0.0,0.82924,2.0,18.9,52.0,18.0,21.4,1.2,5.5,0.21239915,Low
SLD07050,14.51691,75.006221,548.2402954101562,0.2053167323059391,0.0,0.0,0.0,0.55212,12.0,13.1,44.7,24.6,10.7,1.4,6.1,0.004630953,Low
SLD10405,12.676591,75.02452,210.61062622070312,10.282460242227396,0.0,0.0,0.0,0.7159692307692308,8.0,28.9,48.2,13.0,25.9,1.18,5.5,0.62884384,Moderate
SLD10975,8.831695,77.584078,103.28243255615234,0.6579094159023345,0.0,0.0,0.0,0.507995,12.0,26.6,34.7,20.7,16.0,1.46,6.7,0.0014524028,Low
SLD04082,12.84612,75.68552,479.4694213867188,28.006808555999623,0.0,0.0,0.0,0.7965578947368421,8.0,30.2,46.8,14.1,27.8,1.18,5.4,0.9516964,High
SLD04139,12.95,75.17,84.25617980957031,6.98869611813674,0.0,0.0,0.0,0.679175,14.0,26.9,43.1,16.3,26.8,1.23,5.7,0.13875008,Low
SLD09824,15.547508,74.453766,719.4800415039062,5.535731162863013,0.0,0.0,0.0,0.7663176470588235,4.0,17.3,42.8,18.8,18.1,1.28,5.7,0.0118334275,Low
SLD08269,15.914022,74.303061,695.5090942382812,3.3348881736965423,0.03692387137562,0.0012307957125206,0.007384774275124,0.5480352941176471,10.0,20.6,43.7,14.5,15.8,1.31,6.1,0.0028673084,Low
SLD09525,17.5029,73.355745,163.40419006347656,12.15074006517158,0.266569685190916,0.0088856561730305,0.0533139370381832,0.64235625,9.0,27.3,30.8,21.0,17.0,1.38,6.0,0.19865015,Low
SLD14142,17.396918,73.732794,730.7033081054688,11.674603297484838,1.6593764256685966,0.0553125475222865,0.2876087129116058,0.5894529411764706,10.0,32.3,30.5,18.7,19.3,1.34,6.3,0.6075872,Moderate
SLD03458,11.416564,76.377689,443.145751953125,19.589019462221447,8.442253418266773,0.2814084472755591,2.584341764450073,0.8307684210526315,2.0,22.3,42.3,20.7,30.9,1.06,5.4,0.7796365,High
SLD11038,14.938675,74.616699,393.41204833984375,8.25367128732705,0.008987166220322,0.000299572207344,0.0017974332440644,0.74486875,8.0,17.6,47.2,22.1,19.7,1.28,5.4,0.72187185,High
SLD02482,10.4695,77.059167,420.5948486328125,20.923808084911247,14.47865131497383,0.4826217104991276,9.581640243530272,0.7491,8.0,20.4,43.5,21.8,25.0,1.23,5.8,0.5560109,Moderate
SLD05701,16.064,73.955972,164.5835723876953,11.939397009381182,0.6138766207732251,0.0204625540257741,0.0647173076868057,0.7361529411764706,2.0,25.7,33.7,22.7,21.7,1.35,5.5,0.16753656,Low
SLD12548,14.145052,74.482796,18.62844467163086,8.624128744389166,0.5573047511279574,0.0185768250375985,0.0859898477792739,0.6912625,10.0,25.3,36.4,21.7,22.5,1.25,5.8,0.27602968,Low
SLD05023,13.95,75.1,613.2095947265625,3.482587616276489,0.0,0.0,0.0,0.74315,9.0,15.7,49.4,22.4,21.0,1.27,5.7,0.600189,Moderate
SLD08896,16.830428,73.621295,132.101806640625,16.763206312853622,0.4767407104372975,0.0158913570145765,0.0953481420874595,0.7234315789473684,9.0,22.0,31.7,21.8,19.3,1.35,5.9,0.37032664,Moderate
SLD09361,15.843104,74.353412,771.0459594726562,2.0177930441709404,0.0,0.0,0.0,0.5903529411764705,12.0,21.6,36.0,18.1,12.1,1.29,6.1,0.0017124733,Low
SLD06130,17.562,73.376,55.26520919799805,17.21102296978647,0.2222071588039395,0.0074069052934646,0.0444414317607879,0.64466,9.0,23.7,34.9,24.9,19.4,1.35,6.2,0.7409713,High
SLD11474,18.119346,73.610411,601.160400390625,15.75853225227984,0.5837622750550506,0.019458742501835,0.0892290025949478,0.7342647058823529,9.0,36.2,26.2,17.0,24.0,1.41,5.8,0.5026666,Moderate
SLD00581,9.868878,76.957598,581.6461791992188,29.997393436090587,5.661683797836304,0.1887227932612101,2.472575664520264,0.8244611111111111,8.0,28.5,36.3,22.7,25.1,1.12,5.1,0.99684805,High
SLD07910,11.183954,75.857413,1.5306634902954102,0.6536041894640107,0.0,0.0,0.0,0.6750583333333333,9.0,27.5,55.0,12.8,22.1,1.3,5.5,0.06487635,Low
SLD09681,12.50999,76.256241,794.8062744140625,1.6194484714919526,0.0,0.0,0.0,0.4760333333333333,12.0,27.4,43.7,16.3,12.5,1.36,7.0,0.0015064813,Low
SLD04075,12.84469,75.68011,420.7029113769531,22.398352543643664,0.0,0.0,0.0,0.7515882352941176,2.0,31.0,47.0,13.6,27.8,1.18,5.4,0.8956287,High
SLD00164,9.61,77.31,1543.532958984375,11.867525040271229,8.388625212013721,0.2796208404004573,2.786255359649658,0.7876785714285715,8.0,33.2,32.0,20.2,46.8,1.02,5.3,0.45640957,Moderate
SLD10246,9.685378,77.345347,672.5902709960938,30.31120149104869,12.886831901967524,0.4295610633989175,3.8353288173675537,0.80666875,2.0,28.4,42.0,17.3,32.5,1.19,5.5,0.60560477,Moderate
SLD12270,17.230321,73.409118,152.87783813476562,2.298954439801988,0.3421245482750228,0.0114041516091674,0.1065399721264839,0.49990625,10.0,20.3,33.8,23.4,21.4,1.35,6.1,0.18474588,Low
SLD00462,9.855887,76.968706,603.4935302734375,22.15532226720444,5.661683797836304,0.1887227932612101,2.472575664520264,0.7267888888888889,8.0,25.6,37.4,21.9,25.8,1.17,5.2,0.9810112,High
SLD08653,11.195449,75.903381,26.47543907165528,6.506886368273127,0.8790096547454589,0.0293003218248486,0.1126263067126274,0.7257833333333333,14.0,27.7,55.7,11.5,21.4,1.23,5.4,0.3370676,Moderate
SLD00527,9.860874,76.96612,641.8685302734375,19.808357837284497,5.661683797836304,0.1887227932612101,2.472575664520264,0.7866875,8.0,26.7,35.3,23.7,23.9,1.14,5.2,0.9886813,High
SLD00624,9.872142,76.9544,590.5670776367188,23.18184279415165,5.661683797836304,0.1887227932612101,2.472575664520264,0.8279411764705882,8.0,28.6,36.2,21.9,26.6,1.12,5.0,0.994279,High
SLD01396,10.030003,77.267081,1154.0660400390625,32.92967586176997,3.495300654321909,0.1165100218107303,1.979267954826355,0.7954083333333334,8.0,27.0,35.9,25.8,45.8,1.13,5.4,0.6219888,Moderate
SLD03556,11.475556,76.358333,852.2406616210938,26.577930585593247,1.324075846001506,0.0441358615333835,0.977155327796936,0.7964473684210527,8.0,23.9,38.3,26.2,30.0,1.08,5.5,0.95970887,High
SLD00681,9.878974,76.940757,647.9448852539062,7.111692204682819,11.05371692031622,0.3684572306772073,5.993414878845215,0.8497266666666667,2.0,27.6,38.2,21.4,27.1,1.09,5.0,0.8701378,High
SLD09566,8.801997,76.699856,39.62755584716797,1.938755631108686,0.0,0.0,0.0,0.7177777777777777,14.0,26.4,35.5,22.4,22.0,1.23,5.1,0.0031953403,Low
SLD07461,13.505745,74.994746,82.20538330078125,5.408777474550683,0.0,0.0,0.0,0.81305,2.0,30.2,48.2,13.4,22.0,1.14,5.5,0.03434292,Low
SLD00599,9.870957,76.9405,728.9185791015625,14.036908097943618,5.661683797836304,0.1887227932612101,2.472575664520264,0.7941875,8.0,28.4,35.9,23.5,29.2,1.07,5.3,0.9679073,High
SLD03471,11.421669,76.382539,486.93255615234375,29.120074104568047,8.442253418266773,0.2814084472755591,2.584341764450073,0.8516499999999999,2.0,23.1,42.9,20.9,28.7,1.1,5.4,0.8589016,High
SLD04045,12.83139,75.64685,288.10009765625,23.81213983978429,0.0,0.0,0.0,0.7953117647058824,2.0,30.6,47.1,14.2,26.0,1.1,5.4,0.92983216,High
SLD08893,11.871203,76.923224,735.1748657226562,3.0585906381485763,0.0,0.0,0.0,0.5336777777777777,12.0,20.0,42.4,19.8,11.2,1.38,6.9,0.0011003158,Low
SLD01478,10.044303,77.277003,1255.8560791015625,38.304791445874784,0.2914152443408966,0.0097138414780298,0.2914152443408966,0.6648466666666667,9.0,26.9,31.1,26.4,35.7,1.2,5.6,0.5405913,Moderate
SLD09649,12.648067,75.075902,143.07595825195312,8.912603108889673,0.0,0.0,0.0,0.7258916666666666,14.0,22.6,50.3,15.5,20.9,1.19,5.7,0.18456852,Low
SLD03081,11.295833,76.595833,2227.0361328125,36.99501175068117,30.212330296635628,1.0070776765545209,7.696353435516357,0.8373105263157894,2.0,24.8,34.6,27.2,44.0,1.0,5.4,0.8738431,High
SLD03479,11.426836,76.382994,526.4354858398438,29.05672306258436,4.303420724347234,0.1434473574782411,1.9660700559616089,0.8290444444444445,2.0,24.1,42.0,20.2,29.7,1.1,5.4,0.88271767,High
SLD05964,17.232795,73.8858,921.3980712890624,8.458221852850142,1.5279856696724892,0.0509328556557496,0.1437719315290451,0.5151529411764706,12.0,23.2,40.1,17.5,17.9,1.28,6.2,0.054120906,Low
SLD12684,10.736026,76.219793,96.8080062866211,24.185840801005067,0.5254769325256345,0.0175158977508544,0.1050953865051269,0.79201875,8.0,22.2,42.1,22.4,22.9,1.2,5.3,0.68389666,High
SLD00552,9.865372,76.946557,722.8916015625,26.59707009433837,5.661683797836304,0.1887227932612101,2.472575664520264,0.811475,2.0,29.8,37.8,24.4,27.8,1.06,5.1,0.9504531,High
SLD10297,9.73744,76.719709,78.71163177490234,6.364985406798711,0.0,0.0,0.0,0.8346555555555555,8.0,26.8,35.3,24.3,26.4,1.18,5.3,0.018193388,Low
SLD09872,17.276648,73.486001,155.5178680419922,23.43139950880565,0.4162381868809454,0.0138746062293648,0.0591103918850421,0.71623125,9.0,28.4,30.4,23.8,20.9,1.32,6.1,0.59075767,Moderate
SLD10702,16.041944,73.636045,10.957552909851074,8.991392854739662,0.22709384560585,0.0075697948535283,0.04541876912117,0.65095,9.0,29.4,25.9,30.1,20.0,1.3,6.2,0.045264788,Low
SLD06012,17.371799,73.765385,918.336181640625,25.67500736798665,1.048842910677193,0.0349614303559064,0.1023841053247451,0.55951875,10.0,29.4,28.4,20.6,22.8,1.25,6.2,0.81563663,High
SLD08796,15.067653,75.262668,627.962890625,1.2482792064969177,0.0,0.0,0.0,0.4655611111111111,12.0,32.6,31.7,30.7,9.8,1.4,7.4,0.0013809312,Low
SLD00047,8.965528,77.090472,179.42881774902344,18.794600211138093,0.0967792044393717,0.0032259734813123,0.0642760023474693,0.72740625,8.0,30.5,34.5,19.9,31.1,1.22,5.4,0.6964319,High
SLD13655,10.418465,77.753484,419.8257446289063,4.523128617533631,17.50088290683925,0.5833627635613083,11.090476989746094,0.7455947368421052,8.0,21.2,43.1,19.4,24.8,1.25,6.1,0.21757226,Low
SLD13475,15.532302,74.503631,711.884765625,1.2424522102549964,0.0,0.0,0.0,0.747,5.0,18.9,44.5,15.4,17.6,1.28,5.9,0.008345693,Low
SLD05737,16.381,73.857,593.05810546875,16.342912878804505,0.7704376801848405,0.0256812560061613,0.0799853056669235,0.7241500000000001,9.0,23.0,32.6,20.3,22.6,1.32,5.6,0.7210354,High
SLD04581,13.39838,75.372827,683.5256958007812,20.355378340649303,0.043938620947301,0.0014646206982433,0.0087877241894602,0.74644375,8.0,28.4,46.1,14.7,25.4,1.1,5.4,0.89628035,High
SLD00389,9.846452,76.93383,800.8794555664062,13.157456086205729,5.661683797836304,0.1887227932612101,2.472575664520264,0.8573285714285713,8.0,26.4,36.0,24.6,27.8,1.06,5.1,0.9308403,High
SLD13685,11.760037,76.187863,875.361328125,16.5723573210495,0.0,0.0,0.0,0.8209444444444444,8.0,25.3,40.2,21.1,24.0,1.1,5.4,0.6957316,High
SLD04776,13.76,74.91,126.38880157470705,11.266757850683303,0.0,0.0,0.0,0.79673125,8.0,21.3,49.3,18.6,20.1,1.29,5.6,0.62271494,Moderate
SLD13403,13.593834,75.883639,913.091064453125,1.3007080785934206,0.8419334236532445,0.0280644474551081,0.0648907348513603,0.5631764705882353,10.0,21.1,38.0,25.7,14.6,1.27,7.3,0.00318306,Low
SLD09187,17.862285,74.010114,735.920654296875,1.709766080019246,0.2402417631819839,0.0080080587727327,0.2096105217933654,0.4811421052631579,12.0,32.2,30.5,19.3,12.3,1.44,6.9,0.0015422065,Low
SLD08216,10.909328,76.298793,49.739501953125,5.988746042774235,0.0,0.0,0.0,0.691725,14.0,21.2,43.4,23.5,23.0,1.22,5.4,0.05680358,Low
SLD07243,13.766303,74.873176,98.2906723022461,6.945019127775296,0.0,0.0,0.0,0.7829666666666667,8.0,21.1,46.1,18.3,20.8,1.29,6.0,0.28319168,Low
SLD11043,15.538214,73.798304,77.17549133300781,4.757118558855511,0.0,0.0,0.0,0.5317684210526316,9.0,22.3,38.0,22.8,17.8,1.34,5.8,0.12391809,Low
SLD06724,18.41,73.51,659.2447509765625,5.55955930266624,0.0,0.0,0.0,0.5565,9.0,37.3,28.4,17.2,20.0,1.42,6.3,0.39948875,Moderate
SLD10135,15.956432,73.739991,21.8427848815918,2.180810588587602,0.4143732413649554,0.0138124413788318,0.0828746482729911,0.6322058823529412,14.0,26.8,30.3,24.9,17.8,1.33,6.1,0.008608179,Low
SLD11730,13.7562,75.503565,597.672607421875,5.386577679865566,0.0,0.0,0.0,0.7599928571428572,8.0,20.1,43.0,16.2,15.5,1.3,5.9,0.06673469,Low
SLD05738,16.382,73.855,560.6778564453125,27.00961277507021,0.7704376801848405,0.0256812560061613,0.0799853056669235,0.72048125,9.0,24.7,32.6,20.3,22.6,1.26,5.5,0.7699111,High
SLD00546,9.864429,76.951665,706.6968994140625,28.860208286628414,5.661683797836304,0.1887227932612101,2.472575664520264,0.8443625,8.0,29.6,39.1,22.2,29.1,1.04,5.2,0.9897899,High
SLD07713,15.562849,74.257577,118.87771606445312,18.90818930584797,0.3401954611763348,0.0113398487058778,0.0329881124198436,0.8238285714285715,8.0,21.6,35.3,23.7,23.0,1.34,6.2,0.6461195,Moderate
SLD05627,15.816889,73.978167,216.0701599121093,27.36147500135031,0.519282734021544,0.0173094244673848,0.0580080561339855,0.82596,2.0,24.1,34.6,21.1,23.0,1.3,5.6,0.4489423,Moderate
SLD13252,15.522336,74.510404,671.7721557617188,4.449758713928013,0.0,0.0,0.0,0.5707,10.0,18.0,40.5,17.6,16.2,1.3,6.2,0.015666083,Low
SLD07268,12.892282,75.562489,407.9985046386719,18.001720005137262,1.5128109045326703,0.050427030151089,0.1054592654109001,0.8118,2.0,26.0,47.3,14.8,23.8,1.15,5.3,0.7744994,High
SLD00492,9.858459,76.952313,701.4132690429688,20.73635995985892,5.661683797836304,0.1887227932612101,2.472575664520264,0.8400200000000001,8.0,29.9,38.0,21.5,32.0,1.07,5.1,0.9744274,High
SLD13006,15.837076,74.929308,660.97509765625,1.731522196726233,0.0,0.0,0.0,0.54246875,12.0,21.3,36.9,26.0,11.1,1.38,6.9,0.0015788265,Low
SLD13321,15.284623,74.271706,727.318359375,14.764615460336165,0.3611413668841121,0.0120380455628037,0.0285489149391651,0.8187,2.0,16.4,48.5,18.8,26.9,1.21,5.7,0.48399526,Moderate
SLD00676,9.877425,76.941212,662.4388427734375,21.30632686818578,11.05371692031622,0.3684572306772073,5.993414878845215,0.8543375,2.0,29.5,35.4,23.1,26.4,1.06,5.0,0.98195744,High
SLD01336,10.021278,77.263808,1323.17236328125,28.890926760159573,4.766331918537617,0.1588777306179205,2.1873443126678467,0.7674818181818182,8.0,28.0,31.8,26.2,45.5,1.05,5.4,0.7596558,High
SLD11829,10.051398,77.697032,286.0778503417969,3.3184101220196216,1.9857172610936689,0.0661905753697889,1.3900350332260132,0.481252380952381,12.0,22.4,45.9,18.0,19.0,1.33,6.8,0.045927215,Low
SLD06733,18.43,73.54,980.1263427734376,26.55298971949448,0.0,0.0,0.0,0.6300375,12.0,32.1,29.5,20.2,22.9,1.25,6.3,0.8706502,High
SLD03484,11.4311,76.386519,550.2482299804688,22.347543063881435,4.303420724347234,0.1434473574782411,1.9660700559616089,0.82783125,2.0,26.2,40.4,20.0,31.1,1.08,5.4,0.8466814,High
SLD00843,9.893592,76.974746,555.291748046875,25.932624015038048,11.05371692031622,0.3684572306772073,5.993414878845215,0.7170368421052631,8.0,25.5,39.6,22.8,25.2,1.16,5.2,0.9806758,High
SLD13290,13.502749,75.872739,901.602783203125,3.476968787369524,3.2455881312489505,0.1081862710416316,0.1435802280902862,0.63433125,8.0,21.8,39.6,25.5,15.2,1.29,6.6,0.43072283,Moderate
SLD10150,10.934701,77.618489,259.2025146484375,1.400470431124674,0.0,0.0,0.0,0.4330285714285714,12.0,20.7,37.9,20.6,18.7,1.42,7.8,0.00036154367,Low
SLD01361,10.027647,77.265528,1210.5286865234375,34.39425997655642,3.495300654321909,0.1165100218107303,1.979267954826355,0.7369769230769231,8.0,27.0,33.7,25.7,42.0,1.06,5.4,0.850905,High
SLD00643,9.873529,76.939695,723.6114501953125,25.93055627237237,5.661683797836304,0.1887227932612101,2.472575664520264,0.83993125,8.0,28.4,36.2,22.9,27.0,1.06,5.1,0.9929235,High
SLD01345,10.0237,77.264536,1261.243896484375,35.29106658364083,4.766331918537617,0.1588777306179205,2.1873443126678467,0.7835727272727272,8.0,28.9,32.9,25.3,45.5,1.02,5.4,0.7375222,High
SLD04806,13.8,75.34,646.8248291015625,10.001842268024191,0.0,0.0,0.0,0.757875,8.0,19.4,48.8,19.2,19.2,1.29,6.0,0.5702802,Moderate
SLD04085,12.84682,75.69028,520.2042236328125,28.41851743343328,0.0,0.0,0.0,0.7841,8.0,30.1,45.6,14.7,26.8,1.2,5.6,0.9612203,High
SLD09831,9.467393,77.728911,129.85939025878906,0.8433682775920526,0.0,0.0,0.0,0.3547095238095238,12.0,28.1,38.1,16.8,14.0,1.54,7.6,0.00024157482,Low
SLD09680,17.689945,73.85421,739.7636108398438,18.560521112307228,0.7445437205024052,0.0248181240167468,0.0818679556250572,0.5104157894736843,12.0,27.8,28.3,26.5,17.0,1.33,6.2,0.84183484,High
SLD00607,9.871423,76.939682,743.1012573242188,26.043814961544697,5.661683797836304,0.1887227932612101,2.472575664520264,0.7941875,8.0,28.4,36.2,22.9,27.0,1.06,5.1,0.9856882,High
SLD10070,13.103504,75.12023,103.03834533691406,7.6054975361956,0.0,0.0,0.0,0.75436875,8.0,26.4,46.8,13.0,16.6,1.23,5.5,0.14780015,Low
SLD08163,18.301591,73.288728,21.960742950439453,2.7666200990057748,0.067358911037445,0.0022452970345815,0.013471782207489,0.5534705882352942,9.0,33.0,27.8,22.0,13.2,1.42,6.1,0.0793873,Low
SLD10358,14.656763,75.177912,571.3792114257812,1.4544455954166324,0.0,0.0,0.0,0.73285,4.0,32.2,33.4,23.0,11.1,1.34,6.2,0.00043231074,Low
SLD14113,9.930394,77.365855,476.7116088867188,24.295179760454307,0.0,0.0,0.0,0.6479954545454546,12.0,21.8,41.0,22.8,25.6,1.35,6.2,0.6984003,High
SLD09188,8.857335,77.637644,104.29175567626952,1.1095742233570771,0.0,0.0,0.0,0.4334681818181818,12.0,20.9,36.2,24.5,13.2,1.48,6.9,0.00052970485,Low
SLD00701,9.880875,76.969876,535.6407470703125,25.32581335785337,11.05371692031622,0.3684572306772073,5.993414878845215,0.6909333333333333,8.0,25.4,38.6,23.5,27.8,1.16,5.2,0.9859266,High
SLD01040,9.949067,77.13799,991.8970336914062,22.83799383527507,0.4250239729881285,0.0141674657662709,0.2333464920520782,0.7566999999999999,8.0,28.9,29.6,29.8,25.9,1.14,5.3,0.9656916,High
SLD07850,14.606237,75.431118,709.3150634765625,15.434288972291847,0.0,0.0,0.0,0.56264375,12.0,21.9,37.6,23.6,11.3,1.39,6.8,0.0953062,Low
SLD02479,10.466972,77.059361,423.7379760742188,15.720409232053768,14.47865131497383,0.4826217104991276,9.581640243530272,0.7359,8.0,20.7,41.1,21.5,24.9,1.23,5.8,0.34272492,Moderate
SLD12644,16.288912,73.615739,148.1374969482422,6.426509273961174,0.0911686487961555,0.0030389549598718,0.0143849281594157,0.5881125,9.0,22.9,31.4,25.4,18.3,1.35,6.1,0.043203603,Low
SLD10498,15.335658,74.571308,547.3511352539062,10.362979848748306,0.0,0.0,0.0,0.7645058823529413,4.0,16.7,42.1,23.8,20.4,1.3,5.6,0.4763156,Moderate
SLD01000,9.926579,77.117961,928.4132080078124,18.17247060020278,0.5576421022415161,0.0185880700747172,0.5576421022415161,0.8382888888888889,2.0,30.7,33.8,23.9,30.9,1.1,5.3,0.84780556,High
SLD00562,9.866451,76.964658,571.819580078125,26.729520047414955,5.661683797836304,0.1887227932612101,2.472575664520264,0.8065705882352942,8.0,28.5,37.8,23.4,29.5,1.14,5.1,0.991413,High
SLD02508,10.483917,77.096056,421.8116149902344,28.484150712178693,9.196555275470018,0.3065518425156673,3.97658109664917,0.7399684210526316,14.0,24.6,39.4,20.6,27.1,1.17,5.8,0.94324005,High
SLD01015,9.933582,77.111196,825.9358520507812,15.15055322957246,0.5576421022415161,0.0185880700747172,0.5576421022415161,0.7896650000000001,8.0,33.1,32.8,24.2,29.2,1.14,5.4,0.98416317,High
SLD05552,15.410972,74.270139,476.7464904785156,30.87382665137379,0.0309270760044455,0.0010309025334815,0.0061854152008891,0.82295,2.0,17.5,42.1,24.4,22.9,1.26,5.6,0.78320724,High
SLD08204,17.946636,73.379423,63.96768951416016,8.237940215461997,0.7776336371898647,0.0259211212396621,0.0921747684478759,0.5084941176470588,12.0,32.4,25.6,24.1,19.3,1.38,5.9,0.27348423,Low
SLD07195,14.919192,74.755411,526.4087524414062,7.438685960670948,0.0,0.0,0.0,0.7173499999999999,2.0,15.8,48.1,19.9,16.5,1.29,5.5,0.33399576,Moderate
SLD00440,9.853882,76.959077,625.7180786132812,23.33694289268629,5.661683797836304,0.1887227932612101,2.472575664520264,0.7892375,8.0,25.6,40.8,21.7,25.9,1.1,5.2,0.98926777,High
SLD10651,12.200361,76.061152,904.2770385742188,11.219458284706382,0.0,0.0,0.0,0.7341222222222222,4.0,23.6,38.8,23.3,19.2,1.21,5.6,0.019145489,Low
SLD02484,10.47005,77.745292,544.189697265625,30.90352742207564,10.24184577167034,0.341394859055678,6.254444122314453,0.704635294117647,12.0,17.3,46.3,18.7,20.9,1.28,6.9,0.26108128,Low
SLD04511,13.215624,75.376824,900.266845703125,14.936600093721356,0.4397765733301635,0.0146592191110054,0.049655444920063,0.7939944444444444,8.0,23.4,42.7,18.2,27.9,1.11,5.5,0.9307201,High
SLD08542,13.53124,75.833063,1019.0573120117188,20.72512546151318,8.169096186757088,0.2723032062252362,0.3696295917034149,0.7414058823529411,5.0,21.1,39.3,21.2,17.0,1.27,6.2,0.10020072,Low
SLD13325,9.553521,77.799133,105.13623046875,0.3115818520749295,0.0,0.0,0.0,0.416765,12.0,34.7,36.4,18.9,14.0,1.52,7.7,0.0010836037,Low
SLD03704,11.548611,75.926944,719.1693115234375,17.481577236409233,4.871558889746666,0.1623852963248888,2.9305312633514404,0.8248866666666667,2.0,29.0,44.3,14.4,30.9,1.06,5.3,0.93166643,High
SLD08764,15.337025,74.553473,687.9520263671875,14.243102480844886,0.0,0.0,0.0,0.77008125,5.0,17.8,45.0,19.2,19.0,1.27,5.6,0.6666806,High
SLD12129,12.091454,76.514053,689.5916748046875,0.6807485350251924,0.0,0.0,0.0,0.5312058823529412,12.0,27.4,37.1,23.6,11.4,1.36,6.7,0.0014452147,Low
SLD03432,11.410653,76.375231,372.1370544433594,9.57536741528695,8.442253418266773,0.2814084472755591,2.584341764450073,0.8257666666666666,2.0,25.8,44.1,20.9,28.7,1.13,5.4,0.75684965,High
SLD00834,9.893104,76.945297,665.040771484375,19.994772772777704,11.05371692031622,0.3684572306772073,5.993414878845215,0.8370529411764707,8.0,27.5,37.9,22.0,27.1,1.1,5.1,0.9963329,High
SLD10213,12.45066,76.136188,885.7116088867188,2.1378275023342024,0.0,0.0,0.0,0.4927294117647059,12.0,23.8,44.4,17.8,15.3,1.3,6.6,0.0019181892,Low
SLD01415,10.033208,77.266333,1099.169677734375,42.54885051026137,3.495300654321909,0.1165100218107303,1.979267954826355,0.7727583333333333,8.0,27.1,34.8,25.0,44.0,1.13,5.3,0.7619993,High
SLD05553,15.411278,74.266278,405.047607421875,35.007059666114884,0.0309270760044455,0.0010309025334815,0.0061854152008891,0.8157285714285714,2.0,18.5,41.7,25.0,23.1,1.25,5.6,0.7912631,High
SLD05635,15.838222,73.90675,117.79957580566406,21.980123200771093,0.3568754438310855,0.0118958481277028,0.0433295033872127,0.7467411764705882,8.0,26.4,32.7,18.9,21.9,1.34,5.5,0.57026553,Moderate
SLD10045,13.701681,75.424267,621.9420166015625,8.49016229232699,0.0,0.0,0.0,0.70833125,9.0,18.6,45.5,17.6,19.0,1.29,5.6,0.6373257,Moderate
SLD00710,9.881785,76.970328,547.8453979492188,22.373350155624085,11.05371692031622,0.3684572306772073,5.993414878845215,0.7569111111111111,8.0,25.3,38.6,23.2,26.4,1.16,5.1,0.9855387,High
SLD01114,9.98176,77.132331,992.3689575195312,23.348619195677585,1.0370100205764174,0.0345670006858805,0.593285322189331,0.825864705882353,8.0,31.0,30.4,26.5,31.3,1.12,5.2,0.9499154,High
SLD00413,9.850453,76.939204,857.8226928710938,20.12597698654021,5.661683797836304,0.1887227932612101,2.472575664520264,0.6553500000000001,8.0,26.6,36.8,22.5,29.1,1.1,5.2,0.9512153,High
SLD04530,13.226965,75.353314,797.8217163085938,23.894675983725747,0.1558067090809345,0.0051935569693644,0.0311613418161869,0.74604375,8.0,21.4,46.3,18.1,25.9,1.16,5.4,0.8917563,High
SLD00695,9.880439,76.948368,680.4498291015625,22.555393891653885,11.05371692031622,0.3684572306772073,5.993414878845215,0.8458764705882352,8.0,27.6,38.2,22.0,26.3,1.09,5.0,0.99748296,High
SLD09158,12.690796,75.267522,97.18087768554688,12.33189708994327,0.0,0.0,0.0,0.7888235294117647,8.0,23.9,42.6,19.8,21.1,1.2,5.4,0.098319575,Low
SLD01168,9.992937,77.177521,1069.064208984375,11.078528145483428,3.816202586516738,0.1272067528838912,1.703086495399475,0.8190066666666667,8.0,31.0,32.7,26.0,32.0,1.02,5.2,0.9081749,High
SLD00688,9.879549,76.945965,686.9544067382812,25.48769955512869,11.05371692031622,0.3684572306772073,5.993414878845215,0.8459588235294118,8.0,28.6,37.0,22.0,26.4,1.09,5.0,0.9977029,High
SLD05551,15.410944,74.264944,385.76361083984375,28.785365570815028,0.0309270760044455,0.0010309025334815,0.0061854152008891,0.8191142857142858,2.0,17.8,42.1,24.7,23.4,1.28,5.6,0.67917657,High
SLD00647,9.873817,76.950827,589.0189819335938,19.886400591836225,5.661683797836304,0.1887227932612101,2.472575664520264,0.8363823529411765,8.0,27.8,39.6,21.9,27.8,1.1,5.0,0.9942334,High
SLD04031,12.829,75.63,233.78424072265625,2.158654912327097,0.0,0.0,0.0,0.7582473684210527,2.0,30.2,48.8,13.5,29.4,1.14,5.4,0.86898065,High
SLD11623,8.837431,76.644614,18.988142013549805,2.836841972803885,0.0,0.0,0.0,0.7188666666666667,8.0,26.2,31.4,24.7,26.0,1.24,5.3,0.0029411635,Low
SLD11792,17.032971,73.902942,671.76611328125,21.84547480987172,1.2128183490131046,0.0404272783004368,0.1331140995025634,0.7229823529411764,9.0,29.5,31.0,18.8,17.9,1.3,6.1,0.8344061,High
SLD00725,9.883218,76.944692,684.0626220703125,20.11115695447144,11.05371692031622,0.3684572306772073,5.993414878845215,0.8238055555555556,8.0,27.9,37.3,22.4,25.2,1.12,5.1,0.9957799,High
SLD00620,9.871991,76.938318,731.2489013671875,20.873243257097457,5.661683797836304,0.1887227932612101,2.472575664520264,0.8350933333333334,2.0,28.4,36.2,22.9,27.0,1.06,5.1,0.85304636,High
SLD07519,18.319298,73.217541,74.56719207763672,21.204139981404243,0.0,0.0,0.0,0.6582555555555555,4.0,30.3,31.1,23.7,16.7,1.38,6.2,0.44109058,Moderate
SLD02495,10.479694,76.323317,81.24380493164062,10.879185836593026,0.0,0.0,0.0,0.8095466666666666,8.0,24.8,44.3,16.7,21.9,1.12,5.2,0.63954556,Moderate
SLD12038,17.253692,73.40792,6.1299543380737305,7.235382187408951,0.3421245482750228,0.0114041516091674,0.1065399721264839,0.70104375,9.0,27.6,32.1,24.3,20.0,1.28,6.2,0.52705073,Moderate
SLD09220,17.289694,74.065642,603.8502807617188,10.151206498725214,0.4306434991303826,0.014354783304346,0.0469899512827396,0.5133473684210527,12.0,23.5,37.7,18.3,12.2,1.42,6.6,0.005510784,Low
SLD07480,11.894608,75.409864,37.44187545776367,0.7740664180314034,0.0,0.0,0.0,0.6146375,14.0,27.6,43.2,16.9,22.3,1.19,5.5,0.07903397,Low
SLD07682,11.748353,76.153023,814.7095336914062,3.201201801143901,0.0,0.0,0.0,0.79699375,2.0,24.0,42.4,21.3,20.9,1.18,5.4,0.31431273,Low
SLD05736,16.38,73.857,557.142822265625,30.08612871431857,0.7704376801848405,0.0256812560061613,0.0799853056669235,0.7241500000000001,9.0,23.0,32.6,20.3,22.6,1.32,5.6,0.76581264,High
SLD13821,12.879601,75.498011,127.89529418945312,4.264239183301501,0.6341546587646001,0.0211384886254866,0.0543677508831024,0.7873875,8.0,25.5,53.3,15.8,21.2,1.22,5.4,0.06020293,Low
SLD10736,9.680897,77.513361,568.32861328125,26.702840390246827,6.154060855507851,0.2051353618502616,3.174800157546997,0.6939411764705883,14.0,19.2,45.4,18.8,30.1,1.28,5.9,0.88561255,High
SLD07733,16.910899,74.130566,555.11572265625,1.3337825826315273,0.2302812994457775,0.0076760433148592,0.0298609975725412,0.5014444444444445,9.0,19.5,40.7,16.9,14.1,1.41,6.4,0.0010877656,Low
SLD03711,11.55,75.919167,747.2872314453125,15.713274521916295,9.171820729970932,0.3057273576656977,4.871296405792236,0.841323076923077,2.0,29.2,46.2,15.6,29.7,1.06,5.4,0.76777744,High
SLD13050,10.909311,76.2818,44.15139389038086,0.986352579345362,0.0,0.0,0.0,0.7262866666666666,14.0,25.2,47.1,17.1,22.4,1.19,5.3,0.10249372,Low
SLD11954,13.22118,75.028506,85.73247528076172,6.310667584356547,0.0,0.0,0.0,0.7662687499999999,14.0,30.2,45.0,13.8,22.5,1.2,5.5,0.047229722,Low
SLD00720,9.883072,76.969697,551.2861328125,29.601672662843963,11.05371692031622,0.3684572306772073,5.993414878845215,0.7569111111111111,8.0,25.4,38.6,23.5,27.8,1.16,5.2,0.9875529,High
SLD09507,11.203901,76.595621,1731.8741455078125,35.365742673533674,43.682979479432106,1.4560993159810702,15.397618293762209,0.7646999999999999,8.0,28.8,30.1,28.4,32.9,0.98,5.5,0.92413074,High
SLD08271,16.901276,74.259761,550.1635131835938,0.3810210562161063,0.4934513894841067,0.0164483796494702,0.0239341016858816,0.5562,12.0,18.5,37.8,19.9,12.7,1.4,6.6,0.0006018993,Low
SLD00876,9.897695,76.971763,604.256591796875,24.074372943169315,11.05371692031622,0.3684572306772073,5.993414878845215,0.7773473684210527,8.0,24.3,41.1,20.8,27.8,1.14,5.1,0.9906438,High
SLD02512,10.486194,77.120694,412.43170166015625,7.928439005095229,9.196555275470018,0.3065518425156673,3.97658109664917,0.70048,12.0,21.4,43.4,17.6,19.0,1.3,6.4,0.18991557,Low
SLD00589,9.869572,76.953272,640.2435913085938,18.927172314908056,5.661683797836304,0.1887227932612101,2.472575664520264,0.8114529411764706,8.0,28.4,39.3,22.4,27.9,1.08,5.1,0.9900339,High
SLD01557,10.060258,76.758456,158.86570739746094,25.035250666291788,11.9082640260458,0.3969421342015266,5.6062541007995605,0.8067055555555556,8.0,25.9,35.3,21.5,26.4,1.1,5.3,0.9712507,High
SLD05583,15.444444,73.974444,32.09897994995117,7.975692456439122,0.0,0.0,0.0,0.6684599999999999,14.0,20.8,38.8,21.6,17.9,1.36,5.7,0.16850974,Low
SLD13167,14.168901,74.906473,696.0879516601562,10.474246085900576,0.0,0.0,0.0,0.7627705882352941,2.0,18.0,49.3,18.6,20.6,1.27,5.9,0.55893296,Moderate
SLD07737,17.946238,73.96103,735.7482299804688,1.7320531885894126,0.3690052758902304,0.0123001758630076,0.1559842526912689,0.5018411764705882,12.0,29.8,28.7,19.1,12.2,1.45,7.0,0.0020009426,Low
SLD00738,9.885022,76.935988,695.12109375,21.424788478859952,11.05371692031622,0.3684572306772073,5.993414878845215,0.8385058823529412,8.0,28.3,37.2,23.1,27.8,1.08,5.1,0.9922695,High
SLD01167,9.992798,77.180848,1161.8551025390625,21.13573556840539,3.816202586516738,0.1272067528838912,1.703086495399475,0.7935846153846153,8.0,26.1,32.7,27.5,33.0,1.02,5.2,0.9622672,High
SLD13203,13.159933,75.325603,1273.525634765625,27.58066456257661,0.0,0.0,0.0,0.7310875,8.0,26.0,40.6,21.0,36.1,1.02,5.4,0.9675181,High
SLD10693,10.134904,77.703208,255.47137451171875,1.0579879067337898,0.0,0.0,0.0,0.5356909090909091,12.0,25.0,41.3,19.4,12.2,1.5,7.2,0.00051800295,Low
SLD11256,15.709459,74.4144,717.181884765625,11.340087393060324,0.0,0.0,0.0,0.7265823529411765,4.0,17.9,48.3,16.0,16.8,1.3,6.0,0.1541818,Low
SLD07041,12.915824,76.078448,1005.1542358398438,3.182315687242653,0.0,0.0,0.0,0.6267947368421053,12.0,25.4,39.6,17.5,12.9,1.29,6.7,0.0022099633,Low
SLD14129,9.614756,76.575648,18.523757934570312,2.3323392911141574,0.0,0.0,0.0,0.6802066666666666,14.0,20.0,36.4,24.7,22.2,1.28,5.2,0.075604156,Low
SLD08814,12.990203,75.38896,170.7425079345703,6.348669944472919,0.0,0.0,0.0,0.78654375,2.0,24.4,53.4,15.2,21.3,1.15,5.4,0.33284754,Moderate
SLD12735,15.713373,74.234625,740.9978637695312,0.9795056311801772,0.0,0.0,0.0,0.6751352941176471,9.0,17.8,44.4,18.3,16.8,1.28,6.1,0.052744318,Low
SLD00453,9.854932,76.966613,590.1361083984375,30.13802821856848,5.661683797836304,0.1887227932612101,2.472575664520264,0.6703833333333333,8.0,25.4,37.4,22.1,26.8,1.18,5.4,0.97891337,High
SLD05731,16.363,73.851,482.4208679199219,36.45774888807095,0.9000233374536026,0.03000077791512,0.0785311535000801,0.7715333333333334,2.0,22.4,31.6,24.5,25.0,1.23,5.5,0.6130592,Moderate
SLD00694,9.880439,76.948368,680.4498291015625,22.555393891653885,11.05371692031622,0.3684572306772073,5.993414878845215,0.8458764705882352,8.0,27.6,38.2,22.0,26.3,1.09,5.0,0.99748296,High
SLD05683,16.044444,73.976583,377.7626647949219,24.44916570011059,0.378056745976209,0.0126018915325402,0.0499498061835765,0.7455466666666666,9.0,24.3,32.6,21.1,23.0,1.28,6.2,0.68980753,High
SLD05722,16.358,73.838,348.72833251953125,19.55765558836462,0.9000233374536026,0.03000077791512,0.0785311535000801,0.7331470588235294,2.0,22.0,29.6,24.2,22.4,1.23,5.5,0.42771032,Moderate
SLD00633,9.872696,76.953947,580.9973754882812,28.91000576701316,5.661683797836304,0.1887227932612101,2.472575664520264,0.828735294117647,8.0,27.3,37.9,22.8,27.8,1.1,5.1,0.9967429,High
SLD14223,16.87378,74.332372,543.3569946289062,1.2152999705189804,0.3096450294833607,0.0103215009827786,0.0343434438109397,0.6030666666666666,12.0,18.0,39.7,18.3,14.4,1.42,6.8,0.0010328877,Low
SLD13467,15.53108,74.298438,681.9204711914062,32.022550267875985,0.026018340140581,0.000867278004686,0.0052036680281162,0.84244,2.0,30.5,37.5,17.6,30.0,1.11,5.6,0.8804396,High
SLD08358,10.057283,76.778067,46.48658752441406,3.1496519057519663,14.076631173491478,0.4692210391163826,8.068114280700684,0.7088125,8.0,27.0,34.1,23.1,27.2,1.12,5.2,0.74530995,High
SLD08713,15.972051,73.538262,72.25128936767578,7.556774342879208,0.0,0.0,0.0,0.6761117647058823,9.0,23.2,34.4,25.1,19.2,1.38,6.3,0.025930703,Low
SLD02760,10.843375,76.728583,128.00009155273438,2.675989924936164,1.386500194203108,0.0462166731401036,0.1780505180358886,0.7078466666666666,9.0,16.3,51.0,19.9,21.9,1.18,5.5,0.6529523,Moderate
SLD11660,13.15166,75.173817,243.2918395996093,16.991608083646263,0.11468643322587,0.003822881107529,0.022937286645174,0.810125,2.0,22.6,52.0,17.2,27.8,1.13,5.4,0.7768733,High
SLD00036,8.832028,77.190336,1116.205810546875,18.96419627316819,15.556324552744629,0.5185441517581543,3.3757553100585938,0.8575357142857143,2.0,27.4,29.8,23.0,45.6,1.06,5.2,0.16098835,Low
SLD10881,12.936123,74.984134,7.992528915405273,1.5176222450669838,0.0,0.0,0.0,0.7227714285714286,9.0,35.8,48.0,11.1,21.2,1.25,5.9,0.047106292,Low
SLD00502,9.85877,76.964138,560.7390747070312,14.33667705040147,5.661683797836304,0.1887227932612101,2.472575664520264,0.69480625,8.0,25.4,35.1,23.0,27.3,1.2,5.3,0.97139364,High
SLD00883,9.898077,76.969932,627.0294189453125,22.02210009819761,11.05371692031622,0.3684572306772073,5.993414878845215,0.7982444444444444,8.0,24.3,41.1,20.8,27.8,1.14,5.1,0.9886867,High
SLD12018,12.918796,76.096669,956.4542846679688,3.8426097605762535,0.0,0.0,0.0,0.5282,12.0,29.2,37.5,19.9,12.1,1.29,6.8,0.0026585283,Low
SLD13413,13.055744,75.369735,129.0133819580078,8.475589639630378,0.0,0.0,0.0,0.7802882352941177,8.0,24.1,52.9,15.8,16.8,1.24,5.5,0.16669463,Low
SLD09100,9.216921,76.603224,3.235334634780884,1.820189926266335,0.0,0.0,0.0,0.6379666666666667,14.0,0.0,0.0,0.0,0.0,0.0,0.0,0.085717015,Low
SLD12286,13.347168,75.084177,681.921142578125,41.717859602994864,0.2141266874969005,0.0071375562498966,0.0428253374993801,0.8172200000000001,2.0,21.4,44.5,20.5,30.4,1.1,5.5,0.8479222,High
SLD00868,9.896374,76.972056,585.3435668945312,23.41335927579205,11.05371692031622,0.3684572306772073,5.993414878845215,0.7773473684210527,8.0,26.4,36.8,21.4,28.2,1.13,5.2,0.98956233,High
SLD12571,13.098931,75.357737,149.8952178955078,0.9907513847614006,0.0,0.0,0.0,0.79156875,8.0,25.8,51.3,14.5,20.9,1.24,5.4,0.0479225,Low
SLD04048,12.833,75.65,270.2605285644531,18.011316060794417,0.0,0.0,0.0,0.7596588235294117,2.0,30.5,47.4,14.2,26.4,1.11,5.4,0.91184455,High
SLD08455,10.992671,77.40642,354.1319580078125,1.2358817522066927,1.0663163661956785,0.0355438788731892,0.6397898197174072,0.5762411764705881,12.0,17.8,39.5,21.4,10.8,1.5,7.5,0.00043061908,Low
SLD04092,12.85246,75.69637,611.1529541015625,21.03519305195645,0.0,0.0,0.0,0.7581625,8.0,29.3,42.7,15.7,27.0,1.2,5.5,0.9278623,High
SLD07485,18.362263,73.292397,76.25872039794922,1.718790877476458,0.041957776993513,0.0013985925664504,0.0083915553987026,0.39549375,12.0,32.8,30.3,22.8,11.8,1.38,6.2,0.05286391,Low
SLD00507,9.859218,76.964916,560.908447265625,13.636888568838728,5.661683797836304,0.1887227932612101,2.472575664520264,0.69480625,8.0,25.4,35.1,23.0,27.3,1.2,5.3,0.9720445,High
SLD00448,9.854288,76.959153,616.2515869140625,9.950145312380512,5.661683797836304,0.1887227932612101,2.472575664520264,0.7730666666666667,8.0,25.6,40.8,21.7,25.9,1.1,5.2,0.97709686,High
SLD04098,12.85817,75.69868,702.1569213867188,14.051850744404607,0.0,0.0,0.0,0.7692263157894736,2.0,30.0,44.1,15.0,26.0,1.2,5.6,0.7888231,High
SLD02485,10.470528,77.057444,423.1194458007813,15.244383952080703,14.47865131497383,0.4826217104991276,9.581640243530272,0.766245,8.0,20.2,42.1,22.0,26.2,1.23,5.7,0.55570185,Moderate
SLD13550,12.908218,74.909498,34.151512145996094,11.571306683101408,0.0,0.0,0.0,0.67347,14.0,35.4,49.7,9.5,19.5,1.23,5.5,0.41490477,Moderate
SLD09003,13.718394,75.871473,699.7482299804688,1.8448777134914327,0.0,0.0,0.0,0.5003764705882352,12.0,20.8,39.7,17.8,10.0,1.42,6.7,0.00070683146,Low
SLD00611,9.871462,76.954851,583.4948120117188,26.740718773346245,5.661683797836304,0.1887227932612101,2.472575664520264,0.8279411764705882,8.0,28.6,36.2,21.9,26.6,1.12,5.0,0.99441975,High
SLD00873,9.89722,76.951001,592.8932495117188,21.847881646779825,11.05371692031622,0.3684572306772073,5.993414878845215,0.8501235294117647,8.0,28.2,36.3,21.9,30.9,1.12,5.2,0.9937681,High
SLD04810,13.8,75.33,662.1332397460938,4.814815891473395,0.0,0.0,0.0,0.7608333333333334,9.0,18.3,50.4,17.4,19.2,1.3,6.1,0.27816346,Low
SLD00401,9.848743,76.944208,840.8314819335938,7.759302769743923,5.661683797836304,0.1887227932612101,2.472575664520264,0.7584785714285714,8.0,26.3,36.5,24.0,24.9,1.06,5.1,0.8597772,High
SLD11417,10.958868,77.489284,322.51025390625,3.54333495419677,0.0,0.0,0.0,0.539595,12.0,15.4,44.7,17.8,13.7,1.48,7.5,0.00030931085,Low
SLD05843,16.991897,73.677049,166.73529052734375,20.59828049747477,0.7829213142395013,0.0260973771413167,0.112337090075016,0.70149375,9.0,25.3,34.8,21.0,22.0,1.36,6.1,0.68969697,High
SLD05027,13.96,75.07,617.4205932617188,12.384326639163383,0.0,0.0,0.0,0.7223066666666667,9.0,16.6,49.4,22.1,20.5,1.28,5.6,0.72703445,High
SLD00414,9.850571,76.936078,823.7507934570312,28.620428418030656,5.661683797836304,0.1887227932612101,2.472575664520264,0.81596,8.0,26.2,37.0,22.6,27.8,1.1,5.2,0.986634,High
SLD13173,15.552586,73.785492,5.66219425201416,0.6464353106350602,0.0,0.0,0.0,0.5108611111111111,12.0,25.1,30.7,24.7,14.9,1.27,6.2,0.011808468,Low
SLD11942,13.107514,75.101723,103.8852767944336,3.4156380458463165,0.0,0.0,0.0,0.7416470588235294,8.0,31.8,47.7,13.0,23.0,1.21,5.6,0.13665669,Low
SLD05726,16.359,73.825,201.16290283203125,25.25938636643392,0.6277540605515236,0.0209251353517174,0.0503532104194164,0.6122411764705882,9.0,22.0,33.5,27.2,23.7,1.31,6.1,0.7826892,High
SLD07011,10.249718,76.53386,41.42219543457031,2.1703858288253497,1.4442160725593565,0.0481405357519785,0.2888432145118713,0.81918125,8.0,25.2,40.7,22.6,19.9,1.12,5.4,0.01860688,Low
SLD05960,17.225,73.4,162.0712890625,27.50801267108089,0.3421245482750228,0.0114041516091674,0.1065399721264839,0.667975,9.0,17.4,36.5,23.3,22.9,1.29,6.1,0.78400654,High
SLD07473,15.503672,74.571628,662.7396240234375,1.0854490836971666,0.0,0.0,0.0,0.6305176470588235,12.0,20.1,38.9,16.7,12.3,1.3,6.2,0.002185745,Low
SLD00808,9.89009,76.950531,672.4519653320312,20.85839046254882,11.05371692031622,0.3684572306772073,5.993414878845215,0.791721052631579,8.0,26.6,35.9,22.8,25.9,1.12,5.1,0.9851307,High
SLD00472,9.856484,76.965492,582.2183227539062,31.70136941267036,5.661683797836304,0.1887227932612101,2.472575664520264,0.6796555555555556,8.0,25.4,37.4,22.1,26.8,1.18,5.4,0.98496777,High
SLD00635,9.872726,76.953501,583.2950439453125,30.435872769490064,5.661683797836304,0.1887227932612101,2.472575664520264,0.828735294117647,8.0,27.3,37.9,22.8,27.8,1.1,5.1,0.99684036,High
SLD01965,10.19375,77.320056,1959.281494140625,25.81470831748244,11.5079958550632,0.38359986183544,7.492438316345215,0.6336904761904761,8.0,26.0,33.0,28.0,52.1,1.02,5.2,0.95695114,High
SLD08982,15.575056,74.592463,686.5801391601562,2.397201916581221,0.0,0.0,0.0,0.5471823529411765,12.0,18.6,41.3,16.6,10.9,1.33,6.2,0.0014283315,Low
SLD04473,13.184673,75.356275,1080.3583984375,24.85727620572372,0.2921710908412924,0.0097390363613764,0.0409052222967147,0.7702466666666666,8.0,28.4,37.7,22.3,32.8,1.07,5.4,0.9643733,High
SLD02138,10.280017,76.864919,957.7305908203124,29.99647084331292,8.538408413529396,0.2846136137843132,3.0309925079345703,0.7704588235294118,8.0,26.1,34.3,29.7,30.8,1.07,5.2,0.97863436,High
SLD12640,11.093353,77.134558,378.9878234863281,1.391756965234908,0.0,0.0,0.0,0.4859055555555555,12.0,21.6,42.5,18.3,23.4,1.4,7.5,0.0027437953,Low
SLD07337,14.974286,75.180521,644.828369140625,8.838213154856053,0.0,0.0,0.0,0.5192941176470588,12.0,33.2,34.6,24.4,11.0,1.4,6.5,0.009761062,Low
SLD14241,13.561173,75.690165,1334.7806396484375,21.45030683649956,6.2640561163425446,0.2088018705447515,0.2789282500743866,0.6699,8.0,23.2,37.8,23.2,28.1,1.17,5.8,0.9207595,High
SLD04005,11.912092,75.859483,379.714599609375,9.09991580349881,2.472081463783979,0.0824027154594659,0.13706836104393,0.8409823529411764,2.0,29.0,48.9,13.8,27.8,1.06,5.4,0.64695513,Moderate
SLD07752,12.233686,76.207413,807.9251098632812,1.988680994562764,0.0,0.0,0.0,0.5650875,12.0,27.3,36.2,23.8,11.9,1.3,6.2,0.0027698036,Low
SLD10973,8.704764,77.270753,392.7866516113281,11.055237788352544,9.38818795233965,0.3129395984113216,2.482621431350708,0.8252750000000001,2.0,27.8,37.1,21.8,33.1,1.2,5.6,0.27667356,Low
SLD12292,9.792988,76.337302,1.4703035354614258,2.9441703321180968,0.0,0.0,0.0,0.75475,11.0,25.2,31.5,24.9,31.7,1.19,5.1,0.0048285234,Low
SLD13210,11.388142,76.206346,773.4826049804688,13.87035983000214,3.329736769199372,0.110991225639979,1.3119783401489258,0.771035294117647,2.0,25.3,47.7,14.7,29.9,1.06,5.4,0.8436155,High
SLD02441,10.424639,77.020139,789.425537109375,23.3635109825495,9.277830190956593,0.3092610063652197,3.2182717323303223,0.7704142857142857,2.0,26.7,33.7,27.5,30.9,1.06,5.4,0.44753355,Moderate
SLD00846,9.893601,76.971674,572.9022216796875,31.27208272521256,11.05371692031622,0.3684572306772073,5.993414878845215,0.762035294117647,8.0,25.7,39.9,21.7,30.3,1.12,5.3,0.9818579,High
SLD02748,10.740731,76.234878,86.87821960449219,6.625257685772946,0.0,0.0,0.0,0.7646466666666666,8.0,20.9,41.1,22.4,26.9,1.15,5.4,0.25034726,Low
SLD02490,10.478986,77.754986,389.5798645019531,31.132328318693137,5.452560249716044,0.1817520083238681,3.674143075942993,0.6609875,12.0,17.1,45.2,18.7,19.0,1.31,6.5,0.5738869,Moderate
SLD04465,13.168481,75.39894722,976.1576538085938,28.056400935693425,0.4560489207506176,0.0152016306916872,0.0499099865555763,0.78186,8.0,26.7,39.1,21.0,33.3,1.07,5.4,0.9853528,High
SLD09531,8.94647,76.590298,7.844332695007324,1.8153337593652503,0.0,0.0,0.0,0.7071272727272727,8.0,37.7,25.3,18.4,36.3,1.1,5.4,0.029055864,Low
SLD00755,9.886497,76.934128,720.2445678710938,23.099059372777244,11.05371692031622,0.3684572306772073,5.993414878845215,0.7916157894736842,8.0,27.9,36.8,23.2,27.4,1.1,5.1,0.988991,High
SLD00730,9.883748,76.937339,676.5057983398438,12.02303618018416,11.05371692031622,0.3684572306772073,5.993414878845215,0.8385058823529412,8.0,28.3,37.2,23.1,27.8,1.08,5.1,0.983133,High
SLD13292,9.452502,77.831467,102.96983337402344,0.4143927840017736,0.0,0.0,0.0,0.409135,12.0,35.4,39.0,16.6,18.7,0.0,7.6,0.005215359,Low
SLD02458,10.44625,77.028806,942.6002197265624,27.20971644130091,14.47865131497383,0.4826217104991276,9.581640243530272,0.76730625,2.0,25.8,34.8,27.3,27.8,1.12,5.4,0.6839944,High
SLD01041,9.949088,77.169845,1057.6246337890625,21.025876620439423,0.4250239729881285,0.0141674657662709,0.2333464920520782,0.8234611111111111,8.0,27.6,31.6,30.0,31.5,1.1,5.2,0.9592868,High
SLD13335,18.280371,73.89016,687.325439453125,4.244576114219895,0.3303669020533554,0.0110122300684451,0.0531709790229797,0.501588888888889,12.0,28.7,30.8,22.1,13.0,1.49,6.9,0.005779257,Low
SLD04056,12.835,75.588,254.4031677246093,25.71166977339508,0.1972854137420649,0.0065761804580688,0.0288667753338813,0.8267611111111112,2.0,25.7,53.5,14.9,24.8,1.12,5.4,0.8704081,High
SLD13340,15.238418,75.147956,592.0005493164062,0.8624401550606173,0.0,0.0,0.0,0.5520888888888889,12.0,35.6,30.3,30.6,10.1,1.42,6.7,0.0013156446,Low
SLD13630,9.050369,76.868177,34.27403259277344,7.89319271647813,0.0,0.0,0.0,0.8033,8.0,30.5,32.8,22.7,26.0,1.12,5.3,0.04862848,Low
SLD00467,9.85592,76.967758,620.4111938476562,23.32303749317095,5.661683797836304,0.1887227932612101,2.472575664520264,0.7267888888888889,8.0,25.6,37.4,21.9,25.8,1.17,5.2,0.9817416,High
SLD08508,9.18895,76.49233,12.41132354736328,4.173999972785276,0.0,0.0,0.0,0.6526333333333333,14.0,23.1,36.1,29.1,28.2,1.23,5.5,0.0027916047,Low
SLD05558,15.413047,74.266831,509.1318054199219,25.84159427631221,0.0309270760044455,0.0010309025334815,0.0061854152008891,0.8210857142857143,2.0,18.5,41.7,25.0,23.1,1.25,5.6,0.6373899,Moderate
SLD08536,15.437225,74.783774,593.431396484375,3.87276020023292,0.0,0.0,0.0,0.66328125,12.0,30.9,32.2,19.1,12.1,1.4,6.3,0.016067443,Low
SLD03811,11.600278,75.819722,44.62813186645508,22.02185552901901,0.0,0.0,0.0,0.7869411764705883,2.0,27.3,48.6,15.7,22.2,1.2,5.5,0.7637709,High
SLD13905,12.718131,75.341219,128.7625274658203,13.93972224142995,0.0,0.0,0.0,0.8015166666666667,8.0,26.7,55.8,12.7,18.0,1.2,5.4,0.24786611,Low
SLD12842,15.461255,74.833062,586.0955200195312,2.6040017515265697,0.0,0.0,0.0,0.6482705882352942,12.0,26.6,35.7,15.8,10.2,1.42,6.3,0.001827562,Low
SLD04525,13.222957,75.366519,828.1170043945312,27.62113496548127,0.2921710908412924,0.0097390363613764,0.0409052222967147,0.7482875,8.0,27.3,43.5,17.8,27.8,1.05,5.5,0.9789507,High
SLD00458,9.855108,76.96903,589.7236328125,27.08356433365548,5.661683797836304,0.1887227932612101,2.472575664520264,0.7267888888888889,8.0,25.6,37.4,21.9,25.8,1.17,5.2,0.98201615,High
SLD08335,10.469202,77.866443,278.2913513183594,1.3100547202009272,2.8238202854990955,0.0941273428499698,1.9034717082977293,0.530655,12.0,17.0,45.0,21.7,13.5,1.45,7.5,0.00025479888,Low
SLD09337,15.858839,74.390721,752.1296997070312,3.1166843518749507,0.0,0.0,0.0,0.5232705882352942,12.0,24.6,32.8,21.9,12.8,1.33,6.1,0.0020423993,Low
SLD09851,10.92965,75.945257,4.897729873657227,6.528534925814278,0.0,0.0,0.0,0.7037928571428571,14.0,25.0,33.2,23.8,21.9,1.14,5.3,0.008597268,Low
SLD05578,15.430431,74.286019,682.7557983398438,15.193803751061909,0.2722822036594149,0.0090760734553138,0.0215797647833824,0.7203785714285714,8.0,21.3,43.3,18.7,20.6,1.35,6.0,0.8030802,High
SLD11587,17.909456,73.993658,786.97998046875,10.443860016597933,0.4090270677115765,0.0136342355903858,0.271994411945343,0.4476944444444444,12.0,24.8,31.8,20.7,12.8,1.36,6.6,0.075238705,Low
SLD12696,15.522256,74.15134,27.943897247314453,6.166597310384892,0.0401385780423875,0.0013379526014129,0.0080277156084775,0.7550333333333333,9.0,18.5,31.8,27.2,17.5,1.35,5.6,0.07141912,Low
SLD00530,9.860952,76.962091,612.2977294921875,24.462280164917303,5.661683797836304,0.1887227932612101,2.472575664520264,0.76700625,8.0,26.4,35.8,23.7,29.1,1.16,5.2,0.9896096,High
SLD03850,11.650833,75.871667,472.1707763671875,30.786274235011064,6.037864573299885,0.2012621524433294,0.7027574777603149,0.82140625,2.0,30.0,44.2,12.6,25.9,1.08,5.4,0.8698462,High
SLD11450,17.938246,73.085186,2.5480751991271973,2.014142219720324,0.296419896185398,0.0098806632061799,0.0592839792370796,0.5308555555555556,10.0,25.6,34.5,25.5,27.6,1.23,6.3,0.18998988,Low
SLD04140,12.98,75.15,88.79061126708984,14.247089291848068,0.0,0.0,0.0,0.77930625,14.0,31.8,47.5,13.3,24.6,1.2,5.5,0.16914053,Low
SLD00582,9.869147,76.945512,817.317138671875,26.989531813198447,5.661683797836304,0.1887227932612101,2.472575664520264,0.8129411764705883,8.0,28.4,36.3,25.6,27.8,1.06,5.1,0.99395037,High
SLD10423,12.019232,76.278406,733.221923828125,4.693438892701179,0.0,0.0,0.0,0.55925625,12.0,28.3,39.7,19.6,12.5,1.3,5.9,0.008687296,Low
SLD06740,18.46,73.53,704.5,0.0,0.0,0.0,0.0,0.143175,10.0,36.5,27.1,19.7,31.5,1.32,6.2,0.022532387,Low
SLD11072,18.298756,74.044093,816.709716796875,3.860028819492794,0.1453883852809665,0.0048462795093655,0.0290776770561933,0.4137842105263158,12.0,46.4,25.8,16.3,11.1,1.49,7.2,0.004823185,Low
SLD11386,12.926695,76.254296,912.2778930664062,1.4984870504531862,0.0,0.0,0.0,0.5175117647058824,12.0,20.0,39.8,18.1,11.1,1.4,7.2,0.00034951136,Low
SLD00446,9.854267,76.958114,645.4740600585938,20.903976310832643,5.661683797836304,0.1887227932612101,2.472575664520264,0.7976444444444444,8.0,27.9,38.4,21.7,27.1,1.1,5.1,0.98883516,High
SLD00786,9.888654,76.942609,731.3008422851562,23.66665783907246,11.05371692031622,0.3684572306772073,5.993414878845215,0.835664705882353,8.0,28.2,37.2,22.2,27.8,1.12,5.1,0.99574536,High
SLD11804,17.959583,73.046726,117.55876159667967,15.446362616638115,0.4194698855280875,0.0139823295176029,0.0838939771056175,0.7005777777777777,9.0,21.0,39.6,20.3,17.0,1.4,6.2,0.55349547,Moderate
SLD13423,11.116231,76.54353,1149.0994873046875,32.60659832374407,13.936756359413266,0.4645585453137755,4.761031150817871,0.8422466666666667,2.0,25.0,35.0,27.0,31.1,1.04,5.3,0.39305723,Moderate
SLD13019,12.92282,76.00767,918.7556762695312,1.1133885534181327,0.0,0.0,0.0,0.6045944444444444,12.0,31.5,34.7,23.3,12.0,1.3,6.3,0.0022948517,Low
SLD07202,16.276201,73.663595,99.71665954589844,14.733969641368503,0.0,0.0,0.0,0.768275,9.0,28.1,32.9,20.4,20.1,1.28,6.1,0.1823306,Low
SLD00741,9.885736,76.967088,527.9067993164062,7.288319693152658,11.05371692031622,0.3684572306772073,5.993414878845215,0.7391666666666666,8.0,24.4,39.2,23.6,29.4,1.17,5.2,0.96472865,High
SLD00603,9.871133,76.933436,785.31298828125,19.928586120383947,5.661683797836304,0.1887227932612101,2.472575664520264,0.8204428571428571,2.0,28.7,34.3,24.4,29.6,1.06,5.4,0.77360386,High
SLD11399,17.271385,74.054724,682.1885375976562,29.173747368844428,1.1002970347180958,0.0366765678239365,0.0751629844307899,0.4792277777777777,12.0,29.0,34.0,20.7,15.7,1.36,6.1,0.78174657,High
SLD12516,12.974318,75.308386,117.3935546875,4.693967810412036,0.0,0.0,0.0,0.7223799999999999,8.0,26.2,48.2,15.8,17.3,1.29,5.7,0.06092729,Low
SLD00664,9.876283,76.966749,560.0386962890625,28.164818436874658,11.05371692031622,0.3684572306772073,5.993414878845215,0.7363222222222222,8.0,26.0,38.0,23.3,25.6,1.14,5.1,0.96622956,High
SLD01430,10.037706,77.279914,978.3512573242188,36.69556036912388,0.2914152443408966,0.0097138414780298,0.2914152443408966,0.6806588235294118,9.0,29.1,34.8,21.9,33.1,1.2,5.8,0.5612718,Moderate
SLD07095,9.699064,76.59704,14.443361282348633,6.413255706632401,2.4900852143764496,0.0830028404792149,0.4980170428752899,0.8011842105263158,8.0,24.3,36.7,23.2,23.7,1.23,5.3,0.016870568,Low
SLD08086,16.027753,74.104652,957.223876953125,5.370900231002514,0.0,0.0,0.0,0.5754470588235294,10.0,30.7,31.9,18.7,26.9,1.2,6.2,0.047503203,Low
SLD11082,12.933316,75.597612,557.4434814453125,27.076114836933066,0.903600277379154,0.0301200092459717,0.0888347849249839,0.83624,2.0,26.4,44.7,17.2,28.8,1.12,5.4,0.87451273,High
SLD11336,15.519673,74.514457,671.1685180664062,2.3839546672362704,0.0,0.0,0.0,0.5368176470588235,12.0,18.5,40.5,18.7,15.0,1.33,6.4,0.006220022,Low
SLD12620,15.57761,74.567402,701.52734375,2.4243251981643974,0.0,0.0,0.0,0.4547294117647059,12.0,20.0,45.7,16.1,12.5,1.33,6.2,0.0014164019,Low
SLD07799,18.451972,73.549646,643.2222290039062,1.134873104140831,0.0,0.0,0.0,0.6085375,12.0,34.5,25.0,20.5,18.1,1.4,6.2,0.1954797,Low
SLD02466,10.452394,76.833617,664.1104125976562,14.507195470247252,16.484997525811195,0.5494999175270399,5.300003528594971,0.69078125,4.0,25.0,43.1,18.3,25.3,1.1,5.3,0.8718508,High
SLD02434,10.421417,77.035139,793.6312866210938,25.31009407389304,17.28021264076233,0.576007088025411,6.620239734649658,0.6931153846153847,2.0,26.1,35.7,26.4,35.4,1.1,5.4,0.55835587,Moderate
SLD06713,18.4,73.51,758.649169921875,17.797923623665618,0.0,0.0,0.0,0.6132294117647059,9.0,31.7,26.2,21.4,23.7,1.3,6.2,0.81821406,High
SLD08966,11.146573,76.299492,75.94075012207031,2.3883966018538283,0.1959454156458374,0.0065315138548612,0.1147045344114303,0.7670833333333333,8.0,23.2,48.3,16.5,24.6,1.1,5.4,0.03854378,Low
SLD00770,9.887827,76.965031,552.7919311523438,19.712428936973183,11.05371692031622,0.3684572306772073,5.993414878845215,0.7656684210526317,8.0,26.2,39.1,22.0,30.3,1.14,5.1,0.9846342,High
SLD05566,15.416639,74.261028,331.4549255371094,21.35614807070393,0.0309270760044455,0.0010309025334815,0.0061854152008891,0.7963285714285714,2.0,18.4,41.3,25.2,23.0,1.29,5.8,0.45449555,Moderate
SLD11958,14.083898,75.328028,703.672607421875,4.247427312760172,0.0,0.0,0.0,0.7058294117647059,4.0,18.6,42.5,16.9,16.0,1.3,6.1,0.004502569,Low
SLD00059,9.022806,77.054992,156.19766235351562,35.66675930269485,0.1945728268474338,0.0064857608949144,0.0787469297647476,0.82342,2.0,26.6,38.9,21.1,31.3,1.13,5.3,0.77230203,High
SLD05649,15.864972,73.957944,466.9519653320313,11.60045398895957,0.5470467358827591,0.0182348911960919,0.0657038167119026,0.80308,2.0,24.1,35.9,21.0,23.0,1.31,5.6,0.2901488,Low
SLD06824,11.973339,76.01831111,843.3418579101562,13.037108653668763,0.0,0.0,0.0,0.7815666666666667,8.0,22.1,41.7,21.6,21.4,1.16,5.4,0.23054527,Low
SLD06365,17.93425,73.52048,173.10780334472656,25.437706443714443,0.8283347636461256,0.0276111587882041,0.1030475422739982,0.5841388888888889,12.0,34.3,24.1,24.7,23.4,1.32,5.9,0.6738302,High
SLD08919,11.153559,76.531515,1246.424560546875,39.55150298464752,19.65206452086568,0.6550688173621892,8.452533721923828,0.8286529411764706,2.0,25.7,36.6,25.7,30.9,1.04,5.4,0.8081566,High
SLD00779,9.888332,76.938879,698.1923828125,23.917417434074675,11.05371692031622,0.3684572306772073,5.993414878845215,0.8117705882352941,8.0,27.4,37.3,23.1,24.1,1.11,5.1,0.99337995,High
SLD09083,9.068458,76.978682,191.76266479492188,6.802392520039168,0.0,0.0,0.0,0.82033125,2.0,30.6,27.3,24.7,24.3,1.14,5.2,0.05147091,Low
SLD10435,11.579172,75.966687,1377.7332763671875,7.138098197507313,6.758015915751457,0.2252671971917152,2.402118682861328,0.8304428571428571,2.0,29.1,36.0,21.6,31.9,1.03,5.4,0.17719539,Low
SLD02964,11.168286,76.523019,1330.5670166015625,23.398326405386285,20.740393050014973,0.6913464350004991,6.890885829925537,0.7875777777777777,8.0,24.1,35.6,25.2,31.0,1.12,5.4,0.94474256,High
SLD09495,14.678369,75.434798,616.8497924804688,2.1640054190336926,0.0,0.0,0.0,0.4338444444444444,12.0,29.4,32.5,31.0,12.8,1.4,7.6,0.0017115485,Low
SLD06433,18.05085,73.24276,29.268779754638672,20.204557319642326,0.1799548836424939,0.0059984961214164,0.0249361600726842,0.5701470588235293,12.0,27.1,32.2,24.9,19.5,1.29,6.1,0.74790967,High
SLD00426,9.852045,76.971874,598.6463012695312,19.95706556791465,5.661683797836304,0.1887227932612101,2.472575664520264,0.7908833333333334,8.0,24.5,38.8,20.8,30.9,1.18,5.1,0.9814994,High
SLD14066,16.900949,73.308685,63.92784881591797,5.715676674945307,0.0,0.0,0.0,0.6919705882352941,9.0,16.5,37.6,23.5,19.8,1.33,6.3,0.32364365,Low
SLD10273,16.456498,74.537691,667.5023193359375,18.02343790679836,0.0,0.0,0.0,0.403225,12.0,22.3,37.5,17.5,13.1,1.37,6.6,0.020646045,Low
SLD09499,18.05807,72.992592,82.69513702392578,26.3445700748293,0.3128951787948605,0.010429839293162,0.0625790357589721,0.4144571428571429,11.0,0.0,0.0,0.0,0.0,0.0,0.0,0.9270257,High
SLD02221,10.302667,77.712683,1073.03515625,19.67500957388571,5.5379621386528015,0.1845987379550933,4.687016487121582,0.8478473684210527,2.0,22.1,39.1,22.4,30.9,1.1,5.8,0.8709152,High
SLD04472,13.183209,75.365925,1058.755615234375,18.97993509931036,0.2921710908412924,0.0097390363613764,0.0409052222967147,0.76478125,8.0,27.2,38.0,23.2,35.3,1.06,5.5,0.91871214,High
SLD10040,12.329206,76.366715,792.3214111328125,1.6535123961523837,0.0,0.0,0.0,0.4949315789473684,12.0,25.8,39.3,22.0,12.8,1.36,7.0,0.0018895494,Low
SLD12149,10.630657,77.171956,372.498779296875,0.4358081738591707,3.530348785221577,0.1176782928407192,2.936520338058472,0.50326875,12.0,15.3,52.2,14.7,12.9,1.48,7.2,0.0003681415,Low
SLD06694,18.39,73.54,722.5381469726562,29.21843333488845,0.0,0.0,0.0,0.5667882352941177,12.0,32.8,27.1,18.8,20.1,1.36,6.2,0.73662895,High
SLD05725,16.359,73.845,430.484619140625,31.55260625414477,0.9000233374536026,0.03000077791512,0.0785311535000801,0.7572625,2.0,20.4,31.6,25.1,23.0,1.23,5.5,0.46905816,Moderate
SLD05677,16.032139,73.933361,141.911865234375,12.63693883734309,0.6138766207732251,0.0204625540257741,0.0647173076868057,0.7365235294117647,9.0,26.1,33.0,20.9,19.1,1.34,5.7,0.27808926,Low
SLD06518,18.27,73.6,954.5504150390624,26.98734669857459,0.1880379021167755,0.0062679300705591,0.0376075804233551,0.7003235294117647,9.0,29.5,29.7,19.3,22.0,1.28,6.1,0.9564213,High
SLD09166,15.437052,74.259941,213.5440368652344,13.20992214646063,0.2513631526380769,0.0083787717546025,0.0200786460191011,0.8136857142857143,2.0,22.7,38.7,21.6,23.0,1.24,5.6,0.23299582,Low
SLD09263,16.394883,73.474657,111.2513198852539,1.900012164704013,0.1129991374909875,0.0037666379163662,0.0225998274981975,0.4899533333333333,10.0,22.5,34.5,21.8,16.0,1.4,6.0,0.055039454,Low
SLD11925,18.007869,74.131001,645.2540283203125,0.860469043348719,0.1959938756772314,0.006533129189241,0.0385354161262512,0.365205,12.0,42.8,26.3,15.2,9.4,1.54,7.0,0.0016485755,Low
SLD06511,18.26,73.59,833.8226318359375,12.918769273210303,0.1880379021167755,0.0062679300705591,0.0376075804233551,0.61415625,12.0,38.2,27.0,18.0,18.0,1.28,6.2,0.7308945,High
SLD00828,9.892362,76.971822,569.6853637695312,17.375399142359736,11.05371692031622,0.3684572306772073,5.993414878845215,0.7051722222222222,8.0,27.5,39.9,21.7,31.0,1.15,5.3,0.97171766,High
SLD09632,16.991665,73.564617,204.540756225586,7.7488331115025,0.2499294653534885,0.0083309821784496,0.0499858930706977,0.6056588235294118,9.0,26.8,30.2,27.4,21.3,1.33,6.1,0.07376899,Low
SLD06131,17.563,73.342,102.18816375732422,17.24605507139302,0.2670510485768315,0.0089017016192277,0.0534102097153663,0.67078125,9.0,21.8,35.3,26.4,19.2,1.36,6.0,0.68752444,High
SLD11877,9.856444,76.586605,23.884721755981445,6.941216071521471,0.5107752978801725,0.0170258432626724,0.1021550595760345,0.7374235294117648,8.0,23.5,41.6,20.2,22.0,1.22,5.2,0.09809727,Low
SLD12537,18.176274,73.199796,192.59298706054688,3.891841268072303,0.2319353912025684,0.0077311797067522,0.0280604269355535,0.5723526315789474,12.0,28.0,37.0,18.5,17.1,1.39,6.1,0.043071024,Low
SLD00785,9.888631,76.965218,567.2862548828125,24.20124560563272,11.05371692031622,0.3684572306772073,5.993414878845215,0.7656684210526317,8.0,23.9,38.0,23.0,29.4,1.15,5.3,0.97990626,High
SLD12464,13.340409,75.860845,924.6340942382812,1.3230162632278462,0.4356449004262675,0.0145214966808755,0.0412473045289516,0.64735625,12.0,22.6,42.4,21.4,11.7,1.33,6.3,0.0034619195,Low
SLD11825,16.944676,73.587775,51.632789611816406,10.331615797747112,0.583478771150112,0.0194492923716704,0.1166957542300224,0.631775,9.0,25.9,28.2,22.5,17.0,1.37,5.9,0.22717986,Low
SLD01427,10.036908,77.276147,1010.1846923828124,38.44916791820802,0.2914152443408966,0.0097138414780298,0.2914152443408966,0.76716875,14.0,28.9,33.2,23.3,34.4,1.21,5.8,0.76959294,High
SLD00672,9.876984,76.945668,603.1705322265625,23.46491520515564,11.05371692031622,0.3684572306772073,5.993414878845215,0.8581235294117647,8.0,27.5,38.1,22.1,27.9,1.1,5.1,0.9968696,High
SLD08406,10.17591,77.922035,239.55419921875,0.6533626746628717,0.0,0.0,0.0,0.6323647058823529,12.0,24.2,38.0,19.8,20.3,1.38,7.2,0.002778489,Low
SLD06869,13.332,75.38963889,924.7550048828124,27.98428522853812,0.3736748639494174,0.0124558287983139,0.0497499778866767,0.8349529411764706,2.0,30.5,41.1,17.9,27.8,1.08,5.4,0.91387755,High
SLD05625,15.816,73.9765,186.7884826660156,28.1059335259248,0.519282734021544,0.0173094244673848,0.0580080561339855,0.8221533333333333,2.0,23.8,34.8,21.4,23.0,1.3,5.7,0.5214016,Moderate
SLD00485,9.857386,76.964303,583.6754760742188,23.43099752539351,5.661683797836304,0.1887227932612101,2.472575664520264,0.6311842105263158,8.0,25.4,35.1,23.0,27.3,1.2,5.3,0.97397864,High
SLD00058,9.019408,77.049903,116.66131591796876,9.896624692160614,0.1945728268474338,0.0064857608949144,0.0787469297647476,0.841325,2.0,25.7,37.8,19.8,32.0,1.15,5.4,0.6026312,Moderate
SLD07589,12.649058,75.020189,32.392364501953125,16.32619002251433,0.0,0.0,0.0,0.7318625,14.0,33.4,48.6,11.5,21.4,1.2,5.5,0.39456317,Moderate
SLD09385,10.42092,77.176354,1141.9208984375,22.480721255704925,14.42219953238964,0.480739984412988,6.215996742248535,0.7607894736842106,8.0,24.0,35.7,26.4,32.5,1.06,5.5,0.9551224,High
SLD00524,9.860503,76.969244,592.2654418945312,23.90538830027289,5.661683797836304,0.1887227932612101,2.472575664520264,0.7502823529411764,8.0,26.7,35.3,23.7,25.1,1.12,5.2,0.99195814,High
SLD00665,9.876283,76.966749,560.0386962890625,28.164818436874658,11.05371692031622,0.3684572306772073,5.993414878845215,0.7363222222222222,8.0,26.0,38.0,23.3,25.6,1.14,5.1,0.96622956,High
SLD10563,16.916064,74.2315,556.927490234375,0.6842579309985656,0.4934513894841067,0.0164483796494702,0.0239341016858816,0.4411882352941176,9.0,19.0,40.5,17.9,12.7,1.44,6.5,0.000566479,Low
SLD00613,9.8716,76.940285,729.9688720703125,10.92579817231066,5.661683797836304,0.1887227932612101,2.472575664520264,0.7941875,8.0,28.4,36.2,22.9,27.0,1.06,5.1,0.9619727,High
SLD04072,12.84444,75.67841,408.1695251464844,24.000803297700795,0.0,0.0,0.0,0.7707058823529412,2.0,31.2,45.0,13.9,27.8,1.18,5.4,0.8507167,High
SLD07836,10.776449,76.223106,30.716772079467773,3.733790434413678,0.0,0.0,0.0,0.6825928571428571,12.0,21.0,46.9,16.2,21.4,1.23,5.3,0.18226258,Low
SLD02756,10.834661,76.76178,389.5634460449219,31.80733004039476,1.386500194203108,0.0462166731401036,0.1780505180358886,0.7740882352941176,8.0,21.6,37.3,21.7,28.3,1.24,5.7,0.7628204,High
SLD08601,17.824519,73.83102,935.2013549804688,18.76945652659849,0.8481379318982355,0.0282712643966078,0.0764783769845962,0.5916941176470588,12.0,30.2,29.2,25.8,19.9,1.27,6.1,0.9434976,High
SLD00556,9.865606,76.943504,776.1234130859375,19.74942123071289,5.661683797836304,0.1887227932612101,2.472575664520264,0.7873,8.0,28.4,38.5,25.0,27.4,1.08,5.1,0.98177135,High
SLD01426,10.036719,77.266644,1055.9537353515625,41.873031755246814,3.495300654321909,0.1165100218107303,1.979267954826355,0.8008916666666667,8.0,29.2,34.3,25.5,40.7,1.08,5.4,0.8216771,High
SLD07274,14.947741,75.20613,608.3558349609375,1.2055721181123285,0.0,0.0,0.0,0.5052058823529412,12.0,31.8,34.2,24.1,10.5,1.4,6.4,0.0025865396,Low
SLD06946,9.7475,76.75638889,272.3563842773437,42.26479431787494,0.7326667415909464,0.0244222247196982,0.3556261658668518,0.8305533333333333,8.0,23.7,36.6,26.1,28.8,1.12,5.3,0.964505,High
SLD09925,12.911282,74.970984,8.619720458984375,9.857567592696034,0.0,0.0,0.0,0.74315,14.0,32.2,47.2,11.5,21.3,1.25,5.7,0.17319094,Low
SLD11659,15.260421,75.199084,629.2601318359375,1.1593076460454348,0.0,0.0,0.0,0.4767421052631578,10.0,38.5,27.2,30.7,11.2,1.42,7.9,0.00091130903,Low
SLD08640,10.935846,76.270669,47.4799690246582,8.001931721287475,0.0,0.0,0.0,0.7197266666666666,14.0,22.4,48.1,18.5,22.9,1.2,5.4,0.07663344,Low
SLD12816,17.207103,74.007715,655.2400512695312,5.08104011504688,1.2897280044853685,0.0429909334828456,0.105617918074131,0.4963117647058824,12.0,23.3,35.6,20.0,14.1,1.34,6.3,0.0046401722,Low
SLD04051,12.8334,75.65279,263.4275817871094,20.491437427759784,0.0,0.0,0.0,0.7678111111111111,2.0,30.5,47.1,14.1,27.1,1.15,5.4,0.90669215,High
SLD08532,16.311928,74.205695,688.950927734375,5.477858282896643,0.1453218329697845,0.0048440610989928,0.0290643665939569,0.5139176470588235,12.0,20.8,30.9,26.0,15.7,1.34,6.1,0.15023687,Low
SLD09799,12.984618,76.092875,945.161376953125,1.9979507489753408,0.0,0.0,0.0,0.459605,12.0,20.2,40.9,19.3,11.0,1.3,6.9,0.0006633558,Low
SLD08871,17.25401,73.467908,53.644832611083984,14.956853869728162,0.5387073084712021,0.0179569102823734,0.1215821281075477,0.66712,9.0,24.9,32.1,27.5,19.3,1.33,6.1,0.5411405,Moderate
SLD00517,9.859967,76.954255,677.6224975585938,32.425807502891374,5.661683797836304,0.1887227932612101,2.472575664520264,0.82932,8.0,28.4,37.3,21.9,31.0,1.04,5.2,0.99245113,High
SLD06838,12.939786,74.93526667,75.35049438476562,22.55825190172138,0.0,0.0,0.0,0.6837583333333334,9.0,35.1,49.1,11.2,20.9,1.27,5.8,0.69558364,High
SLD14051,17.173908,74.143192,596.24072265625,1.3942726167176016,0.520372127648442,0.0173457375882814,0.0519975125789642,0.5776,12.0,23.3,39.1,16.2,10.3,1.47,6.4,0.00052749674,Low
SLD03463,11.418883,76.378483,466.5968322753906,36.748766036345,8.442253418266773,0.2814084472755591,2.584341764450073,0.8176222222222223,2.0,22.2,42.8,22.6,27.8,1.12,5.4,0.9288793,High
SLD02208,10.300331,77.768722,861.2886352539062,26.168228627425805,3.1802115216851234,0.1060070507228374,2.8731613159179688,0.77064,2.0,21.9,38.5,23.4,30.9,1.14,5.8,0.4351425,Moderate
SLD13126,12.42832,76.469087,748.0,0.0,0.0,0.0,0.0,0.0085999999999999,10.0,0.0,0.0,0.0,0.0,0.0,0.0,0.0023123173,Low
SLD03446,11.414706,76.364936,121.04981994628906,29.166704470568583,1.4311878862790763,0.0477062628759692,0.8550543189048767,0.8191157894736842,2.0,22.0,46.1,22.1,23.0,1.12,5.5,0.76597,High
SLD13106,10.453455,77.137222,1012.6890869140624,19.2344674536187,22.57917309552431,0.7526391031841437,11.912530899047852,0.7586058823529411,8.0,28.6,34.7,25.1,29.7,1.15,5.8,0.85634714,High
SLD00733,9.884433,76.951838,632.27734375,22.120342117756824,11.05371692031622,0.3684572306772073,5.993414878845215,0.8404157894736842,8.0,25.9,37.1,22.4,26.0,1.14,5.1,0.9937332,High
SLD09979,14.699701,75.31945,570.6380615234375,1.450272018424214,0.0,0.0,0.0,0.5137052631578948,12.0,37.9,27.8,28.3,12.1,1.42,6.4,0.0025397216,Low
SLD11113,10.947364,76.277328,77.85688781738281,6.262597807670515,0.0,0.0,0.0,0.703325,14.0,21.6,49.5,17.1,23.3,1.2,5.3,0.17902525,Low
SLD08658,10.907064,76.25337,71.55078887939453,13.28097162785928,0.0,0.0,0.0,0.7729466666666667,14.0,23.4,49.2,17.2,24.3,1.2,5.3,0.41504782,Moderate
SLD10684,13.08164,75.343237,220.2772827148437,12.96468705577425,0.0,0.0,0.0,0.8395941176470588,2.0,25.2,51.3,16.5,23.8,1.14,5.4,0.5304046,Moderate
SLD07553,17.53556,73.356698,194.6244659423828,8.743682992536629,0.2670510485768315,0.0089017016192277,0.0534102097153663,0.63941875,9.0,24.1,33.1,24.3,16.0,1.36,6.1,0.06419556,Low
SLD02438,10.422528,77.03175,788.2543334960938,16.31659941895892,17.28021264076233,0.576007088025411,6.620239734649658,0.7562,2.0,24.6,35.9,28.5,42.0,1.1,5.4,0.20907748,Low
SLD00759,9.886722,76.934174,712.3064575195312,14.386216759920988,11.05371692031622,0.3684572306772073,5.993414878845215,0.7916157894736842,8.0,27.9,36.8,23.2,27.4,1.1,5.1,0.9894077,High
SLD13663,18.853764,73.876666,596.9515380859375,2.8388669259817108,0.074994354508817,0.0024998118169605,0.0149988709017634,0.4888764705882353,13.0,25.2,29.5,26.0,12.0,1.58,7.1,0.008176579,Low
SLD06625,18.37,73.58,712.8773193359375,22.170507259832725,0.0,0.0,0.0,0.5101823529411764,10.0,32.9,27.1,19.0,21.3,1.32,6.2,0.887256,High
SLD03838,11.639167,75.864444,342.6843566894531,35.18274023838095,6.037864573299885,0.2012621524433294,0.7027574777603149,0.819761111111111,2.0,30.4,47.1,12.7,27.8,1.08,5.4,0.91150945,High
SLD02747,10.740731,76.234878,86.87821960449219,6.625257685772946,0.0,0.0,0.0,0.7646466666666666,8.0,20.9,41.1,22.4,26.9,1.15,5.4,0.25034726,Low
SLD12849,10.009585,76.715669,33.56205368041992,13.377537787059463,3.0317541137337685,0.1010584704577922,0.7834799885749817,0.7881222222222222,8.0,24.2,37.4,24.4,24.3,1.2,5.3,0.0517455,Low
SLD03455,11.415881,76.365456,107.12696838378906,19.87000363188276,1.4311878862790763,0.0477062628759692,0.8550543189048767,0.8191157894736842,2.0,21.8,45.6,22.4,23.0,1.13,5.6,0.6121458,Moderate
SLD03360,11.377078,76.209178,349.1435852050781,20.83130950858073,3.329736769199372,0.110991225639979,1.3119783401489258,0.8160625,8.0,26.5,50.6,13.6,28.4,1.12,5.4,0.9410204,High
SLD10371,9.241375,76.697752,22.89044761657715,5.004720441295369,0.0,0.0,0.0,0.7753764705882353,8.0,27.1,37.1,20.5,24.0,1.2,5.4,0.09704426,Low
SLD00050,8.984111,77.131806,257.0592956542969,9.446319115872992,3.878592945635319,0.1292864315211773,2.33219051361084,0.7894666666666666,8.0,26.9,39.5,21.4,27.8,1.14,5.3,0.8387302,High
SLD13445,9.812717,76.530049,43.31993103027344,10.07165225232574,0.0,0.0,0.0,0.7546833333333334,8.0,22.4,35.6,25.9,22.9,1.2,5.4,0.09438253,Low
SLD11054,14.97032,75.274858,563.1627197265625,1.2785357825117942,0.0,0.0,0.0,0.4841722222222222,12.0,29.6,32.4,30.6,9.6,1.43,7.6,0.00081721065,Low
SLD11681,18.274538,73.885203,686.8729248046875,3.056682512900781,0.140659576281905,0.0046886525427301,0.028131915256381,0.4689666666666666,12.0,28.1,30.6,20.2,13.1,1.48,6.7,0.006351552,Low
SLD11781,9.573838,77.729717,122.6785125732422,0.1668610286311848,0.0,0.0,0.0,0.5630636363636363,12.0,35.3,35.3,13.8,14.0,1.54,7.6,0.00079338206,Low
SLD00959,9.914051,77.115246,1020.4923095703124,26.324807697731085,0.7153458893299102,0.0238448629776636,0.4292075335979461,0.8418611111111111,2.0,31.0,31.2,26.3,32.5,1.06,5.3,0.92618066,High
SLD06722,18.41,73.53,1104.4791259765625,11.460922940098165,0.0,0.0,0.0,0.71904375,9.0,32.5,28.0,17.3,22.9,1.25,5.7,0.78083444,High
SLD13845,10.026168,77.60342,273.20928955078125,0.3336869522935342,0.0,0.0,0.0,0.4696363636363637,12.0,23.7,40.4,18.0,13.5,1.49,7.2,0.00023458921,Low
SLD06467,18.12823,73.11151,77.81781005859375,19.50691956737052,0.0454096397152165,0.0015136546571738,0.0074886688962578,0.60931875,9.0,31.3,33.3,19.9,16.2,1.38,6.2,0.5871239,Moderate
SLD08398,16.319455,74.278506,579.9833984375,3.478087291085475,0.1151246577501294,0.0038374885916709,0.0230249315500259,0.5454294117647058,12.0,25.5,33.0,18.8,10.3,1.38,6.2,0.003193846,Low
SLD00945,9.912176,77.176511,984.689453125,21.17034864726146,0.504672411829233,0.016822413727641,0.2780646085739136,0.802821052631579,2.0,28.8,29.0,30.4,29.2,1.12,5.2,0.7659432,High
SLD00768,9.887748,76.952331,680.1507568359375,18.088175340073366,11.05371692031622,0.3684572306772073,5.993414878845215,0.8288470588235295,8.0,27.2,36.2,23.1,27.0,1.12,5.1,0.98839813,High
SLD04083,12.84621,75.68771,476.8189392089844,21.34028137869059,0.0,0.0,0.0,0.7859444444444444,8.0,27.0,46.8,14.3,27.3,1.18,5.5,0.94261044,High
SLD00845,9.893601,76.971674,572.9022216796875,31.27208272521256,11.05371692031622,0.3684572306772073,5.993414878845215,0.762035294117647,8.0,25.7,39.9,21.7,30.3,1.12,5.3,0.9818579,High
SLD09020,14.633489,75.232549,549.3846435546875,2.256361662402869,0.0,0.0,0.0,0.5992375,12.0,28.5,34.5,23.4,9.2,1.35,6.4,0.0030692213,Low
SLD07197,10.167095,77.351463,2310.322021484375,11.418568159887345,9.46165955811739,0.3153886519372463,6.558270454406738,0.761221052631579,2.0,22.2,32.1,30.5,60.3,1.03,5.1,0.69916254,High
SLD05559,15.4135,74.255333,286.8932800292969,24.77266055548644,0.0309270760044455,0.0010309025334815,0.0061854152008891,0.7909857142857143,2.0,20.0,40.1,21.8,25.5,1.29,5.6,0.5230519,Moderate
SLD07148,11.093712,77.379913,303.17242431640625,1.7823590702111356,0.361359678208828,0.0120453226069609,0.0722719356417656,0.41838,13.0,0.0,0.0,0.0,0.0,0.0,0.0,0.0047496157,Low
SLD13596,13.717295,74.86199,90.94844818115234,9.091875194319284,0.0,0.0,0.0,0.82512,2.0,23.6,49.7,17.1,21.2,1.2,5.6,0.18044029,Low
SLD04029,12.82891,75.61145,255.35711669921875,28.74425347632492,0.1972854137420649,0.0065761804580688,0.0288667753338813,0.7526941176470588,2.0,24.3,51.7,15.9,28.0,1.2,5.4,0.87999105,High
SLD10063,11.132645,76.426871,1074.8602294921875,24.559783718657663,28.607631236314774,0.9535877078771592,6.233974456787109,0.8586857142857143,2.0,26.2,40.0,21.3,29.1,1.12,5.4,0.44661772,Moderate
SLD02430,10.419972,77.036528,782.286865234375,27.48140650169795,17.28021264076233,0.576007088025411,6.620239734649658,0.7170307692307692,2.0,26.8,32.4,25.6,33.1,1.1,5.4,0.56784904,Moderate
SLD12838,8.321972,77.328036,116.74874877929688,26.563357485387908,0.0,0.0,0.0,0.5253,9.0,31.6,29.6,22.2,31.0,1.43,5.8,0.6915176,High
SLD07868,13.558595,75.831814,831.4505004882812,2.4001955087549263,8.169096186757088,0.2723032062252362,0.3696295917034149,0.5311157894736842,10.0,19.0,39.5,30.4,10.0,1.33,7.0,0.0003831868,Low
SLD00849,9.894011,76.943197,677.3383178710938,17.32276042129754,11.05371692031622,0.3684572306772073,5.993414878845215,0.8093944444444445,8.0,27.3,37.8,22.5,27.0,1.1,5.1,0.9913196,High
SLD06446,18.09,73.28,90.81179809570312,13.587851369908035,0.0286471075378354,0.0009549035845945,0.0057294215075671,0.6902333333333334,9.0,30.9,33.8,21.0,18.6,1.29,6.1,0.58160335,Moderate
SLD03880,11.696944,75.8075,168.87570190429688,22.54344317138144,6.730328127741814,0.2243442709247271,0.7960466146469116,0.7970533333333333,8.0,27.8,48.2,15.6,27.9,1.12,5.4,0.9192032,High
SLD05678,16.032222,73.929778,122.87488555908205,9.657438951467327,0.6138766207732251,0.0204625540257741,0.0647173076868057,0.7406470588235293,9.0,26.8,35.2,19.0,19.9,1.35,5.7,0.23489109,Low
SLD07702,11.849917,76.49555,875.7894287109375,8.34266066331817,1.1510014533996582,0.0383667151133219,1.1510014533996582,0.6909529411764705,4.0,22.9,42.4,19.8,21.0,1.2,6.1,0.01934437,Low
SLD08711,10.025278,76.462345,37.06388092041016,7.23555317398524,1.215039864182472,0.0405013288060824,0.2430079728364944,0.7414571428571428,14.0,24.7,41.4,15.8,20.9,1.21,5.3,0.09901371,Low
SLD05697,16.053861,73.984444,365.1769409179688,25.60152971860032,0.378056745976209,0.0126018915325402,0.0499498061835765,0.800275,9.0,24.3,34.3,20.0,23.0,1.28,5.4,0.88314754,High
SLD04815,13.81,75.32,658.16015625,10.91716754950012,0.0,0.0,0.0,0.7140533333333334,9.0,17.4,49.4,19.4,16.5,1.3,6.1,0.6202148,Moderate
SLD09708,13.016696,75.301197,112.44032287597656,2.0186531316114302,0.0,0.0,0.0,0.75115,8.0,27.5,51.4,14.0,18.0,1.21,5.5,0.18389761,Low
SLD05143,14.246953,74.485958,19.057376861572266,14.253296268732251,0.0245906342752275,0.0008196878091742,0.0049181268550455,0.73050625,9.0,27.0,40.6,19.2,26.0,1.27,5.6,0.5035211,Moderate
SLD07266,13.265221,75.343076,799.082275390625,11.732188784305912,0.1558067090809345,0.0051935569693644,0.0311613418161869,0.7205533333333333,8.0,29.4,41.5,16.2,29.5,1.05,5.4,0.70324135,High
SLD00892,9.899932,76.969515,593.6221313476562,18.82619653473317,11.05371692031622,0.3684572306772073,5.993414878845215,0.7982444444444444,8.0,24.3,36.3,22.1,26.3,1.14,5.2,0.9791663,High
SLD00218,9.676364,77.049871,873.9349365234375,30.09702966842461,0.2119134292006489,0.0070637809733549,0.1321043819189071,0.7935666666666666,8.0,30.1,37.3,21.1,28.0,1.04,5.3,0.8902103,High
SLD01431,10.037978,77.273086,1030.9195556640625,40.83861608680032,3.495300654321909,0.1165100218107303,1.979267954826355,0.7158266666666666,14.0,29.0,32.2,26.2,36.6,1.19,5.7,0.8424056,High
SLD05840,16.986931,73.684917,96.99522399902344,22.176079800910195,0.7829213142395013,0.0260973771413167,0.112337090075016,0.64495,9.0,26.0,33.4,18.2,21.0,1.34,6.1,0.6795207,High
SLD09310,14.660003,75.287568,589.6231079101562,2.1099317916708813,0.0,0.0,0.0,0.4939444444444444,12.0,26.5,32.4,32.9,10.5,1.4,6.4,0.0019650448,Low
SLD07081,8.580278,76.930022,49.21029281616211,8.718955404633347,0.0,0.0,0.0,0.7336588235294117,14.0,28.0,36.5,20.3,25.7,1.3,5.3,0.035498288,Low
SLD00761,9.886859,76.94032,669.73388671875,13.621745367114244,11.05371692031622,0.3684572306772073,5.993414878845215,0.832,8.0,26.3,37.8,22.2,24.4,1.12,5.1,0.98855907,High
SLD04080,12.8457,75.68489,474.4456481933594,24.4631109284615,0.0,0.0,0.0,0.7817222222222222,2.0,30.2,46.8,14.1,27.8,1.18,5.4,0.8808664,High
SLD09688,14.929131,74.679594,519.3545532226562,19.76054143686649,0.0,0.0,0.0,0.77216,2.0,16.5,47.8,21.6,23.3,1.23,5.5,0.7612976,High
SLD07147,15.583786,74.227879,124.17903900146484,13.789273747132777,0.601785341277718,0.0200595113759239,0.0577675588428974,0.8073117647058823,2.0,18.9,37.6,24.9,22.2,1.32,5.7,0.14235328,Low
SLD13959,11.064553,77.191966,348.983154296875,0.8035245926800234,0.888579189777374,0.0296193063259124,0.1777158379554748,0.370178947368421,12.0,0.0,0.0,0.0,0.0,0.0,0.0,0.004018571,Low
SLD11101,9.019382,76.995113,288.7651062011719,12.40880481413007,0.0,0.0,0.0,0.8095117647058823,2.0,32.1,35.4,21.6,34.0,1.12,5.1,0.604727,Moderate
SLD06849,12.923792,74.9106,86.80034637451172,9.350674970516684,0.0,0.0,0.0,0.6139416666666667,9.0,33.2,49.5,9.6,18.3,1.21,5.6,0.50888,Moderate
SLD11854,15.737895,74.332068,876.5638427734375,7.738800980341793,0.0,0.0,0.0,0.7904647058823528,2.0,23.7,41.6,17.3,23.3,1.2,5.6,0.04260061,Low
SLD05550,15.410944,74.264944,385.76361083984375,28.785365570815028,0.0309270760044455,0.0010309025334815,0.0061854152008891,0.8191142857142858,2.0,17.8,42.1,24.7,23.4,1.28,5.6,0.67917657,High
SLD11194,10.458321,77.143482,826.2369384765625,37.05430380603206,22.57917309552431,0.7526391031841437,11.912530899047852,0.6505944444444444,9.0,20.8,40.9,20.7,28.1,1.14,5.9,0.6507129,Moderate
SLD00663,9.876083,76.949719,594.4532470703125,28.192460539875835,11.05371692031622,0.3684572306772073,5.993414878845215,0.8172444444444444,8.0,22.7,39.6,22.4,24.2,1.1,5.1,0.98975885,High
SLD10320,13.483238,75.253354,676.5864868164062,10.526001350361517,0.0,0.0,0.0,0.7189769230769231,2.0,20.4,48.2,19.2,22.7,1.14,5.3,0.56051064,Moderate
SLD00650,9.874293,76.954503,621.2040405273438,28.70826120010652,5.661683797836304,0.1887227932612101,2.472575664520264,0.8405823529411764,8.0,24.4,38.8,22.9,27.8,1.14,5.1,0.99630487,High
SLD00709,9.881785,76.970328,547.8453979492188,22.373350155624085,11.05371692031622,0.3684572306772073,5.993414878845215,0.7569111111111111,8.0,25.3,38.6,23.2,26.4,1.16,5.1,0.9855387,High
SLD13380,12.938803,76.079934,923.4552612304688,5.462843363532017,0.0,0.0,0.0,0.5826444444444445,12.0,18.0,39.9,21.0,10.6,1.29,6.7,0.0011690458,Low
SLD11200,8.954159,77.120904,363.7999267578125,35.20923541982283,0.0967792044393717,0.0032259734813123,0.0642760023474693,0.8011999999999999,2.0,29.5,38.6,22.6,34.0,1.12,5.3,0.60456896,Moderate
SLD03439,11.413058,76.373731,393.3533630371094,25.49935055954772,1.4311878862790763,0.0477062628759692,0.8550543189048767,0.8309263157894736,2.0,25.0,43.3,21.0,24.1,1.13,5.4,0.8414308,High
SLD04033,12.82911,75.61095,259.99639892578125,29.97429887557013,0.1972854137420649,0.0065761804580688,0.0288667753338813,0.7526941176470588,2.0,24.3,51.7,15.9,28.0,1.2,5.4,0.8850652,High
SLD03738,11.555278,75.908611,322.87042236328125,25.6978075396634,9.171820729970932,0.3057273576656977,4.871296405792236,0.8206625,2.0,29.2,47.9,13.7,26.5,1.06,5.4,0.9383205,High
SLD08543,8.828641,77.612591,106.51604461669922,1.5747035261356728,0.0,0.0,0.0,0.4920636363636363,12.0,24.0,36.6,19.6,14.9,1.42,6.8,0.00085273077,Low
SLD01470,10.042353,77.293164,701.1171875,30.19214465857463,0.2914152443408966,0.0097138414780298,0.2914152443408966,0.7019666666666666,12.0,19.5,39.1,21.9,35.5,1.3,6.2,0.8279038,High
SLD13481,12.910289,75.140581,107.46898651123048,22.908807620168467,0.0,0.0,0.0,0.7894588235294118,9.0,32.1,49.6,11.6,24.4,1.17,5.4,0.53561753,Moderate
SLD06443,18.07528,73.20802,13.11496925354004,19.37894338133008,0.052689616568386,0.0017563205522795,0.005767224356532,0.50888,10.0,29.4,29.5,21.1,17.8,1.23,6.2,0.72310203,High
SLD03832,11.633333,75.856667,247.3924255371093,19.95700707472537,6.037864573299885,0.2012621524433294,0.7027574777603149,0.7881375,2.0,28.8,48.0,13.1,23.9,1.1,5.4,0.9317352,High
SLD02765,10.853375,76.732537,276.4388122558594,39.11659258971945,1.386500194203108,0.0462166731401036,0.1780505180358886,0.73002,9.0,21.6,45.0,20.5,25.1,1.16,5.4,0.94752824,High
SLD09493,17.482609,73.780285,742.359130859375,26.65124514201684,1.948461251333356,0.0649487083777785,0.5166088342666626,0.7035,9.0,39.8,28.0,19.4,30.9,1.23,5.7,0.70656264,High
SLD12504,8.923621,77.057587,144.29026794433594,13.065720551988422,0.0,0.0,0.0,0.8319705882352941,8.0,23.9,42.1,19.0,26.0,1.16,5.4,0.11413171,Low
SLD00632,9.872228,76.942668,852.3912963867188,26.38513519580122,5.661683797836304,0.1887227932612101,2.472575664520264,0.7882375,8.0,28.6,36.0,23.5,27.8,1.04,5.0,0.9799044,High
SLD04021,12.82291,75.46516,109.24948120117188,5.010829282302105,0.0,0.0,0.0,0.7273999999999999,8.0,22.7,53.4,14.9,16.0,1.25,5.4,0.3410478,Moderate
SLD14118,9.749345,76.704619,76.39470672607422,4.7981155356016485,0.0,0.0,0.0,0.7535352941176471,8.0,25.2,38.2,24.2,22.2,1.2,5.2,0.0697606,Low
SLD08540,19.251932,74.010986,696.508544921875,2.7730104960084057,0.4817580431699751,0.0160586014389991,0.0495694167912006,0.4064588235294117,12.0,45.8,20.1,22.7,11.3,1.44,6.9,0.004325524,Low
SLD08384,12.429667,76.448216,757.8895263671875,0.7571506432788757,0.0,0.0,0.0,0.5486111111111112,12.0,24.6,39.7,19.5,10.3,1.39,6.8,0.001549073,Low
SLD04556,13.323538,75.351872,754.6552734375,28.565883662730265,1.1280662845820182,0.0376022094860672,0.1427695602178573,0.7281294117647059,2.0,27.1,42.1,16.2,28.4,1.09,5.4,0.6654579,High
SLD04028,12.82874,75.61061,222.09149169921875,14.097810163753852,0.1972854137420649,0.0065761804580688,0.0288667753338813,0.7526941176470588,2.0,24.3,51.7,15.9,28.0,1.2,5.4,0.84245884,High
SLD05681,16.042444,73.975417,337.8465881347656,23.623891158580584,0.378056745976209,0.0126018915325402,0.0499498061835765,0.6887933333333334,9.0,23.1,34.7,21.8,22.0,1.3,6.1,0.75779206,High
SLD03860,11.670833,75.811111,69.76492309570312,9.464763631684267,1.3723113387823105,0.0457437112927436,0.1446631103754043,0.81631875,8.0,27.8,51.1,14.3,26.9,1.14,5.4,0.52369386,Moderate
SLD03842,11.647222,75.847778,179.61410522460938,6.120631654400143,6.037864573299885,0.2012621524433294,0.7027574777603149,0.7565058823529411,2.0,28.7,48.0,12.5,27.8,1.1,5.4,0.87581784,High
SLD05724,16.358,73.846,450.1159057617188,30.817677153841533,0.9000233374536026,0.03000077791512,0.0785311535000801,0.7742466666666666,2.0,20.4,31.6,25.1,23.0,1.23,5.5,0.47175416,Moderate
SLD02421,10.415278,77.043722,809.4017944335938,27.49933636571329,17.28021264076233,0.576007088025411,6.620239734649658,0.7354785714285714,2.0,27.9,34.1,25.4,30.9,1.12,5.4,0.7510165,High
SLD06412,17.98097,73.08664,15.289544105529783,14.634230343509824,0.1722179481294005,0.00574059827098,0.0318009592592716,0.5641588235294117,10.0,23.5,35.2,23.5,19.3,1.27,6.2,0.71471673,High
SLD09974,10.963554,77.083893,406.3170776367188,6.484028124061629,0.0,0.0,0.0,0.4452428571428571,12.0,17.1,46.9,14.2,13.5,1.46,8.1,0.00014441098,Low
SLD06644,18.38,73.57,672.70751953125,18.561957219944063,0.0,0.0,0.0,0.578225,10.0,37.6,27.2,17.3,31.1,1.3,6.2,0.50708044,Moderate
SLD06870,13.331917,75.38663889,872.58447265625,20.097171264666382,0.3736748639494174,0.0124558287983139,0.0497499778866767,0.8232764705882353,2.0,29.9,41.3,17.1,30.0,1.08,5.3,0.80964845,High
SLD08884,15.850637,74.538769,734.795654296875,0.8994248300942225,0.0,0.0,0.0,0.4651333333333334,12.0,19.3,39.9,15.3,10.2,1.38,6.0,0.00047997342,Low
SLD07545,16.951168,73.638233,94.91912078857422,7.122394735117432,0.9460745006799696,0.0315358166893323,0.1142863258719444,0.62671875,9.0,28.1,26.4,21.2,17.2,1.37,6.0,0.10174047,Low
SLD00804,9.889817,76.950812,674.9385375976562,20.7120063747494,11.05371692031622,0.3684572306772073,5.993414878845215,0.791721052631579,8.0,26.6,35.9,22.8,25.9,1.12,5.1,0.9845051,High
SLD11142,9.811115,76.953286,725.0,0.0,2.2862788066267967,0.0762092935542265,0.5568053722381592,0.5519928571428572,8.0,0.0,0.0,0.0,0.0,0.0,0.0,0.38439065,Moderate
SLD00405,9.8494,76.960355,672.8247680664062,23.330344102506896,5.661683797836304,0.1887227932612101,2.472575664520264,0.716735,8.0,27.2,38.2,21.9,27.8,1.09,5.2,0.9886553,High
SLD10890,15.938193,73.962426,420.5636596679688,30.00146276621488,0.8652315381914366,0.0288410512730478,0.0820538401603698,0.83363125,2.0,24.3,34.7,19.1,23.3,1.23,5.5,0.49773845,Moderate
SLD10046,13.39007,75.026292,159.40756225585938,16.143462561014616,0.097330845892429,0.0032443615297476,0.0194661691784858,0.79630625,2.0,27.6,51.4,16.1,22.7,1.14,5.4,0.7077692,High
SLD04038,12.83,75.635,293.6453552246094,33.10109373366281,0.0,0.0,0.0,0.7701368421052631,2.0,30.5,47.0,13.2,27.9,1.12,5.5,0.8807968,High
SLD10447,14.858613,74.382488,209.59727478027344,14.96570557634377,1.384313106536864,0.0461437702178954,0.0995938181877136,0.7843117647058824,2.0,15.4,45.7,22.7,28.0,1.23,5.5,0.41591236,Moderate
SLD03590,11.509722,75.97,249.01736450195312,16.15970577108627,0.0,0.0,0.0,0.8322421052631579,8.0,28.2,48.2,13.6,29.9,1.1,5.4,0.91239905,High
SLD10878,14.224025,75.293747,596.4495239257812,1.3023846526844496,0.0,0.0,0.0,0.60564,12.0,38.6,28.2,18.5,10.6,1.36,6.2,0.004066838,Low
SLD06410,17.97968,73.06079,61.40227508544922,9.376408528643475,0.2021001651883125,0.0067366721729437,0.0404200330376625,0.61314375,10.0,24.1,39.5,19.1,17.5,1.4,6.2,0.4882149,Moderate
SLD10733,12.122377,76.755955,671.5078125,2.083687139748164,0.0,0.0,0.0,0.5708705882352941,12.0,28.6,33.9,21.6,11.4,1.4,6.9,0.0018564528,Low
SLD00606,9.871423,76.939682,743.1012573242188,26.043814961544697,5.661683797836304,0.1887227932612101,2.472575664520264,0.7941875,8.0,28.4,36.2,22.9,27.0,1.06,5.1,0.9856882,High
SLD08129,17.494811,73.714472,994.5160522460938,25.520343328084174,2.4848967604339123,0.0828298920144637,0.5840190052986145,0.77258125,2.0,29.2,31.5,19.4,32.0,1.15,5.6,0.36123288,Moderate
SLD06116,17.542,73.375,50.32292175292969,9.307590544240734,0.2670510485768315,0.0089017016192277,0.0534102097153663,0.6945625,9.0,22.9,33.3,25.5,21.6,1.28,5.6,0.45209888,Moderate
SLD11555,15.058186,75.257846,619.8447875976562,1.1244785213498694,0.0,0.0,0.0,0.4919388888888889,12.0,30.9,31.9,30.3,10.8,1.4,7.5,0.00089004694,Low
SLD12226,13.721474,75.524613,644.87109375,4.775139120252874,0.0,0.0,0.0,0.7371214285714285,5.0,17.4,46.4,16.4,16.1,1.36,5.9,0.047695637,Low
SLD05190,14.297014,74.471497,36.37257385253906,24.084118073398383,0.0,0.0,0.0,0.71799375,8.0,21.2,48.8,20.2,20.0,1.27,6.0,0.8106412,High
SLD00861,9.896096,76.965499,642.6200561523438,21.70783924513936,11.05371692031622,0.3684572306772073,5.993414878845215,0.8494647058823529,8.0,26.8,38.4,22.7,30.9,1.12,5.3,0.9935294,High
SLD08744,10.357391,77.609694,1221.521240234375,37.111887713645146,19.44139687716961,0.6480465625723203,15.342846870422363,0.8376470588235294,2.0,21.9,37.0,27.1,38.8,1.0,5.6,0.8338509,High
SLD08416,16.402612,74.576249,683.3418579101562,7.448426798258631,0.0,0.0,0.0,0.4131705882352941,12.0,26.9,36.8,15.9,12.5,1.4,6.7,0.022379117,Low
SLD08834,12.917033,75.525946,531.2598266601562,24.81154910997763,1.5128109045326703,0.050427030151089,0.1054592654109001,0.8339133333333333,2.0,31.3,48.5,12.5,29.9,1.1,5.4,0.8668906,High
SLD12670,12.92364,75.12104,58.6190299987793,4.482382232913299,0.0,0.0,0.0,0.74851875,14.0,29.0,47.2,12.6,20.9,1.21,5.5,0.12384722,Low
SLD02494,10.479628,76.323519,87.75853729248047,17.725999807936468,0.0,0.0,0.0,0.8095466666666666,8.0,25.3,44.8,16.5,23.0,1.1,5.2,0.7825414,High
SLD03747,11.557222,75.916611,736.184814453125,42.10813301591138,9.171820729970932,0.3057273576656977,4.871296405792236,0.8364600000000001,2.0,28.9,45.5,14.8,31.0,1.06,5.4,0.8853119,High
SLD09686,8.852454,77.159521,867.8526611328125,27.620955451654805,9.145068623125551,0.3048356207708517,2.9983155727386475,0.8630625000000001,2.0,27.7,33.8,23.2,36.9,1.14,5.1,0.20976232,Low
SLD14069,9.464358,77.776297,114.08819580078124,1.7975040042205777,0.0,0.0,0.0,0.4492954545454545,13.0,32.5,40.6,16.5,20.9,1.5,7.7,0.00033546158,Low
SLD06837,11.973339,76.01831111,843.3418579101562,13.037108653668763,0.0,0.0,0.0,0.7815666666666667,8.0,22.1,41.7,21.6,21.4,1.16,5.4,0.23054527,Low
SLD00478,9.856794,76.965038,568.0299072265625,22.99672951670624,5.661683797836304,0.1887227932612101,2.472575664520264,0.6311842105263158,8.0,24.6,37.8,22.1,26.6,1.2,5.4,0.9696298,High
SLD08849,16.966154,74.136394,595.5132446289062,3.911046778957393,0.339918206445872,0.011330606881529,0.032216653227806,0.4343055555555555,12.0,26.5,36.7,17.6,10.3,1.42,6.4,0.0019094769,Low
SLD05634,15.834722,73.950361,215.65147399902344,15.397944623266342,0.5470467358827591,0.0182348911960919,0.0657038167119026,0.8195866666666667,8.0,24.3,34.1,21.5,22.0,1.29,5.5,0.1648689,Low
SLD00818,9.891325,76.971287,562.26806640625,26.635644185271524,11.05371692031622,0.3684572306772073,5.993414878845215,0.730505,8.0,27.5,39.9,21.7,31.0,1.15,5.3,0.96930355,High
SLD00456,9.855012,76.962183,601.82958984375,21.570891505893304,5.661683797836304,0.1887227932612101,2.472575664520264,0.7308473684210527,8.0,27.6,37.6,20.8,27.8,1.18,5.3,0.9843807,High
SLD04751,13.72,74.98,354.98858642578125,20.90594512512241,0.0,0.0,0.0,0.8431,2.0,17.5,48.9,19.6,25.4,1.17,5.4,0.5596883,Moderate
SLD04034,12.82913,75.62238,237.11062622070312,26.98390952512589,0.1972854137420649,0.0065761804580688,0.0288667753338813,0.7699105263157895,2.0,31.6,46.2,12.8,29.4,1.15,5.4,0.87229055,High
SLD00990,9.923082,77.159007,907.7101440429688,27.71398968604836,0.9755845516920086,0.0325194850564002,0.365365982055664,0.8111055555555555,2.0,30.3,30.3,29.0,29.7,1.12,5.2,0.8810644,High
SLD00737,9.885022,76.935988,695.12109375,21.424788478859952,11.05371692031622,0.3684572306772073,5.993414878845215,0.8385058823529412,8.0,28.3,37.2,23.1,27.8,1.08,5.1,0.9922695,High
SLD12635,15.546905,74.699513,661.2518310546875,2.447430905786719,0.0,0.0,0.0,0.5735,12.0,23.6,39.6,15.7,12.1,1.33,6.1,0.001560329,Low
SLD01544,10.06,77.23,1841.0882568359373,32.76353546151999,3.495300654321909,0.1165100218107303,1.979267954826355,0.7872714285714285,8.0,26.9,31.1,28.6,49.6,1.0,5.3,0.57777053,Moderate
SLD01459,10.040314,77.291872,717.4461059570312,34.62911063562267,0.2914152443408966,0.0097138414780298,0.2914152443408966,0.6487444444444445,14.0,21.0,39.4,21.5,30.6,1.3,6.2,0.8279729,High
SLD12642,10.070549,77.614541,267.3746032714844,0.8420953191004594,0.0,0.0,0.0,0.4655318181818181,12.0,20.7,41.6,19.7,14.0,1.48,7.4,0.00029626794,Low
SLD10403,8.795543,77.686977,83.50109100341797,2.7205917528209214,0.0,0.0,0.0,0.35833,12.0,26.5,31.3,23.3,15.2,1.5,7.0,0.0048756925,Low
SLD06995,9.468942,77.051196,869.3428955078125,34.361045274966415,3.644975950941443,0.1214991983647147,2.007383346557617,0.88355,2.0,25.7,31.8,26.6,40.7,1.04,5.2,0.43097714,Moderate
SLD00407,9.849505,76.96103,658.0647583007812,2.827822862750124,5.661683797836304,0.1887227932612101,2.472575664520264,0.716735,8.0,26.3,37.5,21.7,26.4,1.08,5.2,0.9695179,High
SLD07325,13.316561,75.741438,1048.259521484375,1.5019071653638534,0.0,0.0,0.0,0.6768722222222222,14.0,21.7,41.1,20.7,15.5,1.26,5.9,0.004419184,Low
SLD09372,14.882385,74.335154,154.6811065673828,13.536629350366209,0.8863614173606025,0.0295453805786867,0.0716228038072586,0.79335625,2.0,18.1,42.3,19.5,27.5,1.2,5.4,0.330375,Moderate
SLD02521,10.493417,77.116222,416.9997863769531,29.512942061097043,9.196555275470018,0.3065518425156673,3.97658109664917,0.6907099999999999,14.0,20.5,42.3,18.5,23.0,1.29,6.3,0.70590734,High
SLD08526,18.17403,73.690519,679.0686645507812,11.5924045201783,0.098938669834751,0.0032979556611583,0.0196303371340036,0.62130625,9.0,36.5,26.1,18.1,20.9,1.36,6.2,0.58118623,Moderate
SLD13822,16.335162,73.833189,317.1517944335937,26.91342851132824,0.9000233374536026,0.03000077791512,0.0785311535000801,0.7256733333333333,9.0,24.7,32.7,21.8,23.0,1.31,5.6,0.78685105,High
SLD06437,18.062222,73.2175,11.11075496673584,14.086465248179977,0.2345294691622249,0.0078176489720741,0.0240507628768682,0.51815,11.0,0.0,0.0,0.0,0.0,0.0,0.0,0.85594136,High
SLD13273,12.656162,75.247112,105.9800262451172,3.842893424296467,0.0,0.0,0.0,0.76440625,8.0,27.8,46.7,12.9,20.2,1.11,5.4,0.17932956,Low
SLD00387,9.846082,76.938568,841.3760375976562,12.320032994155584,5.661683797836304,0.1887227932612101,2.472575664520264,0.7795357142857143,8.0,26.6,36.2,22.4,26.0,1.08,5.1,0.92776716,High
SLD08838,12.752792,75.391384,137.2151641845703,18.3834748937134,0.0,0.0,0.0,0.7872,8.0,26.4,54.7,13.0,20.8,1.12,5.4,0.39360997,Moderate
SLD05624,15.815583,73.976694,189.5765686035156,22.5427163226156,0.519282734021544,0.0173094244673848,0.0580080561339855,0.8221533333333333,2.0,23.8,34.8,21.4,23.0,1.3,5.7,0.4495588,Moderate
SLD12132,15.475541,74.879287,632.4890747070312,1.9590691773414648,0.0,0.0,0.0,0.5678866666666667,12.0,23.0,34.9,23.7,9.1,1.4,6.4,0.0021675692,Low
SLD12196,18.828614,73.83014,631.2776489257812,10.033468223353458,0.0310332677327095,0.0010344422577569,0.0062066535465419,0.4279499999999999,12.0,25.2,30.0,23.2,11.1,1.5,6.7,0.013282159,Low
SLD04519,13.220686,75.370078,836.8323974609375,25.3883215554588,0.2921710908412924,0.0097390363613764,0.0409052222967147,0.7496117647058823,8.0,26.1,44.8,18.5,27.8,1.06,5.5,0.9825899,High
SLD13773,12.490283,76.392988,752.0667724609375,1.4081301346645132,0.0,0.0,0.0,0.5167647058823529,12.0,25.1,32.6,20.6,12.3,1.37,7.1,0.002850072,Low
SLD03761,11.561389,75.929722,1017.9251098632812,12.89256374377577,4.871558889746666,0.1623852963248888,2.9305312633514404,0.8078285714285715,2.0,29.4,42.4,16.0,32.9,1.08,5.2,0.4706431,Moderate
SLD00675,9.877425,76.941212,662.4388427734375,21.30632686818578,11.05371692031622,0.3684572306772073,5.993414878845215,0.8543375,2.0,29.5,35.4,23.1,26.4,1.06,5.0,0.98195744,High
SLD11482,11.375869,76.290624,61.04096984863281,6.63237853152831,0.5648069329326972,0.0188268977644232,0.5489125847816467,0.7370388888888889,8.0,24.4,48.5,18.6,22.8,1.25,5.5,0.10834806,Low
SLD07133,15.436859,74.865401,708.0450439453125,15.224005275675443,0.0,0.0,0.0,0.701825,9.0,24.6,40.2,14.2,13.9,1.3,5.9,0.259744,Low
SLD00961,9.914315,77.110644,991.5807495117188,24.87500403853876,0.7153458893299102,0.0238448629776636,0.4292075335979461,0.8511277777777777,2.0,30.4,31.2,26.1,32.8,1.06,5.2,0.9306183,High
SLD08912,15.425733,74.826279,640.0609130859375,17.37080419896378,0.0,0.0,0.0,0.6579125,4.0,24.4,38.1,20.7,15.8,1.34,5.9,0.14662482,Low
SLD11607,9.537559,77.735978,115.39306640625,0.315899128997977,0.0,0.0,0.0,0.5120130434782608,12.0,34.1,38.6,15.2,12.6,1.5,7.6,0.00083328673,Low
SLD00814,9.890327,76.962593,565.4762573242188,18.36699730236021,11.05371692031622,0.3684572306772073,5.993414878845215,0.7973666666666667,8.0,23.7,37.9,22.6,29.1,1.14,5.3,0.9745267,High
SLD07157,15.289996,74.473491,553.5,0.0,0.0,0.0,0.0,0.2534071428571428,17.0,0.0,0.0,0.0,0.0,0.0,0.0,0.0024816275,Low
SLD00489,9.858306,76.963114,564.506591796875,10.810621746438253,5.661683797836304,0.1887227932612101,2.472575664520264,0.6657000000000001,8.0,25.4,35.1,23.0,27.3,1.2,5.3,0.96650076,High
SLD09967,15.784326,74.489565,740.6371459960938,2.9168969563632823,0.0,0.0,0.0,0.530478947368421,12.0,22.5,42.2,13.4,11.2,1.31,6.2,0.0009104056,Low
SLD08900,16.169807,73.727284,51.6775016784668,4.527674108338722,0.373844682471826,0.0124614894157275,0.0687984675168991,0.5751647058823529,9.0,24.5,28.2,25.7,17.0,1.33,6.1,0.020642258,Low
SLD00468,9.855987,76.965553,573.93798828125,28.69294105440813,5.661683797836304,0.1887227932612101,2.472575664520264,0.6703833333333333,8.0,25.4,37.4,22.1,26.8,1.18,5.4,0.9790261,High
SLD06399,17.94828,73.57978,697.80810546875,35.78649193209071,0.8485040813684461,0.0282834693789482,0.1084630638360977,0.57516875,9.0,36.5,29.6,18.6,22.4,1.28,5.9,0.41688818,Moderate
SLD00438,9.8538,76.9681,592.7772827148438,26.14871617460595,5.661683797836304,0.1887227932612101,2.472575664520264,0.6731555555555555,8.0,25.9,39.0,21.4,26.0,1.1,5.2,0.96835625,High
SLD08807,16.977396,73.369953,12.325462341308594,16.11356613708918,0.0,0.0,0.0,0.64958,8.0,22.2,35.1,23.3,19.0,1.4,6.4,0.6777171,High
SLD09347,11.899845,76.452893,772.0582275390625,4.168132925474942,0.273972503840923,0.0091324167946974,0.1095890030264854,0.61409375,12.0,26.3,41.3,19.6,14.9,1.3,5.9,0.0050532906,Low
SLD08815,12.23055,76.093912,892.3425903320312,3.269025580876086,0.0,0.0,0.0,0.7667052631578947,4.0,22.7,45.0,22.0,18.3,1.2,5.9,0.0014334277,Low
SLD08698,18.222971,74.115753,809.8494873046875,27.84581581830076,0.0193348934408275,0.0006444964480275,0.0038669786881655,0.3702166666666666,12.0,41.8,27.8,14.5,24.2,1.31,7.0,0.73985136,High
SLD08939,15.242321,75.123426,574.98486328125,1.2262166831779413,0.0,0.0,0.0,0.4653647058823529,12.0,35.3,30.9,29.3,9.5,1.42,6.7,0.0011938899,Low
SLD01157,9.991094,77.105694,947.8179931640624,19.101602820858503,0.8599804518744348,0.0286660150624811,0.650035560131073,0.826825,2.0,30.9,32.1,25.6,27.9,1.1,5.2,0.8457803,High
SLD00379,9.842521,76.965072,759.792236328125,28.55842481158831,5.661683797836304,0.1887227932612101,2.472575664520264,0.6975277777777777,2.0,27.0,35.5,25.2,33.5,1.07,5.0,0.7229894,High
SLD07819,15.468017,75.027576,687.71923828125,0.6412320946707448,0.0,0.0,0.0,0.49053125,10.0,21.0,44.3,15.2,10.8,1.4,6.6,0.00057084404,Low
SLD09690,16.058625,73.964398,285.83953857421875,21.985540812568352,0.6138766207732251,0.0204625540257741,0.0647173076868057,0.7894,2.0,20.5,32.9,25.1,22.1,1.27,5.5,0.3887663,Moderate
SLD11375,15.390062,74.544599,623.9978637695312,8.55010697585398,0.0,0.0,0.0,0.7194058823529412,4.0,18.3,43.8,20.8,16.5,1.3,5.9,0.08361009,Low
SLD03999,11.904111,76.016444,813.0020141601562,12.067437921331914,0.0,0.0,0.0,0.7824444444444444,8.0,26.3,42.5,19.2,25.5,1.12,5.4,0.71511996,High
SLD10828,10.161395,77.324951,2171.284912109375,24.96108542338613,9.94099796563387,0.3313665988544623,5.953715801239014,0.7601333333333333,2.0,30.3,27.9,27.6,60.3,1.0,5.1,0.7876147,High
SLD13562,15.594369,75.057586,626.7936401367188,1.0974452590490174,0.0,0.0,0.0,0.4854588235294118,10.0,31.1,28.6,26.6,12.5,1.4,7.7,0.0008373245,Low
SLD07568,9.403228,77.748507,113.27175903320312,0.2556954135843958,0.0,0.0,0.0,0.4921090909090909,12.0,30.4,38.4,17.6,16.2,1.42,7.7,0.00084216916,Low
SLD04920,13.89,75.33,720.6173706054688,6.994908088301742,0.0,0.0,0.0,0.7148176470588234,9.0,29.2,36.4,20.7,26.3,1.21,6.0,0.53863,Moderate
SLD06876,13.423306,75.25469444,664.24658203125,12.711067316953798,0.0,0.0,0.0,0.5577,9.0,19.7,47.2,18.4,19.9,1.23,5.6,0.7679566,High
SLD11126,10.660047,77.173775,380.76318359375,0.2034945796371093,3.530348785221577,0.1176782928407192,2.936520338058472,0.4933875,12.0,16.8,44.3,15.7,12.4,1.48,7.7,0.00022581,Low
SLD00572,9.867475,76.962613,603.6170654296875,24.14050374583696,5.661683797836304,0.1887227932612101,2.472575664520264,0.8088333333333333,8.0,27.1,38.6,24.0,24.4,1.14,5.1,0.99262905,High
SLD05570,15.422481,74.279461,627.9288330078125,21.50111866497061,0.4415894113481041,0.0147196470449368,0.0367128178477287,0.8187214285714285,8.0,19.0,41.8,24.0,22.6,1.22,5.5,0.8636791,High
SLD12153,17.519606,73.333889,96.16918182373048,15.99069526251504,0.266569685190916,0.0088856561730305,0.0533139370381832,0.7326133333333333,4.0,22.8,36.2,23.9,17.0,1.31,6.0,0.36367464,Moderate
SLD01343,10.022622,77.264906,1243.562744140625,28.825188786607843,4.766331918537617,0.1588777306179205,2.1873443126678467,0.7898272727272727,8.0,28.9,32.9,25.3,45.5,1.02,5.4,0.66952014,High
SLD08480,9.762314,76.793895,334.7174377441406,32.81862751408764,1.9883011616766453,0.0662767053892215,1.6807856559753418,0.8295277777777778,8.0,27.0,33.2,25.5,31.1,1.09,5.1,0.9464838,High
SLD00550,9.864936,76.951604,671.7520141601562,24.281263540427545,5.661683797836304,0.1887227932612101,2.472575664520264,0.8331875,8.0,29.6,39.1,22.2,29.1,1.04,5.2,0.98843366,High
SLD13966,9.547404,76.589256,22.320537567138672,6.642245287443228,0.0,0.0,0.0,0.7346142857142857,14.0,24.5,30.6,25.0,23.1,1.21,5.3,0.010143004,Low
SLD12744,14.2893,75.29075,599.0261840820312,1.5884868111192243,0.0,0.0,0.0,0.6377,12.0,33.4,32.2,17.4,10.1,1.38,6.3,0.003304699,Low
SLD13218,12.299347,76.216594,821.6845092773438,1.71903010384676,0.0,0.0,0.0,0.47044375,12.0,22.7,41.9,17.5,12.2,1.3,6.8,0.0013357252,Low
SLD02519,10.492222,77.113056,413.7590026855469,26.008696242871963,9.196555275470018,0.3065518425156673,3.97658109664917,0.7126285714285714,14.0,19.5,43.7,23.5,21.0,1.3,6.0,0.7597097,High
SLD04054,12.83437,75.65434,280.3204650878906,30.711528971584453,0.0,0.0,0.0,0.7678111111111111,2.0,30.5,47.1,14.1,27.1,1.15,5.4,0.8799559,High
SLD00561,9.866414,76.964794,571.819580078125,26.729518650744705,5.661683797836304,0.1887227932612101,2.472575664520264,0.8065705882352942,8.0,28.3,37.7,23.0,25.9,1.14,5.2,0.9915513,High
SLD06482,18.161667,73.14,169.2941436767578,8.804445819093944,0.2449550200253719,0.008165167334179,0.0254473742097616,0.6729823529411765,9.0,23.9,36.4,20.5,19.1,1.38,6.2,0.267313,Low
SLD09088,15.582889,75.020467,662.8319702148438,0.7250738287886517,0.0,0.0,0.0,0.4396705882352941,10.0,24.0,32.9,26.9,12.1,1.4,7.2,0.0013251334,Low
SLD11437,15.425363,74.888509,668.2628784179688,3.568225940807304,0.0,0.0,0.0,0.5383133333333333,12.0,23.9,36.6,20.2,10.4,1.4,6.2,0.0027840089,Low
SLD00439,9.853882,76.959077,625.7180786132812,23.33694289268629,5.661683797836304,0.1887227932612101,2.472575664520264,0.7892375,8.0,25.6,40.8,21.7,25.9,1.1,5.2,0.98926777,High
SLD10703,12.858637,75.48082,197.74400329589844,12.80213468188933,0.0,0.0,0.0,0.842375,2.0,26.9,54.6,14.7,21.1,1.14,5.4,0.08702158,Low
SLD13572,13.552478,75.657934,844.2095336914062,19.316300630738304,0.6844084197655311,0.0228136139921843,0.0449482798576355,0.7921866666666666,5.0,30.6,38.9,17.7,27.0,1.11,5.6,0.37855092,Moderate
SLD03818,11.613889,75.813611,93.73739624023438,21.00915476099245,0.0,0.0,0.0,0.8124588235294118,2.0,28.6,50.6,12.4,24.3,1.14,5.4,0.31733286,Low
SLD00885,9.898321,76.97142,599.1265258789062,27.98587090827644,11.05371692031622,0.3684572306772073,5.993414878845215,0.7988315789473684,8.0,24.3,41.1,20.8,27.8,1.14,5.1,0.990737,High
SLD08329,11.100658,76.589742,553.9188232421875,20.01342664215316,21.70155422389508,0.7233851407965024,6.32246732711792,0.7456,14.0,24.5,38.8,23.3,23.0,1.23,5.7,0.880779,High
SLD00813,9.890173,76.939309,746.9998779296875,27.27457045277996,11.05371692031622,0.3684572306772073,5.993414878845215,0.77406875,8.0,27.4,37.3,23.1,24.1,1.11,5.1,0.99056035,High
SLD06737,18.44,73.54,960.9963989257812,9.065465304625883,0.0,0.0,0.0,0.7013526315789473,2.0,39.3,25.7,19.7,24.0,1.26,5.6,0.46636644,Moderate
SLD08091,15.496607,73.985633,155.48019409179688,9.654654155560904,0.0,0.0,0.0,0.68705,8.0,22.4,38.6,20.8,20.1,1.37,6.2,0.29327154,Low
SLD08983,12.994028,75.502026,584.6066284179688,18.910759707679567,0.9529787953943004,0.0317659598464766,0.097795270383358,0.8350133333333333,2.0,28.7,47.8,13.7,31.1,1.09,5.4,0.8181452,High
SLD00852,9.894803,76.951507,650.2748413085938,26.334998228771667,11.05371692031622,0.3684572306772073,5.993414878845215,0.8191529411764705,8.0,28.2,35.4,22.6,27.4,1.12,5.1,0.9816232,High
SLD12829,12.937478,75.368665,79.5759506225586,3.158094842145613,0.0,0.0,0.0,0.8257888888888889,2.0,25.9,49.7,15.9,18.1,1.23,5.5,0.33185777,Moderate
SLD06734,18.43,73.53,1086.579833984375,14.694047953809676,0.0,0.0,0.0,0.60035,12.0,32.4,28.1,19.4,23.7,1.24,6.0,0.8610079,High
SLD04742,13.72,74.97,181.30702209472656,7.58850498414081,0.0,0.0,0.0,0.82924,2.0,18.9,52.0,18.0,21.4,1.2,5.5,0.21239915,Low
SLD13140,9.843247,76.535283,27.124441146850582,11.15894458026876,0.084439218044281,0.002814640601476,0.0168878436088562,0.7688411764705883,8.0,22.3,43.1,20.5,22.4,1.19,5.3,0.15195732,Low
SLD08603,18.971118,73.644069,818.2969970703125,7.431950369680541,0.3778470284305504,0.012594900947685,0.0371859669685363,0.42145,12.0,35.3,24.7,22.7,15.4,1.38,6.4,0.030620793,Low
SLD12544,9.826533,76.536707,54.23077774047852,5.201151512055067,0.084439218044281,0.002814640601476,0.0168878436088562,0.7935142857142857,8.0,22.7,37.0,24.6,22.0,1.14,5.4,0.02897243,Low
SLD13251,8.852676,77.105159,334.72662353515625,3.706032188404023,1.8147279364056883,0.0604909312135229,1.305167317390442,0.8438875,2.0,30.4,36.5,20.3,30.4,1.12,5.2,0.3038914,Low
SLD07349,10.140828,77.309603,2438.160400390625,9.951308920829238,9.94099796563387,0.3313665988544623,5.953715801239014,0.7987571428571429,2.0,25.8,31.0,28.3,65.4,0.9,5.0,0.53233117,Moderate
SLD09182,10.553409,77.758854,275.5946350097656,1.5893840091301623,3.101524852216244,0.1033841617405414,2.3435988426208496,0.495965,12.0,18.8,46.2,17.6,12.9,1.5,7.6,0.00015800082,Low
SLD06016,17.388524,73.757859,672.5829467773438,19.581995812285264,1.6593764256685966,0.0553125475222865,0.2876087129116058,0.62914375,9.0,29.9,30.6,19.0,23.5,1.34,5.7,0.5680062,Moderate
SLD04600,13.471956,75.240756,709.03125,13.014879820036851,0.0,0.0,0.0,0.8033941176470588,2.0,22.5,47.1,18.5,23.8,1.15,5.3,0.626811,Moderate
SLD10803,14.989131,74.865748,477.6724548339844,5.368649273140041,0.0,0.0,0.0,0.54996875,10.0,16.5,41.9,20.2,13.7,1.34,6.2,0.06096013,Low
SLD05959,17.224,73.451,26.39471435546875,11.750020936765162,0.3350305557250975,0.0111676851908365,0.0670061111450195,0.70442,9.0,28.8,28.0,28.2,19.0,1.35,6.3,0.49296048,Moderate
SLD14158,14.106009,75.721477,565.9180908203125,0.6650640913957113,0.0,0.0,0.0,0.6755444444444445,12.0,24.2,40.5,15.7,10.1,1.42,6.8,0.0006485951,Low
SLD13667,13.772389,75.539991,625.1260375976562,5.193485594652871,0.0,0.0,0.0,0.6808599999999999,4.0,20.0,36.3,24.3,18.0,1.31,6.1,0.00428282,Low
SLD01031,9.939357,77.10125,867.3324584960938,20.42624522119047,0.5576421022415161,0.0185880700747172,0.5576421022415161,0.8383444444444444,8.0,32.4,34.1,22.3,27.1,1.14,5.3,0.9660966,High
SLD09448,10.378603,76.661237,555.0494384765625,8.684463809066965,9.889109641313553,0.3296369880437851,2.5573558807373047,0.8287857142857142,2.0,28.5,40.4,19.2,24.8,1.12,5.1,0.7858825,High
SLD07907,12.406377,76.156943,885.7881469726562,1.2587733527761886,0.0,0.0,0.0,0.4917,12.0,25.4,40.9,18.4,12.5,1.29,6.6,0.002135521,Low
SLD10781,8.795781,77.264752,1256.0025634765625,30.62219824698424,18.98609821312129,0.6328699404373765,5.047563076019287,0.8473411764705883,2.0,26.6,32.0,26.6,45.4,1.03,5.0,0.15636116,Low
SLD02448,10.429889,77.022889,769.0,29.83557332507558,11.620632963255048,0.3873544321085015,7.967309474945068,0.5933733333333334,2.0,28.9,35.4,25.0,30.9,1.1,5.5,0.51909214,Moderate
SLD00419,9.851416,76.949474,838.6261596679688,31.451385800267616,5.661683797836304,0.1887227932612101,2.472575664520264,0.7665615384615385,8.0,26.1,37.4,24.6,25.8,1.04,5.1,0.9782397,High
SLD10475,10.886552,76.71694,665.7047119140625,34.77758571119121,18.959142588078976,0.6319714196026325,6.184226036071777,0.8083666666666667,2.0,27.6,36.6,20.5,27.3,1.17,5.3,0.6219844,Moderate
SLD11996,8.784353,77.645048,75.1075439453125,0.7433439191308074,1.0953263724222777,0.0365108790807425,1.0405144691467283,0.3777875,12.0,26.4,37.9,20.5,14.0,1.5,7.0,0.0017915862,Low
SLD05680,16.040083,73.975222,274.1560363769531,19.195378425790167,0.378056745976209,0.0126018915325402,0.0499498061835765,0.6577533333333334,9.0,24.5,34.9,21.3,22.0,1.3,6.1,0.7096256,High
SLD00754,9.886474,76.953655,694.8600463867188,19.459582560212247,11.05371692031622,0.3684572306772073,5.993414878845215,0.8088263157894736,8.0,27.2,36.2,23.1,27.0,1.12,5.1,0.989242,High
SLD11259,11.985191,76.039937,877.6488647460938,6.44912622353451,0.0,0.0,0.0,0.7758277777777778,8.0,25.1,40.9,21.3,21.1,1.19,5.5,0.05644499,Low
SLD07721,9.654358,77.343154,1351.3955078125,44.09333367019731,12.550757989287376,0.4183585996429125,3.907356023788452,0.665825,8.0,33.9,31.1,20.5,47.0,1.04,5.3,0.57259446,Moderate
SLD12717,10.14558,76.430052,1.0,0.0,2.405477613210678,0.0801825871070226,0.4810955226421356,0.6335599999999999,9.0,0.0,0.0,0.0,0.0,0.0,0.0,0.44283193,Moderate
SLD08759,8.782277,77.643468,72.66546630859375,0.1026677446856575,1.0953263724222777,0.0365108790807425,1.0405144691467283,0.3456388888888889,10.0,27.8,37.5,19.5,14.0,1.5,6.9,0.00086468604,Low
SLD07186,16.967709,73.581476,180.61148071289065,2.4391277579058928,0.583478771150112,0.0194492923716704,0.1166957542300224,0.6977764705882352,9.0,26.0,30.8,20.6,16.2,1.38,6.1,0.075415015,Low
SLD13951,16.948017,73.960724,634.0396728515625,16.70219496437002,1.2752090394496916,0.0425069679816563,0.1657060384750366,0.58454375,9.0,19.1,41.6,21.0,19.0,1.33,6.2,0.80708754,High
SLD09073,9.838221,76.511929,31.943727493286133,5.660575071419491,0.0,0.0,0.0,0.7859588235294117,8.0,24.0,38.8,25.2,24.2,1.12,5.4,0.027788626,Low
SLD08103,11.543403,75.981862,1289.6820068359375,37.45889638160549,3.191845715045929,0.1063948571681976,2.501986026763916,0.7358533333333334,2.0,25.3,38.0,22.8,43.7,1.02,5.3,0.8234596,High
SLD00830,9.892668,76.942487,706.8427734375,29.268632511012413,11.05371692031622,0.3684572306772073,5.993414878845215,0.8194388888888889,8.0,26.6,37.8,25.2,29.3,1.12,5.3,0.9921969,High
SLD08913,17.487109,73.761103,641.0,0.0,1.961916364729404,0.0653972121576468,0.5118845701217651,0.43708125,11.0,0.0,0.0,0.0,0.0,0.0,0.0,0.08452431,Low
SLD11040,12.646978,75.053329,99.65271759033205,5.007444336055838,0.0,0.0,0.0,0.7546692307692309,14.0,25.6,49.8,13.3,24.3,1.2,5.6,0.13683161,Low
SLD10883,14.340317,75.126105,619.7988891601562,2.3377586465766296,0.0,0.0,0.0,0.610175,12.0,18.3,40.2,21.3,14.3,1.3,6.2,0.014395103,Low
SLD05579,15.431808,74.291431,674.17431640625,15.171459609170586,0.2722822036594149,0.0090760734553138,0.0215797647833824,0.7954733333333334,8.0,27.9,40.9,17.6,25.9,1.23,5.6,0.6940268,High
SLD08294,12.957516,75.590264,770.4944458007812,31.69893643528073,0.903600277379154,0.0301200092459717,0.0888347849249839,0.84244,2.0,24.8,42.6,18.4,30.0,1.09,5.4,0.82251406,High
SLD06294,17.92338,73.59939,766.6082763671875,9.059117069241118,0.7663641311228275,0.0255454710374275,0.0996951162815094,0.7526470588235294,2.0,35.7,28.3,20.2,23.0,1.25,5.6,0.65636617,Moderate
SLD09098,15.825051,74.305584,782.3934326171875,4.238069610065252,0.0,0.0,0.0,0.61425,9.0,20.0,39.2,18.7,21.1,1.23,5.8,0.03494123,Low
SLD12817,15.081266,75.248703,651.1279296875,1.6729216800762554,0.0,0.0,0.0,0.4731166666666666,12.0,33.0,30.7,32.2,10.8,1.4,7.6,0.0010589906,Low
SLD07587,15.386231,74.577111,676.7147827148438,17.43713286596988,0.0706946942955255,0.0023564898098508,0.0141389388591051,0.77215,5.0,18.7,40.6,19.0,21.0,1.22,5.8,0.46384278,Moderate
SLD02443,10.427972,77.018278,823.7185668945312,21.32057522709087,11.620632963255048,0.3873544321085015,7.967309474945068,0.7363583333333333,2.0,26.3,33.7,27.8,29.8,1.1,5.4,0.37576157,Moderate
SLD06548,18.33,73.5,678.6598510742188,17.84871022379819,0.0590031519532203,0.001966771731774,0.0590031519532203,0.5908529411764706,10.0,0.0,0.0,0.0,0.0,0.0,0.0,0.8443268,High
SLD13438,10.966963,77.428107,332.7196960449219,0.2737935670369817,0.0,0.0,0.0,0.4417045454545454,12.0,17.1,42.9,17.3,10.3,1.48,7.0,0.00013395413,Low
SLD12086,18.966617,73.236199,314.6818542480469,21.487467641808674,0.0,0.0,0.0,0.6125,9.0,20.5,34.8,22.0,23.5,1.3,6.0,0.7833724,High
SLD10968,12.34946,76.049134,867.8291625976562,3.792553147623266,0.0,0.0,0.0,0.5976588235294118,12.0,24.4,38.5,21.4,11.8,1.26,6.1,0.004066471,Low
SLD03492,11.435264,76.390853,602.3745727539062,17.66460814177966,4.303420724347234,0.1434473574782411,1.9660700559616089,0.8324,2.0,27.3,42.3,17.0,31.1,1.08,5.5,0.7651051,High
SLD13519,12.290712,76.017216,1030.8804931640625,20.948912052750863,0.0,0.0,0.0,0.78135625,4.0,25.7,36.1,24.4,23.2,1.18,5.8,0.37261122,Moderate
SLD13358,10.123129,77.366363,1145.0343017578125,36.90592466474933,4.667851805686951,0.155595060189565,3.753581285476685,0.7612882352941177,8.0,29.7,33.1,23.3,31.0,1.13,5.8,0.75437534,High
SLD00500,9.858681,76.968641,591.9349975585938,27.65966386611133,5.661683797836304,0.1887227932612101,2.472575664520264,0.7232411764705882,8.0,25.4,36.2,23.4,25.1,1.17,5.2,0.98991793,High
SLD12812,9.500461,76.541485,29.131139755249023,1.011694668684335,0.0,0.0,0.0,0.7053076923076923,14.0,23.7,31.4,28.2,22.7,1.22,5.1,0.007522156,Low
SLD00171,9.62,77.31,1526.4600830078125,13.03975439601102,8.388625212013721,0.2796208404004573,2.786255359649658,0.8141846153846154,8.0,26.1,32.3,27.0,56.6,1.0,5.1,0.28637764,Low
SLD01945,10.177358,77.387694,2235.422119140625,14.483455021129176,13.06113605084829,0.435371201694943,9.42103099822998,0.7697117647058824,2.0,25.1,30.0,28.2,48.5,1.04,5.4,0.811694,High
SLD01368,10.028983,77.265719,1196.333740234375,36.976358560129256,3.495300654321909,0.1165100218107303,1.979267954826355,0.7369769230769231,8.0,27.8,35.2,24.8,43.1,1.1,5.4,0.77172595,High
SLD10060,10.031831,76.401155,1.2162556648254397,0.2706144947133712,4.348652362823486,0.1449550787607828,0.8697304725646973,0.7035538461538462,14.0,24.3,33.1,26.6,28.2,1.23,5.1,0.0030828728,Low
SLD06508,18.26,73.53,890.2222900390625,24.21382212706568,0.1423514906672378,0.0047450496889079,0.0854072868824005,0.6635764705882352,9.0,35.5,26.6,20.3,22.9,1.27,6.0,0.7521237,High
SLD05647,15.863389,73.92275,63.64639663696289,13.367850797229645,0.3568754438310855,0.0118958481277028,0.0433295033872127,0.7053666666666667,8.0,28.7,34.4,17.8,20.3,1.36,5.5,0.33105713,Moderate
SLD09138,16.215698,74.593953,649.79541015625,1.789946143185659,0.0,0.0,0.0,0.3982,12.0,32.8,30.1,28.7,10.1,1.4,6.6,0.0014139924,Low
SLD02968,11.170097,76.568175,1018.0972900390624,26.988892506720223,19.65206452086568,0.6550688173621892,8.452533721923828,0.8177944444444445,2.0,24.2,37.8,27.0,27.8,1.06,5.3,0.8167733,High
SLD08191,11.22043,77.071225,393.2931823730469,4.623289450627792,0.7177648246288291,0.0239254941542943,0.3351823985576629,0.5249388888888888,12.0,17.3,45.1,14.5,12.5,1.44,7.7,0.00018554587,Low
SLD05544,15.402778,73.908333,21.980005264282227,21.286343198667765,0.0,0.0,0.0,0.5035941176470589,9.0,23.6,35.6,23.3,28.8,1.28,6.1,0.77417594,High
SLD04058,12.83957,75.66188,293.2801818847656,35.31488458457162,0.0,0.0,0.0,0.7852277777777777,2.0,30.5,47.7,13.3,25.9,1.14,5.5,0.9290508,High
SLD11501,9.94056,77.172839,1132.447509765625,14.672227364703216,0.4250239729881285,0.0141674657662709,0.2333464920520782,0.7770176470588236,8.0,28.9,29.1,28.4,32.4,1.1,5.3,0.9054768,High
SLD00385,9.844834,76.943246,852.7892456054688,9.528079591970789,5.661683797836304,0.1887227932612101,2.472575664520264,0.77692,2.0,27.5,36.3,22.3,30.5,1.08,5.1,0.4018878,Moderate
SLD10978,8.540838,76.98049,29.7995662689209,3.7962474662936097,0.0,0.0,0.0,0.6619214285714285,14.0,30.8,37.7,18.8,26.6,1.4,5.3,0.06638567,Low
SLD11637,15.377923,74.597221,764.2557373046875,29.209079005599182,0.0706946942955255,0.0023564898098508,0.0141389388591051,0.7900611111111111,2.0,17.9,41.0,25.4,21.6,1.29,5.8,0.5147446,Moderate
SLD00800,9.889363,76.930844,740.36328125,20.04509519153565,11.05371692031622,0.3684572306772073,5.993414878845215,0.8053388888888889,8.0,27.7,37.4,23.9,25.9,1.08,5.1,0.98543787,High
SLD04807,13.8,75.34,646.8248291015625,10.001842268024191,0.0,0.0,0.0,0.757875,8.0,19.4,48.8,19.2,19.2,1.29,6.0,0.5702802,Moderate
SLD08024,9.805961,76.990071,927.1948852539062,7.66859136982541,2.872744083404541,0.0957581361134847,0.9405444264411926,0.6577470588235294,8.0,21.2,35.4,29.4,32.4,1.1,5.2,0.77150476,High
SLD12950,14.953492,75.263311,568.7944946289062,0.3744385623563161,0.0,0.0,0.0,0.47835,12.0,27.8,32.3,29.4,9.9,1.44,7.2,0.0004005691,Low
SLD00636,9.872726,76.953501,583.2950439453125,30.435872769490064,5.661683797836304,0.1887227932612101,2.472575664520264,0.828735294117647,8.0,27.3,37.9,22.8,27.8,1.1,5.1,0.99684036,High
SLD11548,15.751949,74.359448,785.9984130859375,3.2805801995819404,0.0,0.0,0.0,0.5985529411764706,10.0,19.5,40.0,19.6,15.2,1.29,6.2,0.0049321637,Low
SLD13262,13.611283,75.843582,789.2760009765625,1.0949316130711757,1.6930622840300196,0.0564354094676673,0.0707908272743225,0.6953166666666667,10.0,21.0,37.3,21.0,12.7,1.33,7.3,0.00048797898,Low
SLD10299,16.979372,73.499271,170.52008056640625,4.639555692192284,0.296806581318378,0.0098935527106126,0.0593613162636756,0.5979588235294118,9.0,28.4,27.9,27.6,18.0,1.38,6.1,0.0064837835,Low
SLD12790,8.829636,77.648563,93.0828628540039,0.6154147398442815,0.0,0.0,0.0,0.512159090909091,12.0,22.9,38.9,22.1,14.0,1.5,7.0,0.0006449321,Low
SLD03758,11.560278,75.916111,767.5086669921875,27.194518508080847,9.171820729970932,0.3057273576656977,4.871296405792236,0.8480571428571428,2.0,29.7,43.7,15.6,32.9,1.06,5.2,0.8322033,High
SLD03718,11.551778,75.916111,677.3465576171875,53.58207449297771,9.171820729970932,0.3057273576656977,4.871296405792236,0.8174428571428571,2.0,29.0,45.5,14.4,32.0,1.06,5.3,0.9098069,High
SLD09010,14.062869,75.326006,700.4352416992188,6.33910158203349,0.0,0.0,0.0,0.7499235294117647,9.0,18.6,41.5,20.4,17.4,1.3,6.0,0.11322975,Low
SLD12569,8.720261,77.269678,549.55419921875,20.744101292609795,9.38818795233965,0.3129395984113216,2.482621431350708,0.8350263157894737,2.0,32.3,36.5,21.6,33.8,1.14,5.5,0.29893598,Low
SLD12089,16.28357,74.531597,678.9204711914062,0.8643127157377002,0.0,0.0,0.0,0.5607277777777777,12.0,28.4,34.8,16.4,10.0,1.37,6.3,0.0014356566,Low
SLD02766,10.853934,76.738145,319.00592041015625,42.8146925071953,1.386500194203108,0.0462166731401036,0.1780505180358886,0.7989533333333333,2.0,19.0,43.3,23.2,26.6,1.14,5.4,0.8369618,High
SLD06288,17.91898,73.54051,421.0837097167969,23.708818775231503,1.0838719306048004,0.0361290643534933,0.1186536774039268,0.5889,10.0,36.1,28.2,18.5,23.6,1.38,5.6,0.61511,Moderate
SLD06719,18.41,73.53,1104.4791259765625,11.460922940098165,0.0,0.0,0.0,0.71904375,9.0,32.5,28.0,17.3,22.9,1.25,5.7,0.78083444,High
SLD07899,9.086785,77.07919,195.25927734375,14.62381205818669,0.0,0.0,0.0,0.841278947368421,2.0,31.4,37.8,18.3,31.2,1.14,5.2,0.665836,High
SLD12107,15.878749,74.610214,731.30712890625,0.9055782624415168,0.0,0.0,0.0,0.5261315789473684,12.0,34.9,32.3,20.2,10.7,1.37,6.2,0.0024917154,Low
SLD00415,9.850571,76.936078,823.7507934570312,28.620428418030656,5.661683797836304,0.1887227932612101,2.472575664520264,0.81596,8.0,26.2,37.0,22.6,27.8,1.1,5.2,0.986634,High
SLD04008,11.914067,75.839586,300.0700378417969,24.56699189556576,2.472081463783979,0.0824027154594659,0.13706836104393,0.8300500000000001,2.0,27.5,48.9,13.3,31.1,1.11,5.3,0.8446381,High
SLD02372,10.371556,77.751583,1114.88720703125,24.46533720069192,12.309891909360886,0.4103297303120295,8.111344337463379,0.8306368421052631,2.0,25.7,37.1,19.6,42.3,1.06,5.6,0.81707877,High
SLD00690,9.879757,76.942803,714.974609375,20.403706763301912,11.05371692031622,0.3684572306772073,5.993414878845215,0.8372333333333333,8.0,28.8,37.8,21.5,27.8,1.07,5.0,0.9971311,High
SLD00574,9.868541,76.95024,614.236083984375,8.295363401839104,5.661683797836304,0.1887227932612101,2.472575664520264,0.83175,8.0,29.4,39.0,22.0,27.8,1.08,5.1,0.95718056,High
SLD13007,14.924821,75.107101,627.1968383789062,2.5266826351095903,0.0,0.0,0.0,0.5769235294117647,12.0,27.9,40.8,15.3,11.2,1.34,6.1,0.0047257445,Low
SLD09692,9.851798,76.553741,139.22720336914062,0.5050003536745394,0.084439218044281,0.002814640601476,0.0168878436088562,0.7420357142857144,8.0,22.7,41.2,22.9,25.5,1.16,5.2,0.45673665,Moderate
SLD11081,16.793813,74.321488,623.5442504882812,2.3279723510187966,0.221110210986807,0.0073703403662269,0.0366491004824638,0.5120526315789473,12.0,17.6,42.4,16.4,10.4,1.44,6.8,0.00043906146,Low
SLD07216,17.131607,74.116374,719.61669921875,18.74674236524332,0.5992600275203582,0.0199753342506786,0.058714110404253,0.47118125,12.0,26.7,41.0,14.7,13.5,1.38,6.2,0.7296963,High
SLD05563,15.415419,74.280017,590.892578125,20.46768472025364,0.4415894113481041,0.0147196470449368,0.0367128178477287,0.8257285714285715,2.0,19.0,42.3,22.5,22.7,1.23,5.6,0.4998421,Moderate
SLD03744,11.557,75.9132,544.4521484375,28.212537866280343,9.171820729970932,0.3057273576656977,4.871296405792236,0.8187333333333334,2.0,30.2,46.8,14.3,27.8,1.08,5.4,0.8201834,High
SLD11286,13.062032,75.370913,142.770751953125,19.777495660646323,0.0,0.0,0.0,0.7831833333333333,8.0,24.6,52.6,14.9,17.5,1.17,5.5,0.28047237,Low
SLD10080,9.444542,77.097108,410.1264953613281,8.744392925639529,3.5451858416199684,0.1181728613873322,1.7937629222869873,0.8488153846153847,2.0,24.1,37.4,21.8,33.2,1.12,5.1,0.38965282,Moderate
SLD01069,9.95888,77.129958,934.9945068359376,21.05572102699045,0.4250239729881285,0.0141674657662709,0.2333464920520782,0.8343764705882353,2.0,31.7,30.7,26.0,27.2,1.12,5.2,0.8902355,High
SLD11015,15.284475,75.203035,619.5836791992188,1.0634073834116302,0.031827976927161,0.0010609325642387,0.0063655953854322,0.4971555555555556,10.0,42.3,24.8,28.0,12.4,1.42,8.0,0.0012203575,Low
SLD10829,12.952442,76.014026,914.3834838867188,2.7330828497280786,0.0,0.0,0.0,0.56651875,12.0,31.4,34.1,23.9,11.2,1.27,6.2,0.004284315,Low
SLD10203,16.671782,73.994429,664.79931640625,9.660576049806654,0.3338172659277915,0.011127242197593,0.0667634531855583,0.5343222222222221,9.0,19.4,42.6,18.6,19.2,1.31,6.5,0.5986419,Moderate
SLD03708,11.5495,75.9143,650.2284545898438,35.38221962379554,9.171820729970932,0.3057273576656977,4.871296405792236,0.8201999999999999,2.0,28.9,46.7,14.9,29.5,1.06,5.4,0.71991724,High
SLD11984,18.260491,74.116344,798.46044921875,3.016408160508926,0.0,0.0,0.0,0.3542388888888889,12.0,33.8,31.1,15.4,12.5,1.49,6.6,0.068310626,Low
SLD10556,17.892248,74.088333,788.4175415039062,2.76803704071272,0.4143521873629639,0.0138117395787654,0.058458387851715,0.5352588235294117,12.0,37.6,27.1,21.3,13.0,1.47,7.3,0.0024253966,Low
SLD07355,10.417766,77.109726,1374.0693359375,27.89726603429869,26.663498431444168,0.888783281048139,10.192082405090332,0.6890470588235293,9.0,26.2,35.5,26.5,37.4,1.03,5.3,0.9630157,High
SLD12013,15.54314,74.648428,692.9861450195312,12.424079246982927,0.0,0.0,0.0,0.6999941176470589,12.0,20.5,46.3,15.5,12.2,1.3,6.2,0.010535586,Low
SLD09972,10.111631,77.300001,1196.8333740234375,40.08593411475168,2.3481698678806424,0.0782723289293547,1.7954421043395996,0.7528846153846154,8.0,27.8,31.6,21.3,31.2,1.14,5.7,0.6228652,Moderate
SLD06373,17.93611,73.56611,600.6585693359375,26.3028164438771,1.0488930344581602,0.0349631011486053,0.1217102631926536,0.6326705882352941,9.0,35.7,28.4,18.5,22.9,1.42,5.8,0.5206882,Moderate
SLD00948,9.912635,77.113277,978.7066650390624,24.846628681250536,0.7153458893299102,0.0238448629776636,0.4292075335979461,0.8495333333333334,2.0,30.7,31.6,25.5,32.5,1.07,5.2,0.9371174,High
SLD13294,12.818739,75.635466,427.5009765625,27.38560836362369,0.0,0.0,0.0,0.82114375,2.0,31.6,46.2,12.8,25.7,1.09,5.4,0.9186191,High
SLD05834,16.95225,73.42578,65.8482894897461,26.29827192879853,0.313805229961872,0.0104601743320624,0.0627610459923744,0.5963875,9.0,22.2,35.1,25.7,19.1,1.38,6.1,0.7948421,High
SLD13518,10.73167,76.420705,63.76456451416016,5.287996839175054,0.0,0.0,0.0,0.6263666666666666,14.0,22.4,50.4,17.3,22.0,1.23,5.2,0.097179994,Low
SLD05576,15.429928,74.286067,679.9453735351562,8.97511136756648,0.2722822036594149,0.0090760734553138,0.0215797647833824,0.7353428571428572,8.0,21.7,43.9,18.3,19.9,1.3,5.5,0.742987,High
SLD10516,15.841364,74.606576,787.1824340820312,2.5196278439829385,0.0,0.0,0.0,0.447935294117647,12.0,24.2,34.7,24.4,11.3,1.35,6.2,0.0011195324,Low
SLD08461,13.056871,75.358026,103.12150573730467,6.2957369221519786,0.0,0.0,0.0,0.7521588235294118,8.0,23.7,49.2,15.5,17.5,1.29,5.4,0.1697397,Low
SLD02210,10.300608,77.769753,794.5452880859375,38.639885614238985,3.1802115216851234,0.1060070507228374,2.8731613159179688,0.77064,2.0,21.9,38.5,23.4,30.9,1.14,5.8,0.4275407,Moderate
SLD06690,18.39,73.51,637.0,0.0,0.0,0.0,0.0,0.2944470588235294,10.0,0.0,0.0,0.0,0.0,0.0,0.0,0.22643447,Low
SLD05076,14.120372,74.971867,594.716796875,14.232613129821685,0.0,0.0,0.0,0.6794894736842105,9.0,15.5,45.3,22.8,18.4,1.32,6.0,0.65898025,Moderate
SLD06415,17.99423,73.06428,14.835289001464844,21.249534988366563,0.2021001651883125,0.0067366721729437,0.0404200330376625,0.4342,10.0,0.0,0.0,0.0,0.0,0.0,0.0,0.9525712,High
SLD03075,11.292778,76.581667,2130.467041015625,20.446095790323177,30.212330296635628,1.0070776765545209,7.696353435516357,0.8326315789473684,2.0,22.9,33.8,29.5,45.0,0.92,5.4,0.8707315,High
SLD03866,11.678611,75.821111,168.96844482421875,25.96105344464547,6.730328127741814,0.2243442709247271,0.7960466146469116,0.81686,2.0,28.1,51.0,13.6,26.8,1.1,5.4,0.88608843,High
SLD07397,16.24132,74.523321,636.6591796875,1.7104014016465898,0.0,0.0,0.0,0.5225210526315789,12.0,27.2,34.1,20.1,9.1,1.4,6.5,0.0012572142,Low
SLD14116,17.287791,73.443255,269.3409423828125,11.724833911615828,0.3554600104689594,0.0118486670156319,0.0843175202608108,0.4699266666666666,10.0,26.0,30.7,24.3,17.1,1.37,6.1,0.3567138,Moderate
SLD05619,15.803833,73.947556,190.703369140625,22.015421468103217,0.262430356815457,0.0087476785605152,0.0318082682788372,0.8061875000000001,2.0,24.9,33.7,21.8,21.0,1.34,5.6,0.2457026,Low
SLD00037,8.842944,77.155417,514.7325439453125,11.161029198387252,9.145068623125551,0.3048356207708517,2.9983155727386475,0.8613,2.0,23.2,36.7,23.1,33.9,1.2,5.2,0.17263508,Low
SLD00583,9.869147,76.945512,817.317138671875,26.989531813198447,5.661683797836304,0.1887227932612101,2.472575664520264,0.8129411764705883,8.0,28.4,36.3,25.6,27.8,1.06,5.1,0.99395037,High
SLD09211,13.367669,75.329922,744.1658935546875,5.106464305538793,0.997894832398742,0.033263161079958,0.1268111765384674,0.79442,8.0,25.3,43.5,17.5,30.7,1.1,5.4,0.610381,Moderate
SLD11255,14.376511,75.16914,599.0048217773438,1.0380852433676389,0.0,0.0,0.0,0.6069625,12.0,27.3,34.0,26.5,14.8,1.32,6.2,0.004977445,Low
SLD04030,12.82893,75.61404,216.111572265625,17.22190676832293,0.1972854137420649,0.0065761804580688,0.0288667753338813,0.7777777777777778,2.0,24.9,49.3,15.5,28.3,1.2,5.4,0.82424957,High
SLD12227,9.69283,77.524178,560.9312744140625,10.5963050653278,6.154060855507851,0.2051353618502616,3.174800157546997,0.6963,14.0,19.1,43.9,16.2,24.2,1.28,6.3,0.52742845,Moderate
SLD09101,14.287391,75.207505,673.8721313476562,7.242197534118199,0.0,0.0,0.0,0.7795733333333333,4.0,16.4,41.7,23.4,17.4,1.29,5.7,0.0457141,Low
SLD10977,10.194663,77.748293,479.9568786621094,17.545619372312373,0.0,0.0,0.0,0.6628047619047619,12.0,21.5,40.8,19.9,20.5,1.36,6.9,0.58738565,Moderate
SLD02326,10.352294,77.774639,774.06591796875,30.807179185980143,12.309891909360886,0.4103297303120295,8.111344337463379,0.82876875,2.0,25.9,37.7,22.3,29.8,1.15,5.7,0.5590539,Moderate
SLD11753,15.072314,75.262276,627.0072021484375,0.8705642203051318,0.0,0.0,0.0,0.4872052631578947,12.0,30.5,32.1,31.9,10.1,1.4,7.4,0.0007393023,Low
SLD10190,10.133457,77.780639,217.6362152099609,3.413657384242723,0.0,0.0,0.0,0.642915,12.0,25.4,43.9,14.6,14.2,1.52,7.4,0.00075090444,Low
SLD13693,9.750436,76.705752,100.9762954711914,15.979201952717345,0.0,0.0,0.0,0.7710705882352942,8.0,26.5,36.3,24.3,24.1,1.16,5.2,0.16539928,Low
SLD10471,12.510587,76.220164,799.90673828125,0.199554138655241,0.0,0.0,0.0,0.6310842105263158,12.0,29.4,39.7,15.8,13.8,1.38,6.9,0.0031950956,Low
SLD08897,12.929145,76.208754,930.2131958007812,2.7046425509302985,0.0,0.0,0.0,0.5311263157894737,12.0,22.8,36.2,24.1,12.3,1.38,7.6,0.00037620278,Low
SLD08243,9.914673,77.136431,1050.318115234375,14.385525902308746,0.9755845516920086,0.0325194850564002,0.365365982055664,0.8666941176470588,2.0,29.4,28.8,31.0,32.0,1.1,5.2,0.6649209,High
SLD07267,9.413106,77.341326,1216.1160888671875,37.22660100306699,2.3193638343364,0.0773121278112133,1.08384907245636,0.8518285714285714,2.0,31.9,29.1,22.1,47.1,1.03,5.3,0.3833293,Moderate
SLD06526,18.28,73.6,899.1788940429688,20.838639154632027,0.0990832969546315,0.0033027765651543,0.0198166593909263,0.59413125,12.0,39.3,27.0,15.4,19.1,1.28,6.2,0.6586963,Moderate
SLD12553,14.693984,75.451653,582.8153686523438,1.2060269927263687,0.0,0.0,0.0,0.4869333333333334,12.0,37.3,28.2,29.4,12.3,1.4,7.5,0.002377808,Low
SLD08634,15.490209,74.784951,634.0030517578125,8.672031703186057,0.0,0.0,0.0,0.47970625,12.0,32.6,30.9,20.9,11.2,1.4,6.1,0.111279115,Low
SLD11749,9.263216,76.620599,35.71183395385742,5.6369364666997335,0.0,0.0,0.0,0.74611875,14.0,23.0,33.8,27.6,26.3,1.17,5.4,0.031240102,Low
SLD09267,14.645494,75.287065,563.0678100585938,1.2609317563925833,0.0,0.0,0.0,0.58355,12.0,30.1,31.9,28.6,9.7,1.42,6.4,0.00079944305,Low
SLD00985,9.92214,77.14932,894.7911376953125,26.18870962534253,0.9755845516920086,0.0325194850564002,0.365365982055664,0.8122941176470588,2.0,31.9,31.9,26.4,32.8,1.1,5.2,0.78724307,High
SLD08827,15.524092,74.671041,639.9728393554688,4.852297788456744,0.0,0.0,0.0,0.5633117647058823,12.0,18.7,43.4,16.8,10.3,1.37,6.1,0.0013856686,Low
SLD12659,10.436203,76.337247,30.533676147460938,8.134381135204523,0.0,0.0,0.0,0.7859999999999999,8.0,25.4,48.0,14.3,21.4,1.2,5.2,0.15295924,Low
SLD10184,8.840426,77.594739,111.5098114013672,1.697936842710316,0.0,0.0,0.0,0.4253222222222222,10.0,25.0,35.1,20.2,14.4,1.47,6.6,0.0019982166,Low
SLD10328,9.47491,76.729513,71.84465789794922,15.461483775269436,0.0,0.0,0.0,0.8379235294117647,8.0,19.0,38.1,29.4,22.0,1.15,5.4,0.08275957,Low
SLD11878,17.468167,73.779132,680.19091796875,16.599397549995867,2.002076348289848,0.0667358782763282,0.1663932204246521,0.71756875,2.0,0.0,0.0,0.0,0.0,0.0,0.0,0.74284834,High
SLD02510,10.484317,76.491312,507.7279052734375,24.91604696683169,11.377080106176436,0.3792360035392145,1.150543212890625,0.7780400000000001,8.0,28.8,43.2,16.0,32.2,1.1,5.2,0.88176316,High
SLD11272,13.539462,75.684772,788.3886108398438,5.452258279069874,6.2640561163425446,0.2088018705447515,0.2789282500743866,0.7872176470588235,5.0,24.0,41.5,17.8,25.4,1.18,5.7,0.069034405,Low
SLD05616,15.802306,73.946806,170.298583984375,15.50938196691952,0.262430356815457,0.0087476785605152,0.0318082682788372,0.8061875000000001,2.0,24.5,34.1,22.1,21.0,1.34,5.6,0.15233739,Low
SLD00698,9.880789,76.968982,570.8526611328125,22.67652121889389,11.05371692031622,0.3684572306772073,5.993414878845215,0.6909333333333333,8.0,28.2,38.0,23.2,28.8,1.19,5.3,0.98204285,High
SLD09012,9.423566,77.307666,1003.8328857421876,12.196172726474089,8.873639687895775,0.2957879895965258,2.529701232910156,0.8697,2.0,27.5,28.7,24.0,32.4,1.14,5.4,0.16793999,Low
SLD00508,9.859218,76.964916,560.908447265625,13.636888568838728,5.661683797836304,0.1887227932612101,2.472575664520264,0.69480625,8.0,25.4,35.1,23.0,27.3,1.2,5.3,0.9720445,High
SLD05682,16.043972,73.977222,357.2884826660156,26.49131904788084,0.378056745976209,0.0126018915325402,0.0499498061835765,0.7455466666666666,9.0,23.1,34.7,21.8,22.0,1.3,6.1,0.7579209,High
SLD04036,12.82936,75.48357,128.9424591064453,13.851827296244103,0.0,0.0,0.0,0.7220000000000001,2.0,24.8,54.6,14.9,16.7,1.23,5.4,0.36782414,Moderate
SLD08108,11.160446,75.862181,17.040241241455078,4.891684451605872,0.0,0.0,0.0,0.7195416666666666,14.0,27.1,51.5,13.0,21.1,1.24,5.4,0.07562576,Low
SLD06398,17.94814,73.57444,689.8876953125,31.193615409582264,1.0488930344581602,0.0349631011486053,0.1217102631926536,0.5578375,9.0,36.6,29.0,18.2,21.9,1.27,5.6,0.44267994,Moderate
SLD09457,18.442998,73.072036,185.48147583007807,8.045850536894369,0.0,0.0,0.0,0.6804941176470588,9.0,27.6,36.5,19.3,16.8,1.34,6.0,0.18143177,Low
SLD10635,9.659123,77.885441,115.82594299316406,0.2715901053314624,0.0,0.0,0.0,0.55418,12.0,24.8,43.4,18.9,14.3,1.6,7.6,0.00027885498,Low
SLD14068,16.983354,74.164878,650.4401245117188,2.058859156729521,0.6264851475134485,0.0208828382504482,0.0497359037399292,0.3865894736842105,12.0,28.4,36.9,17.5,10.1,1.42,6.4,0.0012487159,Low
SLD09184,10.165305,76.489531,25.36444664001465,3.546419457092598,3.477815091609955,0.1159271697203318,0.695563018321991,0.7070875,14.0,24.2,39.2,19.5,23.1,1.18,5.4,0.014108339,Low
SLD07410,17.860859,74.0333,770.1705932617188,2.4781247656052443,0.3927260078489772,0.0130908669282992,0.1700866520404815,0.4622444444444444,12.0,37.2,26.0,20.5,13.6,1.4,6.8,0.0043045534,Low
SLD00443,9.854149,76.959872,609.3285522460938,20.27822256653422,5.661683797836304,0.1887227932612101,2.472575664520264,0.7892375,8.0,25.6,40.8,21.7,25.9,1.1,5.2,0.98667866,High
SLD01006,9.928599,77.121639,873.85009765625,29.83332223838166,0.5576421022415161,0.0185880700747172,0.5576421022415161,0.8526555555555555,2.0,30.8,33.8,23.4,31.0,1.1,5.3,0.96040404,High
SLD12691,10.142265,77.761156,240.04676818847656,0.5106835408616928,0.0,0.0,0.0,0.5281772727272727,12.0,24.3,42.0,18.1,14.9,1.57,7.5,0.00037888507,Low
SLD11618,15.830774,74.301364,851.7877197265625,14.32217175076286,0.0,0.0,0.0,0.7563500000000001,8.0,20.0,37.8,17.7,21.3,1.2,5.6,0.50894475,Moderate
SLD11134,15.890277,74.632842,728.0548095703125,0.5391697098021432,0.0,0.0,0.0,0.546761111111111,12.0,27.1,34.4,15.3,11.3,1.36,6.0,0.0020740267,Low
SLD04512,13.21594,75.375912,893.9304809570312,20.377999951500087,0.4397765733301635,0.0146592191110054,0.049655444920063,0.7939944444444444,8.0,24.6,45.5,17.8,28.6,1.1,5.4,0.969316,High
SLD02202,10.299242,76.831867,879.4622802734375,28.61182929234722,8.538408413529396,0.2846136137843132,3.0309925079345703,0.836575,2.0,0.0,0.0,0.0,0.0,0.0,0.0,0.9608562,High
SLD00702,9.880875,76.969876,535.6407470703125,25.32581335785337,11.05371692031622,0.3684572306772073,5.993414878845215,0.6909333333333333,8.0,25.4,38.6,23.5,27.8,1.16,5.2,0.9859266,High
SLD10501,11.004956,77.142257,377.3075256347656,0.7603843629340781,0.0,0.0,0.0,0.3817157894736842,12.0,20.9,42.7,13.9,14.6,1.42,7.9,0.00012199136,Low
SLD04035,12.82917,75.62067,242.2064666748047,28.21199123080121,0.1972854137420649,0.0065761804580688,0.0288667753338813,0.8092777777777778,2.0,31.6,46.2,12.8,29.4,1.15,5.4,0.8755341,High
SLD08881,14.731756,75.422975,576.507080078125,2.7003979599723045,0.0,0.0,0.0,0.4674470588235294,12.0,39.9,29.5,28.7,10.2,1.42,7.4,0.003650164,Low
SLD00826,9.892251,76.947289,686.1310424804688,23.418451555801003,11.05371692031622,0.3684572306772073,5.993414878845215,0.8288705882352941,8.0,27.2,35.6,22.6,27.8,1.12,5.1,0.99502015,High
SLD11299,11.146602,76.547868,1526.6280517578125,24.746949929213503,19.65206452086568,0.6550688173621892,8.452533721923828,0.8115933333333333,2.0,25.3,34.7,25.5,32.7,1.02,5.4,0.5850441,Moderate
SLD14183,15.985696,74.320008,806.7380981445312,4.615054742412532,0.0,0.0,0.0,0.5179777777777779,12.0,18.7,41.2,17.7,17.1,1.3,6.1,0.01327189,Low
SLD01418,10.033883,77.265406,1116.164794921875,36.62133413809372,3.495300654321909,0.1165100218107303,1.979267954826355,0.7872333333333333,8.0,28.3,32.1,25.5,46.1,1.13,5.4,0.54850596,Moderate
SLD05720,16.356,73.834,315.6358337402344,24.86404085002297,0.9000233374536026,0.03000077791512,0.0785311535000801,0.7283705882352942,2.0,25.4,29.1,24.2,22.6,1.31,5.5,0.4936508,Moderate
SLD13111,15.582304,74.464639,661.558349609375,1.8572086982116685,0.0,0.0,0.0,0.6740125,9.0,17.7,36.5,23.8,14.8,1.33,6.0,0.0042705475,Low
SLD10050,15.885615,74.496948,740.3140258789062,2.434886620045224,0.0,0.0,0.0,0.5966294117647059,12.0,20.5,40.1,19.8,13.3,1.31,6.1,0.005941232,Low
SLD06455,18.11,73.29,14.065437316894531,14.678279749538394,0.0286471075378354,0.0009549035845945,0.0057294215075671,0.570335294117647,12.0,29.8,33.5,22.5,23.1,1.3,6.1,0.6319879,Moderate
SLD11103,17.433781,73.756931,641.0,0.0,1.7582265064120293,0.0586075502137343,0.4835667610168457,0.08103125,17.0,0.0,0.0,0.0,0.0,0.0,0.0,0.0015583468,Low
SLD13735,16.978233,74.211614,624.048828125,6.930518877617313,0.5930336852907193,0.0197677895096906,0.0465000011026859,0.4055125,12.0,29.3,36.6,16.9,10.7,1.45,6.5,0.0063545075,Low
SLD00853,9.894891,76.97211,563.31396484375,21.59494746696715,11.05371692031622,0.3684572306772073,5.993414878845215,0.7534611111111111,8.0,25.7,39.9,21.7,30.3,1.12,5.3,0.98410046,High
SLD00769,9.887748,76.952331,680.1507568359375,18.088175340073366,11.05371692031622,0.3684572306772073,5.993414878845215,0.8288470588235295,8.0,27.2,36.2,23.1,27.0,1.12,5.1,0.98839813,High
SLD11919,15.328683,74.554864,565.5703735351562,10.422254623654274,0.0,0.0,0.0,0.7841176470588236,5.0,17.0,45.2,20.1,19.2,1.3,5.6,0.43966335,Moderate
SLD05645,15.85825,73.949861,267.3991394042969,19.59719024289545,0.5470467358827591,0.0182348911960919,0.0657038167119026,0.80053125,2.0,18.6,35.1,24.1,22.5,1.26,5.6,0.3284092,Low
SLD04095,12.8569,75.69862,684.4581298828125,16.607990069901547,0.0,0.0,0.0,0.7692263157894736,2.0,30.0,44.1,15.0,26.0,1.2,5.6,0.8357677,High
SLD09289,18.268369,73.813735,656.8485107421875,1.2453849389483764,0.145785734057426,0.0048595244685808,0.0291571468114852,0.4541722222222222,12.0,36.2,28.7,16.9,12.1,1.48,6.6,0.003879627,Low
SLD11192,9.583653,76.59044,40.169551849365234,4.373202295133271,0.0,0.0,0.0,0.68946,14.0,17.7,39.4,24.1,22.9,1.22,5.2,0.054135118,Low
SLD07954,18.876228,73.336181,71.8957748413086,3.144017160388122,0.0,0.0,0.0,0.4850411764705882,12.0,32.4,36.1,22.2,16.0,1.42,6.3,0.42065483,Moderate
SLD04558,13.327428,75.303499,791.1941528320312,13.568058421298892,0.0,0.0,0.0,0.7996933333333334,2.0,25.3,42.2,18.3,28.2,1.08,5.4,0.5652665,Moderate
SLD00286,9.7831,76.7858,623.9427490234375,25.14340379452404,4.667758226394653,0.1555919408798217,2.137213945388794,0.7954785714285714,8.0,25.8,37.3,25.4,39.8,1.1,5.1,0.92791617,High
SLD05191,14.297056,74.472044,37.20405197143555,23.13595245873966,0.0,0.0,0.0,0.71799375,8.0,21.2,48.8,20.2,20.0,1.27,6.0,0.80509984,High
SLD05877,17.034441,73.946716,562.8079833984375,10.181822034048926,0.9071726351976392,0.0302390878399213,0.1138198301196098,0.5382666666666667,12.0,23.3,33.0,19.3,12.0,1.35,6.3,0.029987441,Low
SLD07596,14.261748,75.243235,665.5374145507812,8.204383558343215,0.0,0.0,0.0,0.593725,9.0,19.1,38.8,23.1,14.9,1.33,6.3,0.0707891,Low
SLD07333,14.500075,75.018009,587.2595825195312,3.214490182618442,0.0,0.0,0.0,0.6980999999999999,9.0,16.5,48.9,19.5,12.5,1.3,6.1,0.022889953,Low
SLD11514,17.845356,73.875958,734.3446044921875,1.6631255343919442,0.5843426095088935,0.0194780869836297,0.0714938193559646,0.48798125,12.0,31.7,29.4,21.8,12.5,1.41,6.6,0.0028198734,Low
SLD12095,11.441567,77.075917,271.0,0.0,3.2881952077150345,0.1096065069238344,0.5187756419181824,0.1299875,11.0,0.0,0.0,0.0,0.0,0.0,0.0,0.00547305,Low
SLD10925,11.037593,77.343628,351.1178894042969,1.2648233048975406,1.0396858304738996,0.0346561943491299,0.2079371660947799,0.3934571428571429,12.0,16.8,42.4,23.5,22.9,0.0,7.6,0.0071042576,Low
SLD09791,9.433525,76.763959,154.6495819091797,12.617403080075432,0.0,0.0,0.0,0.8124333333333333,2.0,20.2,40.5,24.4,24.1,1.12,5.4,0.22917265,Low
SLD02516,10.487994,76.321703,45.00831604003906,14.826975475772338,0.0,0.0,0.0,0.7735714285714286,8.0,24.3,49.6,17.0,21.6,1.16,5.4,0.8142342,High
SLD08730,14.751118,75.280614,549.8168334960938,0.976373539542012,0.0,0.0,0.0,0.5235352941176471,12.0,30.6,35.0,22.6,9.7,1.38,6.2,0.0019265256,Low
SLD06409,17.97923,73.04431,17.346426010131836,23.68368360534244,0.2021001651883125,0.0067366721729437,0.0404200330376625,0.265,17.0,0.0,0.0,0.0,0.0,0.0,0.0,0.7881981,High
SLD13183,9.715984,76.79282,69.20044708251953,24.883179772418654,0.4615017175674438,0.0153833905855814,0.4615017175674438,0.8423842105263157,8.0,22.6,33.2,28.9,31.0,1.04,5.3,0.8981488,High
SLD07384,13.59276,74.936623,71.69932556152344,21.382546944367,0.0,0.0,0.0,0.7973647058823529,2.0,25.1,48.0,15.6,16.5,1.3,6.0,0.4104707,Moderate
SLD01479,10.044442,77.299331,655.3370361328125,31.32187329853956,0.2914152443408966,0.0097138414780298,0.2914152443408966,0.6924428571428571,12.0,21.4,40.4,19.9,28.0,1.3,6.3,0.77557385,High
SLD00476,9.856677,76.963387,567.69580078125,25.85672943131941,5.661683797836304,0.1887227932612101,2.472575664520264,0.6311842105263158,8.0,24.6,37.8,22.1,26.6,1.2,5.4,0.96304864,High
SLD00469,9.855987,76.965553,573.93798828125,28.69294105440813,5.661683797836304,0.1887227932612101,2.472575664520264,0.6703833333333333,8.0,25.4,37.4,22.1,26.8,1.18,5.4,0.9790261,High
SLD00553,9.8655,76.952483,635.1865844726562,28.66159512940652,5.661683797836304,0.1887227932612101,2.472575664520264,0.8331875,8.0,29.7,37.0,22.7,27.9,1.12,5.2,0.98391044,High
SLD04763,13.72,74.99,484.4354248046875,26.61904595605825,0.0,0.0,0.0,0.8333857142857143,2.0,19.5,46.4,20.4,35.1,1.13,5.6,0.53386956,Moderate
SLD14166,11.657773,75.891713,1234.3109130859375,35.2899142863619,6.106640920042992,0.2035546973347664,0.6601118445396423,0.8244166666666667,2.0,29.6,38.6,20.0,38.6,1.04,5.3,0.28585193,Low
SLD09393,9.943746,77.179898,1113.1824951171875,19.57992126988192,0.6981266289949417,0.0232708876331647,0.6296828389167786,0.8479176470588236,2.0,29.1,32.1,26.3,34.1,1.12,5.2,0.650411,Moderate
SLD02475,10.465139,77.061556,417.8307189941406,19.53210343821571,14.47865131497383,0.4826217104991276,9.581640243530272,0.6863789473684211,9.0,20.5,40.5,22.2,25.4,1.25,5.7,0.42520693,Moderate
SLD08320,18.218697,73.531128,885.4509887695312,25.53665432850004,0.1671040132641789,0.0055701337754726,0.1002624109387397,0.626064705882353,10.0,39.4,29.3,15.8,24.0,1.35,5.6,0.4192415,Moderate
SLD10962,8.879406,77.508872,115.75137329101562,0.8218981531884433,0.342359719797968,0.0114119906599322,0.1321499794721603,0.5492,13.0,25.9,40.2,17.8,14.9,1.43,6.3,0.00050430564,Low
SLD06472,18.146389,73.225833,170.5922088623047,28.46471393710213,0.047852019779384,0.0015950673259794,0.0095704039558768,0.59966,9.0,24.3,38.5,16.8,17.9,1.36,6.1,0.76224846,High
SLD02414,10.407228,76.831808,673.9942016601562,18.74277190766856,7.888000310398638,0.2629333436799546,3.015596628189087,0.77886,2.0,30.4,39.8,17.4,23.9,1.14,5.2,0.8302819,High
SLD06419,18.01311,73.2088,126.2087860107422,13.435758741402688,0.2524821367114775,0.0084160712237159,0.0276535209268331,0.6684571428571429,9.0,29.4,32.3,19.5,21.9,1.29,6.1,0.49754485,Moderate
SLD14210,9.691257,77.821431,139.6533660888672,2.213391813736805,0.0,0.0,0.0,0.6324142857142857,12.0,27.3,42.6,18.6,24.3,1.48,7.7,0.001516875,Low
SLD04758,13.72,74.99,484.4354248046875,26.61904595605825,0.0,0.0,0.0,0.8333857142857143,2.0,19.5,46.4,20.4,35.1,1.13,5.6,0.53386956,Moderate
SLD08886,9.607756,76.544755,14.290084838867188,3.556472442698269,0.0309655745513732,0.0010321858183791,0.0247724596410989,0.6607636363636363,14.0,22.4,32.9,29.9,28.5,1.22,5.3,0.009206782,Low
SLD07582,11.180018,76.250658,72.73341369628906,12.618607148326484,0.0,0.0,0.0,0.7487473684210526,8.0,24.0,42.3,21.0,20.9,1.25,5.4,0.26706493,Low
SLD11215,15.929204,74.364584,728.8778076171875,6.480535226996319,0.0,0.0,0.0,0.5361529411764705,12.0,20.6,46.6,14.6,14.5,1.33,6.2,0.00750841,Low
SLD08875,11.143807,77.271497,339.9726867675781,1.2090000316117149,0.0,0.0,0.0,0.46456875,12.0,21.7,38.8,21.7,13.7,1.42,7.6,0.00087259617,Low
SLD12358,18.84342,73.058111,16.960596084594727,4.280491544979347,0.0,0.0,0.0,0.5699875,12.0,35.7,34.1,21.8,13.3,1.42,6.4,0.5886432,Moderate
SLD02461,10.450786,76.838131,681.4412841796875,25.12949796876743,16.484997525811195,0.5494999175270399,5.300003528594971,0.7140111111111112,4.0,26.8,40.4,17.6,25.9,1.1,5.3,0.9606624,High
SLD04809,13.8,75.33,662.1332397460938,4.814815891473395,0.0,0.0,0.0,0.7608333333333334,9.0,18.3,50.4,17.4,19.2,1.3,6.1,0.27816346,Low
SLD00427,9.852045,76.971874,598.6463012695312,19.95706556791465,5.661683797836304,0.1887227932612101,2.472575664520264,0.7908833333333334,8.0,24.5,38.8,20.8,30.9,1.18,5.1,0.9814994,High
SLD03759,11.56103,75.91486,858.5852661132812,27.419754729764207,9.171820729970932,0.3057273576656977,4.871296405792236,0.8168538461538462,2.0,29.7,45.0,15.3,32.9,1.05,5.3,0.78609335,High
SLD13282,14.6496,75.313891,591.1353759765625,1.86567136251544,0.0,0.0,0.0,0.4694,12.0,26.3,35.1,25.3,11.2,1.41,6.4,0.0015699473,Low
SLD00648,9.873823,76.965276,551.9117431640625,10.13025627472956,5.661683797836304,0.1887227932612101,2.472575664520264,0.7281764705882353,8.0,26.1,39.4,23.0,24.2,1.16,5.2,0.9295045,High
SLD08332,18.885324,73.034095,2.1478586196899414,0.4301828795627707,0.0,0.0,0.0,0.381275,12.0,34.5,30.5,26.0,13.1,0.92,6.6,0.009570711,Low
SLD08435,11.454309,77.040758,392.5037536621094,15.366574601584317,6.95962468162179,0.231987489387393,3.066558122634888,0.6771954545454546,8.0,18.9,45.6,21.8,20.0,1.31,6.6,0.19817692,Low
SLD09584,13.293663,75.897522,1073.661376953125,12.415367570536636,0.0,0.0,0.0,0.5950666666666666,12.0,22.7,40.9,20.2,17.0,1.25,6.2,0.0945652,Low
SLD13942,10.753713,77.3765,298.4091796875,1.4877087415706085,0.01682884641923,0.0005609615473076,0.003365769283846,0.4512263157894736,12.0,20.1,42.3,18.2,13.4,1.42,7.2,0.00030527936,Low
SLD12687,9.518073,77.770571,107.83776092529295,0.7106773971334268,0.0,0.0,0.0,0.4493428571428571,12.0,26.2,39.9,17.9,13.4,0.0,7.6,0.004967659,Low
SLD14052,11.168583,76.216838,62.789432525634766,2.474404397777489,0.0,0.0,0.0,0.78552,8.0,21.0,43.7,22.0,20.9,1.2,5.4,0.07163526,Low
SLD06736,18.44,73.54,960.9963989257812,9.065465304625883,0.0,0.0,0.0,0.7013526315789473,2.0,39.3,25.7,19.7,24.0,1.26,5.6,0.46636644,Moderate
SLD01734,10.1,76.8,435.8482666015625,5.808963075189448,11.579491436481476,0.3859830478827158,7.655801773071289,0.8069157894736843,8.0,27.3,39.7,21.2,31.2,1.06,5.1,0.94259965,High
SLD08659,13.736431,74.889561,115.08618927001952,22.77435215619324,0.0,0.0,0.0,0.819875,2.0,23.9,46.0,17.3,19.6,1.31,5.6,0.64106375,Moderate
SLD02759,10.837669,76.773925,548.5541381835938,29.3244561442275,1.386500194203108,0.0462166731401036,0.1780505180358886,0.6552466666666666,12.0,22.2,41.8,20.9,27.1,1.23,5.5,0.75633633,High
SLD00847,9.893845,76.971594,566.2371826171875,23.938173354554227,11.05371692031622,0.3684572306772073,5.993414878845215,0.7652352941176471,8.0,25.7,39.9,21.7,30.3,1.12,5.3,0.98298335,High
SLD12305,18.748455,73.90342,667.7006225585938,9.383021873628238,0.0,0.0,0.0,0.3960529411764706,12.0,33.2,31.6,17.6,11.8,1.54,6.8,0.33607897,Moderate
SLD09777,8.928837,76.58923,4.472428321838379,8.275126249972905,0.0,0.0,0.0,0.71019375,8.0,0.0,0.0,0.0,0.0,0.0,0.0,0.098814026,Low
SLD07227,10.625492,76.10441,8.720630645751953,3.7026680959370855,0.0,0.0,0.0,0.6295285714285714,12.0,23.5,30.5,26.2,25.6,1.17,5.4,0.0079308925,Low
SLD00563,9.866451,76.964658,571.819580078125,26.729520047414955,5.661683797836304,0.1887227932612101,2.472575664520264,0.8065705882352942,8.0,28.5,37.8,23.4,29.5,1.14,5.1,0.991413,High
SLD00893,9.900049,77.111063,923.5923461914062,17.54255139286766,0.7153458893299102,0.0238448629776636,0.4292075335979461,0.8129947368421052,8.0,29.6,32.9,23.3,29.1,1.12,5.2,0.9673291,High
SLD03453,11.415844,76.374567,411.24017333984375,27.82497271226652,1.4311878862790763,0.0477062628759692,0.8550543189048767,0.8339157894736843,2.0,23.7,43.8,22.7,23.0,1.12,5.4,0.84931433,High
SLD12069,12.924486,75.134402,109.71102905273438,5.651326816925827,0.0,0.0,0.0,0.739175,9.0,28.9,49.0,12.3,19.4,1.2,5.5,0.065166436,Low
SLD00531,9.861039,76.951718,680.7512817382812,14.00925740006924,5.661683797836304,0.1887227932612101,2.472575664520264,0.8422999999999999,8.0,28.3,37.0,22.3,30.9,1.04,5.1,0.9624651,High
SLD08422,15.28402,74.254429,438.8895263671875,21.02993915969016,0.3611413668841121,0.0120380455628037,0.0285489149391651,0.8163117647058824,2.0,19.0,40.6,24.2,24.8,1.22,5.6,0.44959292,Moderate
SLD05639,15.843556,73.956028,447.85302734375,30.813652760339348,0.5470467358827591,0.0182348911960919,0.0657038167119026,0.8156266666666667,8.0,24.7,36.0,20.2,23.6,1.3,5.5,0.7605728,High
SLD00999,9.926536,77.126202,888.6099853515625,25.753282415079635,0.4250239729881285,0.0141674657662709,0.2333464920520782,0.8324263157894737,2.0,30.0,32.5,24.0,32.0,1.11,5.3,0.929895,High
SLD12502,16.745762,74.274206,556.2777709960938,2.551177169955594,0.0,0.0,0.0,0.37195,13.0,0.0,0.0,0.0,0.0,0.0,0.0,0.006412471,Low
SLD04746,13.72,74.98,354.98858642578125,20.90594512512241,0.0,0.0,0.0,0.8431,2.0,17.5,48.9,19.6,25.4,1.17,5.4,0.5596883,Moderate
SLD02253,10.314319,76.633278,422.0443420410156,12.782027039006875,4.897378385066986,0.1632459461688995,2.0333690643310547,0.7306285714285714,8.0,25.4,46.9,19.2,30.8,1.12,5.3,0.8550872,High
SLD06447,18.09,73.28,90.81179809570312,13.587851369908035,0.0286471075378354,0.0009549035845945,0.0057294215075671,0.6902333333333334,9.0,30.9,33.8,21.0,18.6,1.29,6.1,0.58160335,Moderate
SLD09961,11.429081,77.029307,542.8052368164062,25.345471897841826,6.95962468162179,0.231987489387393,3.066558122634888,0.7272411764705882,8.0,20.6,42.8,22.0,25.4,1.26,6.8,0.49313563,Moderate
SLD00602,9.871133,76.933436,785.31298828125,19.928586120383947,5.661683797836304,0.1887227932612101,2.472575664520264,0.8204428571428571,2.0,28.7,34.3,24.4,29.6,1.06,5.4,0.77360386,High
SLD00206,9.65,77.36,1556.1868896484375,13.810569488321644,12.550757989287376,0.4183585996429125,3.907356023788452,0.7967153846153846,8.0,30.1,30.8,24.2,48.0,1.01,5.2,0.24686329,Low
SLD13671,16.354687,73.483572,89.51475524902344,5.531710678542814,0.156920254230499,0.0052306751410166,0.0313840508460998,0.4628611111111111,6.0,20.2,37.6,20.9,16.3,1.43,5.9,0.012353164,Low
SLD05650,15.865333,73.957722,454.6512756347656,11.737054344888271,0.5470467358827591,0.0182348911960919,0.0657038167119026,0.80308,2.0,24.4,34.6,19.2,25.5,1.29,5.6,0.27259597,Low
SLD11373,15.550751,74.459697,687.3705444335938,8.806800911020412,0.0,0.0,0.0,0.7209117647058824,4.0,17.9,40.5,18.0,17.9,1.33,5.8,0.016370637,Low
SLD04757,13.72,74.99,484.4354248046875,26.61904595605825,0.0,0.0,0.0,0.8333857142857143,2.0,19.5,46.4,20.4,35.1,1.13,5.6,0.53386956,Moderate
SLD14243,17.980161,73.902743,752.9945678710938,4.264703437924598,0.5963094043545423,0.0198769801451514,0.0705336406826973,0.512315,12.0,31.9,29.7,21.4,13.9,1.41,6.6,0.0071929432,Low
SLD00452,9.854932,76.966613,590.1361083984375,30.13802821856848,5.661683797836304,0.1887227932612101,2.472575664520264,0.6703833333333333,8.0,25.4,37.4,22.1,26.8,1.18,5.4,0.97891337,High
SLD12497,10.068765,77.901547,181.0737762451172,2.688661730129211,0.0,0.0,0.0,0.6673666666666667,12.0,24.2,43.9,19.4,16.6,1.48,6.8,0.025509918,Low
SLD00400,9.848743,76.944208,840.8314819335938,7.759302769743923,5.661683797836304,0.1887227932612101,2.472575664520264,0.7584785714285714,8.0,26.3,36.5,24.0,24.9,1.06,5.1,0.8597772,High
SLD01423,10.035131,77.279533,842.4974365234375,30.86766878183632,0.2914152443408966,0.0097138414780298,0.2914152443408966,0.7126705882352941,14.0,28.6,39.2,20.7,31.4,1.23,5.8,0.79191923,High
SLD02424,10.418444,77.039194,804.458251953125,42.423730740816666,17.28021264076233,0.576007088025411,6.620239734649658,0.7364307692307693,2.0,27.4,32.3,25.3,30.7,1.1,5.4,0.816896,High
SLD11353,10.671313,76.192767,31.01100730895996,5.037768053510467,0.0,0.0,0.0,0.7114428571428572,14.0,24.2,45.5,17.3,18.6,1.16,5.4,0.19337551,Low
SLD06881,13.280611,75.3315,929.3399047851562,21.18444019163667,1.1280662845820182,0.0376022094860672,0.1427695602178573,0.7851764705882354,8.0,24.6,41.5,21.3,28.0,1.06,5.4,0.948208,High
SLD12779,10.562538,77.720966,287.50946044921875,0.4219073314823711,2.7172900289297104,0.090576334297657,2.5369410514831543,0.417,12.0,18.9,44.5,17.0,12.5,1.48,7.8,8.840975e-05,Low
SLD13278,15.737874,74.238365,792.1036376953125,5.061767826093435,0.0,0.0,0.0,0.7376117647058824,9.0,17.7,39.2,18.1,17.0,1.25,5.5,0.06285973,Low
SLD00683,9.879103,76.943437,702.5489501953125,24.86843429706729,11.05371692031622,0.3684572306772073,5.993414878845215,0.8479705882352941,2.0,28.8,37.8,21.5,27.8,1.07,5.0,0.991228,High
SLD13505,16.929878,74.105977,580.5759887695312,5.384979105527399,0.3638428918202399,0.0121280963940079,0.0431485138833522,0.4671294117647059,12.0,19.9,45.0,16.1,11.6,1.36,6.3,0.004330289,Low
SLD14187,14.302521,75.106234,591.320556640625,0.5754645080812584,0.0,0.0,0.0,0.5966222222222223,12.0,17.7,42.4,17.5,10.3,1.33,6.1,0.002706632,Low
SLD00057,9.011014,77.037508,103.7093505859375,16.350805403230417,0.1945728268474338,0.0064857608949144,0.0787469297647476,0.6568944444444444,8.0,25.4,31.5,18.5,31.4,1.2,5.2,0.5763616,Moderate
SLD07684,15.909434,73.955445,368.207275390625,5.523683108038844,0.9149107430130232,0.0304970247671007,0.0896858870983123,0.8095666666666667,2.0,28.2,32.6,18.8,23.8,1.28,5.4,0.18086408,Low
SLD11832,15.346464,74.553258,599.1705932617188,5.818079400065094,0.0,0.0,0.0,0.5731117647058824,9.0,16.4,40.7,21.0,16.2,1.36,6.4,0.023451965,Low
SLD10231,14.959078,75.191235,636.0322265625,3.2047990127193726,0.0,0.0,0.0,0.5951055555555556,12.0,30.3,36.8,20.4,10.5,1.4,6.3,0.007197239,Low
SLD12791,12.230301,76.419108,736.0230102539062,2.261689199365091,0.0,0.0,0.0,0.5638470588235294,12.0,26.5,37.7,22.6,11.7,1.33,6.9,0.0020812766,Low
SLD00638,9.872755,76.953081,597.4673461914062,30.267273886313813,5.661683797836304,0.1887227932612101,2.472575664520264,0.828735294117647,8.0,27.3,37.9,22.8,27.8,1.1,5.1,0.9964741,High
SLD00630,9.872228,76.942668,852.3912963867188,26.38513519580122,5.661683797836304,0.1887227932612101,2.472575664520264,0.7882375,8.0,28.6,36.0,23.5,27.8,1.04,5.0,0.9799044,High
SLD04919,13.89,75.33,720.6173706054688,6.994908088301742,0.0,0.0,0.0,0.7148176470588234,9.0,29.2,36.4,20.7,26.3,1.21,6.0,0.53863,Moderate
SLD01419,10.034431,77.278042,829.3861694335938,26.67340640760048,0.2914152443408966,0.0097138414780298,0.2914152443408966,0.7126705882352941,14.0,31.0,36.8,19.4,31.4,1.23,5.8,0.77703494,High
SLD14168,15.216376,75.240765,612.9579467773438,0.1027338519427921,0.0,0.0,0.0,0.4801555555555555,10.0,35.8,27.1,31.2,12.1,1.44,7.9,0.00097048905,Low
SLD08722,10.356171,77.660818,1171.7071533203125,8.072774964515695,18.38547343760729,0.6128491145869096,13.469148635864258,0.8251947368421052,2.0,23.1,39.3,20.8,28.9,1.1,5.7,0.12082734,Low
SLD01056,9.95547,77.148699,1026.661865234375,30.35789906025652,0.4250239729881285,0.0141674657662709,0.2333464920520782,0.787725,8.0,29.8,30.3,28.9,29.6,1.12,5.2,0.93538046,High
SLD04071,12.84348,75.67706,416.6787414550781,32.37528204048124,0.0,0.0,0.0,0.7330352941176471,2.0,31.0,46.3,13.4,27.0,1.17,5.4,0.8890043,High
SLD11556,12.462397,76.361231,773.9343872070312,2.0118206175230418,0.0,0.0,0.0,0.5912888888888889,12.0,25.5,41.0,19.3,14.5,1.33,6.8,0.006648635,Low
SLD00575,9.868541,76.95024,614.236083984375,8.295363401839104,5.661683797836304,0.1887227932612101,2.472575664520264,0.83175,8.0,29.4,39.0,22.0,27.8,1.08,5.1,0.95718056,High
SLD08069,10.629556,76.085451,35.02274703979492,2.5526763637210204,0.0,0.0,0.0,0.6651333333333334,14.0,25.0,36.1,18.9,23.0,1.2,5.2,0.03295561,Low
SLD05638,15.841361,73.956444,412.826171875,26.598923549672577,0.5470467358827591,0.0182348911960919,0.0657038167119026,0.79936,8.0,24.7,36.0,20.2,23.6,1.3,5.5,0.7225339,High
SLD02197,10.297958,76.826036,917.4136352539062,13.854780175262986,8.538408413529396,0.2846136137843132,3.0309925079345703,0.8491615384615384,2.0,26.9,35.9,25.6,31.9,1.1,5.1,0.28508326,Low
SLD13676,15.598073,74.602177,697.4075317382812,0.6828964492436783,0.0,0.0,0.0,0.5318444444444445,12.0,20.2,44.1,15.6,10.9,1.29,6.2,0.0015450441,Low
SLD07412,12.931022,76.004994,917.8624267578124,3.196104130479256,0.0,0.0,0.0,0.6008,12.0,32.6,32.5,21.3,12.5,1.3,6.2,0.0056012385,Low
SLD00682,9.879103,76.943437,702.5489501953125,24.86843429706729,11.05371692031622,0.3684572306772073,5.993414878845215,0.8479705882352941,2.0,28.8,37.8,21.5,27.8,1.07,5.0,0.991228,High
SLD04805,13.8,75.33,662.1332397460938,4.814815891473395,0.0,0.0,0.0,0.7608333333333334,9.0,18.3,50.4,17.4,19.2,1.3,6.1,0.27816346,Low
SLD06866,13.326167,75.35194444,740.6823120117188,20.37546757790853,0.997894832398742,0.033263161079958,0.1268111765384674,0.7532411764705882,8.0,26.6,42.4,16.2,28.0,1.11,5.4,0.8159329,High
SLD08414,15.883045,74.378002,778.2470703125,2.7991973288291985,0.0,0.0,0.0,0.56659375,12.0,19.9,41.0,17.1,18.6,1.29,6.2,0.0039166315,Low
SLD04504,13.210603,75.258846,801.5540771484375,25.00119952983956,1.5524405818432565,0.0517480193947752,0.1701165288686752,0.7356,8.0,27.2,43.4,16.5,27.0,1.14,5.5,0.88937443,High
SLD05198,14.332056,74.545861,66.68665313720703,4.677329503876647,0.2612355723977085,0.0087078524132569,0.0522471144795417,0.7948,2.0,21.8,45.1,20.0,27.4,1.25,5.6,0.33080614,Moderate
SLD09013,18.092265,73.221598,177.98196411132812,14.31110273992274,0.052689616568386,0.0017563205522795,0.005767224356532,0.6816941176470588,9.0,21.3,36.3,18.5,21.1,1.33,6.1,0.5838857,Moderate
SLD04596,13.446392,75.269855,660.0496826171875,8.871537377935368,0.0,0.0,0.0,0.73226,9.0,22.5,43.9,19.3,23.8,1.18,5.3,0.79399693,High
SLD10971,15.046953,74.166026,564.8864135742188,14.376371570670086,1.1010226188227523,0.0367007539607584,0.0959011241793632,0.7744857142857143,2.0,23.4,39.1,18.2,37.6,1.1,5.4,0.39438662,Moderate
SLD06882,13.281167,75.34819444,981.0923461914062,23.916022411659824,1.1280662845820182,0.0376022094860672,0.1427695602178573,0.7663000000000001,8.0,25.5,40.2,20.5,32.8,1.06,5.4,0.95269144,High
SLD06464,18.12,73.68,772.8677978515625,9.854948253348017,0.2987735801725642,0.0099591193390854,0.053236186504364,0.6767125,10.0,38.3,27.0,18.0,19.1,1.35,6.3,0.54192233,Moderate
SLD09124,9.840055,76.580121,97.33883666992188,6.662147262092578,0.5107752978801725,0.0170258432626724,0.1021550595760345,0.79576875,8.0,22.6,41.4,21.6,22.6,1.2,5.4,0.15756859,Low
SLD00565,9.86692,76.946165,729.4517211914062,20.17825348281052,5.661683797836304,0.1887227932612101,2.472575664520264,0.8157111111111112,8.0,29.6,37.7,24.4,27.2,1.09,5.0,0.99185586,High
SLD03835,11.638056,75.850833,155.06369018554688,13.839969135594316,6.037864573299885,0.2012621524433294,0.7027574777603149,0.7656705882352941,8.0,28.7,48.5,14.8,29.0,1.09,5.4,0.9386346,High
SLD00591,9.87027,76.956157,583.2604370117188,20.73728048935149,5.661683797836304,0.1887227932612101,2.472575664520264,0.8295333333333333,8.0,27.8,38.3,22.5,27.5,1.1,5.0,0.99328434,High
SLD11707,11.247643,76.826293,649.0562744140625,25.84177929817704,23.161267831921577,0.7720422610640526,5.397055625915527,0.72716,8.0,23.0,41.7,21.4,24.9,1.28,6.4,0.68486834,High
SLD00486,9.857386,76.964303,583.6754760742188,23.43099752539351,5.661683797836304,0.1887227932612101,2.472575664520264,0.6311842105263158,8.0,25.4,35.1,23.0,27.3,1.2,5.3,0.97397864,High
SLD06477,18.15,73.62,139.13131713867188,2.4480767775442414,0.302485961583443,0.0100828653861147,0.0598566047847271,0.560335294117647,9.0,35.2,27.8,18.7,21.4,1.32,6.2,0.33158627,Moderate
SLD00371,9.840509,76.929767,859.2894287109375,27.90278523203819,5.661683797836304,0.1887227932612101,2.472575664520264,0.8298307692307693,8.0,27.9,35.6,23.5,31.0,1.06,5.1,0.96443915,High
SLD11664,15.880161,73.917966,52.52672958374024,1.7079448304254117,0.4178458824753754,0.0139281960825125,0.0511179454624652,0.71249375,2.0,28.8,31.8,20.2,22.8,1.3,6.1,0.14425376,Low
SLD11201,12.467059,76.438945,751.9769897460938,3.429479266388657,0.0,0.0,0.0,0.4718588235294117,10.0,0.0,0.0,0.0,0.0,0.0,0.0,0.005447515,Low
SLD09931,8.726351,77.290534,853.3648071289062,14.718613313561786,11.967102244496346,0.3989034081498782,3.786261558532715,0.8403133333333332,2.0,30.4,31.1,25.7,45.8,1.09,5.1,0.14452356,Low
SLD03664,11.539444,75.913056,203.3320159912109,29.74500152621076,9.171820729970932,0.3057273576656977,4.871296405792236,0.794275,2.0,28.6,48.5,12.7,27.8,1.08,5.4,0.91076773,High
SLD03310,11.3565,76.202111,161.5936737060547,15.238253148166676,0.1073092985898253,0.0035769766196608,0.0898174494504928,0.735065,8.0,26.9,49.3,13.0,27.8,1.14,5.4,0.93089485,High
SLD10875,18.742195,73.906818,608.5703125,2.816271609404438,0.0,0.0,0.0,0.3134444444444444,12.0,35.6,29.9,18.7,11.2,1.54,6.8,0.010075466,Low
SLD13513,9.554224,77.78843,106.92229461669922,0.5420130359183323,0.0,0.0,0.0,0.5688863636363636,12.0,30.8,39.7,19.5,14.6,1.5,7.6,0.0004999004,Low
SLD00796,9.889151,76.942485,708.6663818359375,27.44095201224399,11.05371692031622,0.3684572306772073,5.993414878845215,0.835664705882353,8.0,28.2,37.2,22.2,27.8,1.12,5.1,0.9964921,High
SLD00766,9.887515,76.939412,682.8109741210938,18.689467939276668,11.05371692031622,0.3684572306772073,5.993414878845215,0.8117705882352941,8.0,26.3,37.8,22.2,24.4,1.12,5.1,0.9912225,High
SLD00394,9.8478,76.954074,808.9097290039062,24.26733720898068,5.661683797836304,0.1887227932612101,2.472575664520264,0.80538125,2.0,28.3,36.9,25.3,30.4,1.1,5.2,0.8782768,High
SLD09727,14.772446,75.422555,567.2666625976562,1.877011777246113,0.0,0.0,0.0,0.382335294117647,12.0,40.0,27.3,27.7,10.2,1.4,7.7,0.0018204898,Low
SLD05441,14.9,74.82,489.82562255859375,3.38656147118489,0.0,0.0,0.0,0.68491875,8.0,16.0,49.5,23.4,18.0,1.27,5.5,0.70475566,High
SLD00722,9.883159,76.943862,662.47998046875,8.491529992063573,11.05371692031622,0.3684572306772073,5.993414878845215,0.8243277777777778,8.0,26.7,37.3,22.4,27.5,1.12,5.2,0.98536545,High
SLD01143,9.98667,77.172555,1084.03466796875,23.737237341253795,1.0370100205764174,0.0345670006858805,0.593285322189331,0.79203125,8.0,30.1,32.3,27.8,32.0,1.04,5.1,0.9827785,High
SLD00825,9.891847,76.943759,691.5833740234375,30.169903532959022,11.05371692031622,0.3684572306772073,5.993414878845215,0.8194388888888889,8.0,27.3,39.1,23.7,28.1,1.1,5.1,0.9947161,High
SLD00542,9.862858,76.948292,764.39404296875,23.173909945717902,5.661683797836304,0.1887227932612101,2.472575664520264,0.855675,2.0,29.8,36.4,23.1,31.3,1.06,5.1,0.8549128,High
SLD08914,10.517877,77.741581,275.12579345703125,0.362669485669343,5.452560249716044,0.1817520083238681,3.674143075942993,0.4224944444444444,12.0,19.3,43.8,17.5,12.5,1.44,7.4,0.00018095768,Low
SLD09216,13.747752,75.530319,624.1362915039062,3.0272194792419964,0.0,0.0,0.0,0.6636333333333333,9.0,16.9,39.6,21.1,15.4,1.3,5.9,0.06537682,Low
SLD13907,9.614753,77.396177,853.2753295898438,14.87336949424194,8.827206566929817,0.2942402188976605,0.9553140997886658,0.7595882352941177,8.0,29.8,38.3,19.8,36.3,1.12,5.6,0.72308826,High
SLD06349,17.93162,73.58737,908.0093383789062,24.825329274097424,0.8485040813684461,0.0282834693789482,0.1084630638360977,0.75745625,2.0,36.7,27.6,17.0,21.6,1.23,5.6,0.6420951,Moderate
SLD07995,15.965023,74.350085,703.3984985351562,3.316419436544794,0.0,0.0,0.0,0.6056611111111111,12.0,21.5,47.5,15.1,13.8,1.29,6.2,0.010433874,Low
SLD08248,12.493112,76.319836,768.0331420898438,0.803322835388729,0.0,0.0,0.0,0.5838888888888889,12.0,21.8,39.9,19.1,11.0,1.37,6.8,0.0007194815,Low
SLD13898,10.438847,77.256667,355.5170288085937,4.513354659252193,11.11076632142067,0.370358877380689,4.533074855804443,0.6152809523809524,12.0,19.9,43.4,17.1,17.9,1.37,6.6,0.023471367,Low
SLD06864,13.331,75.34027778,747.8004150390625,11.594072966939354,0.997894832398742,0.033263161079958,0.1268111765384674,0.7774125,8.0,27.5,41.4,17.1,27.2,1.1,5.4,0.9101468,High
SLD00617,9.871863,76.940195,733.5494995117188,19.65228460003432,5.661683797836304,0.1887227932612101,2.472575664520264,0.7941875,8.0,28.4,36.2,22.9,27.0,1.06,5.1,0.9812021,High
SLD11017,11.611983,75.694909,1.193350315093994,0.0580794723506392,0.3584353812038895,0.0119478460401296,0.0414096973836422,0.6726705882352941,8.0,27.0,36.6,21.2,26.7,1.18,5.6,0.018911706,Low
SLD09899,15.903975,73.778429,35.5196418762207,5.766756200609647,0.2790889714378861,0.0093029657145962,0.0531786866486072,0.6709733333333333,9.0,26.2,30.3,19.1,18.1,1.38,6.0,0.030749254,Low
SLD06281,17.90126,73.35302,147.40516662597656,11.270074046954909,0.6872793277725572,0.0229093109257519,0.0993401184678077,0.6474294117647058,12.0,38.1,25.7,20.4,23.8,1.37,5.7,0.41918087,Moderate
SLD01505,10.05,76.76,54.96278381347656,10.376166042077598,11.9082640260458,0.3969421342015266,5.6062541007995605,0.8024375,8.0,27.9,33.7,24.4,27.4,1.07,5.3,0.9220238,High
SLD09652,10.524121,76.983026,313.5942077636719,4.100282200846941,10.58743441104889,0.3529144803682963,4.607052803039551,0.5777190476190476,12.0,20.5,44.9,19.2,15.4,1.4,6.2,0.0011521127,Low
SLD09464,10.377831,77.611685,1074.88818359375,34.126595595027055,15.540661048144102,0.5180220349381367,12.824721336364746,0.7912,8.0,22.3,40.4,23.1,31.1,1.12,5.9,0.8778623,High
SLD00380,9.842521,76.965072,759.792236328125,28.55842481158831,5.661683797836304,0.1887227932612101,2.472575664520264,0.6975277777777777,2.0,27.0,35.5,25.2,33.5,1.07,5.0,0.7229894,High
SLD00594,9.870606,76.930808,838.9884033203125,17.324886586592715,5.661683797836304,0.1887227932612101,2.472575664520264,0.8529800000000001,2.0,28.7,34.5,24.2,27.0,1.08,5.1,0.777003,High
SLD00612,9.8716,76.940285,729.9688720703125,10.92579817231066,5.661683797836304,0.1887227932612101,2.472575664520264,0.7941875,8.0,28.4,36.2,22.9,27.0,1.06,5.1,0.9619727,High
SLD05568,15.418697,74.270856,562.5592041015625,21.63091643855607,0.0309270760044455,0.0010309025334815,0.0061854152008891,0.8340571428571428,2.0,19.0,42.1,23.3,24.2,1.26,5.6,0.681524,High
SLD06516,18.27,73.6,954.5504150390624,26.98734669857459,0.1880379021167755,0.0062679300705591,0.0376075804233551,0.7003235294117647,9.0,29.5,29.7,19.3,22.0,1.28,6.1,0.9564213,High
SLD00877,9.897695,76.971763,604.256591796875,24.074372943169315,11.05371692031622,0.3684572306772073,5.993414878845215,0.7773473684210527,8.0,24.3,41.1,20.8,27.8,1.14,5.1,0.9906438,High
SLD09920,17.771515,74.125491,758.377685546875,8.075551763188352,0.8452075929380938,0.0281735864312697,0.0707803890109062,0.4521866666666667,12.0,30.8,28.0,19.0,12.9,1.44,7.1,0.13261048,Low
SLD13635,10.38056,76.608398,521.8670043945312,20.391852861084168,10.206886827945707,0.3402295609315235,1.3706051111221311,0.8448133333333333,2.0,27.5,44.8,17.1,26.4,1.1,5.3,0.9180788,High
SLD00532,9.861039,76.951718,680.7512817382812,14.00925740006924,5.661683797836304,0.1887227932612101,2.472575664520264,0.8422999999999999,8.0,28.3,37.0,22.3,30.9,1.04,5.1,0.9624651,High
SLD12244,10.521999,76.894381,306.0045471191406,8.413614286528144,8.704833671450615,0.2901611223816872,1.070156812667847,0.7271833333333333,14.0,25.1,41.3,21.1,20.0,1.27,5.8,0.027009465,Low
SLD14013,13.285192,75.23316,984.3677368164062,15.902386298015678,0.9927061758935448,0.0330902058631181,0.1438779383897781,0.7470333333333333,2.0,28.9,40.7,18.8,35.9,1.04,5.4,0.29676107,Low
SLD09491,18.926281,73.66318,791.6292114257812,5.885688395147503,0.3778470284305504,0.012594900947685,0.0371859669685363,0.4468055555555555,12.0,32.6,25.0,23.3,18.8,1.37,6.4,0.613004,Moderate
SLD02440,10.422722,77.031806,795.4466552734375,23.69876185263558,17.28021264076233,0.576007088025411,6.620239734649658,0.7562,2.0,24.6,35.9,28.5,42.0,1.1,5.4,0.28757715,Low
SLD13949,18.007434,74.123685,653.7684936523438,0.8038885678176073,0.5127820698544374,0.0170927356618145,0.0697458907961845,0.3855947368421052,12.0,27.6,34.9,17.0,9.1,1.54,7.0,0.0002579946,Low
SLD00399,9.848542,76.952419,825.1734619140625,23.54096025856038,5.661683797836304,0.1887227932612101,2.472575664520264,0.78925,2.0,28.9,36.8,24.1,27.9,1.09,5.2,0.881401,High
SLD07790,9.880122,76.53447,37.66627502441406,7.459568884715911,0.0,0.0,0.0,0.7655823529411765,8.0,24.8,40.9,21.7,24.6,1.12,5.4,0.073055506,Low
SLD05732,16.368,73.857,511.5333557128906,33.19444515383472,0.9000233374536026,0.03000077791512,0.0785311535000801,0.7601,2.0,20.8,30.8,23.4,23.0,1.24,5.5,0.5586235,Moderate
SLD10606,15.188686,74.813501,516.775390625,1.02012385127033,0.0,0.0,0.0,0.6990133333333334,4.0,22.1,42.9,16.8,14.0,1.33,6.0,0.0017117375,Low
SLD08327,18.189429,73.619267,696.8993530273438,9.942586483515829,0.191447865217924,0.0063815955072641,0.0382895730435848,0.7684944444444445,9.0,36.9,28.5,17.7,22.5,1.35,6.3,0.5475771,Moderate
SLD02497,10.479972,77.092056,417.7160034179688,8.893803203011622,9.196555275470018,0.3065518425156673,3.97658109664917,0.772485,8.0,24.6,40.2,19.1,24.3,1.19,5.6,0.7462837,High
SLD00795,9.889151,76.942485,708.6663818359375,27.44095201224399,11.05371692031622,0.3684572306772073,5.993414878845215,0.835664705882353,8.0,28.2,37.2,22.2,27.8,1.12,5.1,0.9964921,High
SLD10388,16.846548,73.664423,104.17263793945312,2.482880224936688,0.8982944488525391,0.0299431482950846,0.106562040746212,0.6165736842105263,9.0,25.6,29.8,22.0,18.2,1.37,6.0,0.031294756,Low
SLD00493,9.858502,76.952642,697.7146606445312,27.50352145187356,5.661683797836304,0.1887227932612101,2.472575664520264,0.8400200000000001,8.0,29.9,38.0,21.5,32.0,1.07,5.1,0.98506606,High
SLD05126,14.237869,74.447461,19.60921096801757,20.30006411974804,0.0,0.0,0.0,0.665375,8.0,25.6,40.0,19.0,22.4,1.17,6.0,0.8214567,High
SLD07177,13.781795,75.824236,759.7096557617188,12.215630889594244,0.0,0.0,0.0,0.7444133333333334,4.0,20.3,37.9,21.6,15.8,1.33,6.6,0.033281073,Low
SLD01298,10.0187,77.259219,1504.7203369140625,13.55676404868883,4.766331918537617,0.1588777306179205,2.1873443126678467,0.7602692307692307,8.0,29.1,29.7,26.3,48.0,1.06,5.3,0.55064046,Moderate
SLD12709,9.668896,77.022932,784.8023681640625,14.530584608289365,3.884286522865296,0.1294762174288432,1.743460774421692,0.741423076923077,8.0,25.0,40.9,22.4,23.8,1.17,5.1,0.8274235,High
SLD08754,18.111813,73.208086,180.16358947753903,2.2074622176690206,0.052689616568386,0.0017563205522795,0.005767224356532,0.5667000000000001,12.0,24.6,36.6,17.7,19.0,1.36,5.9,0.14396563,Low
SLD00802,9.889611,76.930244,752.1055297851562,23.816868026497048,11.05371692031622,0.3684572306772073,5.993414878845215,0.7837526315789474,8.0,27.7,37.4,23.9,25.9,1.08,5.1,0.98141474,High
SLD13674,13.715073,74.906787,173.24070739746094,3.2616536007396024,0.0,0.0,0.0,0.80855,8.0,23.3,49.5,15.6,17.4,1.25,5.5,0.31123105,Low
SLD06011,17.371725,73.764206,915.2874755859376,12.943985304453422,1.048842910677193,0.0349614303559064,0.1023841053247451,0.54431875,10.0,33.0,27.9,19.6,21.6,1.25,6.2,0.7126544,High
SLD00764,9.887022,76.940321,669.73388671875,13.621746842199588,11.05371692031622,0.3684572306772073,5.993414878845215,0.832,8.0,26.3,37.8,22.2,24.4,1.12,5.1,0.98855907,High
SLD13492,9.116913,77.782442,103.6339340209961,0.171260536844026,0.0,0.0,0.0,0.4295199999999999,12.0,28.6,41.3,16.8,17.2,1.47,7.5,0.0019439842,Low
SLD05134,14.241386,74.456125,27.509387969970703,32.71329060190851,0.0,0.0,0.0,0.5488947368421053,10.0,25.2,41.9,17.7,26.0,1.27,6.2,0.78860945,High
SLD13005,12.865105,75.651512,544.9669189453125,25.945315938448488,0.0,0.0,0.0,0.8123294117647059,2.0,27.7,44.3,15.3,27.8,1.08,5.4,0.79799986,High
SLD09583,8.527455,76.912813,30.04020118713379,11.622180427613756,0.0,0.0,0.0,0.5952882352941176,14.0,0.0,0.0,0.0,0.0,0.0,0.0,0.34481022,Moderate
SLD07991,18.263133,73.484973,372.6827087402344,13.442650926975526,0.0789979182718525,0.002633263942395,0.0789227709174156,0.6225823529411765,14.0,31.1,29.9,23.0,22.9,1.34,6.2,0.8022808,High
SLD03485,11.431297,76.386825,560.4403686523438,18.27882624034337,4.303420724347234,0.1434473574782411,1.9660700559616089,0.83498125,2.0,25.4,43.4,18.1,35.5,1.08,5.5,0.76170385,High
SLD10672,11.574892,76.621716,944.5105590820312,4.530084288503111,6.141761584207416,0.2047253861402471,2.71463942527771,0.6465058823529413,4.0,27.0,35.9,21.4,20.4,1.19,5.9,0.0063752467,Low
SLD08151,16.066996,74.141812,728.392578125,7.704918018644917,0.0753513583913445,0.0025117119463781,0.0150702716782689,0.6693764705882354,9.0,19.4,38.2,20.6,21.6,1.25,6.2,0.140192,Low
SLD01477,10.043981,77.2935,696.1236572265625,31.3882863760104,0.2914152443408966,0.0097138414780298,0.2914152443408966,0.7089380952380953,12.0,22.2,38.2,21.3,32.3,1.25,6.1,0.8943903,High
SLD03823,11.6275,75.817222,54.2695541381836,14.925180625110857,1.3723113387823105,0.0457437112927436,0.1446631103754043,0.78705625,8.0,27.3,48.9,15.7,26.8,1.12,5.4,0.27674496,Low
SLD06505,18.25,73.54,830.8065185546875,15.857176842600044,0.1423514906672378,0.0047450496889079,0.0854072868824005,0.5191611111111111,12.0,36.0,27.5,16.3,19.3,1.37,6.3,0.90693605,High
SLD00888,9.898322,76.969752,621.7552490234375,21.65482427065716,11.05371692031622,0.3684572306772073,5.993414878845215,0.7982444444444444,8.0,24.3,38.5,22.4,27.8,1.14,5.2,0.9893937,High
SLD13691,8.825847,77.169449,733.4906616210938,28.923523593128746,9.145068623125551,0.3048356207708517,2.9983155727386475,0.8648,2.0,28.1,29.7,23.7,32.8,1.18,5.1,0.25981036,Low
SLD00778,9.888332,76.938879,698.1923828125,23.917417434074675,11.05371692031622,0.3684572306772073,5.993414878845215,0.8117705882352941,8.0,27.4,37.3,23.1,24.1,1.11,5.1,0.99337995,High
SLD05545,15.41,74.25,205.99403381347656,26.784789171736875,0.0309270760044455,0.0010309025334815,0.0061854152008891,0.7900533333333333,2.0,19.6,41.1,23.9,23.8,1.29,5.6,0.65265334,Moderate
SLD08161,16.213114,74.523002,623.6341552734375,1.3574250319008412,0.0,0.0,0.0,0.4779444444444444,12.0,28.9,34.1,19.3,10.0,1.42,6.2,0.0010459642,Low
SLD10507,9.493952,77.050397,500.0147399902344,28.82093616285333,5.427776288241148,0.1809258762747049,1.5445504188537598,0.811075,2.0,22.1,36.6,22.5,35.5,1.14,5.1,0.6224933,Moderate
SLD13827,13.707518,75.890002,713.8568115234375,2.229138798181644,0.0,0.0,0.0,0.7281176470588235,14.0,22.1,40.3,16.3,11.9,1.38,6.8,0.0046108286,Low
SLD12699,18.303059,73.236564,18.10526657104492,0.8355256410857287,0.0,0.0,0.0,0.4689941176470588,12.0,30.9,29.5,25.3,12.6,1.41,6.1,0.019619199,Low
SLD07845,13.554984,75.619904,1118.570556640625,27.542825973797097,0.530549264512955,0.0176849754837651,0.044127807021141,0.85324375,2.0,23.5,38.0,23.0,33.4,1.08,5.5,0.85799706,High
SLD00048,8.968028,77.13825,249.83905029296875,8.822283437770931,5.285741264000535,0.1761913754666845,1.4874869585037231,0.7971125,2.0,26.8,40.9,20.2,27.6,1.2,5.5,0.1465339,Low
SLD09596,11.139121,76.50237,1490.896484375,24.34004254228738,20.740393050014973,0.6913464350004991,6.890885829925537,0.83805,8.0,25.1,38.1,25.1,35.7,1.0,5.4,0.6440372,Moderate
SLD09356,16.232117,74.539903,657.44091796875,2.391309748476018,0.0,0.0,0.0,0.4360058823529411,12.0,24.7,35.1,28.4,10.2,1.4,6.3,0.0012825698,Low
SLD07575,10.088433,76.401775,25.730064392089844,2.9214956567593298,1.3186071813106537,0.0439535727103551,0.2637214362621307,0.5253066666666667,14.0,0.0,0.0,0.0,0.0,0.0,0.0,0.08380006,Low
SLD11999,17.442363,73.786702,889.4641723632812,26.45257612321742,2.002076348289848,0.0667358782763282,0.1663932204246521,0.662625,9.0,38.2,26.8,20.3,27.9,1.2,5.9,0.46452913,Moderate
SLD01070,9.959079,77.129877,948.7479858398438,25.555688036840703,0.4250239729881285,0.0141674657662709,0.2333464920520782,0.8343764705882353,2.0,31.7,30.7,26.0,27.2,1.12,5.2,0.9098444,High
SLD13103,9.774491,77.237468,760.7625122070312,33.62679907559336,0.3363742530345917,0.011212475101153,0.3363742530345917,0.7129888888888889,8.0,27.4,34.5,23.5,32.0,1.19,5.8,0.59924895,Moderate
SLD06739,18.45,73.54,704.5,0.0,0.0,0.0,0.0,0.181625,10.0,0.0,0.0,0.0,0.0,0.0,0.0,0.5988371,Moderate
SLD07658,15.578399,74.2724,374.8028869628906,12.28045275145689,0.601785341277718,0.0200595113759239,0.0577675588428974,0.8238875,2.0,20.3,43.2,19.8,24.2,1.27,5.7,0.39117956,Moderate
SLD08678,17.814662,74.086172,752.297607421875,2.028262333137509,0.4436424095183605,0.0147880803172786,0.0554472617805004,0.4410941176470588,12.0,41.7,26.9,18.9,10.7,1.51,7.2,0.0036112438,Low
SLD05740,16.399,73.875,704.4111938476562,23.23356006194069,0.7704376801848405,0.0256812560061613,0.0799853056669235,0.77433125,9.0,35.5,27.8,20.9,27.8,1.15,5.5,0.49164638,Moderate
SLD00727,9.883414,76.93565,723.7626342773438,24.342240082707576,11.05371692031622,0.3684572306772073,5.993414878845215,0.8385058823529412,8.0,28.6,37.0,22.0,26.3,1.08,5.2,0.99174225,High
SLD00538,9.861798,76.953318,670.5672607421875,25.23466019278933,5.661683797836304,0.1887227932612101,2.472575664520264,0.8422999999999999,8.0,31.6,36.8,23.2,32.0,1.05,5.2,0.9844183,High
SLD06539,18.32,73.5,774.4650268554688,16.05448597605449,0.1170355575741267,0.0039011852524708,0.1152922436594963,0.6246235294117648,12.0,36.7,26.4,18.1,23.2,1.31,6.1,0.6749473,High
SLD06486,18.180278,73.265833,17.903318405151367,5.482838163466121,0.0,0.0,0.0,0.5287823529411765,12.0,32.1,30.5,19.5,17.0,1.4,6.1,0.3178706,Low
SLD00806,9.890075,76.956192,593.5469360351562,22.21260491140926,11.05371692031622,0.3684572306772073,5.993414878845215,0.8517388888888889,8.0,28.4,35.4,22.4,27.8,1.1,5.1,0.9917393,High
SLD13514,13.743931,75.875699,710.7354736328125,6.874614347855968,0.0,0.0,0.0,0.7182705882352941,14.0,21.0,39.7,15.6,13.7,1.4,6.8,0.002488244,Low
SLD06510,18.26,73.55,771.8407592773438,18.675326695661948,0.1423514906672378,0.0047450496889079,0.0854072868824005,0.5789058823529412,12.0,36.6,27.7,18.3,17.6,1.31,6.2,0.81857836,High
SLD09755,9.547692,76.532869,4.897869110107422,7.1693599768202025,0.0,0.0,0.0,0.5922272727272727,14.0,0.0,0.0,0.0,0.0,0.0,0.0,0.22360253,Low
SLD00430,9.852183,76.962158,616.3211669921875,29.18236026434268,5.661683797836304,0.1887227932612101,2.472575664520264,0.74895,8.0,25.0,40.1,22.2,25.3,1.1,5.1,0.98967034,High
SLD08656,8.671437,76.770846,9.07770538330078,0.577007091795878,0.0,0.0,0.0,0.7517238095238096,8.0,0.0,0.0,0.0,0.0,0.0,0.0,0.0038381112,Low
SLD09567,15.994533,73.97835,197.2015686035156,21.006222938696485,0.4040656331926578,0.0134688544397552,0.0514834001660347,0.7809470588235294,9.0,29.3,33.5,18.6,22.2,1.37,5.5,0.44836587,Moderate
SLD07621,12.402808,76.350891,799.5189819335938,4.556609176295969,0.0,0.0,0.0,0.4538705882352941,12.0,27.3,39.2,20.0,11.1,1.37,6.9,0.0010389269,Low
SLD02755,10.833542,76.760691,353.84881591796875,25.31697890814251,1.386500194203108,0.0462166731401036,0.1780505180358886,0.7740882352941176,8.0,24.3,42.6,19.0,28.2,1.25,5.7,0.8498761,High
SLD06488,18.183056,73.189444,175.21835327148438,19.515675692927967,0.2319353912025684,0.0077311797067522,0.0280604269355535,0.61171875,9.0,26.0,35.9,20.6,17.1,1.38,6.1,0.6943127,High
SLD12175,14.79626,74.380865,87.45631408691406,6.399504234850427,2.73106244392693,0.0910354147975643,0.1540513932704925,0.8269142857142857,2.0,17.1,43.6,19.2,22.9,1.29,5.6,0.12398804,Low
SLD04032,12.829083,75.645417,290.0413513183594,34.085297429356494,0.0,0.0,0.0,0.7808277777777778,2.0,27.8,48.6,16.7,24.8,1.16,5.4,0.9017748,High
SLD10415,9.652102,77.570939,181.0203399658203,5.339248097228087,2.208768367767334,0.0736256122589111,2.208768367767334,0.70026,12.0,25.4,39.6,17.9,22.9,1.33,6.6,0.009775915,Low
SLD08397,10.431762,77.213862,776.8511962890625,26.27349931891138,17.357231084257364,0.5785743694752454,9.210140228271484,0.6838333333333333,9.0,22.1,43.0,23.4,31.7,1.18,5.8,0.8322948,High
SLD12428,15.918605,74.397628,898.411865234375,11.665264320528124,0.0,0.0,0.0,0.7039941176470589,8.0,22.9,40.9,16.8,18.1,1.26,5.7,0.12368375,Low
SLD00604,9.871323,76.955397,581.8694458007812,25.57001094373102,5.661683797836304,0.1887227932612101,2.472575664520264,0.8279411764705882,8.0,28.6,36.2,21.9,26.6,1.12,5.0,0.99453014,High
SLD04026,12.82868,75.6013,209.44354248046875,22.36968006224914,0.1972854137420649,0.0065761804580688,0.0288667753338813,0.7619,2.0,26.5,51.9,15.3,25.5,1.18,5.4,0.92466146,High
SLD13512,18.353901,73.285518,71.20758056640625,2.8190930803687007,0.041957776993513,0.0013985925664504,0.0083915553987026,0.52735,12.0,32.0,31.1,21.8,20.3,1.36,6.2,0.12549801,Low
SLD00801,9.889363,76.930844,740.36328125,20.04509519153565,11.05371692031622,0.3684572306772073,5.993414878845215,0.8053388888888889,8.0,27.7,37.4,23.9,25.9,1.08,5.1,0.98543787,High
SLD05686,16.045444,73.977667,361.1290893554688,23.00969230424083,0.378056745976209,0.0126018915325402,0.0499498061835765,0.7455466666666666,9.0,23.8,32.3,21.8,22.0,1.28,6.2,0.664478,High
SLD12662,18.185265,73.100553,153.85067749023438,6.701491453642463,0.0864730682224035,0.0028824356074134,0.0172946136444807,0.6910222222222222,12.0,26.5,35.6,20.4,14.3,1.4,6.2,0.08255095,Low
SLD06568,18.36,73.5,651.6519775390625,13.628070761246176,0.0590031519532203,0.001966771731774,0.0590031519532203,0.6485944444444445,10.0,35.5,27.4,21.3,23.7,1.3,6.2,0.66441506,High
SLD03072,11.288889,76.578611,2193.03369140625,28.756485256419275,30.212330296635628,1.0070776765545209,7.696353435516357,0.8404052631578948,2.0,23.7,31.4,27.1,49.0,0.88,5.5,0.87135106,High
SLD11989,16.908617,74.173298,562.9734497070312,5.254108050118762,0.2302812994457775,0.0076760433148592,0.0298609975725412,0.5231470588235294,12.0,20.3,38.2,15.8,10.7,1.42,6.7,0.0014574509,Low
SLD00410,9.850162,76.96138,660.03173828125,29.466370038430263,5.661683797836304,0.1887227932612101,2.472575664520264,0.7742444444444444,8.0,26.7,37.1,21.6,24.1,1.1,5.2,0.99252665,High
SLD06227,17.802881,73.845634,1001.80224609375,33.435218750136734,0.8481379318982355,0.0282712643966078,0.0764783769845962,0.5155117647058823,12.0,29.3,26.2,25.0,18.1,1.31,6.2,0.92723787,High
SLD04489,13.196928,75.3917,842.4656372070312,10.47597716109784,0.4397765733301635,0.0146592191110054,0.049655444920063,0.8075705882352942,8.0,25.3,43.7,17.8,30.9,1.16,5.4,0.8007155,High
SLD02487,10.471642,77.746044,521.5858154296875,19.419431328312736,10.24184577167034,0.341394859055678,6.254444122314453,0.7095625,14.0,18.6,45.1,18.5,23.8,1.27,6.2,0.6674542,High
SLD12481,13.781888,75.848791,755.287109375,7.81795101029073,0.0,0.0,0.0,0.6074625,12.0,22.0,37.8,21.6,15.1,1.28,6.6,0.008175768,Low
SLD06874,13.404333,75.23347222,693.7310791015625,12.5330762001558,0.0,0.0,0.0,0.7605166666666666,8.0,21.3,44.8,19.3,20.1,1.22,5.3,0.8380106,High
SLD13834,15.370087,74.543969,584.8624267578125,2.2148034872101934,0.0,0.0,0.0,0.7387647058823529,4.0,17.9,40.5,21.2,17.1,1.27,5.6,0.06717262,Low
SLD00370,9.840509,76.929767,859.2894287109375,27.90278523203819,5.661683797836304,0.1887227932612101,2.472575664520264,0.8298307692307693,8.0,27.9,35.6,23.5,31.0,1.06,5.1,0.96443915,High
SLD04753,13.72,74.98,354.98858642578125,20.90594512512241,0.0,0.0,0.0,0.8431,2.0,17.5,48.9,19.6,25.4,1.17,5.4,0.5596883,Moderate
SLD00499,9.858641,76.964611,567.481689453125,25.26850799332814,5.661683797836304,0.1887227932612101,2.472575664520264,0.69480625,8.0,25.4,35.1,23.0,27.3,1.2,5.3,0.98249996,High
SLD13580,15.59097,73.947167,5.829005718231201,3.1411078198614293,0.0,0.0,0.0,0.5989166666666667,9.0,0.0,0.0,0.0,0.0,0.0,0.0,0.03865323,Low
SLD13446,10.470043,77.152415,421.866455078125,22.683768501228947,22.57917309552431,0.7526391031841437,11.912530899047852,0.6518,10.0,0.0,0.0,0.0,0.0,0.0,0.0,0.89841866,High
SLD07305,16.823905,74.204778,629.5867309570312,8.401612829541724,0.003796481178142,0.0001265493726047,0.0007592962356284,0.5181944444444445,12.0,18.1,48.3,16.2,12.6,1.4,6.4,0.001993905,Low
SLD00644,9.873797,76.940261,716.680908203125,29.624727727865064,5.661683797836304,0.1887227932612101,2.472575664520264,0.83993125,8.0,28.5,35.7,24.1,25.9,1.06,5.0,0.99399877,High
SLD10597,14.029274,75.392521,659.2293701171875,2.199414030260886,0.0,0.0,0.0,0.63138125,9.0,23.9,38.1,19.5,10.3,1.33,6.2,0.001414271,Low
SLD12467,17.221041,74.064729,656.0889892578125,3.1309209272707936,0.7542112766532212,0.0251403758884407,0.0561876595020294,0.4530666666666667,12.0,29.6,36.2,20.8,12.3,1.39,6.2,0.14812948,Low
SLD07215,12.804916,75.668512,859.3629760742188,15.7744318574391,0.0,0.0,0.0,0.7945,8.0,28.7,41.3,18.3,27.8,1.06,5.4,0.89053094,High
SLD12796,11.101248,76.264161,63.28960037231445,3.858695319611733,0.0,0.0,0.0,0.7416947368421053,8.0,21.5,46.2,23.5,21.2,1.22,5.4,0.07810418,Low
SLD11165,10.982539,76.298549,281.1304016113281,20.24864661844572,0.0614153360947965,0.0020471778698265,0.0122830672189593,0.7181375,8.0,25.8,49.5,13.8,31.2,1.14,5.5,0.93630034,High
SLD07928,13.50396,75.657908,779.6593017578125,9.301807467670326,0.0,0.0,0.0,0.7920555555555555,4.0,21.4,39.7,20.3,22.0,1.21,5.4,0.1486692,Low
SLD03870,11.682222,75.894167,1091.83740234375,25.540787590595443,7.140319980680943,0.238010666022698,0.7390426397323608,0.8418214285714286,2.0,28.6,43.3,16.5,32.9,1.01,5.3,0.3426122,Moderate
SLD05970,17.266,73.429,163.01858520507812,20.55515267866337,0.5387073084712021,0.0179569102823734,0.1215821281075477,0.6908625,9.0,29.0,30.4,24.3,19.0,1.35,6.1,0.59409493,Moderate
SLD11731,15.57834,74.182871,159.52847290039062,9.890243337362064,0.6313412543386216,0.021044708477954,0.0561968460679054,0.80179375,2.0,22.3,37.6,20.1,19.0,1.29,5.6,0.12180731,Low
SLD00555,9.865606,76.943504,776.1234130859375,19.74942123071289,5.661683797836304,0.1887227932612101,2.472575664520264,0.7873,8.0,28.4,38.5,25.0,27.4,1.08,5.1,0.98177135,High
SLD07252,10.404014,77.135763,1384.1544189453125,19.782441394247893,18.43422891572117,0.6144742971907059,7.44212007522583,0.7051357142857143,9.0,28.8,35.8,24.9,37.6,1.01,5.4,0.8337022,High
SLD04554,13.294071,75.394358,964.124755859375,14.066339373165674,0.5216920841485261,0.0173897361382842,0.073754608631134,0.82335,2.0,28.9,36.1,22.9,35.2,1.06,5.4,0.5354425,Moderate
SLD12223,13.343721,75.343053,807.4869384765625,16.283033204270836,0.997894832398742,0.033263161079958,0.1268111765384674,0.8153470588235294,2.0,24.2,43.3,18.7,27.8,1.11,5.4,0.4168115,Moderate
SLD11415,14.129193,75.728749,558.198974609375,0.565416520065016,0.0,0.0,0.0,0.6789588235294118,12.0,18.5,39.6,18.0,11.5,1.4,6.8,0.001573471,Low
SLD09052,12.018936,76.518298,689.7973022460938,0.7932334965206717,0.0,0.0,0.0,0.5697555555555556,12.0,25.8,36.7,19.8,12.0,1.37,6.7,0.0013617495,Low
SLD04570,13.379221,75.393189,714.50830078125,23.99463438273636,0.1227600814308965,0.0040920027143632,0.0231029354035854,0.7781133333333333,8.0,23.9,45.9,15.4,27.9,1.14,5.5,0.89278966,High
SLD05540,15.394417,74.581083,871.27880859375,21.527156424413192,0.0706946942955255,0.0023564898098508,0.0141389388591051,0.79656875,2.0,17.6,42.6,18.0,19.3,1.2,5.6,0.29830584,Low
SLD00651,9.874293,76.954503,621.2040405273438,28.70826120010652,5.661683797836304,0.1887227932612101,2.472575664520264,0.8405823529411764,8.0,24.4,38.8,22.9,27.8,1.14,5.1,0.99630487,High
SLD06481,18.16,73.62,118.74488830566406,4.958578965906814,0.302485961583443,0.0100828653861147,0.0598566047847271,0.4670764705882353,12.0,33.5,28.9,21.3,21.6,1.37,6.3,0.19651076,Low
SLD06645,18.38,73.57,672.70751953125,18.561957219944063,0.0,0.0,0.0,0.578225,10.0,37.6,27.2,17.3,31.1,1.3,6.2,0.50708044,Moderate
SLD06550,18.34,73.56,635.0,0.0,0.0550084188580511,0.001833613961935,0.0330050513148307,0.436075,10.0,0.0,0.0,0.0,0.0,0.0,0.0,0.14430891,Low
SLD12996,12.261435,76.298016,783.12255859375,1.4024444563818352,0.0,0.0,0.0,0.5740555555555555,12.0,21.0,41.9,21.3,12.1,1.31,6.7,0.0012090707,Low
SLD09028,10.111652,76.429765,8.876752853393555,1.3633823457875105,4.544360637664795,0.1514786879221598,0.908872127532959,0.71038,14.0,25.6,37.0,21.0,26.0,1.2,5.2,0.012382046,Low
SLD10864,15.930783,73.725976,27.0,0.0,0.4143732413649554,0.0138124413788318,0.0828746482729911,0.476,8.0,0.0,0.0,0.0,0.0,0.0,0.0,0.04952548,Low
SLD03854,11.666667,75.833611,230.3134765625,23.22467164677669,6.037864573299885,0.2012621524433294,0.7027574777603149,0.8297466666666666,8.0,30.4,49.2,12.4,30.4,1.1,5.4,0.9611559,High
SLD00812,9.890173,76.939309,746.9998779296875,27.27457045277996,11.05371692031622,0.3684572306772073,5.993414878845215,0.77406875,8.0,27.4,37.3,23.1,24.1,1.11,5.1,0.99056035,High
SLD02447,10.428694,77.022222,769.0,0.0,11.620632963255048,0.3873544321085015,7.967309474945068,0.7031000000000001,2.0,28.9,35.4,25.0,30.9,1.1,5.5,0.25125766,Low
SLD04748,13.72,74.98,354.98858642578125,20.90594512512241,0.0,0.0,0.0,0.8431,2.0,17.5,48.9,19.6,25.4,1.17,5.4,0.5596883,Moderate
SLD14205,11.631054,75.634867,20.280759811401367,3.2491525519679043,0.0024222685024138,8.074228341379332e-05,0.0015414436347782,0.69299375,14.0,25.3,45.7,18.8,26.8,1.23,5.4,0.036860824,Low
SLD11037,17.611983,73.871216,1117.00927734375,16.367229606680873,2.3545498307794333,0.0784849943593144,0.575426459312439,0.5532117647058824,12.0,25.7,31.4,25.6,18.0,1.27,6.0,0.81611764,High
SLD07048,10.089217,77.282948,914.75341796875,42.73080583753488,2.3481698678806424,0.0782723289293547,1.7954421043395996,0.7732888888888889,8.0,31.9,35.8,20.0,32.9,1.17,5.5,0.8675655,High
SLD10164,9.370353,77.355571,510.1477661132813,33.02859229190657,2.7158168191090226,0.090527227303634,0.9318857789039612,0.7604933333333332,2.0,25.4,43.4,17.6,37.1,1.23,5.8,0.58679926,Moderate
SLD09843,17.964019,73.58299,233.6043701171875,17.54236724244044,0.8485040813684461,0.0282834693789482,0.1084630638360977,0.532,12.0,30.1,31.1,18.0,20.9,1.38,6.1,0.6297819,Moderate
SLD04577,13.394984,75.339296,745.3477783203125,19.75565866477367,0.043938620947301,0.0014646206982433,0.0087877241894602,0.7864294117647059,2.0,25.8,44.6,17.1,30.3,1.12,5.4,0.68037575,High
SLD13093,11.164498,75.857424,16.439817428588867,5.131273963891391,0.0,0.0,0.0,0.7148846153846153,14.0,0.0,0.0,0.0,0.0,0.0,0.0,0.035878673,Low
SLD00514,9.859747,76.962467,606.457763671875,34.06245853135195,5.661683797836304,0.1887227932612101,2.472575664520264,0.69425625,8.0,26.4,35.8,23.7,29.1,1.16,5.2,0.9867322,High
SLD14012,11.139935,77.258628,338.64599609375,0.94648115839044,0.0,0.0,0.0,0.4466388888888889,12.0,20.0,39.8,20.9,13.4,1.44,7.6,0.0003261589,Low
SLD11743,12.339676,76.051079,886.2869873046875,2.4552848536788203,0.0,0.0,0.0,0.5320555555555555,12.0,24.6,36.8,21.9,10.8,1.27,6.1,0.0020078535,Low
SLD04087,12.84805,75.69583,578.9718017578125,29.69990585556345,0.0,0.0,0.0,0.7890333333333334,2.0,28.8,43.5,16.4,27.8,1.18,5.4,0.9457348,High
SLD02312,10.348139,77.781022,676.8743896484375,32.04723004019528,2.182246213778853,0.0727415404592951,1.6061378717422483,0.7988235294117647,2.0,20.9,39.7,23.3,29.7,1.19,5.9,0.6194386,Moderate
SLD10047,13.54273,75.812347,974.4569702148438,5.596802891810336,3.106252066791057,0.1035417355597019,0.1185644641518592,0.7571749999999999,5.0,19.2,41.2,21.9,18.8,1.25,6.2,0.0033493568,Low
SLD08813,13.721862,75.407645,638.3723754882812,6.481965914706514,0.0,0.0,0.0,0.71849375,8.0,18.3,47.6,20.0,21.4,1.27,5.7,0.60299325,Moderate
SLD01032,9.939576,77.103831,816.9735107421875,22.824894032985423,0.5576421022415161,0.0185880700747172,0.5576421022415161,0.8078722222222222,8.0,32.9,33.8,23.0,27.2,1.14,5.4,0.98217875,High
SLD00821,9.891448,76.965763,613.3534545898438,13.52169559346935,11.05371692031622,0.3684572306772073,5.993414878845215,0.7904055555555556,8.0,27.0,34.9,24.0,30.9,1.12,5.3,0.96594995,High
SLD04084,12.84649,75.69245,539.063720703125,12.181462266189747,0.0,0.0,0.0,0.784042105263158,2.0,27.0,46.7,15.0,27.8,1.15,5.4,0.8883737,High
SLD04088,12.84855,75.6927,562.3604736328125,25.67929499498648,0.0,0.0,0.0,0.7841947368421053,2.0,30.0,45.6,15.0,27.6,1.18,5.4,0.9111891,High
SLD05665,15.933667,73.9395,163.27798461914062,19.47500401545377,0.8652315381914366,0.0288410512730478,0.0820538401603698,0.7917733333333333,2.0,25.7,36.2,20.3,19.2,1.31,5.5,0.32233533,Low
SLD00610,9.871462,76.954851,583.4948120117188,26.740718773346245,5.661683797836304,0.1887227932612101,2.472575664520264,0.8279411764705882,8.0,28.6,36.2,21.9,26.6,1.12,5.0,0.99441975,High
SLD07275,16.346783,73.424507,116.42550659179688,2.563666823539577,0.224919891916215,0.0074973297305405,0.0337348952889442,0.5854,10.0,18.0,32.7,25.5,14.7,1.39,6.1,0.007848697,Low
SLD00046,8.964111,77.139056,257.2727355957031,22.407195488189863,5.285741264000535,0.1761913754666845,1.4874869585037231,0.79262,8.0,25.5,41.5,21.3,27.8,1.15,5.5,0.7379625,High
SLD00033,8.807056,77.106833,235.4091033935547,12.155679568908594,4.979188111610711,0.1659729370536903,2.19740629196167,0.832,2.0,28.5,36.3,21.8,31.0,1.13,5.2,0.25766814,Low
SLD13647,12.41673,76.318799,833.4281005859375,4.094237053760161,0.0,0.0,0.0,0.4268705882352941,12.0,30.0,39.8,16.8,12.0,1.37,7.2,0.00093676645,Low
SLD00491,9.858459,76.952313,701.4132690429688,20.73635995985892,5.661683797836304,0.1887227932612101,2.472575664520264,0.8400200000000001,8.0,29.9,38.0,21.5,32.0,1.07,5.1,0.9744274,High
SLD07911,17.960335,73.303797,87.69328308105469,2.360758641475801,0.2265170775353905,0.0075505692511796,0.0453034155070781,0.487475,12.0,34.2,28.3,21.2,18.1,1.4,6.0,0.029830579,Low
SLD08408,13.223466,75.209056,903.6591186523438,39.16460142846251,4.813479453325272,0.1604493151108424,0.806455671787262,0.6231066666666667,9.0,29.2,42.1,16.7,29.3,1.14,5.4,0.9307986,High
SLD00170,9.62,77.33,1572.505859375,27.843481605066376,9.6318329423666,0.3210610980788866,1.9431747198104856,0.8036866666666665,8.0,27.6,31.1,24.1,55.2,1.01,5.1,0.59667796,Moderate
SLD04566,13.368364,75.74775,1178.6439208984375,15.275022750253749,0.0832348596304655,0.0027744953210155,0.0166469719260931,0.7830529411764706,8.0,20.2,37.3,28.5,20.4,1.17,5.8,0.55936515,Moderate
SLD04770,13.73,74.99,361.9507446289063,13.906311154748323,0.0,0.0,0.0,0.8594642857142858,2.0,15.7,46.3,22.5,28.1,1.13,5.4,0.41288307,Moderate
SLD00685,9.879456,76.946448,657.9235229492188,26.725133238624124,11.05371692031622,0.3684572306772073,5.993414878845215,0.8459588235294118,8.0,28.6,37.0,22.0,26.4,1.09,5.0,0.9978446,High
SLD05628,15.817306,73.978,209.51779174804688,28.83008206234457,0.519282734021544,0.0173094244673848,0.0580080561339855,0.8298266666666667,2.0,24.1,33.9,19.7,22.9,1.29,5.5,0.45876017,Moderate
SLD12011,14.101328,74.933304,557.0,0.1261749763798922,0.0,0.0,0.0,0.3785307692307692,9.0,0.0,0.0,0.0,0.0,0.0,0.0,0.04248449,Low
SLD00547,9.864429,76.951665,706.6968994140625,28.860208286628414,5.661683797836304,0.1887227932612101,2.472575664520264,0.8443625,8.0,29.6,39.1,22.2,29.1,1.04,5.2,0.9897899,High
SLD14139,12.42937,76.198495,848.0,0.0,0.0,0.0,0.0,0.433525,12.0,0.0,0.0,0.0,0.0,0.0,0.0,0.0042619547,Low
SLD04061,12.83985,75.66091,304.3624572753906,30.82405381762591,0.0,0.0,0.0,0.7998529411764705,2.0,30.0,48.4,13.7,26.8,1.14,5.4,0.9309273,High
SLD00874,9.897462,76.952945,573.1408081054688,26.40895778470603,11.05371692031622,0.3684572306772073,5.993414878845215,0.8484411764705883,8.0,27.2,36.6,21.9,27.8,1.12,5.2,0.9948572,High
SLD10106,12.162222,76.70059,699.8153686523438,2.6730852912615304,0.0,0.0,0.0,0.3179235294117647,12.0,27.0,33.2,21.9,12.3,1.39,7.2,0.0006454385,Low
SLD11527,13.793871,75.451869,641.186279296875,11.121909360132,0.0,0.0,0.0,0.73686875,9.0,18.5,44.4,20.1,17.8,1.3,6.0,0.47737125,Moderate
SLD13738,13.350214,75.555166,746.3490600585938,6.697032558380292,0.0,0.0,0.0,0.8058066666666667,2.0,28.2,42.4,17.1,23.6,1.1,5.3,0.26157022,Low
SLD04578,13.394986,75.645078,961.200927734375,35.8668644498858,4.459341045469046,0.1486447015156348,1.1766947507858276,0.8361933333333333,2.0,24.5,37.2,25.4,27.4,1.08,5.5,0.83619744,High
SLD13440,14.789126,75.441443,549.2870483398438,2.8293976802220024,0.0,0.0,0.0,0.4559833333333333,12.0,39.3,29.1,24.8,11.4,1.42,7.9,0.002582262,Low
SLD00483,9.857204,76.966152,583.8323364257812,26.26032414639219,5.661683797836304,0.1887227932612101,2.472575664520264,0.6796555555555556,8.0,25.6,36.0,22.9,26.1,1.15,5.4,0.9893945,High
SLD12534,8.391463,77.310193,133.4612579345703,8.742217835699154,0.0,0.0,0.0,0.8106411764705883,8.0,30.6,32.3,22.0,29.4,1.2,5.5,0.36338064,Moderate
SLD04765,13.72,74.97,181.30702209472656,7.58850498414081,0.0,0.0,0.0,0.82924,2.0,18.9,52.0,18.0,21.4,1.2,5.5,0.21239915,Low
SLD06470,18.14,73.65,757.2623291015625,23.853185480878384,0.2499651536345474,0.0083321717878182,0.0438317395746707,0.62366875,9.0,30.9,27.5,23.0,21.9,1.25,6.0,0.84839773,High
SLD12101,17.322717,74.202194,587.6741333007812,1.5510531943613253,0.397728612297213,0.0132576204099071,0.0430046543478965,0.5673666666666667,12.0,23.7,35.7,18.1,10.8,1.46,6.8,0.0006136336,Low
SLD00598,9.870957,76.9405,728.9185791015625,14.036908097943618,5.661683797836304,0.1887227932612101,2.472575664520264,0.7941875,8.0,28.4,35.9,23.5,29.2,1.07,5.3,0.9679073,High
SLD07703,10.425983,76.370458,21.78388977050781,4.725711236384331,0.0,0.0,0.0,0.8431714285714286,8.0,25.8,42.9,21.7,24.6,1.23,5.2,0.01948823,Low
SLD09115,17.163038,74.100384,597.7815551757812,3.6314158050802487,0.5992600275203582,0.0199753342506786,0.058714110404253,0.5683294117647059,12.0,26.3,32.0,21.2,12.4,1.44,6.4,0.005569962,Low
SLD05643,15.856833,73.953556,363.4540710449219,22.358556843445765,0.5470467358827591,0.0182348911960919,0.0657038167119026,0.7788294117647059,2.0,22.8,35.1,21.0,23.8,1.25,5.6,0.45294204,Moderate
SLD11052,19.219746,74.010066,665.9624633789062,1.0374489541094754,0.3193898592144245,0.0106463286404808,0.0404395572841167,0.5367000000000001,12.0,39.1,21.9,24.0,11.0,1.5,6.8,0.0018714073,Low
SLD05561,15.414333,74.267167,519.3777465820312,23.108116432053183,0.0309270760044455,0.0010309025334815,0.0061854152008891,0.8210857142857143,2.0,18.9,42.1,22.7,24.6,1.22,5.6,0.6133676,Moderate
SLD12124,17.247407,74.026733,586.494873046875,11.338101416419642,1.1002970347180958,0.0366765678239365,0.0751629844307899,0.5847166666666667,12.0,23.8,35.4,21.9,12.1,1.37,6.2,0.018441321,Low
SLD00649,9.873823,76.965276,551.9117431640625,10.13025627472956,5.661683797836304,0.1887227932612101,2.472575664520264,0.7281764705882353,8.0,26.1,39.4,23.0,24.2,1.16,5.2,0.9295045,High
SLD03070,11.288056,76.585278,2242.773193359375,33.798757882366004,30.212330296635628,1.0070776765545209,7.696353435516357,0.8517947368421053,2.0,20.5,32.1,29.0,45.8,0.88,5.4,0.87021434,High
SLD10923,10.664089,76.113135,18.39203834533692,4.1545028092857725,0.0,0.0,0.0,0.6862692307692307,14.0,23.4,46.3,15.7,20.9,1.23,5.3,0.08219333,Low
SLD03861,11.670833,75.878056,777.017578125,44.24237051073548,6.106640920042992,0.2035546973347664,0.6601118445396423,0.8471916666666667,2.0,28.8,45.8,14.4,31.1,1.06,5.3,0.86160946,High
SLD07969,13.331036,75.85463,962.3193359375,6.166778940631144,0.4356449004262675,0.0145214966808755,0.0412473045289516,0.589775,12.0,22.8,42.3,21.1,14.0,1.3,6.2,0.02414762,Low
SLD08609,14.925505,74.715314,550.7018432617188,17.091752468394667,0.0,0.0,0.0,0.7280666666666666,5.0,16.5,46.6,20.7,20.1,1.27,5.6,0.67826366,High
SLD10589,13.103857,75.391386,277.8009033203125,20.26759774223912,0.0,0.0,0.0,0.80023125,2.0,26.9,49.2,15.8,23.0,1.12,5.4,0.8442267,High
SLD10678,17.21806,73.818612,996.018798828125,5.7257062388582565,1.3658239513169972,0.0455274650438999,0.1347044855356216,0.7893625,2.0,34.3,30.0,17.5,25.5,1.2,5.6,0.0047657816,Low
SLD11045,16.202739,74.480783,649.3881225585938,1.6224074372540134,0.0,0.0,0.0,0.5202388888888889,12.0,32.2,30.4,24.7,9.2,1.37,6.2,0.0023583286,Low
SLD03745,11.55711,75.913033,549.4476318359375,28.6713896478362,9.171820729970932,0.3057273576656977,4.871296405792236,0.8187333333333334,2.0,30.2,46.8,14.3,27.8,1.08,5.4,0.8130155,High
SLD06755,18.470833,73.070556,16.165367126464844,22.97196349728382,0.0,0.0,0.0,0.5662444444444444,12.0,32.3,34.7,23.1,16.2,1.06,6.2,0.7169536,High
SLD00704,9.881019,76.948171,688.8853149414062,22.19675832073896,11.05371692031622,0.3684572306772073,5.993414878845215,0.8458764705882352,8.0,29.2,36.2,21.8,27.8,1.12,5.0,0.9971635,High
SLD04471,13.183087,75.365963,1060.5509033203125,16.86812788837975,0.2921710908412924,0.0097390363613764,0.0409052222967147,0.76478125,8.0,27.2,38.0,23.2,35.3,1.06,5.5,0.88210595,High
SLD04468,13.169783,75.39492778,959.6046752929688,23.70258406051274,0.4560489207506176,0.0152016306916872,0.0499099865555763,0.7529125,8.0,22.7,42.0,22.8,35.5,1.06,5.4,0.97335017,High
SLD08799,8.3368,77.35974,100.54981231689452,12.72701709504707,0.0,0.0,0.0,0.708935294117647,8.0,31.3,33.0,19.8,32.5,1.36,5.8,0.4221232,Moderate
SLD05730,16.362,73.823,192.2769775390625,21.259939423180285,0.6277540605515236,0.0209251353517174,0.0503532104194164,0.596125,9.0,20.7,31.9,26.5,21.4,1.34,6.1,0.759328,High
SLD03570,11.495833,76.360556,933.875,15.625912785435975,1.324075846001506,0.0441358615333835,0.977155327796936,0.7996111111111112,8.0,20.2,42.5,24.6,22.2,1.11,5.5,0.6727643,High
SLD08504,12.46671,76.453423,758.3792114257812,3.331554907772913,0.0,0.0,0.0,0.52928,12.0,22.2,39.5,16.8,19.5,1.32,7.3,0.003680897,Low
SLD10731,12.909793,76.241808,899.7225341796875,3.0207151659610814,0.0,0.0,0.0,0.4745,12.0,19.3,39.8,20.2,11.1,1.37,7.2,0.00051323953,Low
SLD13269,14.24767,75.244222,649.324462890625,2.338412671112906,0.0,0.0,0.0,0.5069199999999999,12.0,26.8,31.2,25.2,15.4,1.38,6.3,0.004242145,Low
SLD04044,12.83087,75.59372,217.3999786376953,23.97823887653101,0.1972854137420649,0.0065761804580688,0.0288667753338813,0.7585833333333334,2.0,26.3,53.4,14.4,25.2,1.18,5.4,0.8599957,High
SLD08225,9.450784,76.772791,72.830810546875,7.46888093396976,0.0,0.0,0.0,0.8001733333333334,2.0,23.8,39.1,26.9,26.0,1.12,5.3,0.04887053,Low
SLD06245,17.86003,73.4688,415.4847717285156,28.366453397522232,0.8693288272479534,0.0289776275749317,0.0941208750009536,0.6072666666666666,9.0,36.9,27.4,17.6,22.7,1.37,6.2,0.47896236,Moderate
SLD08971,14.991484,75.286977,585.2711791992188,0.7401990622113999,0.0,0.0,0.0,0.4240833333333333,12.0,30.8,31.5,29.8,11.0,1.43,7.9,0.0008372675,Low
SLD04067,12.84211,75.6757,394.4607849121094,34.8650645333782,0.0,0.0,0.0,0.7982944444444445,2.0,31.0,46.3,13.4,27.0,1.17,5.4,0.8674414,High
SLD06411,17.98026,73.08446,6.116725444793701,8.756600186381208,0.1722179481294005,0.00574059827098,0.0318009592592716,0.5417555555555555,10.0,21.7,39.0,20.5,19.2,1.37,6.0,0.611593,Moderate
SLD04573,13.385728,75.724897,1458.0655517578125,27.528653065737817,6.105696335434914,0.2035232111811638,1.049048900604248,0.7284466666666667,2.0,27.6,38.2,21.8,30.5,1.1,5.6,0.6035579,Moderate
